"id","tarih","baslik","ana_kategori","ikincil_kategoriler","cerceve","ton","muhatap","eylem_cagrisi"
"2011-04-15","15.04.2011","MERHAMET EĞİTİMİ","Toplumsal Dayanışma, Merhamet ve Kardeşlik","","birey","teşvik; uyarı","genel","ahlaki"
"2011-10-21","21.10.2011","AZÎZ ŞEHİTLERİMİZE…","Vatan, Millet ve Tarih","Toplumsal Dayanışma, Merhamet ve Kardeşlik","cemaat-toplum","teselli; kınama","millet","ritüel"
"2011-10-28","28.10.2011","MÜMİNLER TEK BİR VÜCUT GİBİDİR","Afet, Kriz ve Sağlık","Sabır, Tevekkül ve Manevi Olgunluk","karma","teselli; teşvik","millet","maddi; ritüel"
"2011-11-06","06.11.2011","KURBAN BAYRAMI","Ramazan, Oruç ve Bayramlar","Toplumsal Dayanışma, Merhamet ve Kardeşlik","cemaat-toplum","teşvik","genel","ritüel; ahlaki"
"2011-11-25","25.11.2011","EŞİMİZ, EVLADIMIZ, ANNEMİZ: KADIN","Aile, Çocuk ve Nesil","","birey","kınama; teşvik","genel","ahlaki"
"2011-12-02","02.12.2011","KERBELA’YI ANLAMAK","Kandiller, Muharrem ve Mübarek Geceler","","cemaat-toplum","bilgilendirme; teselli","ümmet","ritüel"
"2011-12-30","30.12.2011","ZAMAN BİLİNCİ","Sabır, Tevekkül ve Manevi Olgunluk","","birey","uyarı; teşvik","genel","ahlaki"
"2012-02-03","03.02.2012","MEVLİD-İ NEBİ","Peygamberimiz ve Ashab","Kandiller, Muharrem ve Mübarek Geceler","birey","teşvik","genel","ahlaki; ritüel"
"2012-04-06","06.04.2012","KARDEŞLİK ÇAĞRISI","Toplumsal Dayanışma, Merhamet ve Kardeşlik","Peygamberimiz ve Ashab","cemaat-toplum","teşvik","genel","ahlaki"
"2012-04-13","13.04.2012","KARDEŞLİK AHLAKI VE HUKUKU","Toplumsal Dayanışma, Merhamet ve Kardeşlik","Ahlak, Erdem ve Söz","birey","teşvik","genel","ahlaki"
"2012-06-29","29.06.2012","BERÂT’A YOL ARAMAK","Kandiller, Muharrem ve Mübarek Geceler","İman, Tevhid ve Ahiret","birey","teşvik; teselli","genel","ritüel"
"2012-07-20","20.07.2012","“BEN ORUÇLUYUM” DİYEBİLMEK","Ramazan, Oruç ve Bayramlar","","birey","teşvik; uyarı","genel","ritüel; ahlaki"
"2012-07-27","27.07.2012","SEVGİ VE BARIŞ DİLİ: SELÂM","Toplumsal Dayanışma, Merhamet ve Kardeşlik","Ahlak, Erdem ve Söz","birey","teşvik","genel","ahlaki"
"2012-08-19","19.08.2012","RAMAZAN BAYRAMI","Ramazan, Oruç ve Bayramlar","Ahlak, Erdem ve Söz; Toplumsal Dayanışma, Merhamet ve Kardeşlik","cemaat-toplum","teşvik; teselli","genel","ahlaki; maddi"
"2012-09-28","28.09.2012","YETER Kİ GÖNÜLLER ENGELLİ OLMASIN","Toplumsal Dayanışma, Merhamet ve Kardeşlik","İbadet ve Kulluk","cemaat-toplum","teşvik; bilgilendirme","genel","ahlaki; katılım"
"2012-11-16","16.11.2012","MEDENİYET YOLCULUĞU: HİCRET","Kandiller, Muharrem ve Mübarek Geceler","Peygamberimiz ve Ashab; Toplumsal Dayanışma, Merhamet ve Kardeşlik","cemaat-toplum","bilgilendirme; teşvik","ümmet","ahlaki"
"2012-12-28","28.12.2012","“DÜN” EYLEDİĞİMİZ GÜNLER…","Sabır, Tevekkül ve Manevi Olgunluk","İslam Coğrafyası ve Küresel Meseleler","karma","uyarı; teşvik","genel","ahlaki; maddi"
"2013-01-25","25.01.2013","ALLAH’IN SEVMEDİĞİ DAVRANIŞ: İSRAF","Ekonomik Hayat: Kazanç, Zekat ve İsraf","","birey","uyarı; teşvik","genel","ahlaki"
"2013-03-08","08.03.2013","BİR KUL OLARAK KADIN","Aile, Çocuk ve Nesil","Peygamberimiz ve Ashab","birey","teşvik; kınama","genel","ahlaki"
"2013-03-15","15.03.2013","ŞEHİTLİK VE ÇANAKKALE","Vatan, Millet ve Tarih","","cemaat-toplum","bilgilendirme; teşvik","millet","ritüel"
"2013-03-29","29.03.2013","SOKAĞIN YETİMLERİ: ÇOCUKLARIMIZ","Aile, Çocuk ve Nesil","Toplumsal Dayanışma, Merhamet ve Kardeşlik","cemaat-toplum","teselli; teşvik","aileler","ahlaki"
"2013-04-05","05.04.2013","MÜKERREM BİR VARLIK OLARAK İNSAN","Toplumsal Dayanışma, Merhamet ve Kardeşlik","","birey","teşvik","genel","ahlaki"
"2013-04-12","12.04.2013","PEYGAMBERİMİZ VE İNSAN ONURU","Peygamberimiz ve Ashab","Toplumsal Dayanışma, Merhamet ve Kardeşlik","birey","teşvik; bilgilendirme","genel","ahlaki"
"2013-04-19","19.04.2013","İNSAN KALABİLMEK","Toplumsal Dayanışma, Merhamet ve Kardeşlik","Peygamberimiz ve Ashab","birey","teşvik; bilgilendirme","genel","ahlaki"
"2013-06-07","07.06.2013","MÜMİNLER KARDEŞTİRLER","Toplumsal Dayanışma, Merhamet ve Kardeşlik","Ahlak, Erdem ve Söz","birey","teşvik","genel","ahlaki"
"2013-06-14","14.06.2013","YAZ KUR’AN KURSLARI","Kur'an-ı Kerim","Aile, Çocuk ve Nesil","aile","teşvik","aileler","katılım; ritüel"
"2013-06-21","21.06.2013","BERATA ULAŞABİLMEK","Kandiller, Muharrem ve Mübarek Geceler","İman, Tevhid ve Ahiret","karma","teşvik; teselli","genel","ritüel; maddi"
"2013-06-28","28.06.2013","İSLÂMÎ BİR DEĞERİMİZ: EDEB","Ahlak, Erdem ve Söz","","birey","bilgilendirme; teşvik","genel","ahlaki"
"2013-07-05","05.07.2013","RAMAZAN VE ORUÇ","Ramazan, Oruç ve Bayramlar","","birey","teşvik","genel","ritüel"
"2013-07-12","12.07.2013","HELAL KAZANÇ HELAL LOKMA","Ekonomik Hayat: Kazanç, Zekat ve İsraf","","birey","uyarı; teşvik","genel","ahlaki"
"2013-07-19","19.07.2013","HELAL KAZANÇ, HELAL LOKMA","Ekonomik Hayat: Kazanç, Zekat ve İsraf","","birey","teşvik; uyarı","genel","ahlaki"
"2013-07-26","26.07.2013","TEKBİR: ALLÂHU EKBER","İman, Tevhid ve Ahiret","İbadet ve Kulluk; İslam Coğrafyası ve Küresel Meseleler","karma","bilgilendirme; kınama","ümmet","ritüel"
"2013-08-02","02.08.2013","RAMAZANA VEDA VE KADİR GECESİ","Kandiller, Muharrem ve Mübarek Geceler","Ramazan, Oruç ve Bayramlar","karma","teselli; teşvik","genel","ritüel"
"2013-08-08","08.08.2013","RAMAZAN BAYRAMI","Ramazan, Oruç ve Bayramlar","İslam Coğrafyası ve Küresel Meseleler","cemaat-toplum","teşvik; teselli","ümmet","ahlaki; maddi"
"2013-08-16","16.08.2013","MAZLUMUN AHI, TİTRETİR ARŞ-I RAHMAN’I","İslam Coğrafyası ve Küresel Meseleler","","cemaat-toplum","kınama; teselli","ümmet","ritüel"
"2013-08-23","23.08.2013","İNSANIN KATLİ, İNSANLIĞIN KATLİDİR","İslam Coğrafyası ve Küresel Meseleler","Ahlak, Erdem ve Söz","cemaat-toplum","kınama; uyarı","ümmet","ritüel"
"2013-08-30","30.08.2013","ZAFERLER ALLAH’TANDIR","Vatan, Millet ve Tarih","İslam Coğrafyası ve Küresel Meseleler","cemaat-toplum","teşvik; bilgilendirme","millet","ritüel"
"2013-09-27","27.09.2013","DAVET HEPİMİZE, HEP BİRLİKTE CAMİYE!","İbadet ve Kulluk","","cemaat-toplum","teşvik","kadınlar","katılım"
"2013-10-04","04.10.2013","KURBANLARIMIZLA PEKİŞSİN KARDEŞLİĞİMİZ","Ramazan, Oruç ve Bayramlar","Toplumsal Dayanışma, Merhamet ve Kardeşlik","cemaat-toplum","teşvik","genel","ritüel; maddi"
"2013-10-15","15.10.2013","KURBAN BAYRAMI","Ramazan, Oruç ve Bayramlar","Toplumsal Dayanışma, Merhamet ve Kardeşlik","cemaat-toplum","teşvik; teselli","genel","ahlaki; maddi"
"2013-11-01","01.11.2013","RAHMET’İN HİCRETİ","Peygamberimiz ve Ashab","Kandiller, Muharrem ve Mübarek Geceler","birey","bilgilendirme; teşvik","genel","ahlaki"
"2013-11-08","08.11.2013","MUHARREM AYI VE KERBELÂ","Kandiller, Muharrem ve Mübarek Geceler","Toplumsal Dayanışma, Merhamet ve Kardeşlik","cemaat-toplum","teselli; teşvik","ümmet","ritüel; ahlaki"
"2013-12-13","13.12.2013","DÜNYADA YOLCU OLABİLMEK!","İman, Tevhid ve Ahiret","","birey","teşvik; bilgilendirme","genel","ahlaki"
"2013-12-27","27.12.2013","ÖMÜR SERMAYESİ TÜKENİRKEN…","Sabır, Tevekkül ve Manevi Olgunluk","İslam Coğrafyası ve Küresel Meseleler","karma","uyarı; teşvik","genel","ahlaki"
"2014-01-10","10.01.2014","MEVLİD-İ NEBİ","Peygamberimiz ve Ashab","Kandiller, Muharrem ve Mübarek Geceler","birey","teşvik","genel","ahlaki; ritüel"
"2014-01-31","31.01.2014","NASIL BİR KARDEŞLİK?","Toplumsal Dayanışma, Merhamet ve Kardeşlik","Ahlak, Erdem ve Söz","birey","bilgilendirme; teşvik","genel","ahlaki"
"2014-02-07","07.02.2014","DİN SAMİMİYETTİR","Ahlak, Erdem ve Söz","İbadet ve Kulluk","birey","bilgilendirme; teşvik","genel","ahlaki"
"2014-02-14","14.02.2014","AFFETMEK","Ahlak, Erdem ve Söz","Toplumsal Dayanışma, Merhamet ve Kardeşlik","birey","bilgilendirme; teşvik","genel","ahlaki"
"2014-02-21","21.02.2014","KALB-İ SELİM (III)","İman, Tevhid ve Ahiret","","birey","teşvik; bilgilendirme","genel","ahlaki"
"2014-02-28","28.02.2014","İMAN, ÖZGÜRLÜK VE BAĞIMLILIK","Afet, Kriz ve Sağlık","Aile, Çocuk ve Nesil","aile","uyarı; teşvik","aileler","ahlaki"
"2014-03-07","07.03.2014","İMAN VE İSTİKAMET ÜZERE OLMAK","Sabır, Tevekkül ve Manevi Olgunluk","","birey","teşvik; bilgilendirme","genel","ahlaki"
"2014-03-21","21.03.2014","İMTİHAN DÜNYASI","Sabır, Tevekkül ve Manevi Olgunluk","","birey","teşvik; teselli","genel","ahlaki"
"2014-03-28","28.03.2014","HÜRRİYET VE MESULİYET","Ahlak, Erdem ve Söz","Sabır, Tevekkül ve Manevi Olgunluk","birey","bilgilendirme; teşvik","genel","ahlaki"
"2014-04-04","04.04.2014","DOĞRULUK VE SADAKA","Ahlak, Erdem ve Söz","","birey","teşvik; bilgilendirme","genel","ahlaki"
"2014-04-11","11.04.2014","KUTLU DOĞUM","Peygamberimiz ve Ashab","Ahlak, Erdem ve Söz","birey","teşvik","genel","ahlaki"
"2014-04-18","18.04.2014","KULLUK SINAVIMIZ: İHLAS VE SAMİMİYET","Ahlak, Erdem ve Söz","İbadet ve Kulluk","birey","teşvik; uyarı","genel","ahlaki; ritüel"
"2014-05-16","16.05.2014","MÜMİNLER TEK VÜCUT GİBİDİR","Afet, Kriz ve Sağlık","Sabır, Tevekkül ve Manevi Olgunluk","cemaat-toplum","teselli; teşvik","millet","ritüel"
"2014-05-23","23.05.2014","MİRAÇ KANDİLİ","Kandiller, Muharrem ve Mübarek Geceler","İbadet ve Kulluk","birey","teşvik; bilgilendirme","genel","ritüel"
"2014-05-30","30.05.2014","TÖVBE VE İSTİĞFAR MEVSİMİ ÜÇ AYLAR","Kandiller, Muharrem ve Mübarek Geceler","İman, Tevhid ve Ahiret","birey","teşvik","genel","ritüel"
"2014-06-06","06.06.2014","DUA, İBADETİN ÖZÜDÜR","İbadet ve Kulluk","","birey","teşvik; bilgilendirme","genel","ritüel"
"2014-06-13","13.06.2014","İMANIN ŞUBELERİ","İman, Tevhid ve Ahiret","Ahlak, Erdem ve Söz","birey","bilgilendirme; teşvik","genel","ahlaki"
"2014-06-20","20.06.2014","CAMİYE KOŞALIM, KUR’AN’LA BULUŞALIM","Kur'an-ı Kerim","Aile, Çocuk ve Nesil","aile","teşvik","aileler","katılım; ahlaki"
"2014-06-27","27.06.2014","KİMSE KİMSESİZ KALMASIN, BU RAMAZAN VE HER ZAMAN!","Toplumsal Dayanışma, Merhamet ve Kardeşlik","Ramazan, Oruç ve Bayramlar","cemaat-toplum","teşvik; teselli","genel","ahlaki"
"2014-07-11","11.07.2014","KİMSESİZLERİN KİMSESİ OLABİLMEK","Toplumsal Dayanışma, Merhamet ve Kardeşlik","Aile, Çocuk ve Nesil","cemaat-toplum","teşvik; teselli","genel","ahlaki; maddi"
"2014-07-18","18.07.2014","MAZLUMLARIN ÜMİDİ OLABİLMEK","İslam Coğrafyası ve Küresel Meseleler","Toplumsal Dayanışma, Merhamet ve Kardeşlik","cemaat-toplum","kınama; teselli","ümmet","maddi; ritüel"
"2014-07-25","25.07.2014","RAMAZAN MUHASEBESİ","Ramazan, Oruç ve Bayramlar","Ekonomik Hayat: Kazanç, Zekat ve İsraf","birey","uyarı; teşvik","genel","ahlaki; maddi"
"2014-07-28","28.07.2014","RAMAZAN BAYRAMI","Ramazan, Oruç ve Bayramlar","İslam Coğrafyası ve Küresel Meseleler","cemaat-toplum","teşvik; teselli","ümmet","ahlaki"
"2014-08-08","08.08.2014","SADIK İMAN, SAMİMİ NİYET, SALİH AMEL","İman, Tevhid ve Ahiret","","birey","teşvik; bilgilendirme","genel","ahlaki"
"2014-08-15","15.08.2014","PEYGAMBERE İMAN OLMADAN ALLAH’A İMAN OLMAZ","İman, Tevhid ve Ahiret","Peygamberimiz ve Ashab","birey","bilgilendirme; teşvik","genel","ahlaki"
"2014-08-22","22.08.2014","HAYÂ HAYATTIR!","Ahlak, Erdem ve Söz","","birey","bilgilendirme; uyarı","genel","ahlaki"
"2014-08-29","29.08.2014","ZAFERLER ALLAH’TANDIR","Vatan, Millet ve Tarih","İslam Coğrafyası ve Küresel Meseleler","cemaat-toplum","teşvik; bilgilendirme","millet","ritüel"
"2014-09-05","05.09.2014","HAC: KALBE YOLCULUK","İbadet ve Kulluk","","birey","bilgilendirme; teşvik","genel","ritüel"
"2014-09-12","12.09.2014","BİLGİ AHLÂKI","Eğitim, Teknoloji, Çevre ve Toplumsal Değişim","Ahlak, Erdem ve Söz","birey","bilgilendirme; uyarı","genel","ahlaki"
"2014-09-26","26.09.2014","İŞ VE TİCARET AHLAKI-ÂHİLİK","Ekonomik Hayat: Kazanç, Zekat ve İsraf","","birey","bilgilendirme; uyarı","genel","ahlaki"
"2014-10-03","03.10.2014","KURBAN ALLAH’A YAKIN OLMAK İÇİNDİR","Ramazan, Oruç ve Bayramlar","Toplumsal Dayanışma, Merhamet ve Kardeşlik","cemaat-toplum","teşvik; bilgilendirme","genel","ritüel; maddi"
"2014-10-04","04.10.2014","KURBAN BAYRAMI","Ramazan, Oruç ve Bayramlar","Toplumsal Dayanışma, Merhamet ve Kardeşlik","cemaat-toplum","teşvik","genel","ritüel; ahlaki"
"2014-10-10","10.10.2014","BİZ KARDEŞİZ","Toplumsal Dayanışma, Merhamet ve Kardeşlik","Ahlak, Erdem ve Söz","birey","teşvik","genel","ahlaki"
"2014-10-17","17.10.2014","ARŞIN GÖLGESİNDEKİ GENÇLİK","Aile, Çocuk ve Nesil","","birey","teşvik","gençler","ahlaki"
"2014-10-24","24.10.2014","HİCRET: FITRATA YAPILAN YOLCULUK","Kandiller, Muharrem ve Mübarek Geceler","Sabır, Tevekkül ve Manevi Olgunluk","birey","teşvik","genel","ahlaki"
"2014-10-31","31.10.2014","ORTAK HÜZÜN VE İBRET AYI: MUHARREM","Kandiller, Muharrem ve Mübarek Geceler","Toplumsal Dayanışma, Merhamet ve Kardeşlik","cemaat-toplum","teselli; teşvik","ümmet","ritüel; ahlaki"
"2014-11-07","07.11.2014","MESCİD-İ AKSÂ KAN AĞLIYOR","İslam Coğrafyası ve Küresel Meseleler","","cemaat-toplum","kınama; teselli","ümmet","ritüel"
"2014-11-21","21.11.2014","HAYIR HAZİNELER DOLUSUDUR","Toplumsal Dayanışma, Merhamet ve Kardeşlik","Ahlak, Erdem ve Söz","birey","teşvik","genel","ahlaki"
"2014-11-28","28.11.2014","DİLİN ESİRİ OLMAYALIM!","Ahlak, Erdem ve Söz","","birey","uyarı; teşvik","genel","ahlaki"
"2014-12-05","05.12.2014","AHİRET: HESAP VERME BİLİNCİ","İman, Tevhid ve Ahiret","","birey","teşvik; bilgilendirme","genel","ahlaki"
"2014-12-12","12.12.2014","MUSİBETLER KARŞISINDA SABIR, MÜMİNCE BİR TAVIRDIR","Sabır, Tevekkül ve Manevi Olgunluk","","birey","teşvik; teselli","genel","ahlaki"
"2014-12-26","26.12.2014","PAHA BİÇİLMEZ SERMAYE: ÖMÜR","Sabır, Tevekkül ve Manevi Olgunluk","","birey","teşvik; uyarı","genel","ahlaki"
"2015-03-13","13.03.2015","ÇANAKKALE ŞEHİTLERİNE…","Vatan, Millet ve Tarih","","cemaat-toplum","teşvik; bilgilendirme","millet","ritüel"
"2015-03-20","20.03.2015","İNSANI İYİLİK YAŞATIR","Ahlak, Erdem ve Söz","Toplumsal Dayanışma, Merhamet ve Kardeşlik","birey","teşvik","genel","ahlaki"
"2015-03-27","27.03.2015","KUL VE KAMU HAKKI","Ahlak, Erdem ve Söz","Ekonomik Hayat: Kazanç, Zekat ve İsraf","birey","uyarı; bilgilendirme","genel","ahlaki"
"2015-04-03","03.04.2015","HAKİKİ SEVGİ: ALLAH’I SEVMEK, ALLAH İÇİN SEVMEK","İman, Tevhid ve Ahiret","Toplumsal Dayanışma, Merhamet ve Kardeşlik","birey","teşvik","genel","ahlaki"
"2015-04-10","10.04.2015","HZ. PEYGAMBER VE BİRLİKTE YAŞAMA AHLAKI","Toplumsal Dayanışma, Merhamet ve Kardeşlik","Peygamberimiz ve Ashab","cemaat-toplum","teşvik; bilgilendirme","genel","ahlaki"
"2015-04-17","17.04.2015","DÜNYA BİZE, BİZ BİRBİRİMİZE EMANETİZ!","Toplumsal Dayanışma, Merhamet ve Kardeşlik","Ahlak, Erdem ve Söz","cemaat-toplum","teşvik; bilgilendirme","genel","ahlaki"
"2015-04-24","24.04.2015","MANEVİ COŞKUNUN ZİRVESİ: ÜÇ AYLAR","Kandiller, Muharrem ve Mübarek Geceler","İslam Coğrafyası ve Küresel Meseleler","cemaat-toplum","teşvik; teselli","genel","ahlaki"
"2015-05-01","01.05.2015","KALBİN CİLÂSI: TÖVBE VE İSTİĞFAR","Kandiller, Muharrem ve Mübarek Geceler","İman, Tevhid ve Ahiret","birey","teşvik","genel","ritüel"
"2015-05-08","08.05.2015","CANA CAN OLMAK: AİLE","Aile, Çocuk ve Nesil","","aile","teşvik; bilgilendirme","aileler","ahlaki"
"2015-05-15","15.05.2015","MİRAÇ KANDİLİ","Kandiller, Muharrem ve Mübarek Geceler","İbadet ve Kulluk","birey","teşvik; bilgilendirme","genel","ritüel"
"2015-05-22","22.05.2015","BOŞ ŞEYLERİ TERK EDEREK HAYATI ANLAMLI KILMAK","Ahlak, Erdem ve Söz","","birey","uyarı; teşvik","genel","ahlaki"
"2015-05-29","29.05.2015","TEVBEMİZ BERATIMIZ OLSUN","Kandiller, Muharrem ve Mübarek Geceler","İman, Tevhid ve Ahiret","birey","teşvik","genel","ritüel"
"2015-06-05","05.06.2015","İSLÂM, IRKÇILIĞIN HER TÜRLÜSÜNÜ REDDEDER","Toplumsal Dayanışma, Merhamet ve Kardeşlik","","cemaat-toplum","kınama; bilgilendirme","genel","ahlaki"
"2015-06-12","12.06.2015","KUR’AN AYINDA KUR’AN’LA BULUŞALIM!","Kur'an-ı Kerim","Aile, Çocuk ve Nesil","aile","teşvik","aileler","katılım; ahlaki"
"2015-06-19","19.06.2015","VAKİT İYİLİK VAKTİ: BU RAMAZAN VE HER ZAMAN","Toplumsal Dayanışma, Merhamet ve Kardeşlik","Ramazan, Oruç ve Bayramlar","cemaat-toplum","teşvik","genel","ahlaki; maddi"
"2015-06-26","26.06.2015","TEVHİD İLE GELEN VAHDET","Toplumsal Dayanışma, Merhamet ve Kardeşlik","İman, Tevhid ve Ahiret","cemaat-toplum","teşvik; bilgilendirme","ümmet","ahlaki"
"2015-07-03","03.07.2015","CENNET KAPILARININ ANAHTARI: YETİMLER","Aile, Çocuk ve Nesil","Toplumsal Dayanışma, Merhamet ve Kardeşlik","cemaat-toplum","teşvik; teselli","genel","ahlaki; maddi"
"2015-07-10","10.07.2015","KADİR GECESİ, KADİR BİLENLER İÇİNDİR","Kandiller, Muharrem ve Mübarek Geceler","Kur'an-ı Kerim","birey","teşvik; teselli","genel","ritüel"
"2015-07-17","17.07.2015","RAMAZAN BAYRAMI","Ramazan, Oruç ve Bayramlar","Toplumsal Dayanışma, Merhamet ve Kardeşlik","cemaat-toplum","teşvik; teselli","ümmet","ahlaki"
"2015-08-07","07.08.2015","KULLUĞUN ÖZÜ: İHSAN","İbadet ve Kulluk","","birey","teşvik; bilgilendirme","genel","ahlaki"
"2015-08-14","14.08.2015","İMANIN TEZAHÜRÜ: FEDAKÂRLIK VE İSÂR","Toplumsal Dayanışma, Merhamet ve Kardeşlik","Peygamberimiz ve Ashab","birey","teşvik; bilgilendirme","genel","ahlaki"
"2015-08-21","21.08.2015","BİRLİK VE BERABERLİĞİMİZİN HARCI: KARDEŞLİĞİMİZ","Toplumsal Dayanışma, Merhamet ve Kardeşlik","Vatan, Millet ve Tarih","cemaat-toplum","teşvik; teselli","millet","ahlaki"
"2015-08-28","28.08.2015","HAC YOLCULUĞUNDAN HAK YOLCULUĞUNA","İbadet ve Kulluk","","birey","teşvik; bilgilendirme","genel","ritüel"
"2015-09-04","04.09.2015","KARDEŞLİĞİ KÖRELTEN AFETLER: TECESSÜS, SU-İ ZAN…","Ahlak, Erdem ve Söz","","birey","uyarı; bilgilendirme","genel","ahlaki"
"2015-09-11","11.09.2015","BİRLİĞİMİZİ, BERABERLİĞİMİZİ, KARDEŞLİĞİMİZİ MUHAFAZA EDELİM!","Vatan, Millet ve Tarih","Toplumsal Dayanışma, Merhamet ve Kardeşlik","cemaat-toplum","teselli; teşvik","millet","ritüel; ahlaki"
"2015-09-18","18.09.2015","KURBANLARIMIZ KARDEŞLİK İÇİN!","Ramazan, Oruç ve Bayramlar","Toplumsal Dayanışma, Merhamet ve Kardeşlik","cemaat-toplum","teşvik","genel","ritüel; maddi"
"2015-09-24","24.09.2015","KURBAN BAYRAMI","Ramazan, Oruç ve Bayramlar","Toplumsal Dayanışma, Merhamet ve Kardeşlik","cemaat-toplum","teşvik; teselli","ümmet","ritüel; ahlaki"
"2015-10-02","02.10.2015","YARATAN RABBİNİN ADIYLA OKU!","Eğitim, Teknoloji, Çevre ve Toplumsal Değişim","Ahlak, Erdem ve Söz","birey","teşvik; bilgilendirme","aileler","ahlaki"
"2015-10-09","09.10.2015","NAMAZ DİRİLİŞTİR","İbadet ve Kulluk","","birey","teşvik; bilgilendirme","genel","ritüel"
"2015-10-16","16.10.2015","MERHAMET İKSİRİNİ YUDUMLAYABİLMEK","Kandiller, Muharrem ve Mübarek Geceler","Toplumsal Dayanışma, Merhamet ve Kardeşlik","cemaat-toplum","teselli; teşvik","ümmet","ahlaki"
"2015-10-23","23.10.2015","KERBELÂ’YI DOĞRU ANLAMAK","Kandiller, Muharrem ve Mübarek Geceler","","cemaat-toplum","teselli; bilgilendirme","ümmet","ritüel"
"2015-10-30","30.10.2015","PEYGAMBERLER, İNSANLIĞIN YOLUNU AYDINLATAN REHBERLERDİR","Peygamberimiz ve Ashab","İman, Tevhid ve Ahiret","birey","bilgilendirme; teşvik","genel","ahlaki"
"2015-11-06","06.11.2015","HER İNSAN ALLAH’IN BİR ÂYETİDİR!","Toplumsal Dayanışma, Merhamet ve Kardeşlik","","cemaat-toplum","teşvik; bilgilendirme","genel","ahlaki"
"2015-11-13","13.11.2015","ZİKİR: KALPLERE HAYAT VEREN İKSİR","Sabır, Tevekkül ve Manevi Olgunluk","İbadet ve Kulluk","birey","teşvik; bilgilendirme","genel","ritüel"
"2015-11-20","20.11.2015","KÜRESEL TERÖRÜN HEDEF ALDIĞI DİN: İSLAM","İslam Coğrafyası ve Küresel Meseleler","Eğitim, Teknoloji, Çevre ve Toplumsal Değişim","cemaat-toplum","kınama; uyarı","ümmet","ahlaki"
"2015-11-27","27.11.2015","İMANI HAYAT KILABİLMEK","İman, Tevhid ve Ahiret","Ahlak, Erdem ve Söz","birey","teşvik; bilgilendirme","genel","ahlaki"
"2015-12-04","04.12.2015","BEDEN ÜLKESİNİN SULTANI: KALP","İman, Tevhid ve Ahiret","Ahlak, Erdem ve Söz","birey","teşvik; bilgilendirme","genel","ahlaki"
"2015-12-11","11.12.2015","DÜNYA-AHİRET DENGESİ","İman, Tevhid ve Ahiret","","birey","teşvik; bilgilendirme","genel","ahlaki"
"2015-12-18","18.12.2015","RAHMET VE MERHAMET YÜKLÜ ADALET PEYGAMBERİ","Peygamberimiz ve Ashab","Toplumsal Dayanışma, Merhamet ve Kardeşlik","birey","teşvik; bilgilendirme","genel","ahlaki"
"2015-12-25","25.12.2015","SAYILI NEFESLERİMİZİ TÜKETİRKEN…","Sabır, Tevekkül ve Manevi Olgunluk","İman, Tevhid ve Ahiret","birey","uyarı; teşvik","genel","ahlaki"
"2016-01-01","01.01.2016","RABBİMİZ! BİZİ DOSDOĞRU YOLA İLET!","İman, Tevhid ve Ahiret","Sabır, Tevekkül ve Manevi Olgunluk","birey","teşvik; bilgilendirme","genel","ahlaki"
"2016-01-08","08.01.2016","EDEP VE HAYÂ","Ahlak, Erdem ve Söz","Eğitim, Teknoloji, Çevre ve Toplumsal Değişim","birey","uyarı; teşvik","genel","ahlaki"
"2016-01-15","15.01.2016","İMTİHANIN ADI: FİTNE","Ahlak, Erdem ve Söz","Vatan, Millet ve Tarih","cemaat-toplum","uyarı; teşvik","genel","ahlaki"
"2016-01-22","22.01.2016","SÖZ AHLAKI","Ahlak, Erdem ve Söz","","birey","bilgilendirme; uyarı","genel","ahlaki"
"2016-01-29","29.01.2016","EN GÜZEL İSİMLER O’NUNDUR","İman, Tevhid ve Ahiret","","birey","teşvik; bilgilendirme","genel","ahlaki"
"2016-02-05","05.02.2016","ŞİMDİ YARALARI SARMA ZAMANI!","Vatan, Millet ve Tarih","Toplumsal Dayanışma, Merhamet ve Kardeşlik","cemaat-toplum","teselli; teşvik","millet","maddi; ahlaki"
"2016-02-12","12.02.2016","PEYGAMBERE İMAN TEVHİDİN BİR GEREĞİDİR","İman, Tevhid ve Ahiret","Peygamberimiz ve Ashab","birey","bilgilendirme; teşvik","genel","ahlaki"
"2016-02-19","19.02.2016","PEYGAMBERLER ALLAH’IN KUTLU ELÇİLERİDİR","İman, Tevhid ve Ahiret","Peygamberimiz ve Ashab","birey","bilgilendirme; teselli","genel","ahlaki"
"2016-02-26","26.02.2016","ÂHİRETE İMAN","İman, Tevhid ve Ahiret","","birey","teşvik; bilgilendirme","genel","ahlaki"
"2016-03-04","04.03.2016","KİTAPLARA İMAN","İman, Tevhid ve Ahiret","Kur'an-ı Kerim","birey","bilgilendirme; teşvik","genel","ahlaki"
"2016-03-11","11.03.2016","DÜNYAYI İYİLİK DEĞİŞTİRİR","Toplumsal Dayanışma, Merhamet ve Kardeşlik","","birey","teşvik","genel","ahlaki"
"2016-03-18","18.03.2016","ÇANAKKALE VE BİRLİK RUHU","Vatan, Millet ve Tarih","","cemaat-toplum","teşvik; teselli","millet","ritüel; ahlaki"
"2016-03-25","25.03.2016","HAK VE HAKİKAT","Ahlak, Erdem ve Söz","Toplumsal Dayanışma, Merhamet ve Kardeşlik","birey","bilgilendirme; teşvik","genel","ahlaki"
"2016-04-01","01.04.2016","ÖFKEYE HÂKİM OLABİLMEK","Sabır, Tevekkül ve Manevi Olgunluk","","birey","teşvik; uyarı","genel","ahlaki"
"2016-04-08","08.04.2016","HZ. PEYGAMBER, TEVHİD VE VAHDET","Toplumsal Dayanışma, Merhamet ve Kardeşlik","İman, Tevhid ve Ahiret","cemaat-toplum","teşvik; bilgilendirme","ümmet","ahlaki"
"2016-04-15","15.04.2016","TEVHİD VE VAHDET MEDENİYETİ","Toplumsal Dayanışma, Merhamet ve Kardeşlik","İman, Tevhid ve Ahiret","cemaat-toplum","bilgilendirme; teşvik","ümmet","ahlaki"
"2016-04-22","22.04.2016","TEVHİD VE VAHDETİN ÖNCÜSÜ MÜMİNLER","Toplumsal Dayanışma, Merhamet ve Kardeşlik","İslam Coğrafyası ve Küresel Meseleler","cemaat-toplum","uyarı; teşvik","ümmet","ahlaki"
"2016-04-29","29.04.2016","MİRAÇ KANDİLİ","Kandiller, Muharrem ve Mübarek Geceler","İbadet ve Kulluk","birey","teşvik; bilgilendirme","genel","ritüel"
"2016-05-06","06.05.2016","O BÜYÜK GÜNE HAZIR MIYIZ?","İman, Tevhid ve Ahiret","Kandiller, Muharrem ve Mübarek Geceler","birey","teşvik; uyarı","genel","ahlaki"
"2016-05-13","13.05.2016","HUZUR VE MUHABBET OCAĞI: AİLEMİZ","Aile, Çocuk ve Nesil","Eğitim, Teknoloji, Çevre ve Toplumsal Değişim","aile","teşvik; uyarı","aileler","ahlaki"
"2016-05-20","20.05.2016","MAHREMİYETİ YİTİRMEK MAHRUMİYETTİR","Eğitim, Teknoloji, Çevre ve Toplumsal Değişim","Ahlak, Erdem ve Söz","aile","uyarı; teşvik","aileler","ahlaki"
"2016-05-27","27.05.2016","NAMAZ ARINMADIR","İbadet ve Kulluk","","birey","teşvik; bilgilendirme","genel","ritüel"
"2016-06-03","03.06.2016","GELİN GÖNÜLLER YAPALIM","Ramazan, Oruç ve Bayramlar","Toplumsal Dayanışma, Merhamet ve Kardeşlik","cemaat-toplum","teşvik","genel","ahlaki"
"2016-06-10","10.06.2016","KUR’AN AYI RAMAZAN","Kur'an-ı Kerim","Ramazan, Oruç ve Bayramlar","birey","teşvik; bilgilendirme","genel","ritüel"
"2016-06-17","17.06.2016","KUR’ÂN, RAMAZAN VE ÇOCUK","Aile, Çocuk ve Nesil","Kur'an-ı Kerim","aile","teşvik","aileler","katılım; ahlaki"
"2016-06-24","24.06.2016","ARINMA VESİLESİ: ZEKÂT VE İNFAK","Ekonomik Hayat: Kazanç, Zekat ve İsraf","Toplumsal Dayanışma, Merhamet ve Kardeşlik","birey","teşvik; bilgilendirme","genel","maddi"
"2016-07-01","01.07.2016","KADRİMİZİ YÜCELTEN GECE: KADİR GECESİ","Kandiller, Muharrem ve Mübarek Geceler","İman, Tevhid ve Ahiret","birey","teşvik; teselli","genel","ritüel"
"2016-07-05","05.07.2016","RAMAZAN BAYRAMI","Ramazan, Oruç ve Bayramlar","Toplumsal Dayanışma, Merhamet ve Kardeşlik","cemaat-toplum","teşvik; teselli","ümmet","ahlaki"
"2016-07-08","08.07.2016","RABBİMİZE YAKINLAŞMA VESİLESİ: SILA-İ RAHİM","Toplumsal Dayanışma, Merhamet ve Kardeşlik","Aile, Çocuk ve Nesil","birey","teşvik; bilgilendirme","genel","ahlaki"
"2016-07-15","15.07.2016","HAYATIMIZI İBADET KILABİLMEK","İbadet ve Kulluk","Ramazan, Oruç ve Bayramlar","birey","teşvik","genel","ritüel; ahlaki"
"2016-07-22","22.07.2016","GÜN, MİLLETÇE KENETLENME VE GELECEĞİMİZİ İNŞA ETME GÜNÜDÜR","Vatan, Millet ve Tarih","","cemaat-toplum","teşvik; teselli","millet","ritüel"
"2016-07-29","29.07.2016","EN BÜYÜK BOZGUNCULUK, DİNİN MUAZZEZ DEĞERLERİNİ İSTİSMAR ETMEKTİR.","Vatan, Millet ve Tarih","Ahlak, Erdem ve Söz","cemaat-toplum","kınama; teşvik","millet","ahlaki"
"2016-08-05","05.08.2016","KULLUK SADECE ALLAH’A ÖZGÜDÜR","İman, Tevhid ve Ahiret","İbadet ve Kulluk","birey","bilgilendirme; uyarı","genel","ahlaki"
"2016-08-12","12.08.2016","SIRÂT-I MÜSTAKİM","İman, Tevhid ve Ahiret","","birey","bilgilendirme; uyarı","genel","ahlaki"
"2016-08-19","19.08.2016","MÜMİN VE EMANET BİLİNCİ","Ahlak, Erdem ve Söz","Toplumsal Dayanışma, Merhamet ve Kardeşlik","birey","teşvik; bilgilendirme","genel","ahlaki"
"2016-08-26","26.08.2016","HAYAT VEREN DİN: İSLÂM","Vatan, Millet ve Tarih","İslam Coğrafyası ve Küresel Meseleler","cemaat-toplum","kınama; uyarı","ümmet","ritüel"
"2016-09-02","02.09.2016","KULLUK VE SAMİMİYET BEYANI: KURBAN","Ramazan, Oruç ve Bayramlar","Toplumsal Dayanışma, Merhamet ve Kardeşlik","cemaat-toplum","teşvik","genel","ritüel; maddi"
"2016-09-09","09.09.2016","BAYRAM VE HZ. İBRAHİM","Ramazan, Oruç ve Bayramlar","İman, Tevhid ve Ahiret","cemaat-toplum","teşvik; bilgilendirme","genel","ritüel"
"2016-09-12","12.09.2016","KURBAN BAYRAMI","Ramazan, Oruç ve Bayramlar","Toplumsal Dayanışma, Merhamet ve Kardeşlik","cemaat-toplum","teşvik","genel","ritüel; ahlaki"
"2016-09-16","16.09.2016","EBEDİ BAYRAMLARA BİRLİKTE YOL ALABİLMEK","İbadet ve Kulluk","Toplumsal Dayanışma, Merhamet ve Kardeşlik","birey","teşvik; uyarı","genel","ahlaki"
"2016-09-23","23.09.2016","ALLAH’IM! İLİMLE YÜCELT BİZİ!","Eğitim, Teknoloji, Çevre ve Toplumsal Değişim","Aile, Çocuk ve Nesil","aile","teşvik; bilgilendirme","aileler","ahlaki"
"2016-09-30","30.09.2016","CAMİ VE KİTAP MEDENİYETİ","İbadet ve Kulluk","Eğitim, Teknoloji, Çevre ve Toplumsal Değişim","cemaat-toplum","teşvik; bilgilendirme","genel","ahlaki"
"2016-10-07","07.10.2016","YÜREKLERİMİZİ SAHRÂ-I KERBELÂ’YA DÖNÜŞTÜRMEYELİM","Kandiller, Muharrem ve Mübarek Geceler","İslam Coğrafyası ve Küresel Meseleler","cemaat-toplum","teselli; kınama","ümmet","ritüel"
"2016-10-14","14.10.2016","HAYATA EMEKLE DOKUNMAK","Toplumsal Dayanışma, Merhamet ve Kardeşlik","Ekonomik Hayat: Kazanç, Zekat ve İsraf","birey","teşvik; bilgilendirme","genel","ahlaki"
"2016-10-21","21.10.2016","ALLAH’A VERDİĞİ SÖZE SADIK KİMSE: MÜMİN","Peygamberimiz ve Ashab","","birey","bilgilendirme; teşvik","genel","ahlaki"
"2016-10-28","28.10.2016","DÎN-İ MÜBÎN-İ İSLAM","İman, Tevhid ve Ahiret","","birey","uyarı; bilgilendirme","genel","ahlaki"
"2016-11-04","04.11.2016","ÖRNEK ÜMMET OLABİLMEK","Toplumsal Dayanışma, Merhamet ve Kardeşlik","İman, Tevhid ve Ahiret","cemaat-toplum","teşvik; bilgilendirme","ümmet","ahlaki"
"2016-11-11","11.11.2016","KELİME-İ ŞEHÂDET","İman, Tevhid ve Ahiret","","birey","bilgilendirme; teşvik","genel","ahlaki"
"2016-11-18","18.11.2016","ÜMMÜ’L-KİTAP: FATİHA","İbadet ve Kulluk","","birey","bilgilendirme; teşvik","genel","ritüel"
"2016-11-25","25.11.2016","HAYATIN GAYESİ","İman, Tevhid ve Ahiret","","birey","teşvik; bilgilendirme","genel","ahlaki"
"2016-12-02","02.12.2016","YERYÜZÜNÜN KÜÇÜK VE ONURLU HALİFESİ: ÇOCUK","Aile, Çocuk ve Nesil","İslam Coğrafyası ve Küresel Meseleler","cemaat-toplum","teselli; teşvik","genel","ahlaki"
"2016-12-09","09.12.2016","HALEP’TE İNSANLIK ÖLMESİN!","İslam Coğrafyası ve Küresel Meseleler","Toplumsal Dayanışma, Merhamet ve Kardeşlik","cemaat-toplum","kınama; teselli","ümmet","maddi"
"2016-12-16","16.12.2016","HER ZORLUKLA BERABER BİR KOLAYLIK VARDIR.","Vatan, Millet ve Tarih","Sabır, Tevekkül ve Manevi Olgunluk","cemaat-toplum","teselli; teşvik","millet","ahlaki"
"2016-12-23","23.12.2016","ALLAH’IN YARDIMI MÜMİNLERLE BERABERDİR.","Vatan, Millet ve Tarih","Sabır, Tevekkül ve Manevi Olgunluk","cemaat-toplum","teşvik; teselli","millet","ahlaki"
"2016-12-30","30.12.2016","ÖMÜR NİMETİ","Sabır, Tevekkül ve Manevi Olgunluk","İbadet ve Kulluk","birey","teşvik; uyarı","genel","ahlaki"
"2017-01-06","06.01.2017","GÜN, TERÖRE KARŞI YEKVÜCUT OLMA GÜNÜDÜR","Toplumsal Dayanışma, Merhamet ve Kardeşlik","Ahlak, Erdem ve Söz; Vatan, Millet ve Tarih","cemaat-toplum","kınama; teşvik","millet","ahlaki"
"2017-01-13","13.01.2017","ALLAH'IN SEVDİĞİ BİR KUL OLABİLMEK","Ahlak, Erdem ve Söz","İman, Tevhid ve Ahiret","birey","teşvik; uyarı","genel","ahlaki"
"2017-01-20","20.01.2017","RAHMÂN'IN MÜMİN KULLARI","Ahlak, Erdem ve Söz","Sabır, Tevekkül ve Manevi Olgunluk","birey","teşvik; bilgilendirme","genel","ahlaki"
"2017-01-27","27.01.2017","NAMAZI ZAYİ ETMEK","İbadet ve Kulluk","","birey","uyarı; teşvik","genel","ritüel"
"2017-02-03","03.02.2017","AHİT, AKİT VE MİSAK OLARAK NİKÂH","Aile, Çocuk ve Nesil","","aile","teşvik; bilgilendirme","aileler","ahlaki"
"2017-02-10","10.02.2017","MÜMİNCE YAKARIŞIN ADI: DUA","İbadet ve Kulluk","","birey","teşvik; bilgilendirme","genel","ritüel"
"2017-02-17","17.02.2017","ASR SURESİ'NİN ÖĞRETTİĞİ HAKİKATLER","Kur'an-ı Kerim","Sabır, Tevekkül ve Manevi Olgunluk","birey","teşvik; bilgilendirme","genel","ahlaki"
"2017-02-24","24.02.2017","ALLAH'A SIĞINMANIN EN GÜZEL İFADESİ: MUAVVİZETEYN SURESİ","İbadet ve Kulluk","Kur'an-ı Kerim","birey","teşvik; bilgilendirme","genel","ritüel"
"2017-03-03","03.03.2017","FİRDEVS CENNETİNE MİRASÇI OLMAK","Ahlak, Erdem ve Söz","İbadet ve Kulluk","birey","teşvik; bilgilendirme","genel","ahlaki"
"2017-03-10","10.03.2017","KÖTÜLÜĞE ENGEL OLABİLMENİN YOLU İYİLİKTİR","Ahlak, Erdem ve Söz","","birey","teşvik; bilgilendirme","genel","ahlaki"
"2017-03-17","17.03.2017","ŞEHADETİN DESTANLAŞTIĞI YER: ÇANAKKALE","Vatan, Millet ve Tarih","","cemaat-toplum","teşvik; bilgilendirme","millet","ritüel"
"2017-03-24","24.03.2017","HİKMET YÜKLÜ ÖĞÜTLER","Ahlak, Erdem ve Söz","Kandiller, Muharrem ve Mübarek Geceler","birey","teşvik; bilgilendirme","genel","ahlaki"
"2017-03-31","31.03.2017","RAĞBETİMİZ, RABBİMİZE OLSUN!","Kandiller, Muharrem ve Mübarek Geceler","","birey","teşvik; bilgilendirme","genel","ritüel; ahlaki"
"2017-04-07","07.04.2017","ZULÜM EBEDİ DEĞİLDİR","İslam Coğrafyası ve Küresel Meseleler","","cemaat-toplum","kınama; teselli","ümmet","ahlaki"
"2017-04-14","14.04.2017","HZ. PEYGAMBER VE GÜVEN TOPLUMU","Peygamberimiz ve Ashab","Toplumsal Dayanışma, Merhamet ve Kardeşlik","cemaat-toplum","teşvik; bilgilendirme","ümmet","ahlaki"
"2017-04-21","21.04.2017","MÜMİN GÜVENEN VE GÜVENİLEN İNSANDIR","İman, Tevhid ve Ahiret","Peygamberimiz ve Ashab","birey","teşvik; bilgilendirme","genel","ahlaki"
"2017-04-28","28.04.2017","GÜVEN VE MUHABBET KÖPRÜSÜ: SELAM","Toplumsal Dayanışma, Merhamet ve Kardeşlik","","cemaat-toplum","teşvik; bilgilendirme","genel","ahlaki"
"2017-05-05","05.05.2017","NEDAMET VE ÜMİDİN ADI: TÖVBE","Kandiller, Muharrem ve Mübarek Geceler","İman, Tevhid ve Ahiret","birey","teşvik; teselli","genel","ritüel"
"2017-05-12","12.05.2017","SAMİMİYETSİZLİĞİN ADI: RİYA","Ahlak, Erdem ve Söz","İman, Tevhid ve Ahiret","birey","uyarı; teşvik","genel","ahlaki"
"2017-05-19","19.05.2017","GERÇEK ÖZGÜRLÜK: ALLAH'A KULLUK","İbadet ve Kulluk","İman, Tevhid ve Ahiret","birey","teşvik; bilgilendirme","genel","ahlaki; maddi"
"2017-05-26","26.05.2017","ÜZERİMİZDE HER CANIN HAKKI VARDIR","Ramazan, Oruç ve Bayramlar","Toplumsal Dayanışma, Merhamet ve Kardeşlik","cemaat-toplum","teşvik; bilgilendirme","genel","ahlaki"
"2017-06-02","02.06.2017","ORUCUN AÇLIĞI AÇGÖZLÜLÜĞÜ TEDAVİ EDER","Ramazan, Oruç ve Bayramlar","Sabır, Tevekkül ve Manevi Olgunluk","birey","teşvik; bilgilendirme","genel","ahlaki"
"2017-06-09","09.06.2017","KUR'AN AYINDA KUR'AN'LA BULUŞALIM","Aile, Çocuk ve Nesil","Kur'an-ı Kerim","aile","teşvik; bilgilendirme","aileler","katılım; ahlaki"
"2017-06-16","16.06.2017","ZEKÂT, KAZANCI ARTIRIR; FAİZ YOK EDER","Ekonomik Hayat: Kazanç, Zekat ve İsraf","","birey","teşvik; uyarı","genel","maddi"
"2017-06-23","23.06.2017","ÖMRÜMÜZÜ RAMAZAN KILABİLMEK","Ramazan, Oruç ve Bayramlar","Sabır, Tevekkül ve Manevi Olgunluk","birey","teselli; teşvik","genel","ahlaki"
"2017-06-25","25.06.2017","RAMAZAN BAYRAMI","Ramazan, Oruç ve Bayramlar","Toplumsal Dayanışma, Merhamet ve Kardeşlik","cemaat-toplum","teşvik; teselli","ümmet","ritüel; ahlaki"
"2017-06-30","30.06.2017","ALLAH'IN SIKI TUTULMASINI EMRETTİĞİ BAĞ: SILA-İ RAHİM","Toplumsal Dayanışma, Merhamet ve Kardeşlik","Aile, Çocuk ve Nesil","aile","teşvik; bilgilendirme","aileler","ahlaki"
"2017-07-07","07.07.2017","İMANIMIZ VE İNSANLIĞIMIZIN İMTİHANI: MÜLTECİLER","Toplumsal Dayanışma, Merhamet ve Kardeşlik","İslam Coğrafyası ve Küresel Meseleler; Vatan, Millet ve Tarih","cemaat-toplum","teşvik; bilgilendirme","millet","ahlaki"
"2017-07-14","14.07.2017","SALÂLARIN ŞAHİT OLDUĞU DİRENİŞ: 15 TEMMUZ","Vatan, Millet ve Tarih","","cemaat-toplum","teşvik; kınama","millet","ritüel"
"2017-07-21","21.07.2017","TÜKENMEYEN HÜZNÜMÜZ: KUDÜS VE MESCİD-İ AKSÂ","İslam Coğrafyası ve Küresel Meseleler","","cemaat-toplum","teselli; kınama","ümmet","ahlaki"
"2017-07-28","28.07.2017","YARATAN, YAŞATAN, HİDAYET VEREN ALLAH'TIR","İman, Tevhid ve Ahiret","","birey","teşvik; bilgilendirme","genel","ahlaki"
"2017-08-04","04.08.2017","RAHMAN'A HAS KUL OLABİLMEK","Ahlak, Erdem ve Söz","İbadet ve Kulluk","birey","teşvik; bilgilendirme","genel","ahlaki"
"2017-08-25-b","25.08.2017","ZAFERLER ALLAH'TANDIR (MALAZGİRT ZAFERİ)","Vatan, Millet ve Tarih","İman, Tevhid ve Ahiret","cemaat-toplum","teşvik; bilgilendirme","millet","ritüel"
"2017-08-11","11.08.2017","ÂYETE'L-KÜRSİ'DEN ÖĞRENDİĞİMİZ HAKİKATLER","İman, Tevhid ve Ahiret","Kur'an-ı Kerim","birey","teşvik; bilgilendirme","genel","ritüel"
"2017-08-18","18.08.2017","ALIŞVERİŞ VE TİCARET AHLAKI","Ekonomik Hayat: Kazanç, Zekat ve İsraf","Ahlak, Erdem ve Söz","birey","teşvik; uyarı","esnaf-işveren","ahlaki"
"2017-08-25","25.08.2017","ALLAH'A YAKIN OLMA ARAYIŞI: KURBAN","Ramazan, Oruç ve Bayramlar","İman, Tevhid ve Ahiret","birey","teşvik; bilgilendirme","genel","ritüel; maddi"
"2017-09-01","01.09.2017","İMAN VE İSLAM'IN TEZAHÜRÜ: FAYDASIZ ŞEYLERDEN UZAK DURMAK","Ahlak, Erdem ve Söz","Ramazan, Oruç ve Bayramlar","birey","teşvik; uyarı","genel","ahlaki"
"2017-09-08","08.09.2017","MAZLUMUN YANINDA YER ALMAK","İslam Coğrafyası ve Küresel Meseleler","Toplumsal Dayanışma, Merhamet ve Kardeşlik","cemaat-toplum","kınama; teselli","ümmet","ahlaki"
"2017-09-15","15.09.2017","BİLENLERLE BİLMEYENLER BİR OLUR MU?","Eğitim, Teknoloji, Çevre ve Toplumsal Değişim","","cemaat-toplum","teşvik; bilgilendirme","aileler","ahlaki"
"2017-09-22","22.09.2017","HİCRET: KUTLU BİR YOLCULUK","Kandiller, Muharrem ve Mübarek Geceler","Peygamberimiz ve Ashab","birey","teşvik; bilgilendirme","genel","ahlaki"
"2017-09-29","29.09.2017","CAMİ, ŞEHİR VE MEDENİYET","İbadet ve Kulluk","Kandiller, Muharrem ve Mübarek Geceler","cemaat-toplum","teşvik; bilgilendirme","genel","ritüel"
"2017-10-06","06.10.2017","ALLAH'I UNUTANLAR, UNUTULURLAR","İman, Tevhid ve Ahiret","","birey","uyarı; teşvik","genel","ahlaki"
"2017-10-13","13.10.2017","CENNET YOLCUSU OLABİLMEK","İman, Tevhid ve Ahiret","Ahlak, Erdem ve Söz","birey","teşvik; bilgilendirme","genel","ahlaki"
"2017-10-20","20.10.2017","MÜMİNCE BİR DURUŞ: TEVEKKÜL","Sabır, Tevekkül ve Manevi Olgunluk","","birey","teşvik; bilgilendirme","genel","ahlaki"
"2017-10-27","27.10.2017","ŞÜKREDEN BİR KUL OLABİLMEK","Sabır, Tevekkül ve Manevi Olgunluk","","birey","teşvik; bilgilendirme","genel","ahlaki"
"2017-11-03","03.11.2017","SÜNNET: NEBEVİ KILAVUZ","Peygamberimiz ve Ashab","İman, Tevhid ve Ahiret","birey","bilgilendirme; teşvik","genel","ahlaki"
"2017-11-10","10.11.2017","ÖRNEK İNSAN: MÜMİN","Ahlak, Erdem ve Söz","Toplumsal Dayanışma, Merhamet ve Kardeşlik","birey","teşvik; bilgilendirme","genel","ahlaki"
"2017-11-17","17.11.2017","ALLAH KATINDA DİN İSLAM'DIR","İman, Tevhid ve Ahiret","","cemaat-toplum","bilgilendirme; kınama","ümmet","ahlaki"
"2017-11-24","24.11.2017","MEVLİD-İ NEBİ","Kandiller, Muharrem ve Mübarek Geceler","Peygamberimiz ve Ashab","birey","teşvik; bilgilendirme","genel","ahlaki"
"2017-12-01","01.12.2017","GÜNEŞİN DOĞDUĞU EN HAYIRLI GÜN: CUMA","İbadet ve Kulluk","","birey","teşvik; bilgilendirme","genel","ritüel"
"2017-12-08","08.12.2017","KAPANMAYAN YARAMIZ: KUDÜS","İslam Coğrafyası ve Küresel Meseleler","","cemaat-toplum","teselli; kınama","ümmet","ahlaki"
"2017-12-15","15.12.2017","KARDEŞLİĞE SAPLANAN HANÇER: GIYBET","Ahlak, Erdem ve Söz","","birey","uyarı; teşvik","genel","ahlaki"
"2017-12-22","22.12.2017","HELAL HARAM DUYARLILIĞI","Ekonomik Hayat: Kazanç, Zekat ve İsraf","Ahlak, Erdem ve Söz","birey","uyarı; bilgilendirme","genel","ahlaki"
"2017-12-29","29.12.2017","EŞSİZ SERMAYEMİZ: ÖMÜR","Sabır, Tevekkül ve Manevi Olgunluk","Ekonomik Hayat: Kazanç, Zekat ve İsraf","birey","uyarı; teşvik","genel","ahlaki"
"2018-01-05","05.01.2018","DÜNYADAKİ CENNETİMİZ: AİLE","Aile, Çocuk ve Nesil","","aile","teşvik; bilgilendirme","aileler","ahlaki"
"2018-01-12","12.01.2018","HAKKIN YANINDA, BÂTILIN KARŞISINDA YER ALABİLMEK","İman, Tevhid ve Ahiret","Peygamberimiz ve Ashab","birey","teşvik; bilgilendirme","genel","ahlaki"
"2018-01-19","19.01.2018","ÖNCE KENDİMİZDEN SORUMLUYUZ","Sabır, Tevekkül ve Manevi Olgunluk","","birey","teşvik; bilgilendirme","genel","ahlaki"
"2018-01-26","26.01.2018","BİRLİK VE BERABERLİK RUHU","Vatan, Millet ve Tarih","","cemaat-toplum","teşvik; kınama","millet","ahlaki"
"2018-02-02","02.02.2018","İSLAM'IN İKİ ANA KAYNAĞI: KUR'AN VE SÜNNET","Kur'an-ı Kerim","Peygamberimiz ve Ashab","birey","bilgilendirme; teşvik","genel","ahlaki"
"2018-02-09","09.02.2018","İSRAF, DİNÎ VE AHLAKÎ BİR İFLASTIR","Ekonomik Hayat: Kazanç, Zekat ve İsraf","","birey","uyarı; bilgilendirme","genel","ahlaki"
"2018-02-16","16.02.2018","CİHÂD: ALLAH YOLUNDA CANLA VE MALLA MÜCADELE","Vatan, Millet ve Tarih","İman, Tevhid ve Ahiret","cemaat-toplum","teşvik; bilgilendirme","millet","ahlaki"
"2018-02-23","23.02.2018","BAĞIMLILIK BİR TUZAKTIR","Afet, Kriz ve Sağlık","Aile, Çocuk ve Nesil","aile","uyarı; teşvik","aileler","ahlaki"
"2018-03-02","02.03.2018","İSLAM'DA TİCARET AHLAKI","Ekonomik Hayat: Kazanç, Zekat ve İsraf","Ahlak, Erdem ve Söz","birey","teşvik; uyarı","esnaf-işveren","ahlaki"
"2018-03-09","09.03.2018","İSLAM'DA KADIN: ADALET, MERHAMET VE HAKKANİYET","Toplumsal Dayanışma, Merhamet ve Kardeşlik","Aile, Çocuk ve Nesil","cemaat-toplum","teşvik; kınama","aileler","ahlaki"
"2018-03-16","16.03.2018","MİLLETİMİZİN VAROLUŞ MÜCADELESİ: ÇANAKKALE ZAFERİ","Vatan, Millet ve Tarih","","cemaat-toplum","teşvik; bilgilendirme","millet","ritüel"
"2018-03-23","23.03.2018","İBADET HAYATIMIZ VE GÖNÜL DÜNYAMIZ","İbadet ve Kulluk","","birey","teşvik; bilgilendirme","genel","ahlaki"
"2018-03-30","30.03.2018","VAHYİN İNSANLIĞA İLK MESAJI: OKU!","Eğitim, Teknoloji, Çevre ve Toplumsal Değişim","Kur'an-ı Kerim","birey","teşvik; bilgilendirme","aileler","ahlaki"
"2018-04-06","06.04.2018","İYİLİK: PAYLAŞILDIKÇA ARTAN DEĞER","Ahlak, Erdem ve Söz","","birey","teşvik; bilgilendirme","genel","ahlaki"
"2018-04-13","13.04.2018","MİRAÇ KANDİLİ: KULUN ALLAH'A YAKIN OLMA ÇABASI","Kandiller, Muharrem ve Mübarek Geceler","","birey","teşvik; bilgilendirme","genel","ritüel"
"2018-04-20","20.04.2018","YARINLARIMIZIN ÜMİDİ ÇOCUKLARIMIZ","Aile, Çocuk ve Nesil","","aile","teşvik; bilgilendirme","aileler","ahlaki"
"2018-04-27","27.04.2018","AF, ARINMA VE KURTULUŞ VESİLESİ: BERAT GECESİ","Kandiller, Muharrem ve Mübarek Geceler","İman, Tevhid ve Ahiret","birey","teşvik; teselli","genel","ritüel"
"2018-05-04","04.05.2018","KESİNTİSİZ HAYIR ÇEŞMESİ: VAKIFLAR","Ekonomik Hayat: Kazanç, Zekat ve İsraf","","cemaat-toplum","teşvik; bilgilendirme","genel","maddi"
"2018-05-11","11.05.2018","ADALET VE İHSAN YUVASI: AİLE","Aile, Çocuk ve Nesil","Toplumsal Dayanışma, Merhamet ve Kardeşlik","aile","teşvik; bilgilendirme","aileler","ahlaki"
"2018-05-18","18.05.2018","DİNMEYEN YARAMIZ: KUDÜS","İslam Coğrafyası ve Küresel Meseleler","","cemaat-toplum","teselli; kınama","ümmet","ahlaki"
"2018-05-25","25.05.2018","ORUÇ VE KUR'ÂN AYI RAMAZAN","Ramazan, Oruç ve Bayramlar","","birey","teşvik; bilgilendirme","genel","ahlaki; maddi"
"2018-06-01","01.06.2018","MEŞRU OLMAYAN KAZANÇ: FAİZ","Ekonomik Hayat: Kazanç, Zekat ve İsraf","","birey","uyarı; bilgilendirme","genel","maddi"
"2018-06-08","08.06.2018","AFİYET OLSUN, İSRAF OLMASIN","Ekonomik Hayat: Kazanç, Zekat ve İsraf","Sabır, Tevekkül ve Manevi Olgunluk","birey","uyarı; teşvik","genel","ahlaki"
"2018-06-15","15.06.2018","RAMAZAN BAYRAMI","Ramazan, Oruç ve Bayramlar","Toplumsal Dayanışma, Merhamet ve Kardeşlik","cemaat-toplum","teşvik; teselli","ümmet","ritüel; ahlaki"
"2018-06-22","22.06.2018","YAZ KUR'AN KURSLARI VE ÖNEMİ","Kur'an-ı Kerim","Aile, Çocuk ve Nesil","aile","teşvik; bilgilendirme","aileler","katılım"
"2018-06-29","29.06.2018","EVLADIN ANNE-BABA ÜZERİNDEKİ HAKLARINDAN BİRİ: GÜZEL İSİM","Aile, Çocuk ve Nesil","","aile","teşvik; bilgilendirme","aileler","ahlaki"
"2018-07-06","06.07.2018","ALLAH'IN RIZASINA ULAŞTIRAN SALİH AMELLER","İman, Tevhid ve Ahiret","Ahlak, Erdem ve Söz","birey","teşvik; bilgilendirme","genel","ahlaki"
"2018-07-13","13.07.2018","MİLLETÇE YENİDEN DOĞUŞ: 15 TEMMUZ","Vatan, Millet ve Tarih","","cemaat-toplum","teşvik; kınama","millet","ahlaki"
"2018-07-20","20.07.2018","DÜĞÜN ÂDÂBI","Aile, Çocuk ve Nesil","","aile","uyarı; teşvik","aileler","ahlaki"
"2018-07-27","27.07.2018","İMAN-AMEL İLİŞKİSİ","İman, Tevhid ve Ahiret","Ahlak, Erdem ve Söz","birey","teşvik; bilgilendirme","genel","ahlaki"
"2018-08-03","03.08.2018","CAMİ VE CEMAAT ADABI","İbadet ve Kulluk","","cemaat-toplum","teşvik; bilgilendirme","genel","ritüel"
"2018-08-10","10.08.2018","KURBAN, ALLAH'A YAKINLAŞMA VESİLESİDİR","Ramazan, Oruç ve Bayramlar","","birey","teşvik; bilgilendirme","genel","ritüel; maddi"
"2018-08-17","17.08.2018","SADAKA-İ CÂRİYE","Ekonomik Hayat: Kazanç, Zekat ve İsraf","","cemaat-toplum","teşvik; bilgilendirme","genel","maddi"
"2018-08-21","21.08.2018","KURBAN BAYRAMI","Ramazan, Oruç ve Bayramlar","","cemaat-toplum","teşvik; teselli","ümmet","ritüel; ahlaki"
"2018-08-24","24.08.2018","GAYRET MÜMİNLERDEN, ZAFER ALLAH'TANDIR","Vatan, Millet ve Tarih","","cemaat-toplum","teşvik; bilgilendirme","millet","ahlaki"
"2018-08-31","31.08.2018","ÇALIŞMAK, HAYATIMIZA BEREKET GETİRİR","Ekonomik Hayat: Kazanç, Zekat ve İsraf","Sabır, Tevekkül ve Manevi Olgunluk","birey","teşvik; bilgilendirme","genel","ahlaki"
"2018-09-07","07.09.2018","HİCRET","Kandiller, Muharrem ve Mübarek Geceler","Peygamberimiz ve Ashab","birey","teşvik; bilgilendirme","genel","ahlaki"
"2018-09-14","14.09.2018","MUHARREM AYI VE ÂŞÛRÂ GÜNÜ","Kandiller, Muharrem ve Mübarek Geceler","","cemaat-toplum","teselli; teşvik","ümmet","ritüel"
"2018-09-21","21.09.2018","ALLAH'IN GÜZEL İSİMLERİNDEN MÜMİNLERE MESAJLAR","İman, Tevhid ve Ahiret","Ahlak, Erdem ve Söz","birey","teşvik; bilgilendirme","genel","ritüel"
"2018-09-28","28.09.2018","CAMİLER VE DİN HİZMETİNE ADANMIŞ ÖMÜRLER","İbadet ve Kulluk","Kur'an-ı Kerim","cemaat-toplum","teşvik; bilgilendirme","genel","ritüel"
"2018-10-05","05.10.2018","CENAZE ÂDÂBI: AHİRET YOLCUSUNA","İman, Tevhid ve Ahiret","Toplumsal Dayanışma, Merhamet ve Kardeşlik","birey","bilgilendirme; teselli","genel","ritüel"
"2018-10-12","12.10.2018","CENÂB-I HAK, HER HAK SAHİBİNE HAKKINI VERMİŞTİR","Toplumsal Dayanışma, Merhamet ve Kardeşlik","Aile, Çocuk ve Nesil","cemaat-toplum","bilgilendirme; teşvik","genel","ahlaki"
"2018-10-19","19.10.2018","MADDİ VE MANEVİ ARINMA: TEMİZLİK","İbadet ve Kulluk","Ahlak, Erdem ve Söz; Eğitim, Teknoloji, Çevre ve Toplumsal Değişim","birey","teşvik; bilgilendirme","genel","ahlaki"
"2018-10-26","26.10.2018","AİLEDE ŞEFKAT VE NEZAKET DİLİ","Aile, Çocuk ve Nesil","Toplumsal Dayanışma, Merhamet ve Kardeşlik","aile","teşvik; bilgilendirme","aileler","ahlaki"
"2018-11-02","02.11.2018","TEMİZ GIDA TEMİZ NESİL","Eğitim, Teknoloji, Çevre ve Toplumsal Değişim","Aile, Çocuk ve Nesil","cemaat-toplum","uyarı; bilgilendirme","aileler","ahlaki"
"2018-11-09","09.11.2018","SAĞLIK: DÜNYALARA DEĞER NİMET","Afet, Kriz ve Sağlık","Sabır, Tevekkül ve Manevi Olgunluk","birey","teşvik; bilgilendirme","genel","ahlaki"
"2018-11-16","16.11.2018","MEVLİD-İ NEBİ","Kandiller, Muharrem ve Mübarek Geceler","Peygamberimiz ve Ashab","birey","teşvik; bilgilendirme","gençler","ahlaki"
"2018-11-23","23.11.2018","EN BÜYÜK ZENGİNLİĞİMİZ GENÇLERİMİZ","Aile, Çocuk ve Nesil","Afet, Kriz ve Sağlık; Eğitim, Teknoloji, Çevre ve Toplumsal Değişim","aile","uyarı; teşvik","gençler","ahlaki"
"2018-11-30","30.11.2018","NEFİS: İYİ VE KÖTÜNÜN MÜCADELE ALANI","Sabır, Tevekkül ve Manevi Olgunluk","","birey","teşvik; uyarı","genel","ahlaki"
"2018-12-07","07.12.2018","SELÂM: İSLÂM'IN GÜVEN VE BARIŞ ÇAĞRISI","Toplumsal Dayanışma, Merhamet ve Kardeşlik","Peygamberimiz ve Ashab","cemaat-toplum","teşvik; bilgilendirme","genel","ahlaki"
"2018-12-14","14.12.2018","RAHMET VE MAĞFİRET KAPISI: TEVBE","İman, Tevhid ve Ahiret","Peygamberimiz ve Ashab","birey","teşvik; teselli","genel","ahlaki"
"2018-12-21","21.12.2018","VARLIĞIN İLAHİ MAYASI MERHAMET","Toplumsal Dayanışma, Merhamet ve Kardeşlik","","birey","teşvik; bilgilendirme","genel","ahlaki"
"2018-12-28","28.12.2018","BİR ÖMÜR SORUMLULUK BİLİNCİYLE YAŞAMAK","Sabır, Tevekkül ve Manevi Olgunluk","İman, Tevhid ve Ahiret","birey","uyarı; teşvik","genel","ahlaki"
"2019-01-04","04.01.2019","ÖZÜ SÖZÜ DOĞRU OLMAK","Ahlak, Erdem ve Söz","","birey","teşvik; uyarı","genel","ahlaki"
"2019-01-11","11.01.2019","İNSANIN KEMAL YOLCULUĞU: İSLAM, İMAN VE İHSAN","İbadet ve Kulluk","Peygamberimiz ve Ashab; Sabır, Tevekkül ve Manevi Olgunluk","birey","bilgilendirme; teşvik","genel","ahlaki"
"2019-01-18","18.01.2019","MÜSLÜMANLAR İLİM VE MEDENİYETİN ÖNCÜLERİDİR","Eğitim, Teknoloji, Çevre ve Toplumsal Değişim","","cemaat-toplum","teşvik; bilgilendirme","genel","ahlaki"
"2019-01-25","25.01.2019","İSLAM AHLÂKININ ÖZÜ HAYÂDIR","Ahlak, Erdem ve Söz","","birey","teşvik; uyarı","genel","ahlaki"
"2019-02-01","01.02.2019","RIFK: ALLAH HER İŞTE ZERAFETİ SEVER","Sabır, Tevekkül ve Manevi Olgunluk","Ahlak, Erdem ve Söz","birey","teşvik; bilgilendirme","genel","ahlaki"
"2019-02-08","08.02.2019","İBADET: KUL OLMA ŞUURU","İbadet ve Kulluk","Ramazan, Oruç ve Bayramlar","birey","teşvik; bilgilendirme","genel","ahlaki"
"2019-02-15","15.02.2019","HAYATI YAŞANILIR KILMANIN YOLU: DİN VE MANEVİYAT","Sabır, Tevekkül ve Manevi Olgunluk","İman, Tevhid ve Ahiret","birey","teşvik; teselli","genel","ahlaki"
"2019-02-22","22.02.2019","YAŞLILARA HÜRMET, ÖMRÜMÜZE BEREKET","Aile, Çocuk ve Nesil","Toplumsal Dayanışma, Merhamet ve Kardeşlik","aile","teşvik; bilgilendirme","aileler","ahlaki"
"2019-03-01","01.03.2019","BEREKET MEVSİMİ: ÜÇ AYLAR","Kandiller, Muharrem ve Mübarek Geceler","Toplumsal Dayanışma, Merhamet ve Kardeşlik","birey","teşvik; bilgilendirme","genel","ritüel; maddi"
"2019-03-08","08.03.2019","İYİLİK PAYLAŞTIKÇA ÇOĞALIR","Toplumsal Dayanışma, Merhamet ve Kardeşlik","Ahlak, Erdem ve Söz","birey","teşvik; bilgilendirme","genel","ahlaki"
"2019-03-15","15.03.2019","ÇANAKKALE ZAFERİ VE BİRLİK RUHU","Vatan, Millet ve Tarih","İslam Coğrafyası ve Küresel Meseleler","cemaat-toplum","teşvik; kınama","millet","ritüel"
"2019-03-22","22.03.2019","KUR'AN VE SÜNNET BİR BÜTÜNDÜR","Kur'an-ı Kerim","Peygamberimiz ve Ashab","birey","bilgilendirme; teşvik","genel","ahlaki"
"2019-03-29","29.03.2019","MİRAÇ GECESİ","Kandiller, Muharrem ve Mübarek Geceler","İslam Coğrafyası ve Küresel Meseleler","birey","teşvik; kınama","genel","ritüel"
"2019-04-05","05.04.2019","MÜSLÜMAN HAYIRLI BİR KOMŞUDUR","Toplumsal Dayanışma, Merhamet ve Kardeşlik","","cemaat-toplum","teşvik; bilgilendirme","genel","ahlaki"
"2019-04-12","12.04.2019","İMANIN HAYATIMIZDAKİ YANSIMALARI","İman, Tevhid ve Ahiret","Sabır, Tevekkül ve Manevi Olgunluk","birey","teşvik; bilgilendirme","genel","ahlaki"
"2019-04-19","19.04.2019","BERÂT GECESİ","Kandiller, Muharrem ve Mübarek Geceler","","birey","teşvik; teselli","genel","ritüel"
"2019-04-26","26.04.2019","TİCARET HAYATININ BEREKETİ: İŞ AHLAKI","Ekonomik Hayat: Kazanç, Zekat ve İsraf","","birey","bilgilendirme; teşvik","esnaf-işveren","ahlaki"
"2019-05-03","03.05.2019","HOŞ GELDİN YA ŞEHR-İ RAMAZAN","Ramazan, Oruç ve Bayramlar","İbadet ve Kulluk","cemaat-toplum","teşvik; bilgilendirme","genel","ritüel"
"2019-05-10","10.05.2019","RAMAZAN VE İNFAK","Ekonomik Hayat: Kazanç, Zekat ve İsraf","Toplumsal Dayanışma, Merhamet ve Kardeşlik","cemaat-toplum","teşvik; bilgilendirme","genel","maddi"
"2019-05-17","17.05.2019","PEYGAMBERİMİZİN TARİFİYLE HAYIRLI MÜSLÜMAN","Ahlak, Erdem ve Söz","","birey","teşvik; bilgilendirme","genel","ahlaki"
"2019-05-24","24.05.2019","KARDEŞLİĞİMİZ ZEKÂT VE FITIR SADAKASIYLA BEREKETLENSİN","Ramazan, Oruç ve Bayramlar","Ekonomik Hayat: Kazanç, Zekat ve İsraf","cemaat-toplum","teşvik; bilgilendirme","genel","maddi"
"2019-05-31","31.05.2019","KADİR GECESİ: KUR'ÂN İLE ŞEREFLENEN GECE","Kandiller, Muharrem ve Mübarek Geceler","Kur'an-ı Kerim","birey","teşvik; bilgilendirme","genel","ritüel; ahlaki"
"2019-06-04","04.06.2019","RAMAZAN BAYRAMI","Ramazan, Oruç ve Bayramlar","Toplumsal Dayanışma, Merhamet ve Kardeşlik","cemaat-toplum","teşvik; teselli","ümmet","ritüel; ahlaki"
"2019-06-07","07.06.2019","AİLE OLMAK, AİLE KALMAK","Aile, Çocuk ve Nesil","Toplumsal Dayanışma, Merhamet ve Kardeşlik","aile","teşvik; bilgilendirme","aileler","ahlaki"
"2019-06-14","14.06.2019","CAMİLER ÇOCUK DOLSUN, AHLAKI KUR'AN OLSUN","Aile, Çocuk ve Nesil","Kur'an-ı Kerim","aile","teşvik; bilgilendirme","aileler","katılım"
"2019-06-21","21.06.2019","ALLAH'A İMAN","İman, Tevhid ve Ahiret","","birey","teşvik; bilgilendirme","genel","ahlaki"
"2019-06-28","28.06.2019","BİR MUKADDES YOLCULUK: HAC","İbadet ve Kulluk","Peygamberimiz ve Ashab","birey","teşvik; bilgilendirme","genel","ritüel"
"2019-07-05","05.07.2019","NESLİN KORUNMASI: ERDEMLİ BİR NESİL, HUZURLU BİR GELECEK","Aile, Çocuk ve Nesil","","cemaat-toplum","uyarı; kınama","aileler","ahlaki"
"2019-07-12","12.07.2019","15 TEMMUZ'U ANMAK, İHANETİ ANLAMAK","Vatan, Millet ve Tarih","","cemaat-toplum","kınama; teşvik","millet","ahlaki"
"2019-07-19","19.07.2019","CUMA NAMAZI VE ADABI","İbadet ve Kulluk","","birey","teşvik; bilgilendirme","genel","ritüel"
"2019-07-26","26.07.2019","BEDEN MAHREMİYETİ VE TESETTÜR","Ahlak, Erdem ve Söz","Eğitim, Teknoloji, Çevre ve Toplumsal Değişim","birey","bilgilendirme; teşvik","genel","ahlaki"
"2019-08-02","02.08.2019","RABBİN İÇİN KURBAN KES","Ramazan, Oruç ve Bayramlar","","birey","teşvik; bilgilendirme","genel","ritüel; maddi"
"2019-08-09","09.08.2019","MÜMİN: HUZURLU TOPLUMUN TEMİNATI","Toplumsal Dayanışma, Merhamet ve Kardeşlik","Ahlak, Erdem ve Söz","cemaat-toplum","bilgilendirme; teşvik","genel","ahlaki"
"2019-08-11","11.08.2019","KURBAN BAYRAMI","Ramazan, Oruç ve Bayramlar","","cemaat-toplum","teşvik; teselli","ümmet","ritüel; ahlaki"
"2019-08-16","16.08.2019","GÜVENLİ BİR HAYAT İÇİN AFETLERE HAZIR OLALIM","Afet, Kriz ve Sağlık","Sabır, Tevekkül ve Manevi Olgunluk","cemaat-toplum","uyarı; teşvik","genel","ahlaki"
"2019-08-23","23.08.2019","FAİZİN TOPLUMSAL ZARARLARI","Ekonomik Hayat: Kazanç, Zekat ve İsraf","","birey","uyarı; bilgilendirme","genel","maddi"
"2019-08-30","30.08.2019","VATAN BİZE EMANETTİR","Vatan, Millet ve Tarih","","cemaat-toplum","teşvik; bilgilendirme","millet","ritüel"
"2019-09-06","06.09.2019","MUHARREM AYI VE ÂŞÛRÂ GÜNÜ","Kandiller, Muharrem ve Mübarek Geceler","","cemaat-toplum","teselli; teşvik","ümmet","ritüel"
"2019-09-13","13.09.2019","HER CAN DOKUNULMAZDIR","Toplumsal Dayanışma, Merhamet ve Kardeşlik","Ahlak, Erdem ve Söz","cemaat-toplum","kınama; uyarı","genel","ahlaki"
"2019-09-20","20.09.2019","TEVAZU İNSANI YÜCELTİR","Ahlak, Erdem ve Söz","","birey","teşvik; bilgilendirme","genel","ahlaki"
"2019-09-27","27.09.2019","CAMİ VE HAYAT","İbadet ve Kulluk","","cemaat-toplum","teşvik; bilgilendirme","genel","ritüel"
"2019-10-04","04.10.2019","DÜNYA EVİMİZ BİZE EMANETTİR","Eğitim, Teknoloji, Çevre ve Toplumsal Değişim","Ekonomik Hayat: Kazanç, Zekat ve İsraf","cemaat-toplum","uyarı; teşvik","genel","ahlaki; katılım"
"2019-10-11","11.10.2019","GÜN BİRLİK VE DAYANIŞMA GÜNÜDÜR","Vatan, Millet ve Tarih","Toplumsal Dayanışma, Merhamet ve Kardeşlik","cemaat-toplum","teşvik; kınama","millet","ahlaki"
"2019-10-18","18.10.2019","KUL VE KAMU HAKKI","Toplumsal Dayanışma, Merhamet ve Kardeşlik","","cemaat-toplum","bilgilendirme; uyarı","genel","ahlaki"
"2019-10-25","25.10.2019","DUALARIMIZ MEHMETÇİĞİMİZ İÇİN","Vatan, Millet ve Tarih","","cemaat-toplum","teşvik; teselli","millet","ritüel"
"2019-11-01","01.11.2019","DÜNYEVİLEŞMEK: GEÇİCİ OLANA GÖNÜL VERMEK","İman, Tevhid ve Ahiret","Sabır, Tevekkül ve Manevi Olgunluk","birey","uyarı; teşvik","genel","ahlaki"
"2019-11-08","08.11.2019","MEVLİD-İ NEBİ","Kandiller, Muharrem ve Mübarek Geceler","Peygamberimiz ve Ashab","birey","teşvik; bilgilendirme","genel","ahlaki"
"2019-11-15","15.11.2019","PEYGAMBERİMİZ VE AİLE","Aile, Çocuk ve Nesil","Peygamberimiz ve Ashab","aile","teşvik; bilgilendirme","aileler","ahlaki"
"2019-11-22","22.11.2019","MUSİBETLER KARŞISINDA MÜMİNİN TAVRI","Sabır, Tevekkül ve Manevi Olgunluk","","birey","teşvik; uyarı","genel","ahlaki"
"2019-11-29","29.11.2019","DİNİN ÖZÜ SAMİMİYETTİR","Ahlak, Erdem ve Söz","","birey","teşvik; bilgilendirme","genel","ahlaki"
"2019-12-06","06.12.2019","BATIL İNANÇ VE HURAFELER","İman, Tevhid ve Ahiret","Eğitim, Teknoloji, Çevre ve Toplumsal Değişim","birey","uyarı; bilgilendirme","genel","ahlaki"
"2019-12-13","13.12.2019","NAMAZ: RABBİMİZE YAKIN OLMA ÇABAMIZ","İbadet ve Kulluk","","birey","teşvik; bilgilendirme","genel","ritüel"
"2019-12-20","20.12.2019","TAKVA: EN HAYIRLI AZIĞIMIZ","Ahlak, Erdem ve Söz","Sabır, Tevekkül ve Manevi Olgunluk","birey","teşvik; bilgilendirme","genel","ahlaki"
"2019-12-27","27.12.2019","TEFEKKÜR İLE BİR ÖMÜR GEÇİRMEK","Sabır, Tevekkül ve Manevi Olgunluk","İman, Tevhid ve Ahiret","birey","uyarı; teşvik","genel","ahlaki"
"2020-01-03","03.01.2020","İNSAN, İMAN VE HAYAT","İman, Tevhid ve Ahiret","Sabır, Tevekkül ve Manevi Olgunluk","birey","bilgilendirme; teşvik","genel","ahlaki; maddi"
"2020-01-10","10.01.2020","PEYGAMBERİMİZİN DİLİNDEN DUALAR","İbadet ve Kulluk","Sabır, Tevekkül ve Manevi Olgunluk","birey","teşvik; bilgilendirme","genel","ritüel"
"2020-01-17","17.01.2020","TEKNOLOJİ BAĞIMLILIĞI VE SOSYAL MEDYA AHLAKI","Eğitim, Teknoloji, Çevre ve Toplumsal Değişim","Aile, Çocuk ve Nesil","aile","uyarı; bilgilendirme","aileler","ahlaki"
"2020-01-24","24.01.2020","SORUMLULUK SAHİBİ BİR BABA OLABİLMEK","Aile, Çocuk ve Nesil","","aile","teşvik; bilgilendirme","aileler","ahlaki"
"2020-01-31","31.01.2020","AFETLERE KARŞI BİLİNÇLİ OLALIM","Afet, Kriz ve Sağlık","Sabır, Tevekkül ve Manevi Olgunluk","cemaat-toplum","teselli; uyarı","genel","ahlaki"
"2020-02-07","07.02.2020","KUDÜS İSLAM YURDUDUR","İslam Coğrafyası ve Küresel Meseleler","Afet, Kriz ve Sağlık","cemaat-toplum","kınama; teselli","ümmet","ahlaki"
"2020-02-14","14.02.2020","ALLAH İLE KUL ARASINDAKİ BAĞ","İman, Tevhid ve Ahiret","","birey","teşvik; bilgilendirme","genel","ahlaki"
"2020-02-21","21.02.2020","ÜÇ AYLARIN MANEVİ İKLİMİNE YAKLAŞIRKEN","Kandiller, Muharrem ve Mübarek Geceler","Ramazan, Oruç ve Bayramlar","birey","teşvik; bilgilendirme","genel","ritüel"
"2020-02-28","28.02.2020","HAK UĞRUNDA MÜCADELEMİZ, BİRLİK VE BERABERLİK RUHUMUZ","Vatan, Millet ve Tarih","","cemaat-toplum","teşvik; teselli","millet","ritüel"
"2020-03-06","06.03.2020","ALLAH TEMİZDİR, TEMİZLİĞİ SEVER","İbadet ve Kulluk","Afet, Kriz ve Sağlık","birey","teşvik; uyarı","genel","ahlaki"
"2020-03-13","13.03.2020","TEDBİR MÜMİN'DEN TAKDİR ALLAH'TANDIR","Afet, Kriz ve Sağlık","Sabır, Tevekkül ve Manevi Olgunluk","birey","uyarı; teşvik","genel","ahlaki"
"2020-03-27","27.03.2020","ZORLUKLAR KARŞISINDA MÜMİN","Afet, Kriz ve Sağlık","Sabır, Tevekkül ve Manevi Olgunluk","cemaat-toplum","teselli; uyarı","genel","ahlaki"
"2020-04-03","03.04.2020","BERAT GECESİ: AF VE ARINMA VESİLESİ","Kandiller, Muharrem ve Mübarek Geceler","Afet, Kriz ve Sağlık","birey","teşvik; teselli","genel","ritüel"
"2020-04-10","10.04.2020","İNSAN, SORUMLULUK SAHİBİDİR","Sabır, Tevekkül ve Manevi Olgunluk","Afet, Kriz ve Sağlık","birey","bilgilendirme; teşvik","genel","ahlaki"
"2020-04-17","17.04.2020","AİLE: HUZUR VE GÜVEN KAYNAĞI","Aile, Çocuk ve Nesil","Afet, Kriz ve Sağlık","aile","teşvik; teselli","aileler","ahlaki"
"2020-04-24","24.04.2020","RAMAZAN: SABIR VE İRADE EĞİTİMİ","Ramazan, Oruç ve Bayramlar","Afet, Kriz ve Sağlık","cemaat-toplum","uyarı; teşvik","genel","ahlaki"
"2020-05-01","01.05.2020","RAMAZAN VE SORUMLULUK BİLİNCİ","Ramazan, Oruç ve Bayramlar","Sabır, Tevekkül ve Manevi Olgunluk","birey","teşvik; bilgilendirme","genel","ahlaki"
"2020-05-08","08.05.2020","RAMAZAN: İNFAK, YARDIMLAŞMA VE PAYLAŞMA AYI","Ekonomik Hayat: Kazanç, Zekat ve İsraf","Toplumsal Dayanışma, Merhamet ve Kardeşlik","cemaat-toplum","teşvik; bilgilendirme","genel","maddi"
"2020-05-15","15.05.2020","KUR'AN'LA YAŞAMAK","Kandiller, Muharrem ve Mübarek Geceler","Kur'an-ı Kerim","birey","teşvik; bilgilendirme","genel","ritüel"
"2020-05-22","22.05.2020","BİR ÖMRÜ RAMAZAN GİBİ YAŞAMAK","İbadet ve Kulluk","Ramazan, Oruç ve Bayramlar","birey","teşvik; teselli","genel","ahlaki"
"2020-05-29","29.05.2020","HAMDOLSUN RABBİMİZE","İbadet ve Kulluk","Afet, Kriz ve Sağlık","cemaat-toplum","teşvik; teselli","genel","ritüel"
"2020-06-05","05.06.2020","AHİRETE İNANAN MÜMİN","İman, Tevhid ve Ahiret","","birey","teşvik; bilgilendirme","genel","ahlaki"
"2020-06-12","12.06.2020","MÜSTAKİM OL, EMİN OL HER TASADAN!","İman, Tevhid ve Ahiret","Sabır, Tevekkül ve Manevi Olgunluk","birey","teşvik; bilgilendirme","genel","ahlaki"
"2020-06-19","19.06.2020","HALİS NİYET VE SAMİMİYET","İbadet ve Kulluk","İman, Tevhid ve Ahiret","birey","bilgilendirme; teşvik","genel","ahlaki"
"2020-06-26","26.06.2020","YUVALARIMIZ KUR'AN İLE AYDINLANSIN","Aile, Çocuk ve Nesil","Kur'an-ı Kerim","aile","teşvik; bilgilendirme","aileler","katılım"
"2020-07-03","03.07.2020","SABRIN SONU SELAMETTİR","Sabır, Tevekkül ve Manevi Olgunluk","","birey","teşvik; bilgilendirme","genel","ahlaki"
"2020-07-10","10.07.2020","15 TEMMUZ VE BİRLİK RUHU","Vatan, Millet ve Tarih","","cemaat-toplum","kınama; teşvik","millet","ahlaki"
"2020-07-17","17.07.2020","KURBANINI PAYLAŞ, KARDEŞİNLE YAKINLAŞ","Ramazan, Oruç ve Bayramlar","Toplumsal Dayanışma, Merhamet ve Kardeşlik","birey","teşvik; bilgilendirme","genel","ritüel; maddi"
"2020-07-24","24.07.2020","AYASOFYA: FETHİN NİŞANESİ, FATİH'İN EMANETİ","Vatan, Millet ve Tarih","İbadet ve Kulluk","cemaat-toplum","teşvik; bilgilendirme","millet","ritüel"
"2020-07-31","31.07.2020","KURBAN BAYRAMI: TAKVA YOLCULUĞU","Ramazan, Oruç ve Bayramlar","","cemaat-toplum","teşvik; teselli","ümmet","ritüel; ahlaki"
"2020-08-07","07.08.2020","MÜMİNCE BİR DUYARLILIK: İYİLİĞİ EMRETMEK, KÖTÜLÜKTEN SAKINDIRMAK","Toplumsal Dayanışma, Merhamet ve Kardeşlik","Sabır, Tevekkül ve Manevi Olgunluk; Afet, Kriz ve Sağlık","cemaat-toplum","teşvik; uyarı","genel","ahlaki"
"2020-08-14","14.08.2020","ŞÜKREDEN HUZUR BULUR","Sabır, Tevekkül ve Manevi Olgunluk","İman, Tevhid ve Ahiret","birey","teşvik; bilgilendirme","genel","ahlaki"
"2020-08-21","21.08.2020","MÜMİN: HAKKIN TEMSİLCİSİ, HAKİKATİN DAVETÇİSİ","Sabır, Tevekkül ve Manevi Olgunluk","Kur'an-ı Kerim","birey","teşvik; bilgilendirme","genel","ahlaki"
"2020-08-28","28.08.2020","ALLAH'IN DİNİNİ YÜCELTME GAYRETİ","Vatan, Millet ve Tarih","","cemaat-toplum","teşvik; teselli","millet","ritüel"
"2020-09-04","04.09.2020","İSLAM, TEMİZLİĞİ EMREDER","Afet, Kriz ve Sağlık","İman, Tevhid ve Ahiret","birey","teşvik; uyarı","genel","ahlaki"
"2020-09-11","11.09.2020","DİN İSTİSMARINA KARŞI FERASETLİ VE BASİRETLİ OLALIM","Kur'an-ı Kerim","Peygamberimiz ve Ashab","cemaat-toplum","uyarı; bilgilendirme","genel","ahlaki"
"2020-09-18","18.09.2020","BEREKET: MANEVİ BOLLUK","Sabır, Tevekkül ve Manevi Olgunluk","","birey","teşvik; bilgilendirme","genel","ahlaki"
"2020-09-25","25.09.2020","CAMİ VE İLİM","İbadet ve Kulluk","Eğitim, Teknoloji, Çevre ve Toplumsal Değişim","cemaat-toplum","teşvik; bilgilendirme","genel","ritüel"
"2020-10-02","02.10.2020","MURAKABE VE MUHASEBE BİLİNCİ","Sabır, Tevekkül ve Manevi Olgunluk","Afet, Kriz ve Sağlık","birey","teşvik; bilgilendirme","genel","ahlaki"
"2020-10-09","09.10.2020","MÜMİNİN YUMUŞAK HUYLULUĞU","Toplumsal Dayanışma, Merhamet ve Kardeşlik","Ahlak, Erdem ve Söz; Vatan, Millet ve Tarih","birey","teşvik; teselli","genel","ahlaki"
"2020-10-16","16.10.2020","CAMİ: ALLAH'IN EVİ, MÜMİNLERİN ESERİ","İbadet ve Kulluk","","cemaat-toplum","teşvik; bilgilendirme","genel","maddi"
"2020-10-23","23.10.2020","MEVLİD-İ NEBİ","Kandiller, Muharrem ve Mübarek Geceler","Peygamberimiz ve Ashab","birey","teşvik; bilgilendirme","genel","ahlaki"
"2020-10-30","30.10.2020","PEYGAMBERİMİZ VE ÇOCUK","Aile, Çocuk ve Nesil","Peygamberimiz ve Ashab","aile","teşvik; bilgilendirme","aileler","ahlaki"
"2020-11-06","06.11.2020","MÜMİN SORUMLULUK SAHİBİDİR","İman, Tevhid ve Ahiret","Afet, Kriz ve Sağlık","cemaat-toplum","teselli; teşvik","genel","ahlaki; katılım"
"2020-11-13","13.11.2020","ABDEST: BEDENİMİZE SAĞLIK, RUHUMUZA HUZUR","İbadet ve Kulluk","Afet, Kriz ve Sağlık","birey","teşvik; bilgilendirme","genel","ritüel"
"2020-11-20","20.11.2020","CENNET: MÜMİNLERİ BEKLEYEN SONSUZ NİMET","İman, Tevhid ve Ahiret","Afet, Kriz ve Sağlık","birey","teşvik; uyarı","genel","ahlaki"
"2020-11-27","27.11.2020","FAYDASIZ İŞLERİ TERK ETMEK KULLUĞUN GÜZELLİĞİNDENDİR","Ahlak, Erdem ve Söz","","birey","teşvik; bilgilendirme","genel","ahlaki"
"2020-12-04","04.12.2020","ENGELLİLİK: CENNETE KAVUŞTURAN İMTİHAN","Toplumsal Dayanışma, Merhamet ve Kardeşlik","Sabır, Tevekkül ve Manevi Olgunluk","birey","teselli; teşvik","genel","ahlaki"
"2020-12-11","11.12.2020","SU: HAYAT VE ŞİFA KAYNAĞIMIZ","Afet, Kriz ve Sağlık","İbadet ve Kulluk","cemaat-toplum","uyarı; teşvik","genel","ritüel"
"2020-12-18","18.12.2020","MÜMİN HER İŞİNDE MUTEDİLDİR","Sabır, Tevekkül ve Manevi Olgunluk","","birey","teşvik; bilgilendirme","genel","ahlaki"
"2020-12-25","25.12.2020","İÇKİ: KÖTÜLÜĞÜN ZEHİRLİ ARKADAŞI","Afet, Kriz ve Sağlık","Ahlak, Erdem ve Söz","birey","uyarı; teşvik","genel","ahlaki"
"2021-01-01","01.01.2021","GEÇMİŞİN MUHASEBESİ, GELECEĞİN İMARI","Sabır, Tevekkül ve Manevi Olgunluk","İman, Tevhid ve Ahiret","birey","uyarı; teşvik","genel","ahlaki"
"2021-01-08","08.01.2021","FÂTİHA SÛRESİ: KUR'AN'IN MUKADDİMESİ","Kur'an-ı Kerim","İbadet ve Kulluk","birey","bilgilendirme; teşvik","genel","katılım"
"2021-01-15","15.01.2021","MİRAS: HER HAK SAHİBİNE HAKKINI VERMEK","Toplumsal Dayanışma, Merhamet ve Kardeşlik","Aile, Çocuk ve Nesil","aile","bilgilendirme; uyarı","aileler","ahlaki"
"2021-01-22","22.01.2021","AKLIN İBADETİ: TEFEKKÜR","İbadet ve Kulluk","İman, Tevhid ve Ahiret","birey","teşvik; bilgilendirme","genel","ahlaki"
"2021-01-29","29.01.2021","HAYVANLARA MERHAMET: DİNÎ VE İNSANÎ SORUMLULUĞUMUZ","Ahlak, Erdem ve Söz","Toplumsal Dayanışma, Merhamet ve Kardeşlik","birey","teşvik; bilgilendirme","genel","ahlaki"
"2021-02-05","05.02.2021","GENÇLERİMİZ: EN BÜYÜK İMKÂN VE ZENGİNLİĞİMİZ","Aile, Çocuk ve Nesil","Peygamberimiz ve Ashab","aile","teşvik; bilgilendirme","gençler","ahlaki"
"2021-02-12","12.02.2021","MANEVÎ HUZUR İKLİMİNE GİRERKEN","Kandiller, Muharrem ve Mübarek Geceler","Ramazan, Oruç ve Bayramlar","birey","teşvik; bilgilendirme","genel","ritüel"
"2021-02-19","19.02.2021","İMANIN TADINA ERMEK: ALLAH VE RESÛLÜ'NÜ SEVMEK","İman, Tevhid ve Ahiret","Peygamberimiz ve Ashab","birey","teşvik; teselli","genel","ahlaki"
"2021-02-26","26.02.2021","ZOR ZAMANLARDA MANEVİYATIMIZDAN DESTEK ALMAK","Sabır, Tevekkül ve Manevi Olgunluk","İbadet ve Kulluk","birey","teşvik; bilgilendirme","genel","ahlaki"
"2021-03-05","05.03.2021","İSRÂ VE MİRAÇ","Kandiller, Muharrem ve Mübarek Geceler","İslam Coğrafyası ve Küresel Meseleler","birey","teşvik; teselli","genel","ritüel"
"2021-03-12","12.03.2021","İSTİKLÂL MARŞI: HAKKIDIR HAKKA TAPAN MİLLETİMİN İSTİKLÂL!","Vatan, Millet ve Tarih","","cemaat-toplum","teşvik; bilgilendirme","millet","ritüel"
"2021-03-19","19.03.2021","ANNE-BABA RIZASI, RABBİMİZİN RIZASINA VESİLEDİR","Aile, Çocuk ve Nesil","Peygamberimiz ve Ashab","aile","teşvik; bilgilendirme","aileler","ahlaki"
"2021-03-26","26.03.2021","BERAT GECESİ: AF VE MAĞFİRET GECESİ","Kandiller, Muharrem ve Mübarek Geceler","Afet, Kriz ve Sağlık","birey","teşvik; teselli","genel","ritüel"
"2021-04-02","02.04.2021","BİRBİRİMİZİN FARKINDA OLALIM","Toplumsal Dayanışma, Merhamet ve Kardeşlik","","cemaat-toplum","teşvik; bilgilendirme","aileler","ahlaki"
"2021-04-09","09.04.2021","RAMAZAN: KUTLU MİSAFİR","Ramazan, Oruç ve Bayramlar","Afet, Kriz ve Sağlık","birey","teşvik; bilgilendirme","genel","ritüel"
"2021-04-16","16.04.2021","ŞİFA AYI RAMAZAN","Ramazan, Oruç ve Bayramlar","İbadet ve Kulluk","birey","teşvik; bilgilendirme","genel","ahlaki"
"2021-04-23","23.04.2021","YETİM: CENÂB-I HAKK'IN İNSANLIĞA EMANETİ","Toplumsal Dayanışma, Merhamet ve Kardeşlik","Aile, Çocuk ve Nesil","cemaat-toplum","teşvik; bilgilendirme","genel","ahlaki"
"2021-04-30","30.04.2021","İNFAK TOPLUMUN ŞİFASIDIR","Ekonomik Hayat: Kazanç, Zekat ve İsraf","Toplumsal Dayanışma, Merhamet ve Kardeşlik","cemaat-toplum","teşvik; bilgilendirme","genel","maddi"
"2021-05-07","07.05.2021","KADİR GECESİ: BİN AYDAN HAYIRLI GECE","Kandiller, Muharrem ve Mübarek Geceler","Ramazan, Oruç ve Bayramlar","birey","teşvik; bilgilendirme","genel","ritüel"
"2021-05-13","13.05.2021","KUDÜS'ÜN ÖZGÜR OLDUĞU BAYRAMLARA","Ramazan, Oruç ve Bayramlar","İslam Coğrafyası ve Küresel Meseleler","cemaat-toplum","teselli; kınama","ümmet","ritüel"
"2021-05-14","14.05.2021","VAKIF: ŞEFKAT VE MERHAMET MEDENİYETİ","Ekonomik Hayat: Kazanç, Zekat ve İsraf","İslam Coğrafyası ve Küresel Meseleler","cemaat-toplum","teşvik; bilgilendirme","genel","maddi"
"2021-05-21","21.05.2021","ZULÜM CEZASIZ KALMAZ","İslam Coğrafyası ve Küresel Meseleler","","cemaat-toplum","kınama; teşvik","ümmet","ahlaki; maddi"
"2021-05-28","28.05.2021","YÜCE ALLAH, MÜMİNLERİN YARDIMCISIDIR","Vatan, Millet ve Tarih","Peygamberimiz ve Ashab","cemaat-toplum","teşvik; bilgilendirme","millet","ritüel"
"2021-06-04","04.06.2021","İSLAM ZARARLI ALIŞKANLIKLARI YASAKLAR","Afet, Kriz ve Sağlık","Sabır, Tevekkül ve Manevi Olgunluk","birey","uyarı; teşvik","aileler","ahlaki"
"2021-06-11","11.06.2021","AİLEMDE MERHAMET VE HUZUR VAR","Aile, Çocuk ve Nesil","Toplumsal Dayanışma, Merhamet ve Kardeşlik","aile","teşvik; bilgilendirme","aileler","ahlaki"
"2021-06-18","18.06.2021","MÜSLÜMAN ŞAHSİYETİ","Ahlak, Erdem ve Söz","","birey","teşvik; bilgilendirme","genel","ahlaki"
"2021-06-25","25.06.2021","KUR'AN'IN MANEVÎ İKLİMİYLE BULUŞALIM","Kur'an-ı Kerim","Aile, Çocuk ve Nesil","aile","teşvik; bilgilendirme","aileler","katılım"
"2021-07-02","02.07.2021","DÜĞÜNLERİMİZDE NEBEVÎ ÖLÇÜYE RİAYET EDELİM","Aile, Çocuk ve Nesil","","aile","uyarı; teşvik","aileler","ahlaki"
"2021-07-09","09.07.2021","İHANETE KARŞI SADAKATE, CESARETE VE ŞEHADETE ŞAHİDİZ","Vatan, Millet ve Tarih","","cemaat-toplum","kınama; teşvik","millet","ahlaki"
"2021-07-16","16.07.2021","KURBAN: TEVHİDİN SEMBOLÜ, İSLAM'IN ŞİARI","Ramazan, Oruç ve Bayramlar","İbadet ve Kulluk","birey","teşvik; bilgilendirme","genel","ritüel; maddi"
"2021-07-20","20.07.2021","KURBAN BAYRAMI","Ramazan, Oruç ve Bayramlar","","cemaat-toplum","teşvik; teselli","ümmet","ritüel"
"2021-07-23","23.07.2021","MÜSLÜMAN'IN MÜSLÜMAN ÜZERİNDEKİ HAKLARI","Toplumsal Dayanışma, Merhamet ve Kardeşlik","","cemaat-toplum","teşvik; bilgilendirme","genel","ahlaki"
"2021-07-30","30.07.2021","AFETLERE KARŞI SORUMLULUĞUMUZUN İDRAKİNDE OLALIM","Afet, Kriz ve Sağlık","Toplumsal Dayanışma, Merhamet ve Kardeşlik","cemaat-toplum","uyarı; teselli","genel","ahlaki"
"2021-08-06","06.08.2021","ZORLUKLAR BİRLİKTE AŞILIR","Afet, Kriz ve Sağlık","Toplumsal Dayanışma, Merhamet ve Kardeşlik","cemaat-toplum","teselli; teşvik","genel","ahlaki"
"2021-08-13","13.08.2021","KERBELÂ'YI İBRET NAZARIYLA OKUYALIM","Kandiller, Muharrem ve Mübarek Geceler","","cemaat-toplum","teselli; teşvik","ümmet","ritüel"
"2021-08-20","20.08.2021","MÜSLÜMAN İŞİNİ SAĞLAM VE GÜZEL YAPAR","Ekonomik Hayat: Kazanç, Zekat ve İsraf","Ahlak, Erdem ve Söz","birey","teşvik; bilgilendirme","esnaf-işveren","ahlaki"
"2021-08-27","27.08.2021","ALLAH'IN YARDIM ETTİĞİNE MAĞLUBİYET YOKTUR","Vatan, Millet ve Tarih","","cemaat-toplum","teşvik; bilgilendirme","millet","ritüel"
"2021-09-03","03.09.2021","ALLAH İLİM YOLCUSUNA CENNETİ KOLAYLAŞTIRIR","Eğitim, Teknoloji, Çevre ve Toplumsal Değişim","","aile","teşvik; bilgilendirme","aileler","ahlaki"
"2021-09-10","10.09.2021","CUMA NAMAZI: HAFTALIK BULUŞMAMIZ","İbadet ve Kulluk","","birey","teşvik; bilgilendirme","genel","ritüel"
"2021-09-17","17.09.2021","TİCARET HAYATINDA HELAL HARAM BİLİNCİ","Ekonomik Hayat: Kazanç, Zekat ve İsraf","","birey","bilgilendirme; teşvik","esnaf-işveren","ahlaki"
"2021-09-24","24.09.2021","TAKVA: RABBİMİZİN RIZASINI DİRİ TUTMA BİLİNCİ","İman, Tevhid ve Ahiret","Sabır, Tevekkül ve Manevi Olgunluk","birey","teşvik; bilgilendirme","genel","ahlaki"
"2021-10-01","01.10.2021","MÜMİN CAMİYE VEFALIDIR","İbadet ve Kulluk","","cemaat-toplum","teşvik; bilgilendirme","genel","ritüel"
"2021-10-08","08.10.2021","SONSUZ HAYAT AHİRET","İman, Tevhid ve Ahiret","","birey","teşvik; bilgilendirme","genel","ahlaki"
"2021-10-15","15.10.2021","MÜBAREK GECE MEVLİD-İ NEBİ","Kandiller, Muharrem ve Mübarek Geceler","Peygamberimiz ve Ashab","birey","teşvik; bilgilendirme","genel","ahlaki"
"2021-10-22","22.10.2021","ONUN BİZE MİRASI, EŞSİZ VEFASI","Peygamberimiz ve Ashab","Aile, Çocuk ve Nesil","birey","teşvik; bilgilendirme","genel","ahlaki"
"2021-10-29","29.10.2021","YAŞLILARIMIZA VEFA, RAHMET VE MAĞFİRET VESİLEMİZDİR","Aile, Çocuk ve Nesil","Vatan, Millet ve Tarih","aile","teşvik; bilgilendirme","aileler","ahlaki"
"2021-11-05","05.11.2021","İNSAN İMANLA YÜCELİR","İman, Tevhid ve Ahiret","Sabır, Tevekkül ve Manevi Olgunluk","birey","teşvik; bilgilendirme","genel","ahlaki"
"2021-11-12","12.11.2021","İBADET: ALLAH İLE KUL ARASINDAKİ KUTLU BAĞ","İbadet ve Kulluk","İman, Tevhid ve Ahiret","birey","teşvik; bilgilendirme","genel","ahlaki"
"2021-11-19","19.11.2021","ŞİDDET İNSAN ONURUYLA ASLA BAĞDAŞMAZ","Toplumsal Dayanışma, Merhamet ve Kardeşlik","Aile, Çocuk ve Nesil","cemaat-toplum","kınama; uyarı","genel","ahlaki"
"2021-11-26","26.11.2021","MÜMİN FAYDASIZ SÖZLERDEN VE LÜZUMSUZ İŞLERDEN UZAK DURUR","Ahlak, Erdem ve Söz","İman, Tevhid ve Ahiret","birey","teşvik; bilgilendirme","genel","ahlaki"
"2021-12-03","03.12.2021","ENGELLERİ HEP BİRLİKTE VE SEVGİYLE AŞALIM","Toplumsal Dayanışma, Merhamet ve Kardeşlik","","cemaat-toplum","teşvik; bilgilendirme","genel","ahlaki"
"2021-12-10","10.12.2021","MÜMİN CANA YAKINDIR","Sabır, Tevekkül ve Manevi Olgunluk","Toplumsal Dayanışma, Merhamet ve Kardeşlik","cemaat-toplum","teşvik; bilgilendirme","genel","ahlaki"
"2021-12-17","17.12.2021","MÜSLÜMAN, DİNÎ VE AHLAKİ DEĞERLERİYLE YAŞAR","Ahlak, Erdem ve Söz","Ekonomik Hayat: Kazanç, Zekat ve İsraf; Vatan, Millet ve Tarih","cemaat-toplum","uyarı; teşvik","genel","ahlaki"
"2021-12-24","24.12.2021","AHİRET DAHA HAYIRLI VE SÜREKLİDİR","İman, Tevhid ve Ahiret","","birey","uyarı; teşvik","genel","ahlaki"
"2021-12-31","31.12.2021","GEÇMİŞİMİZİ MUHASEBE EDELİM, GELECEĞİMİZE YÖN VERELİM","Sabır, Tevekkül ve Manevi Olgunluk","İman, Tevhid ve Ahiret","birey","uyarı; teşvik","genel","ahlaki"
"2022-01-07","07.01.2022","TÖVBE: GÜNAHLARDAN ARINMA İRADESİ","İman, Tevhid ve Ahiret","","birey","teşvik; teselli","genel","ahlaki"
"2022-01-14","14.01.2022","KELİME-İ ŞEHÂDET: İMANIN ÖZÜ","İman, Tevhid ve Ahiret","Peygamberimiz ve Ashab","birey","bilgilendirme; teşvik","genel","ahlaki"
"2022-01-21","21.01.2022","İSLAM: ALLAH KATINDA YEGÂNE DİN","İman, Tevhid ve Ahiret","Kur'an-ı Kerim","birey","bilgilendirme; teşvik","genel","ahlaki"
"2022-01-28","28.01.2022","ÜÇ AYLAR: RAHMET VE MAĞFİRET VESİLEMİZ","Kandiller, Muharrem ve Mübarek Geceler","Ramazan, Oruç ve Bayramlar","birey","teşvik; bilgilendirme","genel","ritüel"
"2022-02-04","04.02.2022","SÖZ VE DAVRANIŞLARIMIZDA DOĞRU OLALIM","Ahlak, Erdem ve Söz","","birey","teşvik; uyarı","genel","ahlaki"
"2022-02-11","11.02.2022","İSLAM'I TEMSİL SORUMLULUĞUMUZ","Ahlak, Erdem ve Söz","","birey","teşvik; bilgilendirme","genel","ahlaki"
"2022-02-18","18.02.2022","PEYGAMBERİMİZİN AHLAKI KUR'AN'DI","Peygamberimiz ve Ashab","Ahlak, Erdem ve Söz","birey","teşvik; bilgilendirme","genel","ahlaki"
"2022-02-25","25.02.2022","MÜMİNİN MİRACI NAMAZ","Kandiller, Muharrem ve Mübarek Geceler","İbadet ve Kulluk","birey","teşvik; bilgilendirme","genel","ritüel"
"2022-03-04","04.03.2022","BAĞIMLILIK: İNSAN ONURUYLA BAĞDAŞMAYAN HASTALIK","Afet, Kriz ve Sağlık","","birey","uyarı; teşvik","aileler","ahlaki"
"2022-03-11","11.03.2022","DÜNYA HAYATI BİR İYİLİK YOLCULUĞUDUR","Ahlak, Erdem ve Söz","Kandiller, Muharrem ve Mübarek Geceler","birey","teşvik; bilgilendirme","genel","ahlaki"
"2022-03-18","18.03.2022","ÇANAKKALE ZAFERİ: BİR MİLLETİN YENİDEN DİRİLİŞİ","Vatan, Millet ve Tarih","","cemaat-toplum","teşvik; bilgilendirme","millet","ritüel"
"2022-03-25","25.03.2022","AİLEMİZ: SEVGİ, RAHMET VE GÜVEN İKLİMİMİZ","Aile, Çocuk ve Nesil","","aile","teşvik; bilgilendirme","aileler","ahlaki"
"2022-04-01","01.04.2022","MERHABA YA ŞEHR-İ RAMAZAN","Ramazan, Oruç ve Bayramlar","İbadet ve Kulluk","cemaat-toplum","teşvik; bilgilendirme","genel","ritüel"
"2022-04-08","08.04.2022","RAMAZAN VE DOĞRULUK","Ahlak, Erdem ve Söz","Ramazan, Oruç ve Bayramlar","birey","teşvik; bilgilendirme","genel","ahlaki"
"2022-04-15","15.04.2022","ZEKÂT VE İNFAK: İSLAM'IN KARDEŞLİK KÖPRÜSÜ","Ekonomik Hayat: Kazanç, Zekat ve İsraf","","cemaat-toplum","teşvik; bilgilendirme","genel","maddi"
"2022-04-22","22.04.2022","LEYLETÜ'L-KADR: İLAHİ LÜTUF VE İKRAM GECESİ","Kandiller, Muharrem ve Mübarek Geceler","Ramazan, Oruç ve Bayramlar","birey","teşvik; bilgilendirme","genel","ritüel"
"2022-04-29","29.04.2022","HAYATI HELAL KILABİLMEK","Ekonomik Hayat: Kazanç, Zekat ve İsraf","Toplumsal Dayanışma, Merhamet ve Kardeşlik","birey","teşvik; bilgilendirme","genel","ahlaki"
"2022-05-02","02.05.2022","BAYRAMIMIZ KUTLU, GÖNLÜMÜZ İMAN VE NEŞE DOLU OLSUN","Ramazan, Oruç ve Bayramlar","Toplumsal Dayanışma, Merhamet ve Kardeşlik","cemaat-toplum","teşvik; teselli","ümmet","ritüel"
"2022-05-06","06.05.2022","ŞÜKÜR SANA EY ŞEKÛR","İman, Tevhid ve Ahiret","Sabır, Tevekkül ve Manevi Olgunluk","birey","teşvik; bilgilendirme","genel","ahlaki"
"2022-05-13","13.05.2022","İŞ VE ÇALIŞMA AHLAKI","Ekonomik Hayat: Kazanç, Zekat ve İsraf","","birey","bilgilendirme; teşvik","esnaf-işveren","ahlaki"
"2022-05-20","20.05.2022","DİJİTAL DÜNYADA DEĞERLERİYLE AİLE OLMAK","Aile, Çocuk ve Nesil","Eğitim, Teknoloji, Çevre ve Toplumsal Değişim","aile","uyarı; teşvik","aileler","ahlaki"
"2022-05-27","27.05.2022","ALLAH'IN KİTABINA VE PEYGAMBERİNİN SÜNNETİNE BAĞLILIK","Kur'an-ı Kerim","Peygamberimiz ve Ashab","birey","bilgilendirme; teşvik","genel","ahlaki"
"2022-06-03","03.06.2022","ÇEVREYE VEFA MÜMİNİN ŞİARIDIR","Eğitim, Teknoloji, Çevre ve Toplumsal Değişim","","cemaat-toplum","uyarı; teşvik","genel","ahlaki"
"2022-06-10","10.06.2022","BİR YUVA KURALIM","Aile, Çocuk ve Nesil","","aile","teşvik; uyarı","gençler","ahlaki"
"2022-06-17","17.06.2022","HAYDİ KOŞ GEL, CAMİLER SENİNLE GÜZEL","Aile, Çocuk ve Nesil","Kur'an-ı Kerim","aile","teşvik; bilgilendirme","aileler","katılım"
"2022-06-24","24.06.2022","KURBAN: TAKVAYA ULAŞMA ARZUSU","Ramazan, Oruç ve Bayramlar","","birey","teşvik; bilgilendirme","genel","ritüel; maddi"
"2022-07-01","01.07.2022","AHİRET GÜNÜ VE HESAP VERME BİLİNCİ","İman, Tevhid ve Ahiret","","birey","uyarı; teşvik","genel","ahlaki"
"2022-07-08","08.07.2022","HAC: İLÂHİ DAVET","İbadet ve Kulluk","Ramazan, Oruç ve Bayramlar","birey","teşvik; bilgilendirme","genel","ritüel"
"2022-07-09","09.07.2022","KURBAN BAYRAMI: ALLAH'A YAKLAŞMA SEVİNCİMİZ","Ramazan, Oruç ve Bayramlar","Peygamberimiz ve Ashab","cemaat-toplum","teşvik; teselli","ümmet","ritüel; maddi"
"2022-07-15","15.07.2022","15 TEMMUZ: BİRLİK VE BERABERLİĞİN ZAFERİ","Vatan, Millet ve Tarih","Toplumsal Dayanışma, Merhamet ve Kardeşlik","cemaat-toplum","kınama; teşvik","millet","ahlaki"
"2022-07-22","22.07.2022","HER CAN MUKADDESTİR","Toplumsal Dayanışma, Merhamet ve Kardeşlik","","cemaat-toplum","kınama; uyarı","genel","ahlaki"
"2022-07-29","29.07.2022","HİCRETİMİZ RABBİMİZE OLSUN","Peygamberimiz ve Ashab","Kandiller, Muharrem ve Mübarek Geceler","birey","teşvik; bilgilendirme","genel","ahlaki"
"2022-08-05","05.08.2022","MUHARREM AYI VE KERBELÂ","Kandiller, Muharrem ve Mübarek Geceler","","cemaat-toplum","teselli; teşvik","ümmet","ritüel"
"2022-08-12","12.08.2022","İMAN, SALİH AMEL VE GÜZEL AHLAKLA KEMALE ERER","Sabır, Tevekkül ve Manevi Olgunluk","Ahlak, Erdem ve Söz","birey","teşvik; bilgilendirme","genel","ahlaki"
"2022-08-19","19.08.2022","ARŞIN GÖLGESİNDE KORUNMAKLA MÜJDELENEN GENÇ","Aile, Çocuk ve Nesil","Peygamberimiz ve Ashab","aile","teşvik; bilgilendirme","gençler","ahlaki"
"2022-08-26","26.08.2022","ZAFERLERİMİZİN ARDINDAKİ RUH VE MANA","Vatan, Millet ve Tarih","","cemaat-toplum","teşvik; bilgilendirme","millet","ritüel"
"2022-09-02","02.09.2022","ANNE BABA: CENNETİ KAZANMA VESİLESİ","Aile, Çocuk ve Nesil","Peygamberimiz ve Ashab","aile","teşvik; bilgilendirme","aileler","ahlaki"
"2022-09-09","09.09.2022","İLİM BİR NURDUR","Eğitim, Teknoloji, Çevre ve Toplumsal Değişim","İman, Tevhid ve Ahiret","aile","teşvik; bilgilendirme","aileler","ahlaki"
"2022-09-16","16.09.2022","TAKVA, HAYÂ VE TESETTÜR","Ahlak, Erdem ve Söz","İslam Coğrafyası ve Küresel Meseleler","birey","bilgilendirme; teşvik","genel","ahlaki"
"2022-09-23","23.09.2022","HELAL KAZANÇ VE ALIN TERİ","Ekonomik Hayat: Kazanç, Zekat ve İsraf","Ahlak, Erdem ve Söz","birey","teşvik; bilgilendirme","esnaf-işveren","ahlaki"
"2022-09-30","30.09.2022","ONUN (S.A.S) ÇAĞRISI","İbadet ve Kulluk","İman, Tevhid ve Ahiret","birey","teşvik; bilgilendirme","genel","ahlaki"
"2022-10-07","07.10.2022","ÂLEMLERE RAHMET HZ. MUHAMMED (S.A.S)","Peygamberimiz ve Ashab","","birey","teşvik; bilgilendirme","genel","ahlaki"
"2022-10-14","14.10.2022","KUL VE KAMU HAKKI","Toplumsal Dayanışma, Merhamet ve Kardeşlik","","cemaat-toplum","bilgilendirme; uyarı","genel","ahlaki"
"2022-10-21","21.10.2022","KOMŞULUK HUKUKU","Toplumsal Dayanışma, Merhamet ve Kardeşlik","","cemaat-toplum","teşvik; teselli","genel","ahlaki"
"2022-10-28","28.10.2022","AİLE OLMAK: İLAHİ LÜTUF","Aile, Çocuk ve Nesil","Toplumsal Dayanışma, Merhamet ve Kardeşlik","aile","teşvik; bilgilendirme","aileler","ahlaki"
"2022-11-04","04.11.2022","HAYAT REHBERİMİZ KUR'AN","Kur'an-ı Kerim","Peygamberimiz ve Ashab","birey","teşvik; bilgilendirme","genel","ahlaki"
"2022-11-11","11.11.2022","ÖNCE TEDBİR SONRA TEVEKKÜL","Afet, Kriz ve Sağlık","Sabır, Tevekkül ve Manevi Olgunluk","cemaat-toplum","uyarı; teşvik","genel","ahlaki; katılım"
"2022-11-18","18.11.2022","İMAN VE İSTİKAMET","İman, Tevhid ve Ahiret","Sabır, Tevekkül ve Manevi Olgunluk","birey","teşvik; kınama","genel","ahlaki"
"2022-11-25","25.11.2022","MERHAMET TOPLUMU","Toplumsal Dayanışma, Merhamet ve Kardeşlik","","birey","teşvik; bilgilendirme","genel","ahlaki"
"2022-12-02","02.12.2022","ENGEL OLMA, FARKINDA OL","Toplumsal Dayanışma, Merhamet ve Kardeşlik","","cemaat-toplum","teşvik; bilgilendirme","genel","ahlaki"
"2022-12-09","09.12.2022","HAYDİ NAMAZA! HAYDİ KURTULUŞA!","İbadet ve Kulluk","","birey","teşvik; bilgilendirme","aileler","ritüel"
"2022-12-16","16.12.2022","ÇOCUK: RABBİMİZİN KIYMETLİ EMANETİ","Aile, Çocuk ve Nesil","","aile","kınama; uyarı","aileler","ahlaki"
"2022-12-23","23.12.2022","BİZİ BİZ YAPAN DEĞERLERE SAHİP ÇIKALIM","Ahlak, Erdem ve Söz","Eğitim, Teknoloji, Çevre ve Toplumsal Değişim; Ekonomik Hayat: Kazanç, Zekat ve İsraf","cemaat-toplum","uyarı; teşvik","genel","ahlaki"
"2022-12-30","30.12.2022","HAYATIN TEKRARI YOK","Sabır, Tevekkül ve Manevi Olgunluk","İman, Tevhid ve Ahiret","birey","uyarı; teşvik","genel","ahlaki"
"2023-01-06","06.01.2023","BESMELE: BEREKETE AÇILAN KAPI","İbadet ve Kulluk","","birey","teşvik; bilgilendirme","genel","ritüel"
"2023-01-13","13.01.2023","EN GÜZEL İSİMLER ALLAH'A AİTTİR","İman, Tevhid ve Ahiret","","birey","bilgilendirme; teşvik","genel","ritüel"
"2023-01-20","20.01.2023","ALLAH'IM! ÜÇ AYLARI BİZE BEREKETLİ KIL","Kandiller, Muharrem ve Mübarek Geceler","Ramazan, Oruç ve Bayramlar","birey","teşvik; bilgilendirme","genel","ritüel"
"2023-01-27","27.01.2023","EN BÜYÜK MUCİZE KUR'AN-I KERİM","Kur'an-ı Kerim","","birey","bilgilendirme; teşvik","genel","ahlaki"
"2023-02-03","03.02.2023","İMANIN GEREĞİ: SALİH AMEL VE GÜZEL AHLAK","Ahlak, Erdem ve Söz","İman, Tevhid ve Ahiret","birey","teşvik; bilgilendirme","genel","ahlaki"
"2023-02-10","10.02.2023","GÜN, MİLLETÇE KENETLENME GÜNÜDÜR","Afet, Kriz ve Sağlık","Toplumsal Dayanışma, Merhamet ve Kardeşlik","cemaat-toplum","teselli; teşvik","millet","maddi"
"2023-02-17","17.02.2023","MİRAÇ GECEMİZ: İLÂHÎ RAHMET VE SEKÎNET VESİLEMİZ","Afet, Kriz ve Sağlık","Kandiller, Muharrem ve Mübarek Geceler","cemaat-toplum","teselli; teşvik","millet","maddi; ritüel"
"2023-02-24","24.02.2023","KARDEŞLİK, DAYANIŞMA VE DUA VAKTİ","Afet, Kriz ve Sağlık","Toplumsal Dayanışma, Merhamet ve Kardeşlik","cemaat-toplum","teselli; teşvik","millet","ritüel; ahlaki"
"2023-03-03","03.03.2023","MÜSLÜMANLAR BİRBİRİNİN UMUDUDUR","Afet, Kriz ve Sağlık","Toplumsal Dayanışma, Merhamet ve Kardeşlik","cemaat-toplum","teselli; teşvik","millet","ahlaki"
"2023-03-10","10.03.2023","MÜMİN GÜVENEN VE GÜVENİLEN KİŞİDİR","Ahlak, Erdem ve Söz","","birey","teşvik; bilgilendirme","genel","ahlaki"
"2023-03-17","17.03.2023","RAMAZAN: RAHMET VE MAĞFİRET AYI","Ramazan, Oruç ve Bayramlar","","birey","teşvik; bilgilendirme","genel","ritüel"
"2023-03-24","24.03.2023","RAMAZAN VE DAYANIŞMA","Ramazan, Oruç ve Bayramlar","Toplumsal Dayanışma, Merhamet ve Kardeşlik; Afet, Kriz ve Sağlık","cemaat-toplum","teşvik; teselli","millet","maddi; katılım"
"2023-03-31","31.03.2023","ZEKÂT: İSLAM'IN DAYANIŞMA KÖPRÜSÜ","Ekonomik Hayat: Kazanç, Zekat ve İsraf","Ramazan, Oruç ve Bayramlar","birey","teşvik; bilgilendirme","genel","maddi"
"2023-04-07","07.04.2023","İHSAN BİLİNCİ: KULLUĞUN ZİRVESİ","İbadet ve Kulluk","Ahlak, Erdem ve Söz","birey","teşvik; bilgilendirme","genel","ahlaki"
"2023-04-14","14.04.2023","KADİR GECESİ: BİR ÖMRE BEDEL GECE","Ramazan, Oruç ve Bayramlar","Kandiller, Muharrem ve Mübarek Geceler","birey","teşvik; bilgilendirme","genel","ritüel; maddi"
"2023-04-21","21.04.2023","RAMAZAN BAYRAMI: NEŞE, HUZUR VE KARDEŞLİK GÜNLERİ","Ramazan, Oruç ve Bayramlar","Toplumsal Dayanışma, Merhamet ve Kardeşlik","cemaat-toplum","teşvik; bilgilendirme","genel","ahlaki; ritüel"
"2023-04-28","28.04.2023","İŞ AHLAKI: TOPLUMSAL HUZURUN KAYNAĞI","Ekonomik Hayat: Kazanç, Zekat ve İsraf","","birey","teşvik; bilgilendirme","esnaf-işveren","ahlaki"
"2023-05-05","05.05.2023","İSRAF: TÜKETİRKEN TÜKENMEK","Ekonomik Hayat: Kazanç, Zekat ve İsraf","Eğitim, Teknoloji, Çevre ve Toplumsal Değişim","birey","uyarı; teşvik","genel","ahlaki"
"2023-05-12","12.05.2023","KADIN VE ERKEK: HÜRMETE LAYIK, SAYGIN VARLIK","Aile, Çocuk ve Nesil","","aile","bilgilendirme; teşvik","aileler","ahlaki"
"2023-05-19","19.05.2023","GENÇLERİMİZ, MİLLİ VE MANEVİ DEĞERLERİMİZİN EMANETÇİSİDİR","Aile, Çocuk ve Nesil","","aile","teşvik; bilgilendirme","gençler","ahlaki"
"2023-05-26","26.05.2023","BİRLİK VE BERABERLİK RUHU","Toplumsal Dayanışma, Merhamet ve Kardeşlik","Vatan, Millet ve Tarih","cemaat-toplum","teşvik; bilgilendirme","millet","ahlaki"
"2023-06-02","02.06.2023","KALPLER ALLAH'I ZİKRETMEKLE HUZURA KAVUŞUR","İbadet ve Kulluk","İman, Tevhid ve Ahiret","birey","teşvik; bilgilendirme","genel","ritüel"
"2023-06-09","09.06.2023","RABBİMİZ ÇEVRE İLE BİZLERE NE ÖĞRETİR?","Eğitim, Teknoloji, Çevre ve Toplumsal Değişim","","birey","bilgilendirme; teşvik","genel","ahlaki"
"2023-06-16","16.06.2023","İSLAM'IN İKİ ŞİÂRI: EZAN VE KURBAN","Ramazan, Oruç ve Bayramlar","İbadet ve Kulluk","birey","bilgilendirme; teşvik","genel","maddi; ritüel"
"2023-06-23","23.06.2023","BABA: CENNETE AÇILAN KAPI","Aile, Çocuk ve Nesil","","aile","teşvik; bilgilendirme","aileler","ahlaki"
"2023-06-28","28.06.2023","KURBAN BAYRAMI: KARDEŞLİK VE YARDIMLAŞMA GÜNLERİ","Ramazan, Oruç ve Bayramlar","Toplumsal Dayanışma, Merhamet ve Kardeşlik","cemaat-toplum","teşvik; bilgilendirme","genel","ritüel; ahlaki"
"2023-06-30","30.06.2023","ÇOCUKLARIMIZIN ÜZERİMİZDE HAKKI","Aile, Çocuk ve Nesil","","aile","teşvik; bilgilendirme","aileler","katılım; ahlaki"
"2023-07-07","07.07.2023","EVLİLİKLERİMİZ KOLAY OLSUN","Aile, Çocuk ve Nesil","Ekonomik Hayat: Kazanç, Zekat ve İsraf","aile","teşvik; uyarı","aileler","ahlaki"
"2023-07-14","14.07.2023","DİN SAMİMİYETTİR, İSTİSMAR İHANETTİR","Ahlak, Erdem ve Söz","Vatan, Millet ve Tarih","birey","uyarı; teşvik","genel","ahlaki"
"2023-07-21","21.07.2023","HİCRET: İDEALLER UĞRUNA ÇIKILAN KUTLU BİR SEFER","Peygamberimiz ve Ashab","Kandiller, Muharrem ve Mübarek Geceler","birey","bilgilendirme; teşvik","genel","ahlaki"
"2023-07-28","28.07.2023","MUHARREM AYININ ÖNEMİ VE EHL-İ BEYT-İ MUSTAFA","Kandiller, Muharrem ve Mübarek Geceler","","cemaat-toplum","bilgilendirme; teşvik","ümmet","ritüel; ahlaki"
"2023-08-04","04.08.2023","CUMA: HAFTALIK BAYRAM GÜNÜMÜZ","İbadet ve Kulluk","","birey","teşvik; bilgilendirme","genel","ritüel"
"2023-08-11","11.08.2023","SILA-İ RAHİM: RAHMET VE BEREKET VESİLEMİZ","Toplumsal Dayanışma, Merhamet ve Kardeşlik","Aile, Çocuk ve Nesil","cemaat-toplum","teşvik; uyarı","aileler","ahlaki"
"2023-08-18","18.08.2023","AHİRET: EBEDİ YURDUMUZ","İman, Tevhid ve Ahiret","","birey","bilgilendirme; uyarı","genel","ahlaki"
"2023-08-25","25.08.2023","ALLAH'IN YARDIMI AZİZ MİLLETİMİZLE BERABERDİR","Vatan, Millet ve Tarih","","cemaat-toplum","teşvik; bilgilendirme","millet","ahlaki"
"2023-09-01","01.09.2023","SAKIN İNCİTME BİR CÂNI!","Toplumsal Dayanışma, Merhamet ve Kardeşlik","","cemaat-toplum","teşvik; uyarı","genel","ahlaki"
"2023-09-08","08.09.2023","İLİM YOLU, CENNET YOLUDUR","Eğitim, Teknoloji, Çevre ve Toplumsal Değişim","","birey","teşvik; bilgilendirme","genel","katılım; ahlaki"
"2023-09-15","15.09.2023","AHÎLİK: DÜRÜSTLÜK VE MERHAMETİ TİCARETE HÂKİM KILMAK","Ekonomik Hayat: Kazanç, Zekat ve İsraf","","birey","teşvik; bilgilendirme","esnaf-işveren","ahlaki"
"2023-09-22","22.09.2023","MEVLİD-İ NEBİ","Peygamberimiz ve Ashab","Kandiller, Muharrem ve Mübarek Geceler","birey","teşvik; bilgilendirme","genel","ahlaki; katılım"
"2023-09-29","29.09.2023","PEYGAMBERİMİZ, İMAN VE İSTİKAMET","Ahlak, Erdem ve Söz","Peygamberimiz ve Ashab","birey","teşvik; bilgilendirme","genel","ahlaki"
"2023-10-06","06.10.2023","CAMİLER  VE DİN GÖREVLİLERİ: HAYRIN ANAHTARI, ŞERRİN KİLİDİ","İbadet ve Kulluk","","cemaat-toplum","bilgilendirme; teşvik","genel","katılım"
"2023-10-13","13.10.2023","ZULÜMLE ÂBÂD OLUNMAZ","İslam Coğrafyası ve Küresel Meseleler","","cemaat-toplum","kınama; teselli","ümmet","maddi; ritüel"
"2023-10-20","20.10.2023","RAHMET VE SEKİNET MÜJDESİ: İNŞİRÂH SURESİ","İslam Coğrafyası ve Küresel Meseleler","Kur'an-ı Kerim","cemaat-toplum","teselli; kınama","ümmet","ritüel; ahlaki"
"2023-10-27","27.10.2023","VATAN MİLLET SEVDASIYLA NİCE YÜZYILLARA","Vatan, Millet ve Tarih","İslam Coğrafyası ve Küresel Meseleler","cemaat-toplum","teşvik; kınama","millet","maddi; ahlaki"
"2023-11-03","03.11.2023","ZULME RIZA GÖSTERMEK ZULÜMDÜR","İslam Coğrafyası ve Küresel Meseleler","Toplumsal Dayanışma, Merhamet ve Kardeşlik","cemaat-toplum","kınama; teşvik","ümmet","ahlaki; ritüel"
"2023-11-10","10.11.2023","AZİM VE GAYRET SAHİBİ BİR MÜMİN OLABİLMEK","Ahlak, Erdem ve Söz","","birey","teşvik; bilgilendirme","genel","ahlaki"
"2023-11-17","17.11.2023","İMAN, İBADET VE AHLAK BÜTÜNLÜĞÜ","Ahlak, Erdem ve Söz","İman, Tevhid ve Ahiret; İbadet ve Kulluk","birey","bilgilendirme; teşvik","genel","ahlaki"
"2023-11-24","24.11.2023","İSLAM, ŞEFKAT VE MERHAMETİ EMREDER","Toplumsal Dayanışma, Merhamet ve Kardeşlik","İslam Coğrafyası ve Küresel Meseleler; Aile, Çocuk ve Nesil","cemaat-toplum","uyarı; teselli","genel","ahlaki"
"2023-12-01","01.12.2023","İNSAN, ÖZÜ İTİBARİYLE DEĞERLİDİR","Toplumsal Dayanışma, Merhamet ve Kardeşlik","İslam Coğrafyası ve Küresel Meseleler","cemaat-toplum","teşvik; bilgilendirme","genel","ahlaki"
"2023-12-08","08.12.2023","BİZ, TEK BİR ÜMMETİZ","Toplumsal Dayanışma, Merhamet ve Kardeşlik","İslam Coğrafyası ve Küresel Meseleler","cemaat-toplum","teşvik; kınama","ümmet","ahlaki"
"2023-12-15","15.12.2023","ADALET: HER HAK SAHİBİNE HAKKINI VERMEK","Toplumsal Dayanışma, Merhamet ve Kardeşlik","İslam Coğrafyası ve Küresel Meseleler; İman, Tevhid ve Ahiret","cemaat-toplum","bilgilendirme; kınama","genel","ahlaki"
"2023-12-22","22.12.2023","MÜMİNLERİN EBEDİ YURDU: CENNET","İman, Tevhid ve Ahiret","Ahlak, Erdem ve Söz","birey","teşvik; bilgilendirme","genel","ahlaki; ritüel"
"2023-12-29","29.12.2023","MUHASEBE BİLİNCİYLE BİR ÖMÜR GEÇİRMEK","Sabır, Tevekkül ve Manevi Olgunluk","İman, Tevhid ve Ahiret; Vatan, Millet ve Tarih","birey","uyarı; teşvik","genel","ahlaki"
"2024-01-05","05.01.2024","RAHMET VE MAĞFİRET İKLİMİ: ÜÇ AYLAR","Kandiller, Muharrem ve Mübarek Geceler","İman, Tevhid ve Ahiret","birey","teşvik; bilgilendirme","genel","ritüel; ahlaki"
"2024-01-12","12.01.2024","ALLAH'IN RAHMET VE İNAYETİNE SIĞINMANIN ADI: EÛZÜ-BESMELE","İbadet ve Kulluk","","birey","teşvik; bilgilendirme","genel","ritüel"
"2024-01-19","19.01.2024","BİZİ GÜÇLÜ KILAN, BİRLİK VE BERABERLİĞİMİZDİR","Vatan, Millet ve Tarih","Toplumsal Dayanışma, Merhamet ve Kardeşlik","cemaat-toplum","teşvik; teselli","millet","ahlaki; ritüel"
"2024-01-26","26.01.2024","MÜLK SÛRESİNDEN MESAJLAR","İslam Coğrafyası ve Küresel Meseleler","İman, Tevhid ve Ahiret","cemaat-toplum","bilgilendirme; kınama","ümmet","ahlaki; ritüel"
"2024-02-02","02.02.2024","RABBİMİZ, MÜMİNLERİ YALNIZ VE YARDIMSIZ BIRAKMAZ","İslam Coğrafyası ve Küresel Meseleler","Afet, Kriz ve Sağlık; Kandiller, Muharrem ve Mübarek Geceler","cemaat-toplum","teselli; kınama","ümmet","maddi; ritüel"
"2024-02-09","09.02.2024","HAYATI DEĞERLİ KILAN ÖLÇÜ: İMAN","İman, Tevhid ve Ahiret","","birey","teşvik; bilgilendirme","genel","ahlaki"
"2024-02-16","16.02.2024","DÜNYAYI BARIŞ VE İTİDALE ÇAĞIRIYORUZ","İslam Coğrafyası ve Küresel Meseleler","Toplumsal Dayanışma, Merhamet ve Kardeşlik","cemaat-toplum","kınama; teşvik","ümmet","ahlaki; ritüel"
"2024-02-23","23.02.2024","BERAT GECESİ: GÜNAHLARDAN ARINMA VESİLESİ","Kandiller, Muharrem ve Mübarek Geceler","İman, Tevhid ve Ahiret","birey","teşvik; bilgilendirme","genel","ritüel; ahlaki"
"2024-03-01","01.03.2024","ZARARLI ALIŞKANLIKLARIN ESİRİ OLMAYALIM","Afet, Kriz ve Sağlık","","cemaat-toplum","uyarı; teşvik","gençler","ahlaki"
"2024-03-08","08.03.2024","RAMAZAN GELİYOR! HAZIR MIYIZ?","Ramazan, Oruç ve Bayramlar","İslam Coğrafyası ve Küresel Meseleler; Ekonomik Hayat: Kazanç, Zekat ve İsraf","cemaat-toplum","teşvik; bilgilendirme","genel","ritüel; maddi"
"2024-03-15","15.03.2024","ORUÇ, BEDENİMİZE SIHHAT, GÖNLÜMÜZE SEKİNET VERİR","Ramazan, Oruç ve Bayramlar","Vatan, Millet ve Tarih; İslam Coğrafyası ve Küresel Meseleler","birey","bilgilendirme; teşvik","genel","ritüel; maddi"
"2024-03-22","22.03.2024","RAMAZAN VE AHİRET BİLİNCİ","İman, Tevhid ve Ahiret","","birey","bilgilendirme; uyarı","genel","ahlaki"
"2024-03-29","29.03.2024","KARDEŞLİĞİMİZ ZEKÂTLA BEREKETLENSİN","Ekonomik Hayat: Kazanç, Zekat ve İsraf","Ramazan, Oruç ve Bayramlar","birey","teşvik; bilgilendirme","genel","maddi"
"2024-04-05","05.04.2024","KADİR GECESİ: KUR'AN'LA AYDINLANAN GECE","Ramazan, Oruç ve Bayramlar","Kur'an-ı Kerim","birey","teşvik; bilgilendirme","genel","ritüel; ahlaki"
"2024-04-10","10.04.2024","RAMAZAN BAYRAMI: BİRLİK, BERABERLİK VE KARDEŞLİK GÜNLERİ","Ramazan, Oruç ve Bayramlar","Toplumsal Dayanışma, Merhamet ve Kardeşlik; İslam Coğrafyası ve Küresel Meseleler","cemaat-toplum","teşvik; teselli","genel","ritüel; ahlaki"
"2024-04-12","12.04.2024","GÖZÜMÜZÜN NURU: NAMAZ","İbadet ve Kulluk","","birey","teşvik; bilgilendirme","genel","ritüel"
"2024-04-19","19.04.2024","HAYATIN HER ALANINDA ÖFKEMİZE HÂKİM OLALIM","Ahlak, Erdem ve Söz","","birey","uyarı; teşvik","genel","ahlaki"
"2024-04-26","26.04.2024","HER İŞİN BİR AHLAKI VARDIR","Ekonomik Hayat: Kazanç, Zekat ve İsraf","","birey","teşvik; bilgilendirme","esnaf-işveren","ahlaki"
"2024-05-03","03.05.2024","DUA: RABBİMİZE SIĞINMANIN SÖZLÜ İFADESİ","İbadet ve Kulluk","Peygamberimiz ve Ashab","birey","teşvik; bilgilendirme","genel","ritüel"
"2024-05-10","10.05.2024","MEDENİYETİMİZ, VAKIF MEDENİYETİDİR","Ekonomik Hayat: Kazanç, Zekat ve İsraf","Toplumsal Dayanışma, Merhamet ve Kardeşlik","cemaat-toplum","teşvik; bilgilendirme","genel","maddi"
"2024-05-17","17.05.2024","AİLEMİZ: HUZUR VE GÜVEN KAYNAĞIMIZ","Aile, Çocuk ve Nesil","","aile","teşvik; uyarı","aileler","ahlaki"
"2024-05-24","24.05.2024","İSLAM MEFKÛRESİNİ DİRİ TUTALIM","Vatan, Millet ve Tarih","","cemaat-toplum","teşvik; bilgilendirme","millet","ahlaki"
"2024-05-31","31.05.2024","HARAM: ALLAH İLE KUL ARASINDAKİ EN BÜYÜK ENGEL","Ekonomik Hayat: Kazanç, Zekat ve İsraf","","birey","uyarı; bilgilendirme","genel","ahlaki"
"2024-06-07","07.06.2024","KURBAN: RABBİMİZE VE KARDEŞLERİMİZE YAKINLAŞMANIN VESİLESİ","Ramazan, Oruç ve Bayramlar","","birey","teşvik; bilgilendirme","genel","ritüel; maddi"
"2024-06-14","14.06.2024","İNSANI İHYA, TOPLUMU İNŞA EDEN İBADET: HAC","İbadet ve Kulluk","Ramazan, Oruç ve Bayramlar","birey","teşvik; bilgilendirme","genel","ritüel"
"2024-06-16","16.06.2024","KURBAN BAYRAMI","Ramazan, Oruç ve Bayramlar","İslam Coğrafyası ve Küresel Meseleler","cemaat-toplum","teşvik; teselli","genel","ritüel; ahlaki"
"2024-06-21","21.06.2024","YAZA KUR'AN'LA MERHABA","Eğitim, Teknoloji, Çevre ve Toplumsal Değişim","Kur'an-ı Kerim; Aile, Çocuk ve Nesil","aile","teşvik; bilgilendirme","aileler","katılım"
"2024-06-28","28.06.2024","İSLAM, İNANDIĞIMIZ GİBİ YAŞAMAYI BİZE EMREDER","Ahlak, Erdem ve Söz","Aile, Çocuk ve Nesil","birey","teşvik; bilgilendirme","genel","ahlaki"
"2024-07-05","05.07.2024","ZARÛRÂT-I HAMSEYİ MUHAFAZA EDELİM","Toplumsal Dayanışma, Merhamet ve Kardeşlik","Kandiller, Muharrem ve Mübarek Geceler","cemaat-toplum","bilgilendirme; teşvik","genel","ahlaki"
"2024-07-12","12.07.2024","15 TEMMUZ: MİLLETİMİZİN DESTANSI ZAFERİ","Vatan, Millet ve Tarih","Kandiller, Muharrem ve Mübarek Geceler","cemaat-toplum","teşvik; uyarı","millet","ahlaki; ritüel"
"2024-07-19","19.07.2024","MÜSLÜMAN TAKVA SAHİBİDİR","Ahlak, Erdem ve Söz","","birey","bilgilendirme; teşvik","genel","ahlaki"
"2024-07-26","26.07.2024","CENNET VESİLEMİZ, AİLE BÜYÜKLERİMİZ","Aile, Çocuk ve Nesil","Toplumsal Dayanışma, Merhamet ve Kardeşlik","aile","teşvik; uyarı","aileler","ahlaki"
"2024-08-02","02.08.2024","TEBBET SÛRESİNDEN MESAJLAR","İslam Coğrafyası ve Küresel Meseleler","Kur'an-ı Kerim","cemaat-toplum","kınama; teselli","ümmet","ahlaki; ritüel"
"2024-08-09","09.08.2024","VEHEN: BİRLİK VE BERABERLİĞİMİZİN ÖNÜNDEKİ BÜYÜK ENGEL","İman, Tevhid ve Ahiret","Ahlak, Erdem ve Söz","cemaat-toplum","uyarı; teşvik","ümmet","ahlaki"
"2024-08-16","16.08.2024","ÇEVREMİZ BİZE EMANETTİR","Eğitim, Teknoloji, Çevre ve Toplumsal Değişim","","birey","bilgilendirme; uyarı","genel","ahlaki"
"2024-08-23","23.08.2024","ÂDÂB-I MUÂŞERETTE DE REHBERİMİZ ALLAH RESÛLÜ (S.A.S)'DİR","Peygamberimiz ve Ashab","Ahlak, Erdem ve Söz","birey","bilgilendirme; teşvik","genel","ahlaki"
"2024-08-30","30.08.2024","BİZİ BİZ YAPAN, BİZİ MİLLET KILAN RUH","Vatan, Millet ve Tarih","","cemaat-toplum","teşvik; bilgilendirme","millet","ahlaki"
"2024-09-06","06.09.2024","İLİM VE EĞİTİM, AHLAKLA YÜCELİR","Eğitim, Teknoloji, Çevre ve Toplumsal Değişim","","cemaat-toplum","teşvik; bilgilendirme","genel","katılım; ahlaki"
"2024-09-13","13.09.2024","MEVLİD-İ NEBİ","Peygamberimiz ve Ashab","Kandiller, Muharrem ve Mübarek Geceler","cemaat-toplum","teşvik; kınama","ümmet","ahlaki; katılım"
"2024-09-20","20.09.2024","PEYGAMBERİMİZ (S.A.S) VE ŞAHSİYET İNŞASI","Ahlak, Erdem ve Söz","İman, Tevhid ve Ahiret","birey","bilgilendirme; teşvik","genel","ahlaki"
"2024-09-27","27.09.2024","ŞAHSİYETİMİZİ İMAR EDEN KUTLU MEKÂN: CAMİ","İbadet ve Kulluk","","cemaat-toplum","bilgilendirme; teşvik","genel","katılım; ritüel"
"2024-10-04","04.10.2024","ZULÜM ASLA PAYİDAR OLMAZ","İslam Coğrafyası ve Küresel Meseleler","Toplumsal Dayanışma, Merhamet ve Kardeşlik","cemaat-toplum","kınama; teşvik","ümmet","ahlaki"
"2024-10-11","11.10.2024","KÖTÜLÜĞE İYİLİKLE ENGEL OLALIM","Ahlak, Erdem ve Söz","","birey","teşvik; uyarı","genel","ahlaki"
"2024-10-18","18.10.2024","ALLAH'I, ÖLÜMÜ VE AHİRETİ UNUTMADAN BİR ÖMÜR SÜRELİM","İman, Tevhid ve Ahiret","","birey","uyarı; bilgilendirme","genel","ahlaki"
"2024-10-25","25.10.2024","VATAN MÜDAFAASI MUKADDESTİR","Vatan, Millet ve Tarih","","cemaat-toplum","teşvik; kınama","millet","ahlaki"
"2024-11-01","01.11.2024","HER CANIN DOKUNULMAZLIĞI VARDIR","Toplumsal Dayanışma, Merhamet ve Kardeşlik","İslam Coğrafyası ve Küresel Meseleler; Peygamberimiz ve Ashab","cemaat-toplum","uyarı; kınama","genel","ahlaki"
"2024-11-08","08.11.2024","MERHAMET EDEN MERHAMET BULUR","Toplumsal Dayanışma, Merhamet ve Kardeşlik","","cemaat-toplum","teşvik; uyarı","genel","ahlaki"
"2024-11-15","15.11.2024","ÂDÂB VE ERKÂNIYLA CUMA NAMAZI","İbadet ve Kulluk","","birey","teşvik; bilgilendirme","genel","ritüel"
"2024-11-22","22.11.2024","İLİM İZZETE, ŞİDDET ZİLLETE GÖTÜRÜR","Eğitim, Teknoloji, Çevre ve Toplumsal Değişim","Toplumsal Dayanışma, Merhamet ve Kardeşlik","aile","teşvik; uyarı","genel","ahlaki"
"2024-11-29","29.11.2024","MADDİ VE MANEVİ TÜKENİŞ: KUMAR","Ekonomik Hayat: Kazanç, Zekat ve İsraf","","birey","uyarı; bilgilendirme","gençler","ahlaki"
"2024-12-06","06.12.2024","MİRAS: SINIRLARINI ALLAH'IN BELİRLEDİĞİ HAK","Toplumsal Dayanışma, Merhamet ve Kardeşlik","Aile, Çocuk ve Nesil","aile","bilgilendirme; uyarı","aileler","ahlaki"
"2024-12-13","13.12.2024","HER ZORLUKTAN SONRA KOLAYLIK VARDIR","Peygamberimiz ve Ashab","Sabır, Tevekkül ve Manevi Olgunluk","birey","teşvik; bilgilendirme","genel","ahlaki"
"2024-12-20","20.12.2024","MİLLİ VE MANEVİ DEĞERLERİMİZİ MUHAFAZA EDELİM","İman, Tevhid ve Ahiret","Vatan, Millet ve Tarih","birey","uyarı; bilgilendirme","genel","ahlaki"
"2024-12-27","27.12.2024","HATA YAPANLARIN EN HAYIRLISI, HATASINA TÖVBE EDENDİR","Sabır, Tevekkül ve Manevi Olgunluk","Kandiller, Muharrem ve Mübarek Geceler; İman, Tevhid ve Ahiret","birey","uyarı; teşvik","genel","ahlaki"
"2025-01-03","03.01.2025","MÜMİNİN HAYATINDA UMUTSUZLUĞA YER YOKTUR","Sabır, Tevekkül ve Manevi Olgunluk","İslam Coğrafyası ve Küresel Meseleler","birey","teşvik; teselli","genel","ahlaki"
"2025-01-10","10.01.2025","FITRATI KORUMAK, AİLEYİ KORUMAKTIR","Aile, Çocuk ve Nesil","","aile","uyarı; teşvik","aileler","ahlaki"
"2025-01-17","17.01.2025","İSLAM, VARLIK SEBEBİMİZDİR","İman, Tevhid ve Ahiret","Peygamberimiz ve Ashab","birey","teşvik; bilgilendirme","genel","ahlaki"
"2025-01-24","24.01.2025","MİRACIN HEDİYESİ, DİNİMİZİN DİREĞİ NAMAZ","Kandiller, Muharrem ve Mübarek Geceler","İbadet ve Kulluk","birey","teşvik; bilgilendirme","genel","ritüel"
"2025-01-31","31.01.2025","EBEDİYET YOLCUSUNU UĞURLARKEN","İbadet ve Kulluk","Toplumsal Dayanışma, Merhamet ve Kardeşlik","cemaat-toplum","bilgilendirme; teselli","genel","ritüel; ahlaki"
"2025-02-07","07.02.2025","DİL, İNSANIN YA CENNETİ YA DA CEHENNEMİDİR","Ahlak, Erdem ve Söz","","birey","uyarı; teşvik","genel","ahlaki"
"2025-02-14","14.02.2025","MAHREMİYET, İNSANI SAYGIN KILAR","Eğitim, Teknoloji, Çevre ve Toplumsal Değişim","Aile, Çocuk ve Nesil","aile","uyarı; bilgilendirme","aileler","ahlaki"
"2025-02-21","21.02.2025","GAYBIN BİLGİSİ YALNIZCA ALLAH'A AİTTİR","İman, Tevhid ve Ahiret","","birey","uyarı; bilgilendirme","genel","ahlaki"
"2025-02-28","28.02.2025","RAHMET VE MAĞFİRET MEVSİMİNE GİRERKEN","Ramazan, Oruç ve Bayramlar","","birey","teşvik; bilgilendirme","genel","ritüel"
"2025-03-07","07.03.2025","İYİLİK AYI RAMAZAN","Ramazan, Oruç ve Bayramlar","Ahlak, Erdem ve Söz","birey","teşvik; bilgilendirme","genel","ahlaki"
"2025-03-14","14.03.2025","İYİLİK KÖPRÜSÜ: ZEKÂT VE FITIR SADAKASI","Ekonomik Hayat: Kazanç, Zekat ve İsraf","Ramazan, Oruç ve Bayramlar","birey","teşvik; bilgilendirme","genel","maddi"
"2025-03-21","21.03.2025","İNFAK VE KUR'AN AYI RAMAZAN","Ramazan, Oruç ve Bayramlar","Ekonomik Hayat: Kazanç, Zekat ve İsraf; Kandiller, Muharrem ve Mübarek Geceler","birey","teşvik; bilgilendirme","genel","maddi; ritüel"
"2025-03-28","28.03.2025","RAMAZAN'A VEDA EDERKEN","Ramazan, Oruç ve Bayramlar","İbadet ve Kulluk","birey","teşvik; bilgilendirme","genel","ahlaki; ritüel"
"2025-03-30","30.03.2025","RAMAZAN BAYRAMI: SEVİNÇ VE KARDEŞLİK GÜNLERİ","Ramazan, Oruç ve Bayramlar","Toplumsal Dayanışma, Merhamet ve Kardeşlik; İslam Coğrafyası ve Küresel Meseleler","cemaat-toplum","teşvik; teselli","genel","ritüel; ahlaki"
"2025-04-04","04.04.2025","GÜÇLÜ BİR TOPLUMUN İNŞASINDA ANNE BABANIN ROLÜ","Aile, Çocuk ve Nesil","","aile","teşvik; bilgilendirme","aileler","ahlaki"
"2025-04-11","11.04.2025","ÜMMET OLMAK, BİRLİK OLMAKTIR","İslam Coğrafyası ve Küresel Meseleler","Toplumsal Dayanışma, Merhamet ve Kardeşlik","cemaat-toplum","kınama; teşvik","ümmet","ahlaki"
"2025-04-18","18.04.2025","HUCURÂT SÛRESİ: ERDEMLİ BİR TOPLUMUN İNŞASI","Ahlak, Erdem ve Söz","","birey","bilgilendirme; teşvik","genel","ahlaki"
"2025-04-25","25.04.2025","ALIN TERİ MUKADDESTİR","Ekonomik Hayat: Kazanç, Zekat ve İsraf","","birey","teşvik; bilgilendirme","esnaf-işveren","ahlaki"
"2025-05-02","02.05.2025","NEFSİ VE NESLİ İFSAT EDEN BÜYÜK GÜNAH: ZİNA","Aile, Çocuk ve Nesil","Eğitim, Teknoloji, Çevre ve Toplumsal Değişim","aile","uyarı; kınama","gençler","ahlaki"
"2025-05-09","09.05.2025","VAKIF: YARATAN'A HÜRMET, YARATILANA MERHAMET","Ekonomik Hayat: Kazanç, Zekat ve İsraf","Toplumsal Dayanışma, Merhamet ve Kardeşlik","cemaat-toplum","teşvik; bilgilendirme","genel","maddi"
"2025-05-16","16.05.2025","AİLE: GÜVEN, SADAKAT VE MERHAMET YUVASI","Aile, Çocuk ve Nesil","","aile","teşvik; uyarı","aileler","ahlaki"
"2025-05-23","23.05.2025","SADAKAT VE TESLİMİYETİN NİŞANESİ: KURBAN","Ramazan, Oruç ve Bayramlar","","birey","teşvik; bilgilendirme","genel","ritüel; maddi"
"2025-05-30","30.05.2025","YÂSÎN SÛRESİ: KUR'AN'IN KALBİ","İman, Tevhid ve Ahiret","Kur'an-ı Kerim","birey","bilgilendirme; teşvik","genel","ahlaki; ritüel"
"2025-06-06","06.06.2025","KURBAN BAYRAMI: ALLAH'IN KULLARINA İHSAN VE İKRAMI","Ramazan, Oruç ve Bayramlar","Toplumsal Dayanışma, Merhamet ve Kardeşlik","cemaat-toplum","teşvik; bilgilendirme","genel","ritüel; ahlaki"
"2025-06-13","13.06.2025","DÜĞÜN YAPMANIN DA BİR ÂDÂBI VARDIR","Aile, Çocuk ve Nesil","","aile","uyarı; teşvik","aileler","ahlaki"
"2025-06-20","20.06.2025","HER YAZ YENİ BİR HEYECAN: CAMİ, ÇOCUK VE KUR'AN","Aile, Çocuk ve Nesil","Kur'an-ı Kerim; Eğitim, Teknoloji, Çevre ve Toplumsal Değişim","aile","teşvik; uyarı","aileler","katılım"
"2025-06-27","27.06.2025","KAMU HAKKI DOKUNULMAZDIR","Ekonomik Hayat: Kazanç, Zekat ve İsraf","Toplumsal Dayanışma, Merhamet ve Kardeşlik","cemaat-toplum","uyarı; bilgilendirme","genel","ahlaki"
"2025-07-04","04.07.2025","GEÇMİŞE İBRETLE GELECEĞE FERASETLE BAKALIM","Kandiller, Muharrem ve Mübarek Geceler","","cemaat-toplum","bilgilendirme; teşvik","ümmet","ritüel; ahlaki"
"2025-07-11","11.07.2025","SAHİH DİNİ BİLGİNİN ÖNEMİ","Vatan, Millet ve Tarih","Eğitim, Teknoloji, Çevre ve Toplumsal Değişim","cemaat-toplum","teşvik; uyarı","millet","ahlaki"
"2025-07-18","18.07.2025","SUYUMUZU İSRAF ETMEYELİM","Ekonomik Hayat: Kazanç, Zekat ve İsraf","Eğitim, Teknoloji, Çevre ve Toplumsal Değişim","birey","uyarı; bilgilendirme","genel","ahlaki"
"2025-07-25","25.07.2025","GAZZE: İNSANLIĞIN ONUR SINAVI","İslam Coğrafyası ve Küresel Meseleler","","cemaat-toplum","kınama; teşvik","ümmet","ahlaki; maddi"
"2025-08-01","01.08.2025","HAYÂ: ALLAH'IN EMRİ, FITRATIN GEREĞİ","Ahlak, Erdem ve Söz","Eğitim, Teknoloji, Çevre ve Toplumsal Değişim","birey","uyarı; teşvik","genel","ahlaki"
"2025-08-08","08.08.2025","SILA-İ RAHİMLE BEREKETLENEN TATİL","Toplumsal Dayanışma, Merhamet ve Kardeşlik","Aile, Çocuk ve Nesil","aile","teşvik; bilgilendirme","aileler","ahlaki"
"2025-08-15","15.08.2025","KUL HAKKI ATEŞTEN GÖMLEKTİR","Ahlak, Erdem ve Söz","Toplumsal Dayanışma, Merhamet ve Kardeşlik","birey","uyarı; bilgilendirme","genel","ahlaki"
"2025-08-22","22.08.2025","İBADET; RUHA SEKİNET, TOPLUMA HUZUR VERİR","İbadet ve Kulluk","Vatan, Millet ve Tarih","birey","teşvik; bilgilendirme","genel","ritüel"
"2025-08-29","29.08.2025","ÂLEMLERE RAHMET HZ. MUHAMMED (S.A.S)","Peygamberimiz ve Ashab","Aile, Çocuk ve Nesil; Vatan, Millet ve Tarih","birey","teşvik; bilgilendirme","genel","ahlaki"
"2025-09-05","05.09.2025","İLİM HAKKI BİLMEKTİR","Eğitim, Teknoloji, Çevre ve Toplumsal Değişim","","cemaat-toplum","teşvik; uyarı","genel","katılım; ahlaki"
"2025-09-12","12.09.2025","PEYGAMBERİMİZ VE AİLE AHLAKI","Aile, Çocuk ve Nesil","Peygamberimiz ve Ashab","aile","teşvik; uyarı","aileler","ahlaki"
"2025-09-19","19.09.2025","PEYGAMBERİMİZ (S.A.S) VE TİCARET AHLAKI","Ekonomik Hayat: Kazanç, Zekat ve İsraf","Peygamberimiz ve Ashab","birey","teşvik; bilgilendirme","esnaf-işveren","ahlaki"
"2025-09-26","26.09.2025","PEYGAMBERİMİZ (S.A.S), CAMİ VE NAMAZ","İbadet ve Kulluk","Peygamberimiz ve Ashab","cemaat-toplum","teşvik; bilgilendirme","genel","ritüel; katılım"
"2025-10-03","03.10.2025","HENDEK'TEN GAZZE'YE: ZAFER İNANANLARINDIR","İslam Coğrafyası ve Küresel Meseleler","Peygamberimiz ve Ashab","cemaat-toplum","kınama; teşvik","ümmet","ahlaki; ritüel"
"2025-10-10","10.10.2025","CENÂB-I HAKK'IN NAZARGÂHI: KALP","İman, Tevhid ve Ahiret","Ahlak, Erdem ve Söz","birey","bilgilendirme; teşvik","genel","ahlaki; ritüel"
"2025-10-17","17.10.2025","MÜSLÜMANIN HAYATINA YÖN VEREN REHBER: SÜNNET-İ SENİYYE","Peygamberimiz ve Ashab","","birey","teşvik; bilgilendirme","genel","ahlaki"
"2025-10-24","24.10.2025","BİRLİKTE BEREKET, KARDEŞLİKTE RAHMET VARDIR","Vatan, Millet ve Tarih","Toplumsal Dayanışma, Merhamet ve Kardeşlik","cemaat-toplum","teşvik; bilgilendirme","millet","ahlaki"
"2025-10-31","31.10.2025","AİLEDE HUZURUN KAYNAĞI: MERHAMET VE MUHABBET","Aile, Çocuk ve Nesil","Toplumsal Dayanışma, Merhamet ve Kardeşlik","aile","teşvik; uyarı","aileler","ahlaki"
"2025-11-07","07.11.2025","VEFA İMANDANDIR","Ahlak, Erdem ve Söz","Peygamberimiz ve Ashab","birey","teşvik; bilgilendirme","genel","ahlaki"
"2025-11-14","14.11.2025","VATAN VE MİLLET RUHUMUZ","Vatan, Millet ve Tarih","","cemaat-toplum","teşvik; teselli","millet","ahlaki"
"2025-11-21","21.11.2025","ŞİDDETİN ÇARESİ MERHAMET EĞİTİMİ","Toplumsal Dayanışma, Merhamet ve Kardeşlik","Aile, Çocuk ve Nesil","aile","uyarı; teşvik","aileler","ahlaki"
"2025-11-28","28.11.2025","FEDAKÂRLIĞIN ZİRVESİ: ÎSÂR","Toplumsal Dayanışma, Merhamet ve Kardeşlik","","cemaat-toplum","teşvik; uyarı","genel","ahlaki"
"2025-12-05","05.12.2025","İNSAN, HUZURU İBADETLE ELDE EDER","İbadet ve Kulluk","","birey","teşvik; bilgilendirme","genel","ritüel; ahlaki"
"2025-12-12","12.12.2025","İNSAN: KÂİNATIN GÖZBEBEĞİ","İman, Tevhid ve Ahiret","","birey","bilgilendirme; uyarı","genel","ahlaki"
"2025-12-19","19.12.2025","HER ANIMIZI EBEDİ KAZANCA DÖNÜŞTÜREBİLİRİZ","Sabır, Tevekkül ve Manevi Olgunluk","Kandiller, Muharrem ve Mübarek Geceler","aile","teşvik; uyarı","gençler","ahlaki"
"2025-12-26","26.12.2025","KİMLİĞİMİZ GELECEĞİMİZDİR","Vatan, Millet ve Tarih","Sabır, Tevekkül ve Manevi Olgunluk; İman, Tevhid ve Ahiret","cemaat-toplum","uyarı; bilgilendirme","genel","ahlaki"
"2026-01-09","09.01.2026","NAMAZ","İbadet ve Kulluk","","birey","teşvik; bilgilendirme","genel","ritüel"
"2026-01-23","23.01.2026","AKRAN İLİŞKİLERİ","Aile, Çocuk ve Nesil","Toplumsal Dayanışma, Merhamet ve Kardeşlik","cemaat-toplum","uyarı; teşvik","gençler","ahlaki"
"2026-01-30","30.01.2026","TÖVBEYE YÖNELMEK","İman, Tevhid ve Ahiret","Kandiller, Muharrem ve Mübarek Geceler","birey","teşvik; uyarı","genel","ritüel"
"2026-02-06","06.02.2026","BİRLİK VE BERABERLİK","Vatan, Millet ve Tarih","Toplumsal Dayanışma, Merhamet ve Kardeşlik","cemaat-toplum","teşvik","millet","ahlaki"
"2026-02-13","13.02.2026","RAMAZAN İKLİMİ","Ramazan, Oruç ve Bayramlar","","birey","teşvik","genel","ritüel"
"2026-02-20","20.02.2026","RAMAZAN, CAMİ VE HAYAT","Ramazan, Oruç ve Bayramlar","İbadet ve Kulluk","birey","teşvik","genel","katılım"
"2026-02-27","27.02.2026","BAĞIMLILIKLA MÜCADELEDE RAMAZAN BİR FIRSATTIR","Afet, Kriz ve Sağlık","Ramazan, Oruç ve Bayramlar","aile","uyarı","aileler","ahlaki"
"2026-03-06","06.03.2026","ZEKÂT VE FITIR SADAKASI","Ekonomik Hayat: Kazanç, Zekat ve İsraf","Toplumsal Dayanışma, Merhamet ve Kardeşlik","birey","teşvik","genel","maddi"
"2026-03-13","13.03.2026","HAK VE HAKİKATİN TEMSİLCİLERİ: PEYGAMBERLER","İman, Tevhid ve Ahiret","Kandiller, Muharrem ve Mübarek Geceler","birey","bilgilendirme; teşvik","genel","ritüel"
"2026-03-20","20.03.2026","RAMAZAN BAYRAMI","Ramazan, Oruç ve Bayramlar","İslam Coğrafyası ve Küresel Meseleler","karma","teşvik; kınama","ümmet","ritüel"
"2026-03-20-b","20.03.2026","HAYATI RAMAZAN KILMAK","Ramazan, Oruç ve Bayramlar","","birey","teşvik","genel","ahlaki"
"2026-03-27","27.03.2026","TEVEKKÜL","Sabır, Tevekkül ve Manevi Olgunluk","","birey","bilgilendirme; teşvik","genel","ahlaki"
"2026-04-03","03.04.2026","CUMA VE ÜMMET BİLİNCİ","İbadet ve Kulluk","Toplumsal Dayanışma, Merhamet ve Kardeşlik","cemaat-toplum","teşvik","ümmet","ritüel"
"2026-04-10","10.04.2026","İSLAM","İman, Tevhid ve Ahiret","Toplumsal Dayanışma, Merhamet ve Kardeşlik","birey","bilgilendirme; teşvik","genel","ahlaki"
"2026-04-17","17.04.2026","BİRBİRİMİZE KENETLENELİM, SORUMLULUKLARIMIZI İDRAK EDELİM","Vatan, Millet ve Tarih","Aile, Çocuk ve Nesil","cemaat-toplum","teselli; uyarı","millet","ahlaki"
"2026-04-24","24.04.2026","MERHAMET EĞİTİMİ","Eğitim, Teknoloji, Çevre ve Toplumsal Değişim","","aile","teşvik","genel","ahlaki"
"2026-05-01","01.05.2026","ALIN TERİ MUKADDESTİR","Ekonomik Hayat: Kazanç, Zekat ve İsraf","","cemaat-toplum","teşvik; bilgilendirme","esnaf-işveren","ahlaki"
"2026-05-08","08.05.2026","İBADETLER, BİZİ RABBİMİZE YAKINLAŞTIRIR","İbadet ve Kulluk","Ramazan, Oruç ve Bayramlar","birey","teşvik; bilgilendirme","genel","ritüel"
"2026-05-15","15.05.2026","TOPLUMSAL SORUMLULUKLARIMIZ","Aile, Çocuk ve Nesil","Toplumsal Dayanışma, Merhamet ve Kardeşlik","karma","teşvik","genel","ahlaki"
"2026-05-22","22.05.2026","SÖZ AHLAKI VE SOSYAL MEDYA","Ahlak, Erdem ve Söz","Eğitim, Teknoloji, Çevre ve Toplumsal Değişim","birey","teşvik; uyarı","genel","ahlaki"
"2026-05-27","27.05.2026","KURBAN BAYRAMI","Ramazan, Oruç ve Bayramlar","","birey","teşvik","genel","ritüel"
"2026-05-29","29.05.2026","FETİH RUHU VE VAKIF MEDENİYETİ","Vatan, Millet ve Tarih","Toplumsal Dayanışma, Merhamet ve Kardeşlik","cemaat-toplum","teşvik; bilgilendirme","millet","maddi"
"2026-06-05","05.06.2026","DUYARLILIK","Ahlak, Erdem ve Söz","Eğitim, Teknoloji, Çevre ve Toplumsal Değişim","birey","teşvik; bilgilendirme","genel","ahlaki"
"2026-06-12","12.06.2026","HİCRİ YENİ YILA GİRERKEN","Kandiller, Muharrem ve Mübarek Geceler","Ahlak, Erdem ve Söz","birey","teşvik","genel","ahlaki"
"2026-06-19","19.06.2026","BİRLİKTE RAHMET VARDIR","Kandiller, Muharrem ve Mübarek Geceler","İslam Coğrafyası ve Küresel Meseleler","cemaat-toplum","teşvik; kınama","ümmet","ahlaki"
"2026-06-26","26.06.2026","AİLE OLMAK","Aile, Çocuk ve Nesil","","aile","teşvik","aileler","ahlaki"
"2026-07-03","03.07.2026","YAZ KUR’AN KURSLARI","Kur'an-ı Kerim","Aile, Çocuk ve Nesil","aile","teşvik","aileler","katılım"
"2026-07-10","10.07.2026","DİN İSTİSMARI","Vatan, Millet ve Tarih","İman, Tevhid ve Ahiret","cemaat-toplum","uyarı; kınama","millet","ahlaki"
"2026-07-17","17.07.2026","KUR’AN-I KERİM","Kur'an-ı Kerim","","birey","bilgilendirme; teşvik","genel","ritüel"
"2015-01-02","02.01.2015","MEVLİD: RAHMET ELÇİSİNİN DÜNYAYI TEŞRİFİ","Peygamberimiz ve Ashab","Kandiller, Muharrem ve Mübarek Geceler","birey","teşvik; teselli","genel","ahlaki"
"2015-01-09","09.01.2015","EZAN: ÖZGÜRLÜĞÜN GÜR SEDASI","İbadet ve Kulluk","","birey","teşvik; bilgilendirme","genel","ritüel"
"2015-01-16","16.01.2015","BİR TEKELLÜF DEĞİL, NİMET OLARAK NAMAZ","İbadet ve Kulluk","","birey","teşvik","genel","ritüel"
"2015-01-16-b","16.01.2015","ALLAH’IN KUTLU ELÇİLERİNE SAYGI","İman, Tevhid ve Ahiret","Peygamberimiz ve Ashab","birey","bilgilendirme; teşvik","genel",""
"2015-01-23","23.01.2015","ERDEMLİ BİR DURUŞ: SADÂKAT","Ahlak, Erdem ve Söz","","birey","teşvik","genel","ahlaki"
"2015-01-30","30.01.2015","ALLAH’IN SON DİNİ İSLAM","İman, Tevhid ve Ahiret","","birey","bilgilendirme; uyarı","genel","ahlaki"
"2015-02-06","06.02.2015","ŞÜKÜR NİMETLERİ ARTIRIR","Sabır, Tevekkül ve Manevi Olgunluk","","birey","teşvik","genel","ahlaki"
"2015-02-13","13.02.2015","İMAN","İman, Tevhid ve Ahiret","","birey","teşvik","genel","ahlaki"
"2015-02-20","20.02.2015","KADINA EL KALKMAZ!","Toplumsal Dayanışma, Merhamet ve Kardeşlik","","karma","kınama; uyarı","genel","ahlaki"
"2015-02-20-b","20.02.2015","HER CAN KUTSAL VE DOKUNULMAZDIR!","Toplumsal Dayanışma, Merhamet ve Kardeşlik","","karma","uyarı; teşvik","genel","ahlaki"
"2015-02-27","27.02.2015","ÖLÜM VE ÖTESİ","İman, Tevhid ve Ahiret","","birey","uyarı; teşvik","genel","ahlaki"
"2015-03-06","06.03.2015","ALLAH, AŞIRI GİDENLERİ SEVMEZ","Sabır, Tevekkül ve Manevi Olgunluk","","birey","uyarı; teşvik","genel","ahlaki"
"2015-07-17-b","17.07.2015","RAMAZAN MEKTEBİNİN ÖĞRETTİKLERİ","Ramazan, Oruç ve Bayramlar","","birey","teşvik","genel","ahlaki; ritüel"
"2015-07-24","24.07.2015","GÜN BİRLİK VE DİRLİK GÜNÜDÜR!","Vatan, Millet ve Tarih","","cemaat-toplum","teselli; teşvik","millet","ahlaki"
"2015-07-31","31.07.2015","İNSAN: AKILLI VE SORUMLU VARLIK","Ahlak, Erdem ve Söz","İman, Tevhid ve Ahiret","karma","teşvik; uyarı","genel","ahlaki"
"2017-09-01-b","01.09.2017","KURBAN BAYRAMI","Ramazan, Oruç ve Bayramlar","","karma","teşvik","genel","ritüel; ahlaki"
"2018-06-15-b","15.06.2018","KULLUK BİLİNCİYLE BİR ÖMÜR GEÇİRMEK","Ramazan, Oruç ve Bayramlar","","birey","teşvik","genel","ahlaki; ritüel"
"2020-07-31-b","31.07.2020","VEDA HUTBESİ: ÇAĞLARI AŞAN NEBEVİ VASİYET","Peygamberimiz ve Ashab","Ramazan, Oruç ve Bayramlar","karma","bilgilendirme; teşvik","ümmet","ahlaki"
"2023-04-21-b","21.04.2023","HAYATI RAMAZAN BİLİNCİYLE YAŞAMAK","Ramazan, Oruç ve Bayramlar","","birey","teşvik","genel","ahlaki; ritüel"
"2025-06-06-b","06.06.2025","MÜSLÜMANIN BİR DURUŞU VARDIR","Ahlak, Erdem ve Söz","","birey","teşvik; uyarı","genel","ahlaki"
"2026-08-07","07.08.2026","KARDEŞLİK","Vatan, Millet ve Tarih","Toplumsal Dayanışma, Merhamet ve Kardeşlik","cemaat-toplum","uyarı; teşvik","millet","ahlaki"
