sure,ayet_no,kac_kez,ayet_meali_hutbede_gecen,tema,tarih,hutbe_basligi
Al-i İmran,139,17,"Gevşeklik göstermeyin, üzülmeyin; iman etmişseniz üstün olan sizsiniz.","Vatan, Millet ve Tarih",12.03.2021,İSTİKLÂL MARŞI: HAKKIDIR HAKKA TAPAN MİLLETİMİN İSTİKLÂL!
Al-i İmran,139,17,"Gevşemeyin, üzülmeyin. Eğer iman etmişseniz üstün olan sizlersiniz","Vatan, Millet ve Tarih",14.11.2025,VATAN VE MİLLET RUHUMUZ
Al-i İmran,139,17,"Gevşeklik göstermeyin, üzülmeyin; eğer inanmışsanız şüphesiz en üstün olan sizsiniz.","Vatan, Millet ve Tarih",16.03.2018,MİLLETİMİZİN VAROLUŞ MÜCADELESİ: ÇANAKKALE ZAFERİ
Al-i İmran,139,17,"Yılgınlık göstermeyin, hüzünlenmeyin. Eğer iman etmiş kimseler iseniz üstün gelecek olan sizlersiniz.","Vatan, Millet ve Tarih",18.03.2016,ÇANAKKALE VE BİRLİK RUHU
Al-i İmran,139,17,Eğer inanıyorsanız üstün gelecek olan sizlersiniz,"Toplumsal Dayanışma, Merhamet ve Kardeşlik",21.08.2015,BİRLİK VE BERABERLİĞİMİZİN HARCI: KARDEŞLİĞİMİZ
Al-i İmran,139,17,"Gevşeklik göstermeyin, üzülmeyin! Eğer inanmışsanız şüphesiz en üstün olan sizsiniz.","Vatan, Millet ve Tarih",22.07.2016,"GÜN, MİLLETÇE KENETLENME VE GELECEĞİMİZİ İNŞA ETME GÜNÜDÜR"
Al-i İmran,139,17,"Gevşeklik göstermeyin, üzüntüye kapılmayın. Eğer inanmışsanız üstün gelecek olanlar sizlersiniz","Ahlak, Erdem ve Söz",22.08.2014,HAYÂ HAYATTIR!
Al-i İmran,139,17,"Gevşeklik göstermeyin, üzüntüye kapılmayın. Eğer inanmışsanız üstün gelecek olanlar sizlersiniz","Vatan, Millet ve Tarih",23.12.2016,ALLAH’IN YARDIMI MÜMİNLERLE BERABERDİR.
Al-i İmran,139,17,Eğer inanıyorsanız üstün gelecek olan sizlersiniz,"Vatan, Millet ve Tarih",24.10.2025,"BİRLİKTE BEREKET, KARDEŞLİKTE RAHMET VARDIR"
Al-i İmran,139,17,"Gevşeklik göstermeyin, üzülmeyin. Eğer müminler iseniz üstün gelecek olanlar sizlersiniz","Vatan, Millet ve Tarih",25.08.2017,ZAFERLER ALLAH'TANDIR (MALAZGİRT ZAFERİ)
Al-i İmran,139,17,"Gevşemeyin, üzülmeyin. Eğer iman etmişseniz üstün olan sizlersiniz.","Vatan, Millet ve Tarih",25.10.2019,DUALARIMIZ MEHMETÇİĞİMİZ İÇİN
Al-i İmran,139,17,"Gevşeklik göstermeyin, üzülmeyin; iman etmişseniz üstün olan sizsiniz.","Vatan, Millet ve Tarih",25.10.2024,VATAN MÜDAFAASI MUKADDESTİR
Al-i İmran,139,17,"Gevşeklik göstermeyin, üzülmeyin; iman etmişseniz üstün olan sizsiniz.","Vatan, Millet ve Tarih",27.10.2023,VATAN MİLLET SEVDASIYLA NİCE YÜZYILLARA
Al-i İmran,139,17,"Gevşemeyin, üzülmeyin. Eğer iman etmişseniz üstün olan sizlersiniz.","Vatan, Millet ve Tarih",28.02.2020,"HAK UĞRUNDA MÜCADELEMİZ, BİRLİK VE BERABERLİK RUHUMUZ"
Al-i İmran,139,17,"Gevşeklik göstermeyin, üzülmeyin; eğer inanmışsanız şüphesiz en üstün olan sizsiniz","Vatan, Millet ve Tarih",28.08.2026,VATAN SEVGİSİ
Al-i İmran,139,17,"Gevşeklik göstermeyin, üzüntüye kapılmayın. Eğer inanmışsanız üstün gelecek olanlar sizlersiniz","Vatan, Millet ve Tarih",29.08.2014,ZAFERLER ALLAH’TANDIR
Al-i İmran,139,17,"Gevşeklik göstermeyin, üzülmeyin; iman etmişseniz üstün olan sizsiniz.","Vatan, Millet ve Tarih",30.08.2024,"BİZİ BİZ YAPAN, BİZİ MİLLET KILAN RUH"
Hicr,99,15,Sana ölüm gelinceye kadar Rabbine kulluk et.,"Ramazan, Oruç ve Bayramlar",02.05.2022,"BAYRAMIMIZ KUTLU, GÖNLÜMÜZ İMAN VE NEŞE DOLU OLSUN"
Hicr,99,15,Sana ölüm gelinceye kadar Rabbine kulluk et.,"Ramazan, Oruç ve Bayramlar",04.06.2019,RAMAZAN BAYRAMI
Hicr,99,15,Ölüm sana gelinceye kadar Rabbine ibadet et.,"Kandiller, Muharrem ve Mübarek Geceler",05.01.2024,RAHMET VE MAĞFİRET İKLİMİ: ÜÇ AYLAR
Hicr,99,15,Sana ölüm gelinceye kadar Rabbine ibadet et.,İbadet ve Kulluk,08.02.2019,İBADET: KUL OLMA ŞUURU
Hicr,99,15,Ölüm sana gelinceye kadar Rabbine kulluk et.,"Sabır, Tevekkül ve Manevi Olgunluk",12.08.2022,"İMAN, SALİH AMEL VE GÜZEL AHLAKLA KEMALE ERER"
Hicr,99,15,Sana ölüm gelinceye kadar Rabbine ibadet et.,"Ramazan, Oruç ve Bayramlar",15.06.2018,KULLUK BİLİNCİYLE BİR ÖMÜR GEÇİRMEK
Hicr,99,15,Sana ölüm gelinceye kadar Rabbine ibadet et.,İbadet ve Kulluk,15.07.2016,HAYATIMIZI İBADET KILABİLMEK
Hicr,99,15,Sana ölüm gelinceye kadar Rabbine ibadet et.,"Ramazan, Oruç ve Bayramlar",17.07.2015,RAMAZAN MEKTEBİNİN ÖĞRETTİKLERİ
Hicr,99,15,Ölüm sana gelinceye kadar Rabbine ibadet et.,"Ahlak, Erdem ve Söz",20.09.2024,PEYGAMBERİMİZ (S.A.S) VE ŞAHSİYET İNŞASI
Hicr,99,15,Sana ölüm gelinceye kadar Rabbine ibadet et.,İbadet ve Kulluk,22.05.2020,BİR ÖMRÜ RAMAZAN GİBİ YAŞAMAK
Hicr,99,15,Ölüm sana gelinceye kadar Rabbine ibadet et.,İbadet ve Kulluk,22.08.2025,"İBADET; RUHA SEKİNET, TOPLUMA HUZUR VERİR"
Hicr,99,15,Sana ölüm gelinceye kadar Rabbine ibadet et,İbadet ve Kulluk,23.03.2018,İBADET HAYATIMIZ VE GÖNÜL DÜNYAMIZ
Hicr,99,15,Ölüm gelinceye kadar Rabbine ibadet et,"Ramazan, Oruç ve Bayramlar",23.06.2017,ÖMRÜMÜZÜ RAMAZAN KILABİLMEK
Hicr,99,15,Ölüm sana gelinceye kadar Rabbine ibadet et.,"Sabır, Tevekkül ve Manevi Olgunluk",27.12.2024,"HATA YAPANLARIN EN HAYIRLISI, HATASINA TÖVBE EDENDİR"
Hicr,99,15,Ölüm sana ulaşıncaya kadar Rabbine ibadet et.,"Ramazan, Oruç ve Bayramlar",28.03.2025,RAMAZAN’A VEDA EDERKEN
Maide,32,11,"Kim bir canı kurtarırsa, bütün insanların hayatını kurtarmış gibi olur","Kandiller, Muharrem ve Mübarek Geceler",01.03.2019,BEREKET MEVSİMİ: ÜÇ AYLAR
Maide,32,11,"…Kim, bir cana kıyarsa bütün insanları katletmiş gibidir.","Toplumsal Dayanışma, Merhamet ve Kardeşlik",06.01.2017,"GÜN, TERÖRE KARŞI YEKVÜCUT OLMA GÜNÜDÜR"
Maide,32,11,"Bir insanı öldüren bütün insanları öldürmüş, bir canı kurtaran da bütün insanları kurtarmış gibi olur.","Toplumsal Dayanışma, Merhamet ve Kardeşlik",10.04.2015,HZ. PEYGAMBER VE BİRLİKTE YAŞAMA AHLAKI
Maide,32,11,"Kim, bir canı kurtarırsa bütün insanların hayatını kurtarmış gibi olur.","Afet, Kriz ve Sağlık",11.11.2022,ÖNCE TEDBİR SONRA TEVEKKÜL
Maide,32,11,"…Bir cana kıymaya veya yeryüzünde fesat çıkarmaya karşılık olması dışında, kim bir insanı öldürürse bütün insanları öldürmüş gibi olur. Kim de bir insanı kurtarırsa bütün insanları kurtarmış gibi olur...","Toplumsal Dayanışma, Merhamet ve Kardeşlik",13.09.2019,HER CAN DOKUNULMAZDIR
Maide,32,11,"Her kim haksız yere bir cana kıyarsa, bir insanı öldürürse bütün insanları öldürmüş gibidir.","Vatan, Millet ve Tarih",16.12.2016,HER ZORLUKLA BERABER BİR KOLAYLIK VARDIR.
Maide,32,11,"Bir cana kıymaya veya yeryüzünde fesat çıkarmaya karşılık olması dışında, kim bir insanı öldürürse bütün insanları öldürmüş gibi olur. Kim de bir canı kurtarırsa bütün insanların hayatını kurtarmış gibi olur.","Toplumsal Dayanışma, Merhamet ve Kardeşlik",18.10.2019,KUL VE KAMU HAKKI
Maide,32,11,"…Bir cana kıymaya veya yeryüzünde fesat çıkarmaya karşılık olması dışında, kim bir kimseyi öldürürse bütün insanları öldürmüş gibi olur. Kim de bir can kurtarırsa bütün insanların hayatını kurtarmış gibi olur.","Toplumsal Dayanışma, Merhamet ve Kardeşlik",19.11.2021,ŞİDDET İNSAN ONURUYLA ASLA BAĞDAŞMAZ
Maide,32,11,"Bir cana kıymaya veya yeryüzünde fesat çıkarmaya karşılık olması dışında, kim bir insanı öldürürse bütün insanları öldürmüş gibi olur. Kim de bir canı kurtarırsa bütün insanların hayatını kurtarmış gibi olur.","Toplumsal Dayanışma, Merhamet ve Kardeşlik",22.07.2022,HER CAN MUKADDESTİR
Maide,32,11,"Kim, bir cana kıymamış ya da yeryüzünde bozgunculuk yapmamış olan bir insanı öldürürse, sanki bütün insanları öldürmüş gibidir.",İslam Coğrafyası ve Küresel Meseleler,23.08.2013,"İNSANIN KATLİ, İNSANLIĞIN KATLİDİR"
Maide,32,11,Bir insanı öldüren bütün insanları öldürmüş gibidir.,"Ekonomik Hayat: Kazanç, Zekat ve İsraf",31.05.2024,HARAM: ALLAH İLE KUL ARASINDAKİ EN BÜYÜK ENGEL
Alak,1,10,"Yaratan Rabbinin adıyla oku. O, insanı ana rahmine tutunan, döllenmiş bir yumurtadan yarattı. Oku! Kalemle yazmayı öğreten, insana bilmediğini bildiren Rabbin sonsuz kerem sahibidir.","Eğitim, Teknoloji, Çevre ve Toplumsal Değişim",02.10.2015,YARATAN RABBİNİN ADIYLA OKU!
Alak,1,10,Yaratan Rabbinin adıyla oku!,"Eğitim, Teknoloji, Çevre ve Toplumsal Değişim",05.09.2025,İLİM HAKKI BİLMEKTİR
Alak,1,10,Yaratan Rabbinin adıyla oku,İbadet ve Kulluk,06.01.2023,BESMELE: BEREKETE AÇILAN KAPI
Alak,1,10,Yaratan Rabbinin adıyla oku!,"Eğitim, Teknoloji, Çevre ve Toplumsal Değişim",06.09.2024,"İLİM VE EĞİTİM, AHLAKLA YÜCELİR"
Alak,1,10,Yaratan Rabbinin adıyla oku!,"Eğitim, Teknoloji, Çevre ve Toplumsal Değişim",09.09.2022,İLİM BİR NURDUR
Alak,1,10,Yaratan rabbinin adıyla oku!,"Kandiller, Muharrem ve Mübarek Geceler",15.05.2020,KUR’AN’LA YAŞAMAK
Alak,1,10,"Yaratan Rabbinin adıyla oku! O, insanı alaktan yaratmıştır. Oku! Kalemle yazmayı öğreten, böylece insana bilmediğini bildiren Rabbin sonsuz kerem sahibidir.","Eğitim, Teknoloji, Çevre ve Toplumsal Değişim",18.01.2019,MÜSLÜMANLAR İLİM VE MEDENİYETİN ÖNCÜLERİDİR
Alak,1,10,Yaratan Rabbinin adıyla oku!,"Eğitim, Teknoloji, Çevre ve Toplumsal Değişim",22.11.2024,"İLİM İZZETE, ŞİDDET ZİLLETE GÖTÜRÜR"
Alak,1,10,"Yaratan Rabbinin adıyla oku! O, insanı alaktan yaratmıştır. Oku! Kalemle yazmayı öğreten, böylece insana bilmediğini bildiren Rabbin sonsuz kerem sahibidir.",İbadet ve Kulluk,25.09.2020,CAMİ VE İLİM
Alak,1,10,"Yaratan Rabbinin adıyla oku! O, insanı ana rahmine tutunan bir yumurtadan yarattı. Oku! Kalemle yazmayı öğreten, insana bilmediğini bildiren Rabbin sonsuz kerem sahibidir.",İbadet ve Kulluk,30.03.2018,VAHYİN İNSANLIĞA İLK MESAJI: OKU!
Hucurat,10,9,Müminler ancak kardeştirler. Öyleyse kardeşlerinizin arasını düzeltin.,"Toplumsal Dayanışma, Merhamet ve Kardeşlik",01.09.2023,SAKIN İNCİTME BİR CÂNI!
Hucurat,10,9,"Müminler ancak kardeştirler, öyleyse kardeşlerinizin arasını düzeltin, Allah’a itaatsizlikten sakının ki rahmetine mazhar olasınız","Vatan, Millet ve Tarih",07.08.2026,KARDEŞLİK
Hucurat,10,9,Müminler ancak kardeştirler.,İslam Coğrafyası ve Küresel Meseleler,11.04.2025,"ÜMMET OLMAK, BİRLİK OLMAKTIR"
Hucurat,10,9,Müminler kardeştirler.,"Ramazan, Oruç ve Bayramlar",19.08.2012,RAMAZAN BAYRAMI
Hucurat,10,9,Müminler ancak kardeştirler. Öyleyse kardeşlerinizin arasını düzeltin.,"Ramazan, Oruç ve Bayramlar",21.04.2023,"RAMAZAN BAYRAMI: NEŞE, HUZUR VE KARDEŞLİK GÜNLERİ"
Hucurat,10,9,Müminler ancak kardeştirler,"Vatan, Millet ve Tarih",24.10.2025,"BİRLİKTE BEREKET, KARDEŞLİKTE RAHMET VARDIR"
Hucurat,10,9,Müminler ancak kardeştirler. Öyleyse kardeşlerinizin arasını düzeltin…,"Ramazan, Oruç ve Bayramlar",27.05.2026,KURBAN BAYRAMI
Hucurat,10,9,Müminler ancak kardeştirler.,"Vatan, Millet ve Tarih",27.10.2023,VATAN MİLLET SEVDASIYLA NİCE YÜZYILLARA
Hucurat,10,9,Müminler ancak kardeştirler,"Kandiller, Muharrem ve Mübarek Geceler",28.07.2023,MUHARREM AYININ ÖNEMİ VE EHL-İ BEYT-İ MUSTAFA
En'am,162,8,"De ki: Benim namazım, kurbanım, hayatım ve ölümüm ancak âlemlerin Rabbi olan Allah içindir.","Ramazan, Oruç ve Bayramlar",06.06.2025,KURBAN BAYRAMI: ALLAH’IN KULLARINA İHSAN VE İKRAMI
En'am,162,8,"Yapıp ettiklerim, ibadetlerim, yaşamım ve ölümüm âlemlerin Rabbi Allah içindir.",İbadet ve Kulluk,07.08.2015,KULLUĞUN ÖZÜ: İHSAN
En'am,162,8,"De ki: Benim namazım, ibadetlerim, hayatım ve ölümüm ancak âlemlerin Rabbi olan Allah içindir",İbadet ve Kulluk,08.05.2026,"İBADETLER, BİZİ RABBİMİZE YAKINLAŞTIRIR"
En'am,162,8,"De ki: Şüphesiz benim namazım, kurbanım, hayatım ve ölümüm, âlemlerin Rabbi olan Allah içindir.","Ramazan, Oruç ve Bayramlar",09.07.2022,KURBAN BAYRAMI: ALLAH’A YAKLAŞMA SEVİNCİMİZ
En'am,162,8,"De ki, şüphesiz benim namazım, ibadetlerim, hayatım ve ölümüm, âlemlerin Rabbi olan Allah içindir.",İbadet ve Kulluk,19.06.2020,HALİS NİYET VE SAMİMİYET
En'am,162,8,"Benim namazım, her bir ibadetim, hayatım ve ölümüm âlemlerin Rabbi Allah içindir.","İman, Tevhid ve Ahiret",25.11.2016,HAYATIN GAYESİ
En'am,162,8,"De ki: Benim namazım, kurbanım, hayatım ve ölümüm âlemlerin Rabbi Allah içindir.","Ramazan, Oruç ve Bayramlar",28.06.2023,KURBAN BAYRAMI: KARDEŞLİK VE YARDIMLAŞMA GÜNLERİ
En'am,162,8,"De ki: Benim namazım, her türlü ibadetim, hayatım ve ölümüm âlemlerin Rabbi olan Allah içindir.",İbadet ve Kulluk,31.01.2025,EBEDİYET YOLCUSUNU UĞURLARKEN
Al-i İmran,92,7,Sevdiğiniz şeylerden Allah yolunda harcamadıkça iyiliğe erişemezsiniz. Her ne harcarsanız Allah onu bilir.,"Ekonomik Hayat: Kazanç, Zekat ve İsraf",04.05.2018,KESİNTİSİZ HAYIR ÇEŞMESİ: VAKIFLAR
Al-i İmran,92,7,Sevdiğiniz şeylerden Allah yolunda harcamadıkça gerçek iyiliğe erişemezsiniz…,"Ekonomik Hayat: Kazanç, Zekat ve İsraf",09.05.2025,"VAKIF: YARATAN’A HÜRMET, YARATILANA MERHAMET"
Al-i İmran,92,7,Sevdiğiniz şeylerden Allah yolunda infak etmedikçe iyiliğe asla erişemezsiniz.,"Ekonomik Hayat: Kazanç, Zekat ve İsraf",15.04.2022,ZEKÂT VE İNFAK: İSLAM’IN KARDEŞLİK KÖPRÜSÜ
Al-i İmran,92,7,Sevdiğiniz şeylerden Allah için vermedikçe iyiliğe erişemezsiniz.,"Ramazan, Oruç ve Bayramlar",17.07.2015,RAMAZAN BAYRAMI
Al-i İmran,92,7,Sevdiğiniz şeylerden Allah yolunda harcamadıkça iyiliğe erişemezsiniz. Ne harcarsanız Allah onu hakkıyla bilir.,"Ekonomik Hayat: Kazanç, Zekat ve İsraf",17.08.2018,SADAKA-İ CÂRİYE
Al-i İmran,92,7,Sevdiğiniz şeylerden Allah yolunda infak etmedikçe iyiliğe asla eremezsiniz. Her ne infak ederseniz Allah onu bilir.,"Ramazan, Oruç ve Bayramlar",21.03.2025,İNFAK VE KUR’AN AYI RAMAZAN
Al-i İmran,92,7,Sevdiğiniz şeylerden Allah yolunda infak etmedikçe iyiliğe asla erişemezsiniz.,"Ramazan, Oruç ve Bayramlar",23.06.2017,ÖMRÜMÜZÜ RAMAZAN KILABİLMEK
Bakara,195,7,Kendi ellerinizle kendinizi tehlikeye atmayın.,"Afet, Kriz ve Sağlık",01.03.2024,ZARARLI ALIŞKANLIKLARIN ESİRİ OLMAYALIM
Bakara,195,7,Kendi ellerinizle kendinizi tehlikeye atmayın.,"Afet, Kriz ve Sağlık",04.06.2021,İSLAM ZARARLI ALIŞKANLIKLARI YASAKLAR
Bakara,195,7,"Allah yolunda infak edin. Kendi ellerinizle kendinizi tehlikeye atmayın. İyilik edin, kuşkusuz Allah iyilik edenleri sever.","Ekonomik Hayat: Kazanç, Zekat ve İsraf",08.05.2020,"RAMAZAN: İNFAK, YARDIMLAŞMA VE PAYLAŞMA AYI"
Bakara,195,7,Allah yolunda harcayın; kendi ellerinizle kendinizi tehlikeye atmayın.,"Ekonomik Hayat: Kazanç, Zekat ve İsraf",15.04.2022,ZEKÂT VE İNFAK: İSLAM’IN KARDEŞLİK KÖPRÜSÜ
Bakara,195,7,Yaptığınız işi güzel yapın; Allah işini güzel yapanları sever.,"Ekonomik Hayat: Kazanç, Zekat ve İsraf",20.08.2021,MÜSLÜMAN İŞİNİ SAĞLAM VE GÜZEL YAPAR
Bakara,195,7,Yaptığınız işi güzel yapın. Allah işini güzel yapanları sever,"Sabır, Tevekkül ve Manevi Olgunluk",27.03.2026,TEVEKKÜL
Bakara,195,7,Kendi kendinizi tehlikeye atmayın.,"Afet, Kriz ve Sağlık",30.07.2021,AFETLERE KARŞI SORUMLULUĞUMUZUN İDRAKİNDE OLALIM
Nisa,93,7,"Kim bir mümini kasten öldürürse cezası, içinde ebedî kalacağı cehennemdir. Allah ona gazap etmiş, lânet etmiş ve onun için büyük bir azap hazırlamıştır.","Ramazan, Oruç ve Bayramlar",08.08.2013,RAMAZAN BAYRAMI
Nisa,93,7,"Kim bir mümini kasten öldürürse cezası, içinde devamlı kalmak üzere cehennemdir. Allah ona gazap etmiş, onu lanetlemiş ve onun için büyük bir azap hazırlamıştır.","Toplumsal Dayanışma, Merhamet ve Kardeşlik",12.10.2018,"CENÂB-I HAK, HER HAK SAHİBİNE HAKKINI VERMİŞTİR"
Nisa,93,7,"Kim bir mümini kasten öldürürse cezası, içinde ebedî kalmak üzere cehennemdir. Allah ona gazap etmiştir, lânet etmiştir ve çok büyük bir azap hazırlamıştır.","Toplumsal Dayanışma, Merhamet ve Kardeşlik",13.09.2019,HER CAN DOKUNULMAZDIR
Nisa,93,7,"Kim bir mümini kasten öldürürse; cezası, içinde ebedi kalacağı cehennemdir. Allah ona gazap etmiş, onu lanetlemiş ve onun için büyük bir azap hazırlamıştır.","Ahlak, Erdem ve Söz",15.08.2025,KUL HAKKI ATEŞTEN GÖMLEKTİR
Nisa,93,7,"Her kim, bir mümini kasten öldürürse onun cezası, ebedi olarak cehennemde kalmaktır.","Vatan, Millet ve Tarih",16.12.2016,HER ZORLUKLA BERABER BİR KOLAYLIK VARDIR.
Nisa,93,7,"Kim bir mümini kasten öldürürse cezası, içinde ebedî kalacağı cehennemdir. Allah ona gazap etmiş, lânet etmiş ve onun için büyük bir azap hazırlamıştır.",İslam Coğrafyası ve Küresel Meseleler,23.08.2013,"İNSANIN KATLİ, İNSANLIĞIN KATLİDİR"
Nisa,93,7,"Kim bir mümini kasten öldürürse onun cezası, içinde ebedî kalmak üzere gireceği cehennemdir. Allah ona gazap etmiş, onu lânetlemiş ve onun için büyük bir azap hazırlamıştır.","Vatan, Millet ve Tarih",26.08.2016,HAYAT VEREN DİN: İSLÂM
Zümer,9,7,Hiç bilenlerle bilmeyenler bir olur mu?,"Eğitim, Teknoloji, Çevre ve Toplumsal Değişim",02.10.2015,YARATAN RABBİNİN ADIYLA OKU!
Zümer,9,7,De ki: Hiç bilenlerle bilmeyenler bir olur mu?,"Eğitim, Teknoloji, Çevre ve Toplumsal Değişim",08.09.2023,"İLİM YOLU, CENNET YOLUDUR"
Zümer,9,7,De ki: Hiç bilenlerle bilmeyenler bir olur mu?,"Eğitim, Teknoloji, Çevre ve Toplumsal Değişim",09.09.2022,İLİM BİR NURDUR
Zümer,9,7,De ki: Hiç bilenlerle bilmeyenler bir olur mu?,"Eğitim, Teknoloji, Çevre ve Toplumsal Değişim",11.09.2026,EĞİTİM VE ÖĞRETİM
Zümer,9,7,Bilenlerle bilmeyenler hiç bir olur mu?,"Eğitim, Teknoloji, Çevre ve Toplumsal Değişim",15.09.2017,BİLENLERLE BİLMEYENLER BİR OLUR MU?
Zümer,9,7,Bilenle bilmeyenin bir olmayacağını,"Eğitim, Teknoloji, Çevre ve Toplumsal Değişim",18.01.2019,MÜSLÜMANLAR İLİM VE MEDENİYETİN ÖNCÜLERİDİR
Zümer,9,7,Hiç bilenlerle bilmeyenler bir olur mu?,İbadet ve Kulluk,30.03.2018,VAHYİN İNSANLIĞA İLK MESAJI: OKU!
İnşirah,5,7,Her zorlukla beraber bir kolaylık vardır.,"Sabır, Tevekkül ve Manevi Olgunluk",03.07.2020,SABRIN SONU SELAMETTİR
İnşirah,5,7,"Şüphesiz zorlukla beraber kolaylık vardır. Gerçekten, zorlukla beraber kolaylık vardır.","Afet, Kriz ve Sağlık",06.08.2021,ZORLUKLAR BİRLİKTE AŞILIR
İnşirah,5,7,Elbette zorluğun yanında bir kolaylık vardır. Muhakkak her zorlukla birlikte bir kolaylık vardır,"Afet, Kriz ve Sağlık",10.02.2023,"GÜN, MİLLETÇE KENETLENME GÜNÜDÜR"
İnşirah,5,7,"Şüphesiz zorlukla beraber bir kolaylık vardır. Gerçekten, zorlukla beraber bir kolaylık vardır.","Ramazan, Oruç ve Bayramlar",13.05.2021,KUDÜS’ÜN ÖZGÜR OLDUĞU BAYRAMLARA
İnşirah,5,7,Şüphesiz her zorlukla beraber bir kolaylık vardır.,"Vatan, Millet ve Tarih",16.12.2016,HER ZORLUKLA BERABER BİR KOLAYLIK VARDIR.
İnşirah,5,7,"Her zorluğun ardından bir kolaylık vardır. Muhakkak ki, her zorluğun ardından bir kolaylık vardır.",İslam Coğrafyası ve Küresel Meseleler,20.10.2023,RAHMET VE SEKİNET MÜJDESİ: İNŞİRÂH SURESİ
İnşirah,5,7,Şüphesiz her zorlukla beraber bir kolaylık vardır.,"Vatan, Millet ve Tarih",23.12.2016,ALLAH’IN YARDIMI MÜMİNLERLE BERABERDİR.
Bakara,187,6,"Onlar sizin için birer elbise, siz de onlar için birer elbisesiniz.","Aile, Çocuk ve Nesil",07.06.2019,"AİLE OLMAK, AİLE KALMAK"
Bakara,187,6,"Eşleriniz, elbisenin bedeni koruduğu gibi sizi haramdan koruyan bir örtüdür; siz de aynı şekilde eşleriniz için bir örtüsünüz.","Aile, Çocuk ve Nesil",07.07.2023,EVLİLİKLERİMİZ KOLAY OLSUN
Bakara,187,6,"Onlar sizin için birer elbise, sizde onlar için birer elbisesiniz","Aile, Çocuk ve Nesil",10.06.2022,BİR YUVA KURALIM
Bakara,187,6,"Eşleriniz, elbisenin bedeni koruduğu gibi sizleri haramdan koruyan bir örtüdür; sizler de aynı şekilde eşleriniz için bir örtüsünüz.","Eğitim, Teknoloji, Çevre ve Toplumsal Değişim",14.02.2025,"MAHREMİYET, İNSANI SAYGIN KILAR"
Bakara,187,6,"Eşleriniz sizin için bir elbisedir, siz de eşleriniz için birer elbisesiniz.","Aile, Çocuk ve Nesil",17.05.2024,AİLEMİZ: HUZUR VE GÜVEN KAYNAĞIMIZ
Bakara,187,6,"Eşleriniz sizin için bir elbisedir, siz de eşleriniz için birer elbisesiniz","Aile, Çocuk ve Nesil",28.10.2022,AİLE OLMAK: İLAHİ LÜTUF
Bakara,286,6,"Ey Rabbimiz! Unutur, ya da yanılırsak bizi sorumlu tutma! Ey Rabbimiz! Bizden öncekilere yüklediğin gibi bize ağır yük yükleme. Ey Rabbimiz! Bize gücümüzün yetmediği şeyleri yükleme! Bizi affet, bizi bağışla ve bize rahmet et! Sen bizim Mevlâmızsın, kâfirler topluluğuna karşı bize yardım et!",İslam Coğrafyası ve Küresel Meseleler,02.02.2024,"RABBİMİZ, MÜMİNLERİ YALNIZ VE YARDIMSIZ BIRAKMAZ"
Bakara,286,6,Rabbimiz! Bizi bağışla! Bize merhamet et! Rahmetinle muamele eyle! Sen bizim sahibimiz ve yardımcımızsın; kâfirlere karşı bize yardım et!,İbadet ve Kulluk,03.05.2024,DUA: RABBİMİZE SIĞINMANIN SÖZLÜ İFADESİ
Bakara,286,6,Rabbimiz! Unutur ve hata edersek bizi sorumlu tutma!,"İman, Tevhid ve Ahiret",06.10.2017,"ALLAH’I UNUTANLAR, UNUTULURLAR"
Bakara,286,6,"Ey Rabbimiz! Unutur, ya da yanılırsak bizi sorumlu tutma! Ey Rabbimiz! Bize, bizden öncekilere yüklediğin gibi ağır yük yükleme. Ey Rabbimiz! Bize gücümüzün yetmediği şeyleri yükleme!","Sabır, Tevekkül ve Manevi Olgunluk",10.04.2020,"İNSAN, SORUMLULUK SAHİBİDİR"
Bakara,286,6,"Ey Rabbimiz! Unutur veya yanılırsak bizi sorumlu tutma. Ey Rabbimiz! Bize, bizden öncekilere yüklediğin gibi ağır yük yükleme. Ey Rabbimiz! Bize gücümüzün yetmediği şeyleri yükleme. Bizi affet, bizi bağışla ve bize acı. Sen bizim Mevlâmızsın. Kâfirler topluluğuna karşı bize yardım et.","Ahlak, Erdem ve Söz",13.04.2018,MİRAÇ KANDİLİ: KULUN ALLAH'A YAKIN OLMA ÇABASI
Bakara,286,6,"Ey Rabbimiz! Unutur veya yanılırsak bizi sorumlu tutma. Ey Rabbimiz! Bize, bizden öncekilere yüklediğin gibi ağır yük yükleme. Ey Rabbimiz! Bize gücümüzün yetmediği şeyleri yükleme. Bizi affet, bizi bağışla ve bize acı. Sen bizim Mevlâmızsın. Kâfirler topluluğuna karşı bize yardım et.","Kandiller, Muharrem ve Mübarek Geceler",23.05.2014,MİRAÇ KANDİLİ
Enbiya,92,6,Doğrusu sizin ümmetiniz yani İslam ümmeti bir tek ümmettir. Ben de sizin Rabbinizim. Öyleyse bana ibadet ediniz,"Toplumsal Dayanışma, Merhamet ve Kardeşlik",04.11.2016,ÖRNEK ÜMMET OLABİLMEK
Enbiya,92,6,"Doğrusu ümmetiniz, tek bir ümmettir. Ben de sizin Rabbinizim. Öyleyse bana ibadet edin.","Toplumsal Dayanışma, Merhamet ve Kardeşlik",08.12.2023,"BİZ, TEK BİR ÜMMETİZ"
Enbiya,92,6,Doğrusu sizin ümmetiniz bir tek ümmettir. Ben de sizin Rabbinizim. Öyleyse bana kulluk edin.,"İman, Tevhid ve Ahiret",10.04.2026,İSLAM
Enbiya,92,6,Doğrusu ümmetiniz tek bir ümmettir. Ben de sizin Rabbinizim. Öyleyse bana ibadet edin.,İslam Coğrafyası ve Küresel Meseleler,11.04.2025,"ÜMMET OLMAK, BİRLİK OLMAKTIR"
Enbiya,92,6,"Sizin ümmetiniz, tek bir ümmettir. Ben de sizin Rabbinizim. Öyleyse bana ibadet edin.",İbadet ve Kulluk,14.06.2024,"İNSANI İHYA, TOPLUMU İNŞA EDEN İBADET: HAC"
Enbiya,92,6,"Doğrusu sizin ümmetiniz, bir tek ümmettir. Ben de sizin Rabbinizim. Öyleyse bana ibadet ediniz.","Toplumsal Dayanışma, Merhamet ve Kardeşlik",15.04.2016,TEVHİD VE VAHDET MEDENİYETİ
Hadid,4,6,"Nerede olursanız olun, O sizinle beraberdir. Allah, yaptıklarınızı hakkıyla görendir.","Sabır, Tevekkül ve Manevi Olgunluk",02.10.2020,MURAKABE VE MUHASEBE BİLİNCİ
Hadid,4,6,Nerede olursanız olun Allah sizinle beraberdir.,"Ahlak, Erdem ve Söz",06.06.2025,MÜSLÜMANIN BİR DURUŞU VARDIR
Hadid,4,6,Nerede olursanız olun Allah sizinle beraberdir.,İbadet ve Kulluk,07.04.2023,İHSAN BİLİNCİ: KULLUĞUN ZİRVESİ
Hadid,4,6,Her nerede olursanız olun Allah sizinledir. Her ne yaparsanız Allah onu görendir.,İbadet ve Kulluk,07.08.2015,KULLUĞUN ÖZÜ: İHSAN
Hadid,4,6,Nerede olursanız olun O sizinle beraberdir. Allah yaptıklarınızı görmektedir,İbadet ve Kulluk,11.01.2019,"İNSANIN KEMAL YOLCULUĞU: İSLAM, İMAN VE İHSAN"
Hadid,4,6,"Nerede olursanız olun, Allah sizinle beraberdir.","Sabır, Tevekkül ve Manevi Olgunluk",29.12.2023,MUHASEBE BİLİNCİYLE BİR ÖMÜR GEÇİRMEK
Necm,39,6,İnsan için ancak çalışmasının karşılığı vardır. Çabası görülecek ve çalışmasının karşılığı kendisine mutlaka verilecektir.,"Ekonomik Hayat: Kazanç, Zekat ve İsraf",13.05.2022,İŞ VE ÇALIŞMA AHLAKI
Necm,39,6,İnsan için ancak çalıştığının karşılığı vardır ve çalıştığını da görecektir.,"Ekonomik Hayat: Kazanç, Zekat ve İsraf",25.04.2025,ALIN TERİ MUKADDESTİR
Necm,39,6,İnsan için ancak çalıştığı vardır. Şüphesiz onun çalışması ileride görülecektir. Sonra çalışmasının karşılığı kendisine tastamam verilecektir.,"Ekonomik Hayat: Kazanç, Zekat ve İsraf",26.09.2014,İŞ VE TİCARET AHLAKI-ÂHİLİK
Necm,39,6,İnsan için ancak çalıştığının karşılığı vardır ve çalışmasının karşılığı ileride mutlaka görülecektir.,"Sabır, Tevekkül ve Manevi Olgunluk",27.03.2026,TEVEKKÜL
Necm,39,6,İnsan için ancak çalıştığının karşılığı vardır ve çalıştığını da görecektir.,"Ekonomik Hayat: Kazanç, Zekat ve İsraf",28.04.2023,İŞ AHLAKI: TOPLUMSAL HUZURUN KAYNAĞI
Necm,39,6,İnsan için ancak çalıştığı vardır. Şüphesiz onun çalışması ileride görülecektir. Sonra çalışmasının karşılığı kendisine tastamam verilecektir.,"Ekonomik Hayat: Kazanç, Zekat ve İsraf",31.08.2018,"ÇALIŞMAK, HAYATIMIZA BEREKET GETİRİR"
Rum,41,6,İnsanların kendi elleriyle yapıp ettikleri yüzünden karada ve denizde düzen bozuldu; böylece Allah dönüş yapsınlar diye işlediklerinin bir kısmını onlara tattırıyor.,"Eğitim, Teknoloji, Çevre ve Toplumsal Değişim",03.06.2022,ÇEVREYE VEFA MÜMİNİN ŞİARIDIR
Rum,41,6,"İnsanların kendi elleriyle yapıp ettikleri yüzünden karada ve denizde düzen bozuldu; böylece Allah, hata ve yanlışlarından vazgeçsinler diye işlediklerinin bir kısmını onlara tattırıyor.","Eğitim, Teknoloji, Çevre ve Toplumsal Değişim",04.10.2019,DÜNYA EVİMİZ BİZE EMANETTİR
Rum,41,6,İnsanların kendi elleriyle yapıp ettikleri yüzünden karada ve denizde düzen bozuldu.,"Eğitim, Teknoloji, Çevre ve Toplumsal Değişim",09.06.2023,RABBİMİZ ÇEVRE İLE BİZLERE NE ÖĞRETİR?
Rum,41,6,İnsanların kendi elleriyle yapıp ettikleri yüzünden karada ve denizde düzen bozuldu; böylece Allah yanlış yoldan dönsünler diye işlediklerinin bir kısmını onlara tattırıyor.,"Afet, Kriz ve Sağlık",11.11.2022,ÖNCE TEDBİR SONRA TEVEKKÜL
Rum,41,6,İnsanların kendi elleriyle yapıp ettikleri yüzünden karada ve denizde düzen bozuldu; böylece Allah dönüş yapsınlar diye işlediklerinin bir kısmını onlara tattırıyor.,"Afet, Kriz ve Sağlık",16.08.2019,GÜVENLİ BİR HAYAT İÇİN AFETLERE HAZIR OLALIM
Rum,41,6,İnsanların kendi elleriyle yapıp ettikleri yüzünden karada ve denizde düzen bozuldu; böylece Allah -dönüş yapsınlar diye- işlediklerinin bir kısmını onlara tattırıyor.,"Afet, Kriz ve Sağlık",27.03.2020,ZORLUKLAR KARŞISINDA MÜMİN
Tahrim,6,6,Ey iman edenler! Kendinizi ve ailenizi yakıtı insanlar ve taşlar olan ateşten koruyun,Kur'an-ı Kerim,03.07.2026,YAZ KUR’AN KURSLARI
Tahrim,6,6,Ey iman edenler! Kendinizi ve ailenizi yakıtı insanlar ve taşlar olan cehennem ateşinden koruyun…,"Vatan, Millet ve Tarih",15.07.2022,15 TEMMUZ: BİRLİK VE BERABERLİĞİN ZAFERİ
Tahrim,6,6,Ey iman edenler! Kendinizi ve ailenizi yakıtı insanlar ve taşlar olan ateşten koruyun…,"Vatan, Millet ve Tarih",17.04.2026,"BİRBİRİMİZE KENETLENELİM, SORUMLULUKLARIMIZI İDRAK EDELİM"
Tahrim,6,6,Ey iman edenler! Kendinizi ve ailenizi cehennem ateşinden koruyun.,"Aile, Çocuk ve Nesil",17.06.2022,"HAYDİ KOŞ GEL, CAMİLER SENİNLE GÜZEL"
Tahrim,6,6,Ey iman edenler! Kendinizi ve ailenizi yakıtı insanlar ve taşlar olan cehennem ateşinden koruyun…,"Eğitim, Teknoloji, Çevre ve Toplumsal Değişim",21.06.2024,YAZA KUR’AN’LA MERHABA
Tahrim,6,6,"Ey iman edenler! Kendinizi ve ailenizi, yakıtı insanlar ve taşlar olan cehennem ateşinden koruyun…","Afet, Kriz ve Sağlık",23.02.2018,BAĞIMLILIK BİR TUZAKTIR
İsra,70,6,Andolsun biz insanoğlunu şerefli kıldık.,"Toplumsal Dayanışma, Merhamet ve Kardeşlik",02.12.2022,"ENGEL OLMA, FARKINDA OL"
İsra,70,6,"Andolsun biz insanoğluna şan, şeref ve nimetler verdik; onları karada ve denizde taşıdık, kendilerine güzel güzel rızıklar verdik ve onları yarattıklarımızın çoğundan üstün kıldık.","Afet, Kriz ve Sağlık",04.03.2022,BAĞIMLILIK: İNSAN ONURUYLA BAĞDAŞMAYAN HASTALIK
İsra,70,6,"Andolsun, biz insanoğlunu şerefli kıldık. Onları karada ve denizde taşıdık. Kendilerini en güzel ve temiz şeylerden rızıklandırdık ve onları yarattıklarımızın birçoğundan üstün kıldık.","Toplumsal Dayanışma, Merhamet ve Kardeşlik",05.04.2013,MÜKERREM BİR VARLIK OLARAK İNSAN
İsra,70,6,"Andolsun, biz insanoğlunu şerefli kıldık. Onları karada ve denizde taşıdık. Kendilerini temiz şeylerle rızıklandırdık ve onları yarattıklarımızın birçoğundan üstün kıldık.","Toplumsal Dayanışma, Merhamet ve Kardeşlik",06.11.2015,HER İNSAN ALLAH’IN BİR ÂYETİDİR!
İsra,70,6,"Andolsun, biz insanoğlunu şerefli kıldık.",Peygamberimiz ve Ashab,12.04.2013,PEYGAMBERİMİZ VE İNSAN ONURU
İsra,70,6,"Andolsun biz insanoğlunu şerefli bir varlık olarak yarattık. Onları karada ve denizde gezdirdik, kendilerine güzel güzel rızıklar verdik ve onları yarattıklarımızın çoğundan üstün kıldık.","Aile, Çocuk ve Nesil",29.10.2021,"YAŞLILARIMIZA VEFA, RAHMET VE MAĞFİRET VESİLEMİZDİR"
Al-i İmran,105,5,Kendilerine apaçık deliller geldikten sonra parçalanıp ayrılığa düşenler gibi olmayın…,"Kandiller, Muharrem ve Mübarek Geceler",02.12.2011,KERBELA’YI ANLAMAK
Al-i İmran,105,5,Kendilerine apaçık deliller geldikten sonra parçalanıp ayrılığa düşenler gibi olmayın...,"Kandiller, Muharrem ve Mübarek Geceler",05.08.2022,MUHARREM AYI VE KERBELÂ
Al-i İmran,105,5,Kendilerine apaçık deliller geldikten sonra parçalanıp ayrılığa düşenler gibi olmayın…,"Kandiller, Muharrem ve Mübarek Geceler",08.11.2013,MUHARREM AYI VE KERBELÂ
Al-i İmran,105,5,Kendilerine apaçık deliller geldikten sonra parçalanıp ayrılığa düşenler gibi olmayın,"Kandiller, Muharrem ve Mübarek Geceler",19.06.2026,BİRLİKTE RAHMET VARDIR
Al-i İmran,105,5,Kendilerine apaçık deliller geldikten sonra parçalanıp ayrılığa düşenler gibi olmayın…,"Kandiller, Muharrem ve Mübarek Geceler",31.10.2014,ORTAK HÜZÜN VE İBRET AYI: MUHARREM
Al-i İmran,147,5,"Ey Rabbimiz! Bizim günahlarımızı ve işlerimizdeki taşkınlıklarımızı bağışla! Ayaklarımızı dinin üzere sabit kıl! Ve kâfirler güruhuna karşı bize yardım et, bize zafer ihsan eyle!","İman, Tevhid ve Ahiret",17.11.2017,ALLAH KATINDA DİN İSLAM’DIR
Al-i İmran,147,5,"Ey Rabbimiz! Bizim günahlarımızı ve işlerimizdeki taşkınlıklarımızı bağışla! Ayaklarımızı dinin üzere sabit kıl! Ve Kâfirler güruhuna karşı bize yardım eyle, bize zafer ihsan eyle!","Ahlak, Erdem ve Söz",22.08.2014,HAYÂ HAYATTIR!
Al-i İmran,147,5,"Ey Rabbimiz! Günahlarımızı, işimizdeki israf ve taşkınlığı bağışla!","Ekonomik Hayat: Kazanç, Zekat ve İsraf",25.01.2013,ALLAH’IN SEVMEDİĞİ DAVRANIŞ: İSRAF
Al-i İmran,147,5,"Ey Rabbimiz! Günahlarımızı ve taşkınlıklarımızı bağışla! Ayaklarımızı dinin üzere sabit kıl! Ve Kâfirler güruhuna karşı bize yardım eyle, bize zafer ihsan eyle!","Vatan, Millet ve Tarih",25.08.2017,ZAFERLER ALLAH'TANDIR (MALAZGİRT ZAFERİ)
Al-i İmran,147,5,"Ey Rabbimiz! Bizim günahlarımızı ve işlerimizdeki taşkınlıklarımızı bağışla! Ayaklarımızı dinin üzere sabit kıl! Ve Kâfirler güruhuna karşı bize yardım eyle, bize zafer ihsan eyle!","Vatan, Millet ve Tarih",29.08.2014,ZAFERLER ALLAH’TANDIR
Ankebut,45,5,"Kitaptan sana vahyolunanı oku, namazı da dosdoğru kıl. Çünkü namaz, insanı hayâsızlıktan ve kötülükten meneder…",İbadet ve Kulluk,09.12.2022,HAYDİ NAMAZA! HAYDİ KURTULUŞA!
Ankebut,45,5,"(Ey Muhammed!) Kitaptan sana vahyolunanı oku, namazı da dosdoğru kıl. Çünkü namaz, insanı hayâsızlıktan ve kötülükten alıkor. Allah'ı anmak (olan namaz) elbette en büyük ibadettir. Allah yaptıklarınızı biliyor.",İbadet ve Kulluk,16.01.2015,"BİR TEKELLÜF DEĞİL, NİMET OLARAK NAMAZ"
Ankebut,45,5,"Kitaptan sana vahyedilenleri oku, namazını da özenle kıl. Çünkü namaz hayâsızlıktan ve kötülükten alıkoyar...","Kandiller, Muharrem ve Mübarek Geceler",24.01.2025,"MİRACIN HEDİYESİ, DİNİMİZİN DİREĞİ NAMAZ"
Ankebut,45,5,Sana vahyedilen Kitabı oku. Namazı da hakkını vererek kıl. Kuşkusuz namaz hayâsızlıktan ve kötülükten alıkoyar…,İbadet ve Kulluk,27.05.2016,NAMAZ ARINMADIR
Ankebut,45,5,"Muhakkak ki, namaz, hayâsızlıktan ve kötülükten alıkoyar","Kandiller, Muharrem ve Mübarek Geceler",29.03.2019,MİRAÇ GECESİ
Bakara,152,5,Siz beni anın ki ben de sizi anayım.,İbadet ve Kulluk,02.06.2023,KALPLER ALLAH’I ZİKRETMEKLE HUZURA KAVUŞUR
Bakara,152,5,"Beni anın ki Ben de sizi anayım. Bana şükredin, nankörlük etmeyin.","Sabır, Tevekkül ve Manevi Olgunluk",06.02.2015,ŞÜKÜR NİMETLERİ ARTIRIR
Bakara,152,5,"Artık siz beni anın ki ben de sizi anayım. Bana şükredin, bana nankörlük etmeyin!","İman, Tevhid ve Ahiret",06.05.2022,ŞÜKÜR SANA EY ŞEKÛR
Bakara,152,5,Siz beni anın ki ben de sizi anayım.,"İman, Tevhid ve Ahiret",13.01.2023,EN GÜZEL İSİMLER ALLAH’A AİTTİR
Bakara,152,5,"Artık siz beni anın ki ben de sizi anayım. Bana şükredin, nankörlük etmeyin!","Sabır, Tevekkül ve Manevi Olgunluk",14.08.2020,ŞÜKREDEN HUZUR BULUR
Bakara,183,5,"Ey iman edenler! Allah'a karşı gelmekten sakınmanız için oruç, sizden öncekilere farz kılındığı gibi, size de farz kılındı.","Ramazan, Oruç ve Bayramlar",05.07.2013,RAMAZAN VE ORUÇ
Bakara,183,5,"Ey iman edenler! Oruç, sizden öncekilere farz kılındığı gibi size de farz kılındı. Umulur ki takva sahibi olursunuz.","Ramazan, Oruç ve Bayramlar",13.02.2026,RAMAZAN İKLİMİ
Bakara,183,5,"Ey iman edenler! Kötülüklerden sakınmanız için oruç, sizden öncekilere farz kılındığı gibi, size de farz kılındı.","Ramazan, Oruç ve Bayramlar",20.07.2012,“BEN ORUÇLUYUM” DİYEBİLMEK
Bakara,183,5,Ey iman edenler! Sizden öncekilere farz kılındığı gibi size de oruç farz kılındı. Umulur ki takva sahibi olursunuz.,"Aile, Çocuk ve Nesil",24.04.2020,RAMAZAN: SABIR VE İRADE EĞİTİMİ
Bakara,183,5,"Ey iman edenler! Kötülüklerden sakınmanız için oruç, sizden öncekilere farz kılındığı gibi, size de farz kılındı.","Ramazan, Oruç ve Bayramlar",25.05.2018,ORUÇ VE KUR’ÂN AYI RAMAZAN
Maide,2,5,"…İyilikte ve takvada yardımlaşın, kötülükte ve düşmanlıkta yardımlaşmayın...","Aile, Çocuk ve Nesil",04.04.2025,GÜÇLÜ BİR TOPLUMUN İNŞASINDA ANNE BABANIN ROLÜ
Maide,2,5,"İyilik ve takvada yardımlaşın, günah ve haksızlıkta yardımlaşmayın.","Ekonomik Hayat: Kazanç, Zekat ve İsraf",10.05.2024,"MEDENİYETİMİZ, VAKIF MEDENİYETİDİR"
Maide,2,5,"...İyilik ve takvâ hususunda yardımlaşın, günah ve haksızlık yolunda yardımlaşmayın…","Ahlak, Erdem ve Söz",11.10.2024,KÖTÜLÜĞE İYİLİKLE ENGEL OLALIM
Maide,2,5,İyilik ve takvada yardımlaşın. Günah ve düşmanlıkta yardımlaşmayın. Allah'a karşı gelmekten sakının. Çünkü Allah'ın cezası çok şiddetlidir.,"Toplumsal Dayanışma, Merhamet ve Kardeşlik",21.11.2014,HAYIR HAZİNELER DOLUSUDUR
Maide,2,5,İyilik ve takva (Allah'a karşı gelmekten sakınma) üzere yardımlaşın. Ama günah ve düşmanlık üzere yardımlaşmayın. Allah'a karşı gelmekten sakının. Çünkü Allah'ın cezası çok şiddetlidir.,"Toplumsal Dayanışma, Merhamet ve Kardeşlik",27.06.2014,"KİMSE KİMSESİZ KALMASIN, BU RAMAZAN VE HER ZAMAN!"
Maide,90,5,Şeytan işi bir pisliktir.,"İman, Tevhid ve Ahiret",21.02.2025,GAYBIN BİLGİSİ YALNIZCA ALLAH’A AİTTİR
Maide,90,5,"Ey iman edenler! İçki ve benzeri şeyler, kumar, dikili taşlar ve fal okları ancak, şeytan işi birer pisliktir. Onlardan kaçının ki kurtuluşa eresiniz.","Ekonomik Hayat: Kazanç, Zekat ve İsraf",22.12.2017,HELAL HARAM DUYARLILIĞI
Maide,90,5,"Ey iman edenler! İçki, kumar, dikili taşlar ve fal okları, şeytan işi birer pisliktir. Onlardan uzak durun ki kurtuluşa eresiniz.","Afet, Kriz ve Sağlık",27.02.2026,BAĞIMLILIKLA MÜCADELEDE RAMAZAN BİR FIRSATTIR
Maide,90,5,"Ey iman edenler! İçki, kumar, dikili taşlar ve fal okları ancak şeytan işi birer pisliktir. Onlardan kaçının ki kurtuluşa eresiniz","Sabır, Tevekkül ve Manevi Olgunluk",28.12.2018,BİR ÖMÜR SORUMLULUK BİLİNCİYLE YAŞAMAK
Maide,90,5,"Ey iman edenler! İçki, kumar, dikili taşlar ve fal okları ancak şeytan işi birer pisliktir. Bunlardan kaçının ki kurtuluşa eresiniz.","Ekonomik Hayat: Kazanç, Zekat ve İsraf",29.11.2024,MADDİ VE MANEVİ TÜKENİŞ: KUMAR
Nahl,97,5,"Erkek veya kadın, kim mü'min olarak salih amel işlerse, elbette ona çok güzel bir hayat yaşatacağız ve onların mükafatlarını yapmakta olduklarının en güzeli ile vereceğiz.","İman, Tevhid ve Ahiret",08.08.2014,"SADIK İMAN, SAMİMİ NİYET, SALİH AMEL"
Nahl,97,5,"Erkek ya da kadın, kim mümin olarak salih amel işlerse, elbette ona hoş bir hayat yaşatacağız ve onların mükâfatlarını yaptıklarına karşılık olarak en güzeliyle vereceğiz.","İman, Tevhid ve Ahiret",12.04.2019,İMANIN HAYATIMIZDAKİ YANSIMALARI
Nahl,97,5,"Erkek veya kadın, mümin olarak kim iyi amel işlerse, onu mutlaka güzel bir hayat ile yaşatırız. Ve mükâfatlarını, elbette yapmakta olduklarının en güzeli ile veririz.",İbadet ve Kulluk,12.11.2021,İBADET: ALLAH İLE KUL ARASINDAKİ KUTLU BAĞ
Nahl,97,5,"Erkek ya da kadın, kim mümin olarak salih amel işlerse, elbette ona huzurlu bir hayat yaşatacağız ve onların mükâfatlarını yaptıklarına karşılık olarak en güzeliyle vereceğiz.","Ahlak, Erdem ve Söz",17.11.2023,"İMAN, İBADET VE AHLAK BÜTÜNLÜĞÜ"
Nahl,97,5,"Erkek ya da kadın, kim mümin olarak salih amel işlerse, elbette ona hoş bir hayat yaşatacağız ve onların mükafatlarını yapmakta olduklarının en güzeliyle vereceğiz.","İman, Tevhid ve Ahiret",27.07.2018,İMAN-AMEL İLİŞKİSİ
Nur,30,5,"Mümin kadınlara da söyle, gözlerini haramdan sakınsınlar, iffet ve namuslarını korusunlar. Kendiliğinden görünen yerler dışında ziynetlerini göstermesinler. Başörtülerini yakalarının üzerine salsınlar...","Ahlak, Erdem ve Söz",01.08.2025,"HAYÂ: ALLAH’IN EMRİ, FITRATIN GEREĞİ"
Nur,30,5,"Söyle müminlere, gözlerini muhafaza etsinler.","Ahlak, Erdem ve Söz",08.01.2016,EDEP VE HAYÂ
Nur,30,5,"Mümin erkeklere söyle, gözlerini haramdan sakınsınlar, iffetlerini korusunlar","Ahlak, Erdem ve Söz",25.01.2019,İSLAM AHLÂKININ ÖZÜ HAYÂDIR
Nur,30,5,"Mümin erkeklere söyle, gözlerini haramdan sakınsınlar, ırzlarını korusunlar.","Ahlak, Erdem ve Söz",26.07.2019,BEDEN MAHREMİYETİ VE TESETTÜR
Nur,30,5,"Mümin erkeklere söyle, gözlerini haramdan sakınsınlar ve iffetlerini korusunlar… Mümin kadınlara da söyle, gözlerini haramdan sakınsınlar ve iffetlerini korusunlar…","Ekonomik Hayat: Kazanç, Zekat ve İsraf",31.07.2026,HELAL HARAM DUYARLILIĞI
Taha,132,5,"Ailene namazı emret, kendin de ona sabırla devam et",İbadet ve Kulluk,09.01.2026,NAMAZ
Taha,132,5,"Ailene namazı emret, kendin de namaz kılmaya devam et.",İbadet ve Kulluk,12.04.2024,GÖZÜMÜZÜN NURU: NAMAZ
Taha,132,5,"Ailene namazı emret, kendin de ona sabırla devam et.","Aile, Çocuk ve Nesil",12.09.2025,PEYGAMBERİMİZ VE AİLE AHLAKI
Taha,132,5,Ailene namazı emret; kendin de ona sabırla devam et.,"Aile, Çocuk ve Nesil",17.04.2020,AİLE: HUZUR VE GÜVEN KAYNAĞI
Taha,132,5,"Ailene namazı emret, kendin de namaz kılmaya devam et.","Kandiller, Muharrem ve Mübarek Geceler",24.01.2025,"MİRACIN HEDİYESİ, DİNİMİZİN DİREĞİ NAMAZ"
İsra,14,5,Oku şimdi amel defterini! Bugün sana hesap sorucu olarak kendi nefsin yeter!,"İman, Tevhid ve Ahiret",01.07.2022,AHİRET GÜNÜ VE HESAP VERME BİLİNCİ
İsra,14,5,Kitabını oku! Bugün sana hesap sorucu olarak kendi nefsin yeter.,"İman, Tevhid ve Ahiret",18.08.2023,AHİRET: EBEDİ YURDUMUZ
İsra,14,5,Kitabını oku! Bugün sana hesap sorucu olarak kendi nefsin yeter.,"İman, Tevhid ve Ahiret",24.12.2021,AHİRET DAHA HAYIRLI VE SÜREKLİDİR
İsra,14,5,Oku şimdi kitabını! Bugün hesap sorucu olarak sana nefsin yeter.,"Ahlak, Erdem ve Söz",26.11.2021,MÜMİN FAYDASIZ SÖZLERDEN VE LÜZUMSUZ İŞLERDEN UZAK DURUR
İsra,14,5,Oku kitabını! Bugün sana hesap sorucu olarak nefsin yeter.,"Sabır, Tevekkül ve Manevi Olgunluk",29.12.2023,MUHASEBE BİLİNCİYLE BİR ÖMÜR GEÇİRMEK
İsra,32,5,"Zinaya yaklaşmayın. Çünkü o, hayâsızlıktır, çok kötü ve çirkin bir yoldur.","Aile, Çocuk ve Nesil",02.05.2025,NEFSİ VE NESLİ İFSAT EDEN BÜYÜK GÜNAH: ZİNA
İsra,32,5,"Zinaya yaklaşmayın. Çünkü o, son derece çirkin bir iştir ve çok kötü bir yoldur.","Aile, Çocuk ve Nesil",12.05.2023,"KADIN VE ERKEK: HÜRMETE LAYIK, SAYGIN VARLIK"
İsra,32,5,"Zinaya yaklaşmayın. Çünkü o, son derece çirkin bir iştir ve çok kötü bir yoldur.","Aile, Çocuk ve Nesil",12.09.2025,PEYGAMBERİMİZ VE AİLE AHLAKI
İsra,32,5,"Zinaya yaklaşmayın. Çünkü o, son derece çirkin bir iştir ve çok kötü bir yoldur.","Ahlak, Erdem ve Söz",25.01.2019,İSLAM AHLÂKININ ÖZÜ HAYÂDIR
İsra,32,5,"Zinaya yaklaşmayın. Çünkü o, son derece çirkin bir iştir","Ekonomik Hayat: Kazanç, Zekat ve İsraf",31.07.2026,HELAL HARAM DUYARLILIĞI
İsra,36,5,"Hakkında kesin bilgi sahibi olmadığın şeyin peşine düşme. Çünkü kulak, göz ve kalp, bunların hepsi ondan sorumludur","Ahlak, Erdem ve Söz",04.01.2019,ÖZÜ SÖZÜ DOĞRU OLMAK
İsra,36,5,"Hakkında bilgin bulunmayan şeyin ardına düşme. Çünkü kulak, göz ve gönül, bunların hepsi ondan sorumludur.","Ahlak, Erdem ve Söz",04.09.2015,"KARDEŞLİĞİ KÖRELTEN AFETLER: TECESSÜS, SU-İ ZAN…"
İsra,36,5,"Hakkında kesin bilgi sahibi olmadığın şeyin peşine düşme. Çünkü kulak, göz ve kalp, bunların hepsi ondan sorumludur.","Toplumsal Dayanışma, Merhamet ve Kardeşlik",09.08.2019,MÜMİN: HUZURLU TOPLUMUN TEMİNATI
İsra,36,5,"Hakkında kesin bilgi sahibi olmadığın şeyin peşine düşme. Çünkü kulak, göz ve kalp, bunların hepsi ondan sorumludur","Eğitim, Teknoloji, Çevre ve Toplumsal Değişim",12.09.2014,BİLGİ AHLÂKI
İsra,36,5,"Hakkında kesin bilgi sahibi olmadığın şeyin peşine düşme. Çünkü kulak, göz ve kalp, bunların hepsi ondan sorumludur.","Eğitim, Teknoloji, Çevre ve Toplumsal Değişim",17.01.2020,TEKNOLOJİ BAĞIMLILIĞI VE SOSYAL MEDYA AHLAKI
A'raf,23,4,Eğer bizi bağışlamaz ve bize acımazsan mutlaka ziyana uğrayanlardan oluruz,"Sabır, Tevekkül ve Manevi Olgunluk",13.11.2015,ZİKİR: KALPLERE HAYAT VEREN İKSİR
A'raf,23,4,Ey Rabbimiz! Biz kendimize zulmettik. Eğer bizi bağışlamaz ve bize acımazsan mutlaka hüsrana uğrayanlardan oluruz,"İman, Tevhid ve Ahiret",14.12.2018,RAHMET VE MAĞFİRET KAPISI: TEVBE
A'raf,23,4,Rabbimiz! Biz kendimize zulmettik. Eğer bizi bağışlamaz ve bize merhamet etmezsen mutlaka hüsrana uğrayanlardan oluruz.,"Sabır, Tevekkül ve Manevi Olgunluk",20.10.2017,MÜMİNCE BİR DURUŞ: TEVEKKÜL
A'raf,23,4,Rabbimiz! Biz kendimize zulmettik. Eğer bizi bağışlamaz ve bize merhamet etmezsen mutlaka ziyan edenlerden oluruz.,"Kandiller, Muharrem ve Mübarek Geceler",30.05.2014,TÖVBE VE İSTİĞFAR MEVSİMİ ÜÇ AYLAR
Al-i İmran,104,4,"İçinizden hayra çağıran, iyiliği emredip kötülükten alıkoyan bir topluluk bulunsun.",İbadet ve Kulluk,06.10.2023,"CAMİLER  VE DİN GÖREVLİLERİ: HAYRIN ANAHTARI, ŞERRİN KİLİDİ"
Al-i İmran,104,4,"İçinizden hayra çağıran, iyiliği emreden, kötülükten meneden bir topluluk bulunsun; işte onlar kurtuluşa erenlerdir.","Eğitim, Teknoloji, Çevre ve Toplumsal Değişim",22.11.2024,"İLİM İZZETE, ŞİDDET ZİLLETE GÖTÜRÜR"
Al-i İmran,104,4,"İçinizden hayra çağıran, iyiliği emredip kötülüğü meneden bir topluluk bulunsun. İşte onlar kurtuluşa erenlerdir.","Vatan, Millet ve Tarih",24.05.2024,İSLAM MEFKÛRESİNİ DİRİ TUTALIM
Al-i İmran,104,4,"İçinizden hayra çağıran, iyiliği emredip kötülüğü meneden bir topluluk bulunsun. İşte onlar, kurtuluşa erenlerdir","Vatan, Millet ve Tarih",29.05.2026,FETİH RUHU VE VAKIF MEDENİYETİ
Al-i İmran,8,4,"Rabbimiz! Bizi doğru yola eriştirdikten sonra kalplerimizi saptırma! Bize tarafından bir rahmet bağışla! Hiç kuşku yok ki, lütfu bol olan yalnız sensin.","İman, Tevhid ve Ahiret",04.12.2015,BEDEN ÜLKESİNİN SULTANI: KALP
Al-i İmran,8,4,"Rabbimiz! Bizi doğru yola eriştirdikten sonra kalplerimizi saptırma! Bize tarafından bir rahmet bağışla. Hiç kuşku yok, lütfu bol olan yalnız Sensin.","Sabır, Tevekkül ve Manevi Olgunluk",07.03.2014,İMAN VE İSTİKAMET ÜZERE OLMAK
Al-i İmran,8,4,"Rabbimiz! Bizi doğru yola eriştirdikten sonra kalplerimizi saptırma, bize tarafından bir rahmet bağışla! Kuşku yok ki lütfu bol olan yalnız sensin","İman, Tevhid ve Ahiret",17.11.2017,ALLAH KATINDA DİN İSLAM’DIR
Al-i İmran,8,4,"Rabbimiz! Bizi doğru yola eriştirdikten sonra kalplerimizi saptırma, bize tarafından bir rahmet bağışla. Kuşku yok ki lütfu bol olan yalnız sensin","İman, Tevhid ve Ahiret",28.10.2016,DÎN-İ MÜBÎN-İ İSLAM
Asr,1,4,"Asra yemin olsun ki, insan gerçekten ziyandadır. Ancak, iman edip salih ameller işleyenler, birbirlerine hakkı ve sabrı tavsiye edenler bundan müstesnadır.","Sabır, Tevekkül ve Manevi Olgunluk",19.12.2025,HER ANIMIZI EBEDİ KAZANCA DÖNÜŞTÜREBİLİRİZ
Asr,1,4,"Asra yemin ederim ki insan gerçekten ziyan içindedir. Ancak iman edip iyi ameller işleyenler, birbirlerine hakkı ve sabrı tavsiye edenler bundan müstesnadır.","Ahlak, Erdem ve Söz",26.11.2021,MÜMİN FAYDASIZ SÖZLERDEN VE LÜZUMSUZ İŞLERDEN UZAK DURUR
Asr,1,4,"Asra yemin ederim ki, İnsanlar gerçekten ziyandadır. Ancak iman edip dünya ve ahireti için yararlı işler yapanlar, birbirlerine hakkı ve sabrı tavsiye edenler başkadır.","Sabır, Tevekkül ve Manevi Olgunluk",26.12.2014,PAHA BİÇİLMEZ SERMAYE: ÖMÜR
Asr,1,4,"Andolsun zamana ki, insan gerçekten ziyan içindedir. Ancak, iman edip, sâlih ameller işleyenler, birbirlerine hakkı tavsiye edenler, birbirlerine sabrı tavsiye edenler başka, onlar ziyanda değillerdir.","Kandiller, Muharrem ve Mübarek Geceler",28.01.2022,ÜÇ AYLAR: RAHMET VE MAĞFİRET VESİLEMİZ
Bakara,155,4,"Sizi biraz korku ve açlıkla; mallardan, canlardan ve ürünlerden biraz azaltma ile deneriz. (Ey Peygamber!) Sabredenleri müjdele!","Sabır, Tevekkül ve Manevi Olgunluk",12.12.2014,"MUSİBETLER KARŞISINDA SABIR, MÜMİNCE BİR TAVIRDIR"
Bakara,155,4,"Andolsun ki sizi biraz korku ve açlıkla; mallardan, canlardan ve ürünlerden eksiltmekle sınayacağız. Sabredenleri müjdele!","Sabır, Tevekkül ve Manevi Olgunluk",22.11.2019,MUSİBETLER KARŞISINDA MÜMİNİN TAVRI
Bakara,155,4,"Andolsun ki sizi biraz korku ve açlıkla; mallardan, canlardan ve ürünlerden eksiltmekle sınayacağız. Sabredenleri müjdele!","Sabır, Tevekkül ve Manevi Olgunluk",26.02.2021,ZOR ZAMANLARDA MANEVİYATIMIZDAN DESTEK ALMAK
Bakara,155,4,"Andolsun ki sizi biraz korku ve açlıkla; mallardan, canlardan ve ürünlerden eksiltmekle sınayacağız. Sabredenleri müjdele!","Afet, Kriz ve Sağlık",31.01.2020,AFETLERE KARŞI BİLİNÇLİ OLALIM
Bakara,186,4,"Kullarım, beni senden sorarlarsa, bilsinler ki, gerçekten ben onlara çok yakınım. Bana dua edince, dua edenin duasına cevap veririm. O halde, doğru yolu bulmaları için benim davetime uysunlar, bana iman etsinler.","Kandiller, Muharrem ve Mübarek Geceler",03.04.2020,BERAT GECESİ: AF VE ARINMA VESİLESİ
Bakara,186,4,"Kullarım, beni sana sorduklarında, bilsinler ki, ben onlara çok yakınım. Dua edenin duasına karşılık veririm. Öyleyse kullarım davetime uysunlar ve bana iman etsinler ki doğru yolu bulsunlar.",İbadet ve Kulluk,03.05.2024,DUA: RABBİMİZE SIĞINMANIN SÖZLÜ İFADESİ
Bakara,186,4,"Kullarım, beni sana sorarlarsa, bilsinler ki, ben onlara çok yakınım. Bana dua edince, dua edenin duasına karşılık veririm. Şu halde kullarım benim davetime uysunlar ve bana iman etsinler ki doğru yolu bulsunlar.",İbadet ve Kulluk,10.01.2020,PEYGAMBERİMİZİN DİLİNDEN DUALAR
Bakara,186,4,Bana dua ettiğinde dua edenin dileğine karşılık veririm.,İbadet ve Kulluk,10.02.2017,MÜMİNCE YAKARIŞIN ADI: DUA
Fatiha,5,4,Rabbimiz! Ancak sana kulluk eder ve yalnız senden yardım dileriz. Bizi dosdoğru yola ilet. Nimet verdiklerinin yoluna; gazaba uğramışların ve sapmışların yolunu değil!,"Sabır, Tevekkül ve Manevi Olgunluk",01.01.2016,RABBİMİZ! BİZİ DOSDOĞRU YOLA İLET!
Fatiha,5,4,"Rabbimiz! Yalnız sana ibadet eder ve yalnız senden yardım dileriz. Bizi doğru yola, kendilerine nimet verdiklerinin yoluna ilet; gazaba uğrayanların ve sapıtanların yoluna değil!","Toplumsal Dayanışma, Merhamet ve Kardeşlik",15.04.2016,TEVHİD VE VAHDET MEDENİYETİ
Fatiha,5,4,Ey Rabbimiz! Ancak sana kulluk eder ve yalnız senden yardım dileriz.,"İman, Tevhid ve Ahiret",18.11.2022,İMAN VE İSTİKAMET
Fatiha,5,4,Ancak sana ibadet eder ve ancak senden yardım dileriz,İbadet ve Kulluk,23.03.2018,İBADET HAYATIMIZ VE GÖNÜL DÜNYAMIZ
Furkan,67,4,"Onlar, harcama yaptıklarında ne israf ederler, ne de cimri davranırlar. Bu ikisi arasında bir yol tutarlar.","Ekonomik Hayat: Kazanç, Zekat ve İsraf",05.05.2023,İSRAF: TÜKETİRKEN TÜKENMEK
Furkan,67,4,"Onlar, harcama yaptıklarında ne israf ederler, ne de cimri davranırlar. Bu ikisi arasında bir yol tutarlar.","Ekonomik Hayat: Kazanç, Zekat ve İsraf",08.06.2018,"AFİYET OLSUN, İSRAF OLMASIN"
Furkan,67,4,"Onlar, harcama yaptıklarında ne israf ederler, ne de cimri davranırlar. Bu ikisi arasında bir yol tutarlar.","Ekonomik Hayat: Kazanç, Zekat ve İsraf",09.02.2018,"İSRAF, DİNÎ VE AHLAKÎ BİR İFLASTIR"
Furkan,67,4,"Onlar, harcama yaptıklarında ne israf ederler, ne de cimri davranırlar. Bu ikisi arasında bir yol tutarlar.","Ekonomik Hayat: Kazanç, Zekat ve İsraf",25.01.2013,ALLAH’IN SEVMEDİĞİ DAVRANIŞ: İSRAF
Fussilet,34,4,İyilikle kötülük bir olmaz. Sen kötülüğü en güzel şekilde önle. O zaman bir de göreceksin ki seninle arasında düşmanlık bulunan kimse sımsıcak bir dost oluvermiş.,"Sabır, Tevekkül ve Manevi Olgunluk",01.02.2019,RIFK: ALLAH HER İŞTE ZERAFETİ SEVER
Fussilet,34,4,İyilikle kötülük bir olmaz. Sen kötülüğü iyilikle önle. O zaman göreceksin ki seninle arasında düşmanlık bulunan kimse samimi bir dost oluvermiş!,"Ramazan, Oruç ve Bayramlar",07.03.2025,İYİLİK AYI RAMAZAN
Fussilet,34,4,İyilikle kötülük bir olmaz. Sen kötülüğü iyilikle önle. O zaman göreceksin ki seninle arasında düşmanlık bulunan kimse sımsıcak bir dost oluvermiş!,"Ahlak, Erdem ve Söz",08.03.2019,İYİLİK PAYLAŞTIKÇA ÇOĞALIR
Fussilet,34,4,"İyilikle kötülük asla bir olmaz. Kötülüğü en güzel bir şekilde iyilikle ortadan kaldır. O zaman göreceksin ki, seninle arasında husumet bulunan kimse sanki sıcak bir dost oluvermiştir.","Toplumsal Dayanışma, Merhamet ve Kardeşlik",11.03.2016,DÜNYAYI İYİLİK DEĞİŞTİRİR
Haşr,10,4,"Rabbimiz! Bizi ve bizden önce iman etmiş olan kardeşlerimizi bağışla. Kalplerimizde, iman edenlere karşı hiçbir kin tutturma! Rabbimiz! Şüphesiz sen çok esirgeyicisin, çok merhametlisin.",Peygamberimiz ve Ashab,10.01.2014,MEVLİD-İ NEBİ
Haşr,10,4,"Rabbimiz! Bizi ve bizden önce iman etmiş olan kardeşlerimizi bağışla. Kalplerimizde, iman edenlere karşı hiçbir kin tutturma! Rabbimiz! Şüphesiz sen çok esirgeyicisin, çok merhametlisin.","Toplumsal Dayanışma, Merhamet ve Kardeşlik",10.10.2014,BİZ KARDEŞİZ
Haşr,10,4,"… Rabbimiz! Bizi ve bizden önceki iman etmiş kardeşlerimizi bağışla; kalplerimizde iman edenlere karşı kötü bir düşünce ve duyguya yer bırakma. Rabbimiz! Kuşkusuz sen çok şefkatlisin, çok merhametlisin.","Kandiller, Muharrem ve Mübarek Geceler",16.10.2015,MERHAMET İKSİRİNİ YUDUMLAYABİLMEK
Haşr,10,4,"Rabbimiz, bizi ve bizden önceki iman etmiş kardeşlerimizi bağışla. Kalplerimizde iman edenlere karşı hiçbir kin tutturma. Şüphesiz sen çok şefkatlisin, çok merhametlisin.","Toplumsal Dayanışma, Merhamet ve Kardeşlik",23.07.2021,MÜSLÜMAN’IN MÜSLÜMAN ÜZERİNDEKİ HAKLARI
Hucurat,12,4,Ey iman edenler! Zannın çoğundan kaçının. Çünkü zannın bir kısmı günahtır. Birbirinizin kusurunu araştırmayın. Kimse kimseyi arkasından çekiştirmesin…,"Ahlak, Erdem ve Söz",04.09.2015,"KARDEŞLİĞİ KÖRELTEN AFETLER: TECESSÜS, SU-İ ZAN…"
Hucurat,12,4,Ey iman edenler! Zannın çoğundan kaçının. Çünkü öyle zanlar vardır ki günahtır...,"Toplumsal Dayanışma, Merhamet ve Kardeşlik",09.08.2019,MÜMİN: HUZURLU TOPLUMUN TEMİNATI
Hucurat,12,4,Birbirinizin kusurlarını ve mahremini araştırmayın.,"Eğitim, Teknoloji, Çevre ve Toplumsal Değişim",17.01.2020,TEKNOLOJİ BAĞIMLILIĞI VE SOSYAL MEDYA AHLAKI
Hucurat,12,4,Ey iman edenler! Zannın çoğundan kaçının. Çünkü zannın bir kısmı günahtır. Birbirinizin kusurunu araştırmayın. Birbirinizin gıybetini yapmayın…,"Ahlak, Erdem ve Söz",18.04.2025,HUCURÂT SÛRESİ: ERDEMLİ BİR TOPLUMUN İNŞASI
Hucurat,13,4,"Ey insanlar! Şüphe yok ki, biz sizi bir erkek ve bir dişiden yarattık ve birbirinizle tanışasınız diye sizi boylara ve kabilelere ayırdık. Allah katında en değerli olanınız, O'na karşı gelmekten en çok sakınanınızdır. Şüphesiz Allah hakkıyla bilendir, hakkıyla haberdâr olandır.","Aile, Çocuk ve Nesil",05.06.2015,"İSLÂM, IRKÇILIĞIN HER TÜRLÜSÜNÜ REDDEDER"
Hucurat,13,4,"Ey insanlar! Şüphe yok ki, biz sizi bir erkek ve bir dişiden yarattık ve birbirinizi tanımanız için sizi boylara ve kabilelere ayırdık. Allah katında en değerli olanınız, O'na karşı gelmekten en çok sakınanınızdır. Şüphesiz Allah hakkıyla bilendir, hakkıyla haberdar olandır.","Toplumsal Dayanışma, Merhamet ve Kardeşlik",10.04.2015,HZ. PEYGAMBER VE BİRLİKTE YAŞAMA AHLAKI
Hucurat,13,4,Ey insanlar! Şüphesiz sizi bir erkek ile bir kadından yarattık…,"Aile, Çocuk ve Nesil",12.05.2023,"KADIN VE ERKEK: HÜRMETE LAYIK, SAYGIN VARLIK"
Hucurat,13,4,"Allah katında en değerliniz, en derin takva bilincine sahip olanınızdır","Ahlak, Erdem ve Söz",20.12.2019,TAKVA: EN HAYIRLI AZIĞIMIZ
Hud,112,4,"Emrolunduğun gibi dosdoğru ol. Beraberindeki tövbe edenler de dosdoğru olsunlar. Hak ve adalet ölçülerini aşmayın. Şüphesiz Allah, yaptıklarınızı hakkıyla görmektedir.","Ahlak, Erdem ve Söz",04.02.2022,SÖZ VE DAVRANIŞLARIMIZDA DOĞRU OLALIM
Hud,112,4,Emrolunduğun gibi dosdoğru ol.,"İman, Tevhid ve Ahiret",18.11.2022,İMAN VE İSTİKAMET
Hud,112,4,Emrolunduğun gibi dosdoğru ol.,"Ahlak, Erdem ve Söz",29.09.2023,"PEYGAMBERİMİZ, İMAN VE İSTİKAMET"
Hud,112,4,Emrolunduğun gibi dosdoğru ol.,"Kandiller, Muharrem ve Mübarek Geceler",31.05.2019,KADİR GECESİ: KUR'ÂN İLE ŞEREFLENEN GECE
Kaf,18,4,İnsan hiçbir söz söylemez ki onun yanında yaptıklarını gözetleyen ve kaydeden hazır bir melek bulunmasın.,"Sabır, Tevekkül ve Manevi Olgunluk",02.10.2020,MURAKABE VE MUHASEBE BİLİNCİ
Kaf,18,4,İnsan hiçbir söz söylemez ki onun yanında yaptıklarını gözetleyen ve kaydeden hazır bir melek bulunmasın.,"Ahlak, Erdem ve Söz",07.02.2025,"DİL, İNSANIN YA CENNETİ YA DA CEHENNEMİDİR"
Kaf,18,4,"İnsanın yanında, söylediği her sözü kaydeden bir melek mutlaka hazır bulunur.","Ahlak, Erdem ve Söz",22.05.2026,SÖZ AHLAKI VE SOSYAL MEDYA
Kaf,18,4,İnsan hiçbir söz söylemez ki onun yanında yaptıklarını gözetleyen ve kaydeden hazır bir melek bulunmasın,"Ahlak, Erdem ve Söz",25.09.2026,TEBLİĞ SORUMLULUĞUMUZ
Kehf,46,4,"Ölümsüz olan iyi işler, Rabbinin nezdinde hem sevapça daha hayırlı, hem de ümit bağlamaya daha lâyıktır.","Ekonomik Hayat: Kazanç, Zekat ve İsraf",14.05.2021,VAKIF: ŞEFKAT VE MERHAMET MEDENİYETİ
Kehf,46,4,dünya hayatının süsü,"Aile, Çocuk ve Nesil",20.04.2018,YARINLARIMIZIN ÜMİDİ ÇOCUKLARIMIZ
Kehf,46,4,dünya hayatının süsü,"Aile, Çocuk ve Nesil",20.06.2025,"HER YAZ YENİ BİR HEYECAN: CAMİ, ÇOCUK VE KUR’AN"
Kehf,46,4,"Servet ve evlatlar, dünya hayatının süsüdür. Baki kalacak salih ameller ise, Rabbinin nezdinde hem sevapça daha hayırlı hem de ümit bağlamaya daha lâyıktır.","Aile, Çocuk ve Nesil",30.10.2020,PEYGAMBERİMİZ VE ÇOCUK
Kıyamet,36,4,"İnsan, kendisinin başıboş bırakılacağını mı zanneder?",İbadet ve Kulluk,05.12.2025,"İNSAN, HUZURU İBADETLE ELDE EDER"
Kıyamet,36,4,"İnsan, kendisinin başıboş bırakılacağını mı zanneder?","İman, Tevhid ve Ahiret",06.11.2020,MÜMİN SORUMLULUK SAHİBİDİR
Kıyamet,36,4,"İnsan, kendisinin başıboş bırakılacağını mı zannediyor?","Ahlak, Erdem ve Söz",28.03.2014,HÜRRİYET VE MESULİYET
Kıyamet,36,4,"İnsan, kendisinin başıboş bırakılacağını mı zanneder?","Sabır, Tevekkül ve Manevi Olgunluk",28.12.2018,BİR ÖMÜR SORUMLULUK BİLİNCİYLE YAŞAMAK
Mülk,2,4,"Allah, hanginizin daha güzel işler yapacağını sınamak için ölümü ve hayatı yaratandır. O, güçlüdür, bağışlayandır.","Sabır, Tevekkül ve Manevi Olgunluk",25.12.2015,SAYILI NEFESLERİMİZİ TÜKETİRKEN…
Mülk,2,4,"Allah, hanginizin işini daha güzel yapacağını sınamak için ölümü ve hayatı yaratandır. O, mutlak güç sahibidir, çok bağışlayandır.",İslam Coğrafyası ve Küresel Meseleler,26.01.2024,MÜLK SÛRESİNDEN MESAJLAR
Mülk,2,4,"Allah, hanginizin işini daha güzel yapacağını sınamak için ölümü de hayatı da yaratandır…","Ekonomik Hayat: Kazanç, Zekat ve İsraf",26.04.2024,HER İŞİN BİR AHLAKI VARDIR
Mülk,2,4,"Allah, hanginizin daha iyi amel işlediğini ortaya koymak amacıyla sizi imtihan etmek için ölümü ve hayatı yaratandır. O, mutlak güç sahibidir, çok bağışlayandır.","Sabır, Tevekkül ve Manevi Olgunluk",29.12.2017,EŞSİZ SERMAYEMİZ: ÖMÜR
Nahl,125,4,Rabbinin yoluna hikmetle ve güzel öğütle davet et.,"Eğitim, Teknoloji, Çevre ve Toplumsal Değişim",08.09.2023,"İLİM YOLU, CENNET YOLUDUR"
Nahl,125,4,Rabbinin yoluna hikmetle ve güzel öğütle davet et…,"Toplumsal Dayanışma, Merhamet ve Kardeşlik",21.11.2025,ŞİDDETİN ÇARESİ MERHAMET EĞİTİMİ
Nahl,125,4,Rabbinin yoluna hikmetle ve güzel öğütle davet et,"Eğitim, Teknoloji, Çevre ve Toplumsal Değişim",24.04.2026,MERHAMET EĞİTİMİ
Nahl,125,4,Rabbinin yoluna hikmetle ve güzel öğütle davet et…,"Ahlak, Erdem ve Söz",25.09.2026,TEBLİĞ SORUMLULUĞUMUZ
Nisa,29,4,"Ey iman edenler! Karşılıklı rızaya dayanan ticaret dışında, mallarınızı aranızda haksız ve haram yollarla yemeyin ve kendinizi helak etmeyin. Şüphesiz Allah size karşı çok merhametlidir.","Ekonomik Hayat: Kazanç, Zekat ve İsraf",15.09.2023,AHÎLİK: DÜRÜSTLÜK VE MERHAMETİ TİCARETE HÂKİM KILMAK
Nisa,29,4,"Ey iman edenler! Mallarınızı aranızda haksız yollarla değil, karşılıklı rıza ile yapılan ticaretle yiyin, haram ile kendinizi mahvetmeyin. Şüphesiz Allah size karşı çok merhametlidir.","Ekonomik Hayat: Kazanç, Zekat ve İsraf",17.09.2021,TİCARET HAYATINDA HELAL HARAM BİLİNCİ
Nisa,29,4,Kendinizi öldürmeyin!,"Vatan, Millet ve Tarih",26.08.2016,HAYAT VEREN DİN: İSLÂM
Nisa,29,4,Ey iman edenler! Karşılıklı rızâya dayanan ticaret dışında mallarınızı aranızda batıl yollarla yemeyin. Kendinizi helak etmeyin.,"Kandiller, Muharrem ve Mübarek Geceler",31.05.2019,KADİR GECESİ: KUR'ÂN İLE ŞEREFLENEN GECE
Saff,8,4,Kâfirler istemeseler de Allah nurunu tamamlayacaktır.,İslam Coğrafyası ve Küresel Meseleler,13.10.2023,ZULÜMLE ÂBÂD OLUNMAZ
Saff,8,4,Kâfirler istemeseler de Allah nurunu tamamlayacaktır.,Peygamberimiz ve Ashab,13.12.2024,HER ZORLUKTAN SONRA KOLAYLIK VARDIR
Saff,8,4,Kâfirler istemeseler de Allah nurunu tamamlayacaktır.,"Vatan, Millet ve Tarih",25.10.2024,VATAN MÜDAFAASI MUKADDESTİR
Saff,8,4,Kâfirler istemese de Allah nurunu tamamlayacaktır.,"Ramazan, Oruç ve Bayramlar",30.03.2025,RAMAZAN BAYRAMI: SEVİNÇ VE KARDEŞLİK GÜNLERİ
Tevbe,111,4,"Şüphesiz Allah, müminlerden canlarını ve mallarını, kendilerine vereceği cennet karşılığında satın almıştır…","Ekonomik Hayat: Kazanç, Zekat ve İsraf",09.05.2025,"VAKIF: YARATAN’A HÜRMET, YARATILANA MERHAMET"
Tevbe,111,4,"Allah, müminlerden, mallarını ve canlarını cennet karşılığında satın almıştır","Vatan, Millet ve Tarih",25.08.2017,ZAFERLER ALLAH'TANDIR (MALAZGİRT ZAFERİ)
Tevbe,111,4,"Allah, müminlerden, mallarını ve canlarını cennet karşılığında satın almıştır","Vatan, Millet ve Tarih",29.08.2014,ZAFERLER ALLAH’TANDIR
Tevbe,111,4,"Şüphesiz Allah, müminlerden canlarını ve mallarını, kendilerine vereceği cennet karşılığında satın almıştır…","Vatan, Millet ve Tarih",30.08.2024,"BİZİ BİZ YAPAN, BİZİ MİLLET KILAN RUH"
Tevbe,40,4,Üzülme! Allah bizimle beraberdir,"Vatan, Millet ve Tarih",10.07.2026,DİN İSTİSMARI
Tevbe,40,4,Üzülme! Allah bizimle beraberdir,"Ahlak, Erdem ve Söz",10.11.2017,ÖRNEK İNSAN: MÜMİN
Tevbe,40,4,Şüphesiz Allah bizimle beraberdir,"İman, Tevhid ve Ahiret",13.12.2013,DÜNYADA YOLCU OLABİLMEK!
Tevbe,40,4,Üzülme! Endişelenme! Zira Allah bizimle beraberdir.,"İman, Tevhid ve Ahiret",21.04.2017,MÜMİN GÜVENEN VE GÜVENİLEN İNSANDIR
Tin,4,4,"Biz, insanı gerçekten en güzel biçimde yarattık.","Toplumsal Dayanışma, Merhamet ve Kardeşlik",02.12.2022,"ENGEL OLMA, FARKINDA OL"
Tin,4,4,Biz insanı en güzel biçimde yarattık. Sonra onu aşağıların aşağısına indirdik. Ancak iman edip yararlı işler yapanlar müstesna! Onlar için kesintisiz bir ödül vardır.,"İman, Tevhid ve Ahiret",03.01.2020,"İNSAN, İMAN VE HAYAT"
Tin,4,4,Şüphesiz biz insanı en güzel biçimde yarattık.,"Toplumsal Dayanışma, Merhamet ve Kardeşlik",03.12.2021,ENGELLERİ HEP BİRLİKTE VE SEVGİYLE AŞALIM
Tin,4,4,"Biz, gerçekten insanı en güzel bir biçimde yarattık.",Peygamberimiz ve Ashab,12.04.2013,PEYGAMBERİMİZ VE İNSAN ONURU
Zilzal,7,4,Kim zerre ağırlığınca bir hayır işlerse onun mükâfatını görecektir. Kim de zerre ağırlığınca bir kötülük işlerse onun cezasını görecektir.,"İman, Tevhid ve Ahiret",05.06.2020,AHİRETE İNANAN MÜMİN
Zilzal,7,4,Kim zerre miktarı hayır işlerse mutlaka karşılığını görecektir. Kim de zerre miktarı şer işlerse karşılığını görecektir.,"İman, Tevhid ve Ahiret",06.05.2016,O BÜYÜK GÜNE HAZIR MIYIZ?
Zilzal,7,4,Kim zerre ağırlığınca bir hayır işlerse onun mükâfatını görecektir. Kim de zerre ağırlığınca bir kötülük işlerse onun cezasını görecektir.,"İman, Tevhid ve Ahiret",08.10.2021,SONSUZ HAYAT AHİRET
Zilzal,7,4,Her kim zerre ağırlığınca bir hayır işlerse onun mükâfatını görecektir. Kim de zerre ağırlığınca kötülük işlerse onun cezasını görecektir.,"İman, Tevhid ve Ahiret",27.02.2015,ÖLÜM VE ÖTESİ
İbrahim,40,4,Rabbim! Beni namaza devam eden bir kimse eyle. Soyumdan da böyle kimseler yarat. Rabbimiz! Duamı kabul eyle.,"Aile, Çocuk ve Nesil",09.06.2017,KUR’AN AYINDA KUR’AN’LA BULUŞALIM
İbrahim,40,4,Rabbim! Beni ve soyumdan gelecekleri namazı devamlı kılanlardan eyle.,İbadet ve Kulluk,09.10.2015,NAMAZ DİRİLİŞTİR
İbrahim,40,4,"Rabbim! Beni ve çocuklarımı namaz kılanlardan eyle. Rabbimiz! Duamı kabul buyur. Hesap görülecek günde, beni, anamı babamı ve inananları bağışla.",İbadet ve Kulluk,16.01.2015,"BİR TEKELLÜF DEĞİL, NİMET OLARAK NAMAZ"
İbrahim,40,4,Rabbim! Beni ve soyumdan gelecek olanları namaza devam edenlerden eyle!,"Aile, Çocuk ve Nesil",23.06.2023,BABA: CENNETE AÇILAN KAPI
Ahzab,45,3,"Ey Peygamber! Biz seni bir şahit, bir müjdeleyici, bir uyarıcı; Allah'ın izniyle kendi yoluna çağıran bir davetçi ve aydınlatıcı bir kandil olarak gönderdik.",Peygamberimiz ve Ashab,02.01.2015,MEVLİD: RAHMET ELÇİSİNİN DÜNYAYI TEŞRİFİ
Ahzab,45,3,"Ey Peygamber! Biz seni bir şahit, bir müjdeleyici, bir uyarıcı; Allah'ın izniyle kendi yoluna çağıran bir davetçi ve aydınlatıcı bir kandil olarak gönderdik.","Kandiller, Muharrem ve Mübarek Geceler",16.11.2018,MEVLİD-İ NEBİ
Ahzab,45,3,"Ey Peygamber! Biz seni bir şahit, bir müjdeleyici, bir uyarıcı; Allah’ın izniyle kendi yoluna çağıran bir davetçi ve aydınlatıcı bir kandil olarak gönderdik.",Peygamberimiz ve Ashab,21.08.2026,MEVLİD-İ NEBİ
Al-i İmran,134,3,"Onlar bollukta ve darlıkta Allah yolunda infak edenlerdir, öfkelerine hâkim olanlardır, insanları affedenlerdir.","Sabır, Tevekkül ve Manevi Olgunluk",01.04.2016,ÖFKEYE HÂKİM OLABİLMEK
Al-i İmran,134,3,"O takvâ sahipleri ki, bollukta da darlıkta da Allah için infak ederler; öfkelerini yutarlar ve insanları affederler…","Ahlak, Erdem ve Söz",06.06.2025,MÜSLÜMANIN BİR DURUŞU VARDIR
Al-i İmran,134,3,Onlar bollukta ve darlıkta Allah yolunda harcayanlardır. Öfkelerini yenenlerdir. İnsanları affedenlerdir. Allah iyilik edenleri sever.,"Ahlak, Erdem ve Söz",19.04.2024,HAYATIN HER ALANINDA ÖFKEMİZE HÂKİM OLALIM
Al-i İmran,161,3,"Kim devlet malına hıyanet ederse, kıyamet günü, hainlik ettiği şeyin günahı boynuna asılı olarak gelir.","Toplumsal Dayanışma, Merhamet ve Kardeşlik",14.10.2022,KUL VE KAMU HAKKI
Al-i İmran,161,3,"Hiçbir peygamberin emanete hıyanet etmesi düşünülemez. Kim emanete, devlet malına hıyanet ederse, kıyamet günü, hainlik ettiği şeyin günahı, boynuna asılı olarak gelir. Sonra da hiçbir haksızlığa uğratılmaksızın herkese kazandığının karşılığı tastamam ödenir.","Toplumsal Dayanışma, Merhamet ve Kardeşlik",18.10.2019,KUL VE KAMU HAKKI
Al-i İmran,161,3,"…Kim, kamu malına ihanet ederse, kıyamet günü, hainlik ettiği şeyin günahı, boynuna asılı olarak gelir...","Ekonomik Hayat: Kazanç, Zekat ve İsraf",27.06.2025,KAMU HAKKI DOKUNULMAZDIR
Al-i İmran,164,3,"Andolsun Allah müminlere, kendi içlerinden, onlara ayetlerini okuyan, onları arıtıp tertemiz yapan, onlara kitap ve hikmeti öğreten bir peygamber göndermekle büyük bir lütufta bulunmuştur...",Peygamberimiz ve Ashab,03.02.2012,MEVLİD-İ NEBİ
Al-i İmran,164,3,"Allah, müminlere kendi içlerinden; onlara ayetlerini okuyan, onları günahlardan arındırıp tertemiz yapan, onlara kitap ve hikmeti öğreten bir peygamber göndermekle büyük bir lütufta bulunmuştur...","Eğitim, Teknoloji, Çevre ve Toplumsal Değişim",22.11.2024,"İLİM İZZETE, ŞİDDET ZİLLETE GÖTÜRÜR"
Al-i İmran,164,3,"Andolsun ki Allah, müminlere kendi içlerinden; onlara ayetlerini okuyan, onları arındırıp tertemiz yapan, onlara Kitap ve hikmeti öğreten bir peygamber göndermekle büyük bir lütufta bulunmuştur.","Kandiller, Muharrem ve Mübarek Geceler",23.10.2020,MEVLİD-İ NEBİ
Al-i İmran,169,3,Allah yolunda öldürülenlere sakın ölüler demeyin. Bilâkis onlar diridirler; Rableri katında rızıklara mazhar olmaktadırlar.,"Vatan, Millet ve Tarih",14.11.2025,VATAN VE MİLLET RUHUMUZ
Al-i İmran,169,3,"Allah yolunda öldürülenleri sakın ölüler sanma. Bilakis onlar diridirler. Rableri katında Allah'ın, lütfundan kendilerine verdiği nimetlerin sevincini yaşayarak rızıklandırılmaktadırlar.","Vatan, Millet ve Tarih",15.03.2013,ŞEHİTLİK VE ÇANAKKALE
Al-i İmran,169,3,"Allah yolunda öldürülenleri sakın ölü sanma! Bilakis onlar diridirler; Allah'ın, lütuf ve kereminden kendilerine verdikleri ile sevinçli bir halde Rableri yanında rızıklara mazhar olmaktadırlar. Arkalarından gelecek ve henüz kendilerine katılmamış olan şehit kardeşlerine de hiçbir keder ve korku bulunmadığı müjdesinin sevincini duymaktadırlar.","Vatan, Millet ve Tarih",15.03.2019,ÇANAKKALE ZAFERİ VE BİRLİK RUHU
Al-i İmran,173,3,"Allah bize yeter, O ne güzel vekildir. O ne güzel mevlâdır, O ne güzel yardımcıdır!","Afet, Kriz ve Sağlık",03.03.2023,MÜSLÜMANLAR BİRBİRİNİN UMUDUDUR
Al-i İmran,173,3,Allah bize yeter. O ne güzel vekildir.,"İman, Tevhid ve Ahiret",13.01.2023,EN GÜZEL İSİMLER ALLAH’A AİTTİR
Al-i İmran,173,3,Allah bize yeter. O ne güzel vekildir!,"İman, Tevhid ve Ahiret",27.07.2018,İMAN-AMEL İLİŞKİSİ
Bakara,110,3,"Namazı kılın, zekâtı verin. Kendiniz için önceden ne hayır yaparsanız Allah katında onu bulursunuz. Muhakkak ki Allah, yaptıklarınızı eksiksiz görür.","Ekonomik Hayat: Kazanç, Zekat ve İsraf",06.03.2026,ZEKÂT VE FITIR SADAKASI
Bakara,110,3,"Namazı kılın, zekâtı verin. Önceden kendiniz için ne hayır yaparsanız Allah katında onu bulursunuz. Şüphesiz Allah yaptıklarınızı eksiksiz görür.","Ekonomik Hayat: Kazanç, Zekat ve İsraf",14.03.2025,İYİLİK KÖPRÜSÜ: ZEKÂT VE FITIR SADAKASI
Bakara,110,3,"Namazı kılın, zekâtı verin. Kendiniz için her ne hayır yaparsanız Allah katında onu bulursunuz. Muhakkak ki Allah, yaptıklarınızı eksiksiz görür.","Ekonomik Hayat: Kazanç, Zekat ve İsraf",29.03.2024,KARDEŞLİĞİMİZ ZEKÂTLA BEREKETLENSİN
Bakara,128,3,"Rabbimiz! Bizi sana teslim olanlardan eyle, soyumuzdan da sana teslim olacak bir ümmet çıkar.",İbadet ve Kulluk,03.05.2024,DUA: RABBİMİZE SIĞINMANIN SÖZLÜ İFADESİ
Bakara,128,3,Rabbimiz! Bizi ve gelecek nesillerimizi sana teslim olanlardan eyle!,"Ramazan, Oruç ve Bayramlar",09.09.2016,BAYRAM VE HZ. İBRAHİM
Bakara,128,3,"Ey Rabbimiz! Bizi sana teslim olanlardan eyle, soyumuzdan da sana teslim olacak bir ümmet çıkar. Bize ibadet usullerimizi göster, tövbemizi kabul et. Şüphesiz tövbeleri kabul eden, merhameti bol olan yalnız sensin.","Aile, Çocuk ve Nesil",24.01.2020,SORUMLULUK SAHİBİ BİR BABA OLABİLMEK
Bakara,168,3,Ey insanlar! Yeryüzündeki şeylerin helâl ve temiz olanlarından yiyin! Şeytanın izinden yürümeyin. Çünkü o sizin için apaçık bir düşmandır.,"Ekonomik Hayat: Kazanç, Zekat ve İsraf",12.07.2013,HELAL KAZANÇ HELAL LOKMA
Bakara,168,3,"Ey insanlar! Yeryüzündeki helâl ve temiz olan şeylerden yiyin; şeytanın peşinden gitmeyin, çünkü o apaçık düşmanınızdır.","Ekonomik Hayat: Kazanç, Zekat ve İsraf",31.07.2026,HELAL HARAM DUYARLILIĞI
Bakara,168,3,Ey insanlar! Yeryüzündeki şeylerin helâl ve temiz olanlarından yiyin...,"Ekonomik Hayat: Kazanç, Zekat ve İsraf",31.08.2018,"ÇALIŞMAK, HAYATIMIZA BEREKET GETİRİR"
Bakara,201,3,Ey Rabbimiz! Bize dünyada da iyilik ver ahirette de iyilik ver ve bizi ateş azabından koru!,"İman, Tevhid ve Ahiret",05.12.2014,AHİRET: HESAP VERME BİLİNCİ
Bakara,201,3,Rabbimiz! Bize dünyada iyilik ver. Ahirette de iyilik ver. Bizi cehennem azabından koru,İbadet ve Kulluk,10.02.2017,MÜMİNCE YAKARIŞIN ADI: DUA
Bakara,201,3,"Rabbimiz! Bize dünyada da iyilik ver, ahirette de iyilik ver ve bizi cehennem azabından koru!","Toplumsal Dayanışma, Merhamet ve Kardeşlik",11.03.2016,DÜNYAYI İYİLİK DEĞİŞTİRİR
Bakara,205,3,"O, senin yanından ayrılınca yeryüzünde bozgunculuk yapmaya, ekini ve nesli yok etmeye çalışır. Allah ise bozgunculuğu sevmez","Eğitim, Teknoloji, Çevre ve Toplumsal Değişim",02.11.2018,TEMİZ GIDA TEMİZ NESİL
Bakara,205,3,"İnsanların bazıları vardır ki, eline fırsat geçtiğinde yeryüzünde bozgunculuk çıkarıp ürünleri ve nesilleri yok etmeye çalışır. Allah bozgunculuğu sevmez.","Eğitim, Teknoloji, Çevre ve Toplumsal Değişim",16.08.2024,ÇEVREMİZ BİZE EMANETTİR
Bakara,205,3,"İnsanlardan öyleleri vardır ki, eline güç geçtiğinde bozgunculuk çıkarıp ürünleri, kültürleri ve nesilleri yok etmeye çalışır. Allah ise bozgunculuğu asla sevmez.","Vatan, Millet ve Tarih",26.12.2025,KİMLİĞİMİZ GELECEĞİMİZDİR
Bakara,276,3,"Allah, faizden elde edilen malı mahveder. Sadakaları ise artırır, bereketlendirir. Allah hiçbir günahkâr nankörü sevmez.","Ekonomik Hayat: Kazanç, Zekat ve İsraf",01.06.2018,MEŞRU OLMAYAN KAZANÇ: FAİZ
Bakara,276,3,"Allah, faizden elde edilen malı mahveder. Sadakaları ise artırır, bereketlendirir. Allah hiçbir günahkâr nankörü sevmez.","Ekonomik Hayat: Kazanç, Zekat ve İsraf",16.06.2017,"ZEKÂT, KAZANCI ARTIRIR; FAİZ YOK EDER"
Bakara,276,3,"Allah, faizle elde edilen malı mahveder, zekâtı ve sadakası verilen malı ise artırır","Ekonomik Hayat: Kazanç, Zekat ve İsraf",23.08.2019,FAİZİN TOPLUMSAL ZARARLARI
Enbiya,107,3,Ey Muhammed! Biz seni âlemlere rahmet olarak gönderdik.,Peygamberimiz ve Ashab,07.10.2022,ÂLEMLERE RAHMET HZ. MUHAMMED (S.A.S)
Enbiya,107,3,Biz seni ancak âlemlere rahmet olarak gönderdik.,Peygamberimiz ve Ashab,18.12.2015,RAHMET VE MERHAMET YÜKLÜ ADALET PEYGAMBERİ
Enbiya,107,3,Resûlüm! Biz seni âlemlere ancak rahmet olarak gönderdik.,Peygamberimiz ve Ashab,29.08.2025,ÂLEMLERE RAHMET HZ. MUHAMMED (S.A.S)
Enfal,60,3,"Düşmanlarınıza karşı gücünüz yettiği kadar hazırlık yapın, kuvvet hazırlayın…","Kandiller, Muharrem ve Mübarek Geceler",04.07.2025,GEÇMİŞE İBRETLE GELECEĞE FERASETLE BAKALIM
Enfal,60,3,"Düşmanlarınıza karşı gücünüz yettiği kadar hazırlık yapın, kuvvet hazırlayın.",İslam Coğrafyası ve Küresel Meseleler,04.10.2024,ZULÜM ASLA PAYİDAR OLMAZ
Enfal,60,3,"Düşmanlarınıza karşı gücünüz yettiği kadar hazırlık yapın, kuvvet hazırlayın.",İslam Coğrafyası ve Küresel Meseleler,25.07.2025,GAZZE: İNSANLIĞIN ONUR SINAVI
Furkan,74,3,Rabbimiz! Eşlerimizi ve çocuklarımızı bize göz aydınlığı kıl ve bizi Allah'a karşı gelmekten sakınanlara önder eyle,"Toplumsal Dayanışma, Merhamet ve Kardeşlik",09.03.2018,"İSLAM'DA KADIN: ADALET, MERHAMET VE HAKKANİYET"
Furkan,74,3,Rabbimiz! Eşlerimizi ve çocuklarımızı bize göz aydınlığı kıl ve bizi Allah'a karşı gelmekten sakınanlara önder eyle!,Kur'an-ı Kerim,12.06.2015,KUR’AN AYINDA KUR’AN’LA BULUŞALIM!
Furkan,74,3,Ey Rabbimiz! Eşlerimizi ve çocuklarımızı bize göz aydınlığı kıl ve bizi takva sahiplerine öncü eyle!,"Aile, Çocuk ve Nesil",31.10.2025,AİLEDE HUZURUN KAYNAĞI: MERHAMET VE MUHABBET
Furkan,77,3,Kulluğunuz ve niyazınız olmasa Allah size ne diye değer versin!,İbadet ve Kulluk,05.12.2025,"İNSAN, HUZURU İBADETLE ELDE EDER"
Furkan,77,3,De ki! Duanız olmasa Rabbim size ne diye değer versin?,İbadet ve Kulluk,06.06.2014,"DUA, İBADETİN ÖZÜDÜR"
Furkan,77,3,De ki: Duanız olmasa Allah size ne diye değer versin!,"Afet, Kriz ve Sağlık",27.03.2020,ZORLUKLAR KARŞISINDA MÜMİN
Hac,77,3,"Ey iman edenler! Rükû edin, secdeye kapanın, Rabbinize ibadet edin, dünya ve âhiret için faydalı işler yapın ki kurtuluşa eresiniz.","Ramazan, Oruç ve Bayramlar",01.05.2020,RAMAZAN VE SORUMLULUK BİLİNCİ
Hac,77,3,"Ey iman edenler, rükû edin, secde edin, Rabbinize kulluk edin ve hayır işleyin ki kurtuluşa eresiniz.","Ramazan, Oruç ve Bayramlar",16.04.2021,ŞİFA AYI RAMAZAN
Hac,77,3,"Ey iman edenler! Rükû edin, secde edin, Rabbinize kulluk edin ve ahiret için faydalı işler yapın ki kurtuluşa eresiniz.",İbadet ve Kulluk,30.09.2022,ONUN (S.A.S) ÇAĞRISI
Haşr,18,3,"Ey iman edenler! Allah'a karşı gelmekten sakının ve herkes, yarın için önceden ne göndermiş olduğuna baksın. Allah'a karşı gelmekten sakının. Şüphesiz Allah, yaptıklarınızdan hakkıyla haberdardır.","Toplumsal Dayanışma, Merhamet ve Kardeşlik",17.04.2015,"DÜNYA BİZE, BİZ BİRBİRİMİZE EMANETİZ!"
Haşr,18,3,Ey iman edenler! Allah için takva sahibi olun. Herkes yarın için ne hazırladığına baksın!,"Ahlak, Erdem ve Söz",20.12.2019,TAKVA: EN HAYIRLI AZIĞIMIZ
Haşr,18,3,Ey iman edenler! Allah için takva sahibi olun. Herkes yarın için ne hazırladığına baksın!,İbadet ve Kulluk,22.05.2020,BİR ÖMRÜ RAMAZAN GİBİ YAŞAMAK
Hucurat,6,3,Ey iman edenler! Eğer bir fâsık size bir haber getirirse onun doğruluğunu araştırın. Yoksa bilmeden bir topluluğa kötülük edersiniz de sonra yaptığınıza pişman olursunuz.,"Ahlak, Erdem ve Söz",04.02.2022,SÖZ VE DAVRANIŞLARIMIZDA DOĞRU OLALIM
Hucurat,6,3,Ey iman edenler! Eğer bir fâsık size bir haber getirirse onun doğruluğunu araştırın.…,"Toplumsal Dayanışma, Merhamet ve Kardeşlik",09.08.2019,MÜMİN: HUZURLU TOPLUMUN TEMİNATI
Hucurat,6,3,Ey iman edenler! Size bir fâsık haber getirirse onun doğruluğunu araştırın…,"Ahlak, Erdem ve Söz",18.04.2025,HUCURÂT SÛRESİ: ERDEMLİ BİR TOPLUMUN İNŞASI
Hud,42,3,"Yavrucuğum! Bizimle beraber sen de gemiye bin, inkârcılarla birlikte olma.","Sabır, Tevekkül ve Manevi Olgunluk",03.01.2025,MÜMİNİN HAYATINDA UMUTSUZLUĞA YER YOKTUR
Hud,42,3,"…Haydi yavrum gel, sen de bizimle birlikte gemiye bin…","Aile, Çocuk ve Nesil",04.04.2025,GÜÇLÜ BİR TOPLUMUN İNŞASINDA ANNE BABANIN ROLÜ
Hud,42,3,Haydi yavrum! Sen de bizimle birlikte bin!,"Aile, Çocuk ve Nesil",23.06.2023,BABA: CENNETE AÇILAN KAPI
Kalem,4,3,Sen elbette yüce bir ahlâk üzeresin.,"Ahlak, Erdem ve Söz",03.02.2023,İMANIN GEREĞİ: SALİH AMEL VE GÜZEL AHLAK
Kalem,4,3,Sen elbette yüce bir ahlak üzeresin,Peygamberimiz ve Ashab,04.09.2026,PEYGAMBERİMİZ VE GÜZEL AHLAK
Kalem,4,3,Sen elbette yüce bir ahlak üzeresin,Peygamberimiz ve Ashab,10.01.2014,MEVLİD-İ NEBİ
Kehf,13,3,"Şüphesiz onlar, Rablerine inanmış birkaç genç yiğitti. Biz de onların hidayetlerini artırmıştık!","Aile, Çocuk ve Nesil",05.02.2021,GENÇLERİMİZ: EN BÜYÜK İMKÂN VE ZENGİNLİĞİMİZ
Kehf,13,3,Şüphesiz onlar Rablerine inanmış birkaç genç yiğitti. Biz de onların hidayetlerini artırmıştık.,"Aile, Çocuk ve Nesil",19.05.2023,"GENÇLERİMİZ, MİLLİ VE MANEVİ DEĞERLERİMİZİN EMANETÇİSİDİR"
Kehf,13,3,Şüphesiz onlar Rablerine inanmış birkaç genç yiğitti. Biz de onların hidayetlerini artırmıştık.,"Aile, Çocuk ve Nesil",19.08.2022,ARŞIN GÖLGESİNDE KORUNMAKLA MÜJDELENEN GENÇ
Kehf,30,3,"İman edip salih amel işleyenler bilmelidirler ki, biz güzel iş yapanların karşılığını asla zayi etmeyiz.","Ahlak, Erdem ve Söz",03.02.2023,İMANIN GEREĞİ: SALİH AMEL VE GÜZEL AHLAK
Kehf,30,3,"İman edip dünya ve ahiret için yararlı işler yapanlar bilmelidirler ki, biz güzel iş yapanların ecrini asla zayi etmeyiz.","Ahlak, Erdem ve Söz",10.11.2023,AZİM VE GAYRET SAHİBİ BİR MÜMİN OLABİLMEK
Kehf,30,3,"İman edip dünya ve ahiret için yararlı işler yapanlar bilmelidirler ki, biz güzel iş yapanların ecrini asla zâyi etmeyiz.","Ekonomik Hayat: Kazanç, Zekat ve İsraf",20.08.2021,MÜSLÜMAN İŞİNİ SAĞLAM VE GÜZEL YAPAR
Kevser,1,3,Şüphesiz biz sana bitip tükenmez nimetler verdik. Şimdi sen Rabbin için namaz kıl ve kurban kes!,"Ramazan, Oruç ve Bayramlar",02.08.2019,RABBİN İÇİN KURBAN KES
Kevser,1,3,"Şüphesiz biz sana bitmez tükenmez nimetler verdik. Öyleyse sen rabbin için namaz kıl ve kurban kes! Asıl soyu kesik olan, sana karşı nefret duyandır.","Ramazan, Oruç ve Bayramlar",24.09.2015,KURBAN BAYRAMI
Kevser,1,3,"Şüphesiz biz sana bitip tükenmez nimetler verdik. O halde, Rabbin için namaz kıl, kurban kes! Doğrusu sana kin tutan, soyu kesik olanın ta kendisidir.","Ramazan, Oruç ve Bayramlar",31.07.2020,KURBAN BAYRAMI: TAKVA YOLCULUĞU
Maide,8,3,"Ey iman edenler, Allah için hakkı ayakta tutanlar ve adaletle şahitlik yapanlar olunuz.","Toplumsal Dayanışma, Merhamet ve Kardeşlik",09.08.2019,MÜMİN: HUZURLU TOPLUMUN TEMİNATI
Maide,8,3,"…Herhangi bir topluluğa duyduğunuz kin, sizi adaletsiz davranmaya itmesin…","Vatan, Millet ve Tarih",16.03.2018,MİLLETİMİZİN VAROLUŞ MÜCADELESİ: ÇANAKKALE ZAFERİ
Maide,8,3,"Ey iman edenler! Allah için hakkı ayakta tutan, adaletle şahitlik eden kimseler olun...","Ahlak, Erdem ve Söz",25.03.2016,HAK VE HAKİKAT
Mutaffifin,1,3,"Ölçü ve tartıda hile yapanlara yazıklar olsun. Onlar, insanlardan bir şey aldıklarında tam ölçüp tartarlar. Kendileri başkalarına vermek için ölçtüklerinde ise eksik tartarlar...","Ekonomik Hayat: Kazanç, Zekat ve İsraf",02.03.2018,İSLAM’DA TİCARET AHLAKI
Mutaffifin,1,3,"Ölçü ve tartıda hile yapanlara yazıklar olsun. Onlar, insanlardan bir şey aldıklarında tam ölçüp tartarlar. Kendileri başkalarına vermek için ölçtüklerinde ise eksik tartarlar. Onlar, büyük bir gün için diriltileceklerini hiç mi düşünmezler? O gün insanlar, Âlemlerin Rabbinin huzurunda hazır beklerler.","Ekonomik Hayat: Kazanç, Zekat ve İsraf",18.08.2017,ALIŞVERİŞ VE TİCARET AHLAKI
Mutaffifin,1,3,"Ölçüde ve tartıda hile yapanların vay haline! Onlar, insanlardan bir şey ölçüp aldıkları zaman tam ölçerler. Fakat, kendileri onlara bir şey ölçüp, yahut tartıp verdikleri zaman eksik ölçüp tartarlar","Ekonomik Hayat: Kazanç, Zekat ve İsraf",18.09.2026,AHÎLİK AHLAKI
Mü'min,60,3,"Bana dua edin ki, duanıza icabet edeyim.",İbadet ve Kulluk,10.02.2017,MÜMİNCE YAKARIŞIN ADI: DUA
Mü'min,60,3,"Bana dua edin, ben de duanızı kabul edeyim.","Kandiller, Muharrem ve Mübarek Geceler",23.02.2024,BERAT GECESİ: GÜNAHLARDAN ARINMA VESİLESİ
Mü'min,60,3,"Bana dua edin, duanızı kabul edeyim","Afet, Kriz ve Sağlık",24.02.2023,"KARDEŞLİK, DAYANIŞMA VE DUA VAKTİ"
Mü'minun,1,3,Müminler gerçekten kurtuluşa ermişlerdir. Onlar ki namazlarında huşu içindedirler. Onlar ki boş ve faydasız şeylerden uzak dururlar. Onlar ki zekâtı verirler. Ve onlar ki iffetlerini korurlar...,"Aile, Çocuk ve Nesil",08.05.2015,CANA CAN OLMAK: AİLE
Mü'minun,1,3,"Müminler kurtuluşa ermiştir, onlar namazlarını huşu içerisinde kılarlar.","Ramazan, Oruç ve Bayramlar",15.06.2018,KULLUK BİLİNCİYLE BİR ÖMÜR GEÇİRMEK
Mü'minun,1,3,Müminler gerçekten kurtuluşa ermişlerdir. Onlar ki namazlarında huşu içindedirler. Onlar ki boş ve faydasız şeylerden uzak dururlar. Onlar ki zekâtı verirler. Ve onlar ki iffetlerini korurlar...,"Ahlak, Erdem ve Söz",22.05.2015,BOŞ ŞEYLERİ TERK EDEREK HAYATI ANLAMLI KILMAK
Sebe,39,3,Allah yolunda her ne harcarsanız Allah onun yerine yenisini verir.,"Ramazan, Oruç ve Bayramlar",08.03.2024,RAMAZAN GELİYOR! HAZIR MIYIZ?
Sebe,39,3,"Allah yolunda her ne harcarsanız, Allah onun yerine başkasını verir.","Ekonomik Hayat: Kazanç, Zekat ve İsraf",08.05.2020,"RAMAZAN: İNFAK, YARDIMLAŞMA VE PAYLAŞMA AYI"
Sebe,39,3,"Hayır yolunda her ne harcarsanız Allah, onun daha iyisini verir. O, rızık verenlerin en hayırlısıdır.","Ekonomik Hayat: Kazanç, Zekat ve İsraf",31.03.2023,ZEKÂT: İSLAM’IN DAYANIŞMA KÖPRÜSÜ
Tekasür,8,3,O gün size verilen bütün nimetlerin hesabı sorulacak,"Ekonomik Hayat: Kazanç, Zekat ve İsraf",25.01.2013,ALLAH’IN SEVMEDİĞİ DAVRANIŞ: İSRAF
Tekasür,8,3,O gün bütün nimetlerden mutlaka hesaba çekileceksiniz.,"Sabır, Tevekkül ve Manevi Olgunluk",29.12.2023,MUHASEBE BİLİNCİYLE BİR ÖMÜR GEÇİRMEK
Tekasür,8,3,"Nihayet o gün, bütün nimetlerden mutlaka hesaba çekileceksiniz.","Sabır, Tevekkül ve Manevi Olgunluk",30.12.2022,HAYATIN TEKRARI YOK
Tevbe,20,3,"İman edip hicret eden ve Allah yolunda mallarıyla, canlarıyla cihad eden kimselerin mertebeleri, Allah katında daha üstündür. İşte onlar, başarıya erenlerin tâ kendileridir.",Peygamberimiz ve Ashab,01.11.2013,RAHMET’İN HİCRETİ
Tevbe,20,3,"İman edip hicret eden ve Allah yolunda mallarıyla, canlarıyla cihad edenlerin Allah katındaki mertebeleri pek büyüktür. Muradına erecek olanlar da onlardır.","Vatan, Millet ve Tarih",11.10.2019,GÜN BİRLİK VE DAYANIŞMA GÜNÜDÜR
Tevbe,20,3,"İnanan, hicret eden, Allah yolunda mallarıyla ve canlarıyla cihad edenlerin Allah katındaki mertebeleri pek büyüktür. Muradına erecek olanlar da onlardır",Peygamberimiz ve Ashab,29.07.2022,HİCRETİMİZ RABBİMİZE OLSUN
Tevbe,71,3,Mümin erkekler ve mümin kadınlar birbirlerinin velileridir.,"Toplumsal Dayanışma, Merhamet ve Kardeşlik",02.04.2021,BİRBİRİMİZİN FARKINDA OLALIM
Tevbe,71,3,Mümin erkekler ve mümin kadınlar birbirinin yardımcısıdır.,"Ramazan, Oruç ve Bayramlar",24.03.2023,RAMAZAN VE DAYANIŞMA
Tevbe,71,3,"Mümin erkeklerle mümin kadınlar birbirlerinin velileri, yardımcılarıdır.",İbadet ve Kulluk,27.09.2013,"DAVET HEPİMİZE, HEP BİRLİKTE CAMİYE!"
Yasin,65,3,"O gün, onların ağızlarını mühürleriz; yapmış olduklarını elleri bize anlatır, ayakları da şahitlik eder.","İman, Tevhid ve Ahiret",01.07.2022,AHİRET GÜNÜ VE HESAP VERME BİLİNCİ
Yasin,65,3,"O gün, onların ağızlarını mühürleriz; yapmış olduklarını elleri bize anlatır, ayakları da şahitlik eder.","İman, Tevhid ve Ahiret",30.05.2025,YÂSÎN SÛRESİ: KUR’AN’IN KALBİ
Yasin,65,3,"O gün biz onların ağızlarını mühürleriz. Yaptıklarını bize elleri anlatır, ayakları da şahitlik eder.","Sabır, Tevekkül ve Manevi Olgunluk",30.12.2022,HAYATIN TEKRARI YOK
İnşirah,1,3,"Ey Muhammed! Senin göğsünü açıp genişletmedik mi? Belini büken yükünü üzerinden kaldırmadık mı? Senin şanını yüceltmedik mi? Elbette zorluğun yanında nice kolaylıklar vardır. Gerçekten, zorlukla beraber nice kolaylıklar vardır. Öyleyse, bir işi bitirince hemen diğerine koyul. Ve yalnız Rabbine yönel.","Sabır, Tevekkül ve Manevi Olgunluk",15.02.2019,HAYATI YAŞANILIR KILMANIN YOLU: DİN VE MANEVİYAT
İnşirah,1,3,Biz senin gönlüne ferahlık vermedik mi? Belini büken yükünü kaldırmadık mı? Senin şanını yüceltmedik mi?,İslam Coğrafyası ve Küresel Meseleler,20.10.2023,RAHMET VE SEKİNET MÜJDESİ: İNŞİRÂH SURESİ
İnşirah,1,3,"Habibim! Biz, senin göğsüne inşirah vermedik mi? Belini büken yüklerinden seni kurtarmadık mı? Senin şanını ve ününü yüceltmedik mi? Elbette zorlukla beraber bir kolaylık vardır. Muhakkak her zorlukla beraber bir kolaylık vardır. Öyleyse bir işi bitirince hemen başka bir işe koyul! Ve rağbetin yalnızca Rabbine olsun!","Kandiller, Muharrem ve Mübarek Geceler",31.03.2017,"RAĞBETİMİZ, RABBİMİZE OLSUN!"
İsra,81,3,De ki: Hak geldi bâtıl yok oldu. Zira bâtıl yok olmaya mahkûmdur.,"Vatan, Millet ve Tarih",19.01.2024,"BİZİ GÜÇLÜ KILAN, BİRLİK VE BERABERLİĞİMİZDİR"
İsra,81,3,De ki: Hak geldi bâtıl yıkılıp gitti! Zaten bâtıl yıkılmaya mahkûmdur.,"Vatan, Millet ve Tarih",28.02.2020,"HAK UĞRUNDA MÜCADELEMİZ, BİRLİK VE BERABERLİK RUHUMUZ"
İsra,81,3,"Hak geldi, bâtıl yıkılıp gitti! Zaten bâtıl yıkılmaya mahkûmdur.","Vatan, Millet ve Tarih",30.08.2019,VATAN BİZE EMANETTİR
A'raf,199,2,"Sen af yolunu tut, iyiliği emret ve cahillerden yüz çevir!","Ahlak, Erdem ve Söz",14.02.2014,AFFETMEK
A'raf,199,2,Cahillerden yüz çevir.,"Eğitim, Teknoloji, Çevre ve Toplumsal Değişim",30.03.2018,VAHYİN İNSANLIĞA İLK MESAJI: OKU!
Al-i İmran,12,2,Resulüm! İnkâr edenlere de ki: Yakında mağlûp olacaksınız ve cehenneme sürükleneceksiniz. Orası ne kötü bir kalma yeridir.,İslam Coğrafyası ve Küresel Meseleler,02.08.2024,TEBBET SÛRESİNDEN MESAJLAR
Al-i İmran,12,2,Kâfirlere de ki: Yakında mağlup olacaksınız ve cehenneme sürüleceksiniz. Orası ne kötü bir yerdir!,İslam Coğrafyası ve Küresel Meseleler,25.07.2025,GAZZE: İNSANLIĞIN ONUR SINAVI
Al-i İmran,133,2,"Rabbinizin mağfiretine, genişliği göklerle yer arası kadar olan ve takva sahipleri için hazırlanmış bulunan cennete koşun.",İbadet ve Kulluk,07.04.2023,İHSAN BİLİNCİ: KULLUĞUN ZİRVESİ
Al-i İmran,133,2,"Rabbinizin mağfiretine, genişliği göklerle yer arası kadar olan ve takva sahipleri için hazırlanmış bulunan cennete koşun.","İman, Tevhid ve Ahiret",13.10.2017,CENNET YOLCUSU OLABİLMEK
Al-i İmran,185,2,Her canlı ölümü tadacaktır.,"İman, Tevhid ve Ahiret",27.02.2015,ÖLÜM VE ÖTESİ
Al-i İmran,185,2,"Her canlı ölümü tadacaktır. Kıyamet günü yaptıklarınızın karşılığı size tastamam verilecektir. Kim cehennemden uzaklaştırılıp cennete konursa o, gerçekten kurtuluşa ermiştir. Dünya hayatı zaten aldatıcı şeylerden ibarettir.","Sabır, Tevekkül ve Manevi Olgunluk",28.12.2018,BİR ÖMÜR SORUMLULUK BİLİNCİYLE YAŞAMAK
Al-i İmran,200,2,Ey iman edenler! Sabredin; düşman karşısında sebat gösterin; cihad için hazırlıklı ve uyanık olun ve Allah’tan korkun ki başarıya erişebilesiniz.,"Vatan, Millet ve Tarih",28.08.2026,VATAN SEVGİSİ
Al-i İmran,200,2,Ey iman edenler! Sabredin; düşman karşısında sebat gösterin; cihad için hazırlıklı ve uyanık olun ve Allah'tan korkun ki başarıya erişebilesiniz.,"Vatan, Millet ve Tarih",30.08.2019,VATAN BİZE EMANETTİR
Al-i İmran,54,2,"Onlar tuzak kurdular. Allah da onların tuzaklarını başlarına geçirdi. Zira Allah, tuzakları bozanların en hayırlısıdır.","Sabır, Tevekkül ve Manevi Olgunluk",03.01.2025,MÜMİNİN HAYATINDA UMUTSUZLUĞA YER YOKTUR
Al-i İmran,54,2,"Onlar tuzak kurdular. Allah da onların tuzaklarını bozdu. Allah, tuzak bozanların en hayırlısıdır.","Ahlak, Erdem ve Söz",14.07.2023,"DİN SAMİMİYETTİR, İSTİSMAR İHANETTİR"
Ala,14,2,"Nefsini arındıran, Rabbini zikredip namaz kılan kimse kurtuluşa ermiştir.","Ramazan, Oruç ve Bayramlar",21.04.2023,"RAMAZAN BAYRAMI: NEŞE, HUZUR VE KARDEŞLİK GÜNLERİ"
Ala,14,2,"Arınan ve Rabbinin adını anıp, namaz kılan kimse mutlaka kurtuluşa erer.","Ramazan, Oruç ve Bayramlar",23.06.2017,ÖMRÜMÜZÜ RAMAZAN KILABİLMEK
Bakara,197,2,Azık edinin; kuşkusuz azığın en hayırlısı takvâdır. Ey akıl sahipleri! Bana karşı gelmekten sakının.,"Ahlak, Erdem ve Söz",20.12.2019,TAKVA: EN HAYIRLI AZIĞIMIZ
Bakara,197,2,"Hac bilinen aylardadır. Kim o aylarda hacca karar verip niyet ederse, bilsin ki hac sırasında cinsel davranışlarda bulunmak, günah işlemek ve kavga etmek yoktur. Siz ne hayır yaparsanız Allah onu bilir. Ahiret için azık toplayın. Kuşkusuz, azığın en hayırlısı takvadır. Ey akıl sahipleri, bana karşı gelmekten sakının!",İbadet ve Kulluk,28.06.2019,BİR MUKADDES YOLCULUK: HAC
Bakara,222,2,"Şunu iyi bilin ki Allah, çok tövbe edenleri ve içi dışı temiz olanları sever.","Afet, Kriz ve Sağlık",04.09.2020,"İSLAM, TEMİZLİĞİ EMREDER"
Bakara,222,2,"Allah, çok tevbe edenleri ve içi dışı temiz olanları sever.",İbadet ve Kulluk,13.11.2020,"ABDEST: BEDENİMİZE SAĞLIK, RUHUMUZA HUZUR"
Bakara,257,2,Allah iman edenlerin dostudur. Onları karanlıklardan aydınlığa çıkarır.,"İman, Tevhid ve Ahiret",09.02.2024,HAYATI DEĞERLİ KILAN ÖLÇÜ: İMAN
Bakara,257,2,"Allah, iman edenlerin dostudur. Onları karanlıklardan aydınlığa çıkarır. İnkâr edenlere gelince, onların dostları da kendilerini aydınlıktan alıp karanlığa götüren tâğuttur, şeytandır, zalimdir. Onlar cehennem ehlidir. Orada ebedî kalacaklardır.","Vatan, Millet ve Tarih",11.07.2025,SAHİH DİNİ BİLGİNİN ÖNEMİ
Bakara,274,2,Mallarını gece gündüz; gizli ve açık infak edenler için Rableri katında ecirler vardır; onlar için korku yoktur ve onlar mahzun da olmayacaklardır.,"Ekonomik Hayat: Kazanç, Zekat ve İsraf",08.05.2020,"RAMAZAN: İNFAK, YARDIMLAŞMA VE PAYLAŞMA AYI"
Bakara,274,2,"Mallarını gece, gündüz; gizli ve açık infak edenler için Rableri katında ecirler vardır; onlar için korku yoktur ve onlar mahzun olmayacaklardır.","Ekonomik Hayat: Kazanç, Zekat ve İsraf",10.05.2019,RAMAZAN VE İNFAK
Bakara,275,2,"Oysa Allah alışverişi helal, faizi haram kılmıştır.","Ekonomik Hayat: Kazanç, Zekat ve İsraf",16.06.2017,"ZEKÂT, KAZANCI ARTIRIR; FAİZ YOK EDER"
Bakara,275,2,"Allah, alış verişi helâl, faizi ise haram kılmıştır.","Ekonomik Hayat: Kazanç, Zekat ve İsraf",23.08.2019,FAİZİN TOPLUMSAL ZARARLARI
Duha,7,2,"O, seni yetim bulup barındırmadı mı?... Öyleyse sakın yetimi ezme!","Toplumsal Dayanışma, Merhamet ve Kardeşlik",11.07.2014,KİMSESİZLERİN KİMSESİ OLABİLMEK
Duha,7,2,"O, seni yetim bulup barındırmadı mı?... Öyleyse sakın yetimi ezme!","Aile, Çocuk ve Nesil",29.03.2013,SOKAĞIN YETİMLERİ: ÇOCUKLARIMIZ
Duha,9,2,Yetimi sakın incitme!,"Toplumsal Dayanışma, Merhamet ve Kardeşlik",14.08.2026,HER YETİM BİR EMANET
Duha,9,2,"Öyleyse sakın yetimi ezme! El açıp isteyeni de sakın azarlama. Ve Rabbinin nimetini, minnet ve şükranla an.","Toplumsal Dayanışma, Merhamet ve Kardeşlik",23.04.2021,YETİM: CENÂB-I HAKK’IN İNSANLIĞA EMANETİ
Enfal,25,2,Sadece zulmedenlere dokunmakla kalmayıp herkese sirayet edecek olan azaptan sakının.,"Toplumsal Dayanışma, Merhamet ve Kardeşlik",05.07.2024,ZARÛRÂT-I HAMSEYİ MUHAFAZA EDELİM
Enfal,25,2,"İçinizden sadece zulmedenlere erişmekle kalmayacak olan bir azaptan sakının ve bilin ki Allah, azabı çetin olandır.",İslam Coğrafyası ve Küresel Meseleler,07.04.2017,ZULÜM EBEDİ DEĞİLDİR
Enfal,28,2,"Biliniz ki, mallarınız ve çocuklarınız birer imtihan sebebidir ve büyük mükâfat Allah katındadır.","Aile, Çocuk ve Nesil",16.12.2022,ÇOCUK: RABBİMİZİN KIYMETLİ EMANETİ
Enfal,28,2,Mallarınız ve çocuklarınız imtihan vesilesidir.,"Aile, Çocuk ve Nesil",17.06.2016,"KUR’ÂN, RAMAZAN VE ÇOCUK"
Felak,1,2,"De ki: Yarattığı şeylerin şerrinden, karanlığı çöktüğü zaman gecenin şerrinden, düğümlere üfürüp büyü yapan üfürükçülerin şerrinden ve kıskandığı vakit kıskanç kişinin şerrinden sabahın Rabbine sığınırım!","İman, Tevhid ve Ahiret",06.12.2019,BATIL İNANÇ VE HURAFELER
Felak,1,2,"De ki: Yarattığı şeylerin şerrinden, karanlığı çöktüğü zaman gecenin şerrinden, düğümlere üfürüp büyü yapan üfürükçülerin şerrinden ve haset ettiği vakit hasetçinin şerrinden sabahın Rabbine sığınırım!",İbadet ve Kulluk,24.02.2017,ALLAH’A SIĞINMANIN EN GÜZEL İFADESİ: MUAVVİZETEYN SURESİ
Hac,27,2,"İnsanlar arasında haccı ilan et ki, gerek yaya, gerek de uzak yollardan binekler üzerinde sana gelsinler.",İbadet ve Kulluk,05.09.2014,HAC: KALBE YOLCULUK
Hac,27,2,"İnsanlar arasında haccı ilan et ki, gerek yaya, gerek de uzak yollardan binekler üzerinde sana gelsinler.",İbadet ve Kulluk,28.08.2015,HAC YOLCULUĞUNDAN HAK YOLCULUĞUNA
Hucurat,11,2,"…Birbirinizi karalamayın, birbirinizi kötü lakaplarla çağırmayın…","Ahlak, Erdem ve Söz",18.04.2025,HUCURÂT SÛRESİ: ERDEMLİ BİR TOPLUMUN İNŞASI
Hucurat,11,2,Birbirinizi kötü lakaplarla çağırmayın,"Aile, Çocuk ve Nesil",29.06.2018,EVLADIN ANNE-BABA ÜZERİNDEKİ HAKLARINDAN BİRİ: GÜZEL İSİM
Hud,113,2,Zalimlerin yanında olmayın; sonra ateş sizi de yakar.,İslam Coğrafyası ve Küresel Meseleler,04.10.2024,ZULÜM ASLA PAYİDAR OLMAZ
Hud,113,2,Zalimlere asla meyletmeyin.,"Vatan, Millet ve Tarih",27.10.2023,VATAN MİLLET SEVDASIYLA NİCE YÜZYILLARA
Kaf,16,2,"Biz, insana şah damarından daha yakınız.",İbadet ve Kulluk,07.08.2015,KULLUĞUN ÖZÜ: İHSAN
Kaf,16,2,"Biz, insana şah damarından daha yakınız",İbadet ve Kulluk,11.01.2019,"İNSANIN KEMAL YOLCULUĞU: İSLAM, İMAN VE İHSAN"
Kamer,45,2,"Yakında o zalimler topluluğu da yenilecek, arkalarını dönüp kaçacaklardır.","Vatan, Millet ve Tarih",25.10.2024,VATAN MÜDAFAASI MUKADDESTİR
Kamer,45,2,Yakında o topluluk da yenilecek ve arkalarını dönüp kaçacaklar.,"Vatan, Millet ve Tarih",28.02.2020,"HAK UĞRUNDA MÜCADELEMİZ, BİRLİK VE BERABERLİK RUHUMUZ"
Kasas,77,2,Allah'ın sana verdiğinden (O'nun yolunda harcayarak) ahiret yurdunu iste; ama dünyadan da nasibini unutma.,"İman, Tevhid ve Ahiret",05.12.2014,AHİRET: HESAP VERME BİLİNCİ
Kasas,77,2,Allah'ın sana verdiği şeylerde ahiret yurdunu ara. Dünyadan da nasibini unutma...,"İman, Tevhid ve Ahiret",13.12.2013,DÜNYADA YOLCU OLABİLMEK!
Lokman,17,2,"Yavrucuğum, namazını özenle kıl, iyiliği emret, kötülükten vazgeçirmeye çalış, başına gelen musibetlere sabret…","Aile, Çocuk ve Nesil",04.04.2025,GÜÇLÜ BİR TOPLUMUN İNŞASINDA ANNE BABANIN ROLÜ
Lokman,17,2,"Yavrucuğum! Namazını dosdoğru kıl, iyiliği emret, kötülükten vazgeçirmeye çalış.","Aile, Çocuk ve Nesil",23.06.2023,BABA: CENNETE AÇILAN KAPI
Lokman,18,2,"…Yeryüzünde gururla, kibirle yürüme!... Yürüyüşünde ölçülü ol, sesini de yükseltme…","Aile, Çocuk ve Nesil",04.04.2025,GÜÇLÜ BİR TOPLUMUN İNŞASINDA ANNE BABANIN ROLÜ
Lokman,18,2,"Yürüyüşünde tabii ol, sesini alçalt!","Sabır, Tevekkül ve Manevi Olgunluk",06.03.2015,"ALLAH, AŞIRI GİDENLERİ SEVMEZ"
Maide,28,2,Sen beni öldürmek için bana elini uzatsan da ben seni öldürmek için sana elimi uzatacak değilim.,"Aile, Çocuk ve Nesil",17.10.2014,ARŞIN GÖLGESİNDEKİ GENÇLİK
Maide,28,2,Andolsun! Sen beni öldürmek için elini bana uzatsan da ben seni öldürmek için sana elimi uzatacak değilim. Çünkü ben âlemlerin Rabbi olan Allah'tan korkarım.,"Toplumsal Dayanışma, Merhamet ve Kardeşlik",21.11.2014,HAYIR HAZİNELER DOLUSUDUR
Meryem,59,2,Sonra bunların ardından namazı kılmayan ve nefsani arzularına uyan bir nesil geldi…,"Afet, Kriz ve Sağlık",23.02.2018,BAĞIMLILIK BİR TUZAKTIR
Meryem,59,2,"O peygamberlerden sonra bir nesil geldi. Ve onlar, namazı kaybettiler. Namazı zayi ettiler ve kötü arzularına uydular. Heva ve heveslerine tabi oldular. Onlar bu tutumlarından ötürü elim bir azaba çarptırılacaklardır.",İbadet ve Kulluk,27.01.2017,NAMAZI ZAYİ ETMEK
Meryem,96,2,"İman edip, salih amel işleyenler var ya, Rahmân olan Allah onları (gönüllere) sevdirecektir.","İman, Tevhid ve Ahiret",03.04.2015,"HAKİKİ SEVGİ: ALLAH’I SEVMEK, ALLAH İÇİN SEVMEK"
Meryem,96,2,"İman edip, salih amel işleyenler var ya, Rahmân olan Allah onları (gönüllere) sevdirecektir.","Ahlak, Erdem ve Söz",20.03.2015,İNSANI İYİLİK YAŞATIR
Mü'minun,8,2,"Müminler, emanetlerine ve verdikleri sözlere riayet ederler.",Peygamberimiz ve Ashab,22.10.2021,"ONUN BİZE MİRASI, EŞSİZ VEFASI"
Mü'minun,8,2,Onlar emanetlerine ve verdikleri sözlere riayet ederler.,"Ahlak, Erdem ve Söz",23.01.2015,ERDEMLİ BİR DURUŞ: SADÂKAT
Müddessir,1,2,Ey örtüsüne bürünen kalk ve anlat.,Peygamberimiz ve Ashab,03.02.2012,MEVLİD-İ NEBİ
Müddessir,1,2,Ey örtüsüne bürünen! Kalk ve uyar! Sadece Rabbinin büyüklüğünü dile getir.,"Sabır, Tevekkül ve Manevi Olgunluk",21.08.2020,"MÜMİN: HAKKIN TEMSİLCİSİ, HAKİKATİN DAVETÇİSİ"
Mümtehine,4,2,İbrahim ve beraberindekilerde sizin için güzel bir örneklik vardır.,"Ramazan, Oruç ve Bayramlar",09.09.2016,BAYRAM VE HZ. İBRAHİM
Mümtehine,4,2,"Rabbimiz! Sadece sana dayandık, sana yöneldik. Dönüş ancak sanadır. Bizleri inkâr edenlerin zulmüne uğratma!","Ramazan, Oruç ve Bayramlar",09.09.2016,BAYRAM VE HZ. İBRAHİM
Nisa,124,2,"Mümin olarak, erkek veya kadın, her kim salih ameller işlerse, işte onlar cennete girerler ve zerre kadar haksızlığa uğratılmazlar.","Aile, Çocuk ve Nesil",08.03.2013,BİR KUL OLARAK KADIN
Nisa,124,2,"Mümin olarak, erkek veya kadın, her kim salih ameller işlerse, işte onlar cennete girerler ve zerre kadar haksızlığa uğratılmazlar","Toplumsal Dayanışma, Merhamet ve Kardeşlik",09.03.2018,"İSLAM'DA KADIN: ADALET, MERHAMET VE HAKKANİYET"
Nisa,41,2,Her ümmetten bir şahit getirdiğimiz ve seni de onların üzerine bir şahit kıldığımız zaman bakalım onların hali nice olacak.,Kur'an-ı Kerim,10.06.2016,KUR’AN AYI RAMAZAN
Nisa,41,2,"Her ümmetten bir şahit getirdiğimiz ve seni de onların üzerine bir şahit yaptığımız zaman, bakalım onların hâli nice olacak!",Kur'an-ı Kerim,25.06.2021,KUR’AN’IN MANEVÎ İKLİMİYLE BULUŞALIM
Nisa,7,2,"Anne babanın ve yakınların miras olarak bıraktıklarından erkeklere pay vardır; yine anne babanın ve akrabanın miras olarak bıraktıklarından kadınlara da pay vardır. Allah, miras malının azından da çoğundan da bunları farz kılınmış birer hisse olarak belirlemiştir.","Toplumsal Dayanışma, Merhamet ve Kardeşlik",06.12.2024,MİRAS: SINIRLARINI ALLAH’IN BELİRLEDİĞİ HAK
Nisa,7,2,"Anne babanın ve yakınların miras olarak bıraktıklarından erkeklere pay vardır; yine anne babanın ve akrabanın miras olarak bıraktıklarından kadınlara da pay vardır; azından çoğundan, belli pay.","Toplumsal Dayanışma, Merhamet ve Kardeşlik",15.01.2021,MİRAS: HER HAK SAHİBİNE HAKKINI VERMEK
Nisa,86,2,"Size bir selâm verildiği zaman, ondan daha güzeliyle veya aynı selâmla karşılık verin!","Toplumsal Dayanışma, Merhamet ve Kardeşlik",27.07.2012,SEVGİ VE BARIŞ DİLİ: SELÂM
Nisa,86,2,"Size selam verildiği zaman ondan daha güzeliyle veya misliyle karşılık verin. Şüphesiz ki Allah, her şeyin hesabını gereği gibi yapandır.","Toplumsal Dayanışma, Merhamet ve Kardeşlik",28.04.2017,GÜVEN VE MUHABBET KÖPRÜSÜ: SELAM
Nur,19,2,"Müminler arasında hayâsızlığın yaygınlaşmasını isteyenlere dünyada ve ahirette can yakıcı bir azap vardır. Allah bilir, siz bilmezsiniz.","Ahlak, Erdem ve Söz",01.08.2025,"HAYÂ: ALLAH’IN EMRİ, FITRATIN GEREĞİ"
Nur,19,2,Müminler arasında ahlâksızlığın yaygınlaşmasını isteyenlere dünyada ve ahirette can yakıcı bir azap vardır...,"Aile, Çocuk ve Nesil",02.05.2025,NEFSİ VE NESLİ İFSAT EDEN BÜYÜK GÜNAH: ZİNA
Nur,31,2,"Mümin kadınlara da söyle, gözlerini haramdan sakınsınlar, iffetlerini korusunlar","Ahlak, Erdem ve Söz",25.01.2019,İSLAM AHLÂKININ ÖZÜ HAYÂDIR
Nur,31,2,"Mümin kadınlara da söyle, gözlerini haramdan sakınsınlar, ırzlarını korusunlar. (Yüz ve el gibi) görünen kısımlar müstesna, zînet yerlerini göstermesinler. Başörtülerini yakalarının üzerine kadar salsınlar.","Ahlak, Erdem ve Söz",26.07.2019,BEDEN MAHREMİYETİ VE TESETTÜR
Rahman,9,2,"Ölçüyü doğru yapın, eksik tartmayın.","Toplumsal Dayanışma, Merhamet ve Kardeşlik",15.12.2023,ADALET: HER HAK SAHİBİNE HAKKINI VERMEK
Rahman,9,2,"Tartıyı adaletle yapın, teraziyi eksik tutmayın.","Ekonomik Hayat: Kazanç, Zekat ve İsraf",19.09.2025,PEYGAMBERİMİZ (S.A.S) VE TİCARET AHLAKI
Rum,21,2,"Kendileriyle huzur bulmamız için bizlere eşler yarattığını, aramızda sevgi ve rahmet bağları var ettiğini","Aile, Çocuk ve Nesil",02.07.2021,DÜĞÜNLERİMİZDE NEBEVÎ ÖLÇÜYE RİAYET EDELİM
Rum,21,2,"Kendileriyle huzur bulmamız için bizlere eşler yaratan, aramızda sevgi ve rahmet bağları var eden","Aile, Çocuk ve Nesil",20.07.2018,DÜĞÜN ÂDÂBI
Saffat,102,2,şüphesiz beni sabredenlerden bulacaksın,"Aile, Çocuk ve Nesil",17.10.2014,ARŞIN GÖLGESİNDEKİ GENÇLİK
Saffat,102,2,Babacığım! Sana emredileni yap; inşallah beni sabredenlerden biri olarak bulacaksın,"Aile, Çocuk ve Nesil",23.11.2018,EN BÜYÜK ZENGİNLİĞİMİZ GENÇLERİMİZ
Tevbe,128,2,bizim içimizden bize gelmiş,Peygamberimiz ve Ashab,03.02.2012,MEVLİD-İ NEBİ
Tevbe,128,2,"Andolsun, size içinizden öyle bir peygamber gelmiştir ki, sizin sıkıntıya uğramanız ona ağır gelir. O, size çok düşkündür. Müminlere karşı şefkat ve merhamet doludur","Ahlak, Erdem ve Söz",07.11.2025,VEFA İMANDANDIR
Tevbe,36,2,Allah katında ayların sayısı on ikidir.,"Kandiller, Muharrem ve Mübarek Geceler",06.09.2019,MUHARREM AYI VE ÂŞÛRÂ GÜNÜ
Tevbe,36,2,Allah katında ayların sayısı on ikidir.,"Sabır, Tevekkül ve Manevi Olgunluk",30.12.2011,ZAMAN BİLİNCİ
Zariyat,55,2,Sen yine de öğüt ver. Çünkü öğüt müminlere fayda verir.,İbadet ve Kulluk,04.08.2023,CUMA: HAFTALIK BAYRAM GÜNÜMÜZ
Zariyat,55,2,"Hatırlat! Çünkü hatırlatmak, müminlere fayda verir.","Ahlak, Erdem ve Söz",28.06.2024,"İSLAM, İNANDIĞIMIZ GİBİ YAŞAMAYI BİZE EMREDER"
Zuhruf,32,2,"Dünya hayatında onların geçimliklerini aralarında biz paylaştırdık. Bir kısmı diğerini istihdam etsin diye çeşitli alanlarda kimini kimine, derece derece üstün kıldık.","Ekonomik Hayat: Kazanç, Zekat ve İsraf",08.05.2020,"RAMAZAN: İNFAK, YARDIMLAŞMA VE PAYLAŞMA AYI"
Zuhruf,32,2,Rabbinin rahmetini onlar mı bölüştürüyorlar? Dünya hayatında onların geçimliklerini aralarında biz paylaştırdık. Birbirlerine iş gördürmeleri için kimini ötekine derecelerle üstün kıldık. Rabbinin rahmeti onların biriktirdikleri şeylerden daha hayırlıdır,"Ekonomik Hayat: Kazanç, Zekat ve İsraf",26.04.2019,TİCARET HAYATININ BEREKETİ: İŞ AHLAKI
İbrahim,7,2,Andolsun şükrederseniz elbette size nimetimi artırırım. Eğer nankörlük ederseniz hiç şüphesiz azabım çok şiddetlidir.,"Sabır, Tevekkül ve Manevi Olgunluk",06.02.2015,ŞÜKÜR NİMETLERİ ARTIRIR
İbrahim,7,2,Hani Rabbiniz size şöyle bildirmişti: Eğer şükrederseniz elbette size nimetimi artırırım. Nankörlük ederseniz gerçekten azabım çok çetindir.,"Sabır, Tevekkül ve Manevi Olgunluk",27.10.2017,ŞÜKREDEN BİR KUL OLABİLMEK
İnfitar,6,2,Ey insan! Kerim olan Yüce Rabbine karşı seni yanıltıp aldatan nedir?,"İman, Tevhid ve Ahiret",12.12.2025,İNSAN: KÂİNATIN GÖZBEBEĞİ
İnfitar,6,2,Ey insan! Yüce Rabbin hakkında seni yanıltıp aldatan nedir?,"İman, Tevhid ve Ahiret",24.12.2021,AHİRET DAHA HAYIRLI VE SÜREKLİDİR
İnşirah,7,2,Bir işi bitirince hemen başka bir işe koyul. Sadece Rabbine yönel.,İslam Coğrafyası ve Küresel Meseleler,20.10.2023,RAHMET VE SEKİNET MÜJDESİ: İNŞİRÂH SURESİ
İnşirah,7,2,"Şüphesiz iman edip salih ameller işleyen, namazı dosdoğru kılan ve zekatı verenlerin mükafatları Rableri katındadır. Onlara korku yoktur. Onlar mahzun da olmayacaklardır.","Ramazan, Oruç ve Bayramlar",25.07.2014,RAMAZAN MUHASEBESİ
İsra,19,2,"Kim mümin olarak ahireti ister ve ona ulaşmak için gereği gibi çalışırsa, işte bunların çalışmalarının karşılığı verilir.","İman, Tevhid ve Ahiret",05.06.2020,AHİRETE İNANAN MÜMİN
İsra,19,2,Kim ahireti ister ve bir mümin olarak ahiret için ona yaraşır bir çabayla çalışırsa işte böylelerinin çabaları karşılık görecektir.,"İman, Tevhid ve Ahiret",24.12.2021,AHİRET DAHA HAYIRLI VE SÜREKLİDİR
İsra,53,2,"Kullarıma söyle, sözün en güzelini söylesinler; çünkü şeytan aralarına girer. Kuşkusuz şeytan insanların apaçık düşmanıdır.","Toplumsal Dayanışma, Merhamet ve Kardeşlik",09.08.2019,MÜMİN: HUZURLU TOPLUMUN TEMİNATI
İsra,53,2,"Kullarıma söyle, sözün en güzelini söylesinler; yoksa şeytan aralarına girer. Kuşkusuz şeytan, insanların apaçık düşmanıdır","Ahlak, Erdem ve Söz",22.05.2026,SÖZ AHLAKI VE SOSYAL MEDYA
İsra,9,2,"En doğru yola iletir. İyi davranışlarda bulunan müminlere, kendileri için büyük bir mükâfat olduğunu müjdeler.","Aile, Çocuk ve Nesil",09.06.2017,KUR’AN AYINDA KUR’AN’LA BULUŞALIM
İsra,9,2,"Şüphesiz ki bu Kur'an en doğru yola iletir; iyi davranışlarda bulunan müminlere, kendileri için büyük bir mükâfat olduğunu müjdeler.",Kur'an-ı Kerim,14.06.2013,YAZ KUR’AN KURSLARI
A'raf,151,1,Rabbim! Beni ve kardeşimi bağışla. Bize rahmetinle muamele eyle. Sen merhameti engin ve sonsuz olansın.,"Sabır, Tevekkül ve Manevi Olgunluk",01.04.2016,ÖFKEYE HÂKİM OLABİLMEK
A'raf,156,1,Benim rahmetim her şeyi kaplamıştır.,"Ramazan, Oruç ve Bayramlar",21.04.2023,"RAMAZAN BAYRAMI: NEŞE, HUZUR VE KARDEŞLİK GÜNLERİ"
A'raf,179,1,"…Onların, kalpleri vardır ama hakkı anlamazlar; gözleri vardır ama gerçeği görmezler; kulakları vardır ama hakikati işitmezler…","Toplumsal Dayanışma, Merhamet ve Kardeşlik",01.12.2023,"İNSAN, ÖZÜ İTİBARİYLE DEĞERLİDİR"
A'raf,26,1,"Ey Âdemoğulları! Size mahrem yerlerinizi örtecek giysi, süsleneceğiniz elbise indirdik.","Ahlak, Erdem ve Söz",16.09.2022,"TAKVA, HAYÂ VE TESETTÜR"
A'raf,27,1,"Ey Âdemoğulları! Avret yerlerini kendilerine açmak için, elbiselerini soyarak ana babanızı cennetten çıkardığı gibi, şeytan sizi de saptırmasın...","Ahlak, Erdem ve Söz",01.08.2025,"HAYÂ: ALLAH’IN EMRİ, FITRATIN GEREĞİ"
A'raf,31,1,Ey Âdemoğulları! Her mescide gidişinizde güzel ve temiz elbiselerinizi giyinin …,İbadet ve Kulluk,03.08.2018,CAMİ VE CEMAAT ADABI
A'raf,33,1,"De ki: Rabbim açık ve gizli bütün fuhşiyatı, günahı ve haddi aşmayı haram kılmıştır.","Eğitim, Teknoloji, Çevre ve Toplumsal Değişim",20.05.2016,MAHREMİYETİ YİTİRMEK MAHRUMİYETTİR
A'raf,55,1,Rabbinize yalvara yakara ve gizlice dua edin,"Afet, Kriz ve Sağlık",24.02.2023,"KARDEŞLİK, DAYANIŞMA VE DUA VAKTİ"
A'raf,56,1,Düzene sokulduktan sonra yeryüzünde bozgunculuk yapmayın.,"Afet, Kriz ve Sağlık",16.08.2019,GÜVENLİ BİR HAYAT İÇİN AFETLERE HAZIR OLALIM
A'raf,96,1,"O memleketlerin ahalisi iman etseler ve günahtan sakınsalardı, elbette onların üstüne gökten ve yerden nice bereket kapıları açardık.","Sabır, Tevekkül ve Manevi Olgunluk",18.09.2020,BEREKET: MANEVİ BOLLUK
Abese,33,1,"Kişinin kardeşinden, anasından, babasından, eşinden ve çocuklarından kaçacağı gün kulakları sağır edercesine şiddetli ses geldiği vakit, işte o gün herkesin kendini meşgul edecek bir işi vardır. O gün birtakım yüzler vardır ki pırıl pırıl parlar, güler sevinirler. O gün nice yüzler de vardır ki toz toprak içindedir. Onları bir siyahlık bürür. İşte onlar kâfirlerdir, günaha dalanlardır.","İman, Tevhid ve Ahiret",27.02.2015,ÖLÜM VE ÖTESİ
Ahkaf,15,1,Biz insana anne babasına iyi davranmasını emrettik,"Aile, Çocuk ve Nesil",31.10.2025,AİLEDE HUZURUN KAYNAĞI: MERHAMET VE MUHABBET
Ahzab,21,1,"İçinizden Allah’ın lütfuna ve ahiret gününe kavuşmayı umanlar, Allah’ı çokça zikredenler için hiç şüphe yok ki, Resûlullah’ta güzel bir örneklik vardır",Peygamberimiz ve Ashab,04.09.2026,PEYGAMBERİMİZ VE GÜZEL AHLAK
Ahzab,33,1,"Ey Ehl-i Beyt! Allah sizden, sadece günahı gidermek ve sizi tertemiz yapmak istiyor.","Kandiller, Muharrem ve Mübarek Geceler",23.10.2015,KERBELÂ’YI DOĞRU ANLAMAK
Ahzab,72,1,"Biz emaneti göklere, yere ve dağlara teklif ettik de onlar onu yüklenmek istemediler, ondan çekindiler. O emaneti insan yüklendi.",Peygamberimiz ve Ashab,14.04.2017,HZ. PEYGAMBER VE GÜVEN TOPLUMU
Al-i İmran,103,1,Hep birlikte Allah’ın ipine sımsıkı sarılın; bölünüp parçalanmayın,"Vatan, Millet ve Tarih",07.08.2026,KARDEŞLİK
Al-i İmran,130,1,Ey iman edenler! Kat kat arttırılmış olarak faiz yemeyin. Allah'a karşı gelmekten sakının ki kurtuluşa eresiniz.,"Ekonomik Hayat: Kazanç, Zekat ve İsraf",01.06.2018,MEŞRU OLMAYAN KAZANÇ: FAİZ
Al-i İmran,191,1,"Rabbimiz! Sen bunu boş yere yaratmadın, sen ne yücesin! Bizi cehennem azabından koru!",İbadet ve Kulluk,22.01.2021,AKLIN İBADETİ: TEFEKKÜR
Al-i İmran,195,1,"Hicret edenlerin, yurtlarından çıkarılanların, benim yolumda eziyete uğratılanların, savaşanların ve öldürülenlerin, işte onların günahlarını elbette sileceğim. Andolsun ki, Allah katından bir mükâfat olarak onları altından ırmaklar akan cennetlere koyacağım. Şüphe yok ki nimetin güzeli Allah katındadır!","Vatan, Millet ve Tarih",16.03.2018,MİLLETİMİZİN VAROLUŞ MÜCADELESİ: ÇANAKKALE ZAFERİ
Ala,16,1,"Fakat siz dünya hayatını tercih ediyorsunuz. Oysa âhiret, daha hayırlı ve süreklidir.","Sabır, Tevekkül ve Manevi Olgunluk",01.11.2019,DÜNYEVİLEŞMEK: GEÇİCİ OLANA GÖNÜL VERMEK
Alak,15,1,Secde et ve Rabbine yaklaş.,İbadet ve Kulluk,22.05.2020,BİR ÖMRÜ RAMAZAN GİBİ YAŞAMAK
Alak,19,1,Secde et ve Rabbine yaklaş!,"İman, Tevhid ve Ahiret",13.02.2015,İMAN
Ankebut,57,1,Her can ölümü tadacaktır. Sonra bize döndürüleceksiniz.,"İman, Tevhid ve Ahiret",05.10.2018,CENAZE ÂDÂBI: AHİRET YOLCUSUNA
Ankebut,64,1,"Bu dünya hayatı, hakikatte sadece bir oyun ve eğlenceden ibarettir; âhiret yurduna gelince işte asıl hayat odur. Keşke bunu bilselerdi!","Sabır, Tevekkül ve Manevi Olgunluk",27.12.2019,TEFEKKÜR İLE BİR ÖMÜR GEÇİRMEK
Bakara,114,1,"Allah'ın mescitlerinde onun adının anılmasını yasak eden ve onların yıkılması için çalışandan kim daha zalimdir. Böyleleri oralara (eğer girerlerse) ancak korka korka girebilmelidirler. Bunlar için dünyada rezillik, ahirette de büyük bir azap vardır.",İslam Coğrafyası ve Küresel Meseleler,07.11.2014,MESCİD-İ AKSÂ KAN AĞLIYOR
Bakara,126,1,Rabbim! Burayı güvenli bir belde yap!,"İman, Tevhid ve Ahiret",21.04.2017,MÜMİN GÜVENEN VE GÜVENİLEN İNSANDIR
Bakara,129,1,"Rabbimiz! İçlerinden onlara bir peygamber gönder; onlara ayetlerini okusun, kitabı ve hikmeti öğretsin ve onları her türlü kötülükten arındırsın. Şüphesiz, sen mutlak güç sahibisin, hüküm ve hikmet sahibisin.","Eğitim, Teknoloji, Çevre ve Toplumsal Değişim",06.09.2024,"İLİM VE EĞİTİM, AHLAKLA YÜCELİR"
Bakara,134,1,"Önceki ümmetler, gelip geçti. Onların yapıp etikleri kendilerine, sizin yapıp ettikleriniz de size aittir. Siz onların yapıp ettiklerinden sorguya çekilecek değilsiniz","Vatan, Millet ve Tarih",17.03.2017,ŞEHADETİN DESTANLAŞTIĞI YER: ÇANAKKALE
Bakara,151,1,"Nitekim aranızdan size bir peygamber gönderdik: O size ayetlerimizi okuyor, sizi arıtıp temizliyor, size kitabı ve hikmeti öğretiyor; yine size daha önce bilmediklerinizi öğretiyor.",Kur'an-ı Kerim,27.05.2022,ALLAH’IN KİTABINA VE PEYGAMBERİNİN SÜNNETİNE BAĞLILIK
Bakara,165,1,İman edenlerin Allah sevgisi çok kuvvetlidir.,"İman, Tevhid ve Ahiret",19.02.2021,İMANIN TADINA ERMEK: ALLAH VE RESÛLÜ’NÜ SEVMEK
Bakara,179,1,Ey akıl sahipleri! Kısasta sizin için hayat vardır. Umulur ki suç işlemekten sakınırsınız.,"Toplumsal Dayanışma, Merhamet ve Kardeşlik",01.11.2024,HER CANIN DOKUNULMAZLIĞI VARDIR
Bakara,185,1,"Ramazan ayı, insanlar için bir hidayet rehberi, doğru yolun ve hak ile batılı birbirinden ayırmanın apaçık delilleri olarak Kur'an'ın kendisinde indirildiği aydır. Öyle ise içinizden kim bu aya ulaşırsa onu oruçla geçirsin...","Ramazan, Oruç ve Bayramlar",03.05.2019,HOŞ GELDİN YA ŞEHR-İ RAMAZAN
Bakara,196,1,Haccı ve umreyi Allah için eksiksiz yerine getirin,İbadet ve Kulluk,08.05.2026,"İBADETLER, BİZİ RABBİMİZE YAKINLAŞTIRIR"
Bakara,208,1,"Ey iman edenler! Hepiniz topluca barış ve güvenliğe (yani İslam'a) girin. Şeytanın adımlarını izlemeyin. Çünkü o, size apaçık bir düşmandır.","Toplumsal Dayanışma, Merhamet ve Kardeşlik",07.12.2018,SELÂM: İSLÂM’IN GÜVEN VE BARIŞ ÇAĞRISI
Bakara,250,1,Rabbimiz! Bize sabır ve dayanma gücü ver. Ayaklarımızı senin yolunda sabit kıl. Kâfirlere karşı bize yardım eyle.,İslam Coğrafyası ve Küresel Meseleler,03.11.2023,ZULME RIZA GÖSTERMEK ZULÜMDÜR
Bakara,256,1,Dinde zorlama yoktur,Kur'an-ı Kerim,27.01.2023,EN BÜYÜK MUCİZE KUR’AN-I KERİM
Bakara,267,1,"Size verilse, gönlünüzün razı olmayacağı kötü bir malı, hayır diye bir başkasına vermeye kalkışmayın.","Ekonomik Hayat: Kazanç, Zekat ve İsraf",14.03.2025,İYİLİK KÖPRÜSÜ: ZEKÂT VE FITIR SADAKASI
Bakara,272,1,"Hayır olarak ne harcarsanız, kendiniz içindir. Zaten siz ancak Allah'ın rızasını kazanmak için harcarsınız. Hayır olarak her ne harcarsanız hiç hakkınız yenmeden karşılığı size tastamam ödenir.","Ekonomik Hayat: Kazanç, Zekat ve İsraf",17.08.2018,SADAKA-İ CÂRİYE
Bakara,278,1,"Ey iman edenler! Allah'tan korkun. Eğer gerçekten inanıyorsanız mevcut faiz alacaklarınızı terk edin. Eğer böyle yapmazsanız, Allah ve Resûlü tarafından faizcilere karşı açılan savaştan haberiniz olsun. Eğer tevbe edip vazgeçerseniz, anaparanız sizindir; ne haksızlık etmiş ne de haksızlığa uğramış olursunuz.","Ekonomik Hayat: Kazanç, Zekat ve İsraf",23.08.2019,FAİZİN TOPLUMSAL ZARARLARI
Bakara,285,1,"Peygamber, Rabbinden kendisine indirilene inandı; müminler de inandılar",Kur'an-ı Kerim,04.11.2022,HAYAT REHBERİMİZ KUR’AN
Bakara,44,1,"Kitabı okuyup durduğunuz halde, kendinizi unutup iyiliği başkalarına mı emrediyorsunuz? Aklınızı kullanmıyor musunuz?","Sabır, Tevekkül ve Manevi Olgunluk",19.01.2018,ÖNCE KENDİMİZDEN SORUMLUYUZ
Bakara,82,1,İman edip salih amel işleyenler cennetliklerdir. Onlar orada ebedi kalacaklardır.,"Ramazan, Oruç ve Bayramlar",10.04.2024,"RAMAZAN BAYRAMI: BİRLİK, BERABERLİK VE KARDEŞLİK GÜNLERİ"
Beled,12,1,"O sarp yol nedir, bilir misin? Köle azât etmektir. Veya bir kıtlık gününde yakını olan bir yetimi yahut aç ve açıkta kalan bir yoksulu doyurmaktır. Sonra iman edip birbirlerine sabrı tavsiye edenlerden ve merhameti öğütleyenlerden olmaktır.","Toplumsal Dayanışma, Merhamet ve Kardeşlik",21.12.2018,VARLIĞIN İLAHİ MAYASI MERHAMET
Beyyine,7,1,"Şüphesiz, iman edip, salih ameller işleyenler var ya; işte onlar yaratılanların en hayırlısıdır. Rableri katında onların mükâfatı, altından ırmaklar akan, içinde ebedi kalacakları Adn cennetleridir. Allah onlardan razı olmuştur, onlar da Allah'tan razı olmuşlardır. İşte bu mükafat Rabbine derin saygı duyanlara mahsustur.","İman, Tevhid ve Ahiret",06.07.2018,ALLAH’IN RIZASINA ULAŞTIRAN SALİH AMELLER
Buruc,12,1,Şüphesiz Rabbinin yakalaması çok şiddetlidir.,İslam Coğrafyası ve Küresel Meseleler,25.07.2025,GAZZE: İNSANLIĞIN ONUR SINAVI
Buruc,14,1,"Mağfireti çok, sevgisi engin olandır.","İman, Tevhid ve Ahiret",03.04.2015,"HAKİKİ SEVGİ: ALLAH’I SEVMEK, ALLAH İÇİN SEVMEK"
Casiye,13,1,"Allah, göklerdeki ve yerdeki her şeyi kendi katından bir nimet olarak sizin hizmetinize vermiştir. Elbette bunda düşünen bir toplum için deliller vardır.","Eğitim, Teknoloji, Çevre ve Toplumsal Değişim",04.10.2019,DÜNYA EVİMİZ BİZE EMANETTİR
Cuma,9,1,"Ey iman edenler! Cuma günü ezan okunduğunda namaz için koşun ve alışverişle meşguliyeti bırakın. Bilesiniz ki bu, sizin için daha hayırlıdır.",İbadet ve Kulluk,01.12.2017,GÜNEŞİN DOĞDUĞU EN HAYIRLI GÜN: CUMA
Duha,6,1,Rabbin seni yetim bulup barındırmadı mı?,"Aile, Çocuk ve Nesil",03.07.2015,CENNET KAPILARININ ANAHTARI: YETİMLER
En'am,10,1,"Senden önceki peygamberlerle de alay edilmiş, sonunda onlarla alay edenleri, alaya aldıkları azap kuşatıvermişti.","İman, Tevhid ve Ahiret",13.03.2026,HAK VE HAKİKATİN TEMSİLCİLERİ: PEYGAMBERLER
En'am,141,1,Allah israf edenleri sevmez.,"Ekonomik Hayat: Kazanç, Zekat ve İsraf",25.01.2013,ALLAH’IN SEVMEDİĞİ DAVRANIŞ: İSRAF
En'am,160,1,Kim iyilik yaparsa ona yaptığının on katı vardır; kim de kötülük yaparsa o sadece yaptığının dengiyle cezalandırılır. Onlar haksızlığa uğratılmazlar.,"Ahlak, Erdem ve Söz",11.03.2022,DÜNYA HAYATI BİR İYİLİK YOLCULUĞUDUR
En'am,164,1,Hiçbir günahkâr bir başkasının günahını yüklenmez.,"Toplumsal Dayanışma, Merhamet ve Kardeşlik",01.09.2023,SAKIN İNCİTME BİR CÂNI!
En'am,35,1,Sakın cahillerden olma!,"Eğitim, Teknoloji, Çevre ve Toplumsal Değişim",30.03.2018,VAHYİN İNSANLIĞA İLK MESAJI: OKU!
En'am,38,1,Yeryüzünde yürüyen hayvanlardan ve gökyüzünde iki kanadıyla uçan kuşlardan ne varsa hepsi sizin gibi birer topluluktur.,"Ahlak, Erdem ve Söz",29.01.2021,HAYVANLARA MERHAMET: DİNÎ VE İNSANÎ SORUMLULUĞUMUZ
En'am,54,1,"Sizden kim cahillikle bir kabahat işler de sonra peşinden tövbe eder, kendini düzeltirse (bilmiş olun ki) O, çok bağışlayandır, çok merhamet edendir.","Kandiller, Muharrem ve Mübarek Geceler",21.06.2013,BERATA ULAŞABİLMEK
En'am,82,1,"İman edip de imanlarına zulüm karıştırmayanlar... İşte güven onların hakkıdır. Onlar, hidayet üzere olanlardır.","İman, Tevhid ve Ahiret",13.06.2014,İMANIN ŞUBELERİ
Enbiya,1,1,İnsanların hesaba çekilecekleri gün iyice yaklaştı; hâlbuki onlar gaflet içinde haktan yüz çeviriyorlar.,"Sabır, Tevekkül ve Manevi Olgunluk",30.12.2022,HAYATIN TEKRARI YOK
Enbiya,16,1,"Biz yeri, göğü ve arasındakileri oyun olsun diye yaratmadık.","Eğitim, Teknoloji, Çevre ve Toplumsal Değişim",04.10.2019,DÜNYA EVİMİZ BİZE EMANETTİR
Enbiya,30,1,canlı olan her varlık sudan yaratılmıştır,"Afet, Kriz ve Sağlık",11.12.2020,SU: HAYAT VE ŞİFA KAYNAĞIMIZ
Enbiya,47,1,"Biz, kıyamet gününde adalet terazileri kurarız; kimseye hiçbir şekilde haksızlık edilmez. Yapılanlar, bir hardal tanesi kadar dahi olsa, onu adalet terazisine getiririz. Hesap görücü olarak biz yeteriz.","Toplumsal Dayanışma, Merhamet ve Kardeşlik",15.12.2023,ADALET: HER HAK SAHİBİNE HAKKINI VERMEK
Enbiya,86,1,Senden başka ilah yoktur. Seni her türlü eksiklikten tenzih ederim. Ben gerçekten kendine yazık edenlerden oldum.,"Sabır, Tevekkül ve Manevi Olgunluk",01.04.2016,ÖFKEYE HÂKİM OLABİLMEK
Enfal,46,1,"Allah’a ve Resûlüne itaat edin ve birbirinizle çekişmeyin. Sonra gevşersiniz ve gücünüz, devletiniz elden gider. Sabırlı olun. Çünkü Allah sabredenlerle beraberdir.","Vatan, Millet ve Tarih",07.08.2026,KARDEŞLİK
Enfal,67,1,"Siz geçici dünya menfaatini istiyorsunuz, Allah ise ahireti kazanmanızı istiyor.","İman, Tevhid ve Ahiret",09.08.2024,VEHEN: BİRLİK VE BERABERLİĞİMİZİN ÖNÜNDEKİ BÜYÜK ENGEL
Enfal,72,1,"İman edip hicret edenler, Allah yolunda mallarıyla ve canlarıyla cihad edenler, muhacirleri barındırıp yardım edenler var ya, işte onlar birbirlerinin dostlarıdır…","Kandiller, Muharrem ve Mübarek Geceler",12.06.2026,HİCRİ YENİ YILA GİRERKEN
Enfal,74,1,"İman edip hicret edenler, Allah yolunda cihad edenler; onlara kucak açıp yardım edenler var ya! İşte onlar gerçek müminlerdir. Onlar için bağışlanma ve büyük bir lütuf vardır.",Peygamberimiz ve Ashab,21.07.2023,HİCRET: İDEALLER UĞRUNA ÇIKILAN KUTLU BİR SEFER
Fatiha,1,1,"Bizi dosdoğru yola, kendilerine iman ve hidayet nimeti verdiğin kimselerin yoluna ilet. Gazabına uğramış olanların ve sapıtanların yoluna değil.",Kur'an-ı Kerim,08.01.2021,FÂTİHA SÛRESİ: KUR’AN’IN MUKADDİMESİ
Fetih,10,1,…Kim Allah ile olan ahdine vefa gösterirse Allah ona büyük bir mükâfat verecektir,"Ahlak, Erdem ve Söz",07.11.2025,VEFA İMANDANDIR
Furkan,63,1,"Rabbimiz! Bizden cehennem azabını uzaklaştır, gerçekten onun azabı gelip geçici değil, devamlıdır. Şüphesiz, orası ne kötü bir durak ve ne kötü bir konaktır.","Kandiller, Muharrem ve Mübarek Geceler",29.06.2012,BERÂT’A YOL ARAMAK
Furkan,70,1,"Ancak tevbe edip de iman eden ve salih amel işleyenler başka. Allah işte onların kötülüklerini iyiliklere çevirir. Allah çok bağışlayandır, çok merhamet edendir.","İman, Tevhid ve Ahiret",14.12.2018,RAHMET VE MAĞFİRET KAPISI: TEVBE
Furkan,72,1,"Onlar, yalana şahitlik etmezler. Faydasız boş bir şeyle karşılaştıkları zaman, vakar ve hoşgörü ile geçip giderler.","Ahlak, Erdem ve Söz",22.05.2015,BOŞ ŞEYLERİ TERK EDEREK HAYATI ANLAMLI KILMAK
Hac,38,1,"Biliniz ki Allah, iman edenleri korur. Şu da muhakkak ki Allah hiçbir haini, hiçbir nankörü sevmez.","Vatan, Millet ve Tarih",10.07.2020,15 TEMMUZ VE BİRLİK RUHU
Hac,40,1,"Şüphesiz Allah, kendi dinine yardım edenlere mutlaka yardım eder.",İslam Coğrafyası ve Küresel Meseleler,03.10.2025,HENDEK’TEN GAZZE’YE: ZAFER İNANANLARINDIR
Hadid,18,1,"Şüphesiz ki sadaka veren erkeklerle sadaka veren kadınlar ve Allah'a güzel bir borç verenler var ya, verdikleri onlara kat kat ödenir. Ayrıca onlara çok değerli bir mükâfat da vardır.","Ekonomik Hayat: Kazanç, Zekat ve İsraf",17.08.2018,SADAKA-İ CÂRİYE
Hakka,19,1,"Alın kitabımı okuyun. Doğrusu ben, hesabımla karşılaşacağımı zaten bekliyordum.","İman, Tevhid ve Ahiret",24.12.2021,AHİRET DAHA HAYIRLI VE SÜREKLİDİR
Haşr,19,1,İşte onlar gerçekten yoldan çıkmış kimselerdir.,"İman, Tevhid ve Ahiret",06.10.2017,"ALLAH’I UNUTANLAR, UNUTULURLAR"
Haşr,9,1,"… Onlar, Muhacirlere verilenlerden dolayı içlerinde bir rahatsızlık duymazlar. Kendileri son derece ihtiyaç içinde bulunsalar bile onları kendilerine tercih ederler. Kim nefsinin cimriliğinden, hırsından korunursa, işte onlar kurtuluşa erenlerin ta kendileridir.","Toplumsal Dayanışma, Merhamet ve Kardeşlik",14.08.2015,İMANIN TEZAHÜRÜ: FEDAKÂRLIK VE İSÂR
Hicr,46,1,Selametle ve güvenle girin cennete!,"İman, Tevhid ve Ahiret",20.11.2020,CENNET: MÜMİNLERİ BEKLEYEN SONSUZ NİMET
Hicr,49,1,"Resûlüm! Kullarıma, benim, çok bağışlayan ve çok esirgeyen olduğumu haber ver.","Toplumsal Dayanışma, Merhamet ve Kardeşlik",08.11.2024,MERHAMET EDEN MERHAMET BULUR
Hicr,50,1,Azabımın da çok elem verici olduğunu bildir.,"Toplumsal Dayanışma, Merhamet ve Kardeşlik",08.11.2024,MERHAMET EDEN MERHAMET BULUR
Hud,114,1,İyilikler kötülükleri yok eder.,"Ahlak, Erdem ve Söz",06.04.2018,İYİLİK: PAYLAŞILDIKÇA ARTAN DEĞER
Hud,23,1,"İman edip, salih ameller işleyen ve Rablerine gönülden bağlananlara gelince, işte onlar cennetliklerdir. Onlar orada ebedi kalacaklardır.",İbadet ve Kulluk,11.01.2019,"İNSANIN KEMAL YOLCULUĞU: İSLAM, İMAN VE İHSAN"
Hud,61,1,"Semûd kavmine de kardeşleri Sâlih’i gönderdik. O dedi ki: ‘Ey kavmim! Allah’a kulluk edin. Sizin O’ndan başka ilâhınız yoktur. Sizi topraktan yaratan ve yeryüzünü imar etme sorumluluğunu size veren O’dur. O halde O’ndan bağışlanma dileyin ve samimiyetle tövbe edin. Şüphesiz Rabbim çok yakındır, dualara karşılık verendir.’","Vatan, Millet ve Tarih",24.07.2026,İSLAM MEDENİYETİ
Kadir,1,1,"Şüphesiz, biz onu (Kur'an'ı) Kadir gecesinde indirdik. Kadir gecesinin ne olduğunu sen ne bileceksin! Kadir gecesi bin aydan daha hayırlıdır. Melekler ve Ruh (Cebrail) o gecede, Rablerinin izniyle her türlü iş için iner de iner. O gece, tan yerinin ağarmasına kadar bir esenliktir.","Kandiller, Muharrem ve Mübarek Geceler",02.08.2013,RAMAZANA VEDA VE KADİR GECESİ
Kasas,17,1,Rabbim! Bana verdiğin nimetle asla mücrimlere arka çıkmayacağım.,İslam Coğrafyası ve Küresel Meseleler,16.08.2013,"MAZLUMUN AHI, TİTRETİR ARŞ-I RAHMAN’I"
Kasas,24,1,Ey Rabbimiz! Bize göndereceğin her hayra muhtacız.,"Afet, Kriz ve Sağlık",17.02.2023,MİRAÇ GECEMİZ: İLÂHÎ RAHMET VE SEKÎNET VESİLEMİZ
Kehf,104,1,"Onlar, iyi işler yaptıklarını sandıkları halde, dünya hayatında çabaları boşa giden kimselerdir.","Eğitim, Teknoloji, Çevre ve Toplumsal Değişim",03.09.2021,ALLAH İLİM YOLCUSUNA CENNETİ KOLAYLAŞTIRIR
Kehf,107,1,"İman edip salih amel işleyenler, Firdevs cennetlerinde ağırlanacaktır. Onlar, orada ebedi kalacaklar ve hiç ayrılmak istemeyeceklerdir.","İman, Tevhid ve Ahiret",22.12.2023,MÜMİNLERİN EBEDİ YURDU: CENNET
Kehf,45,1,"...Dünya hayatı, gökten indirdiğimiz yağmur gibidir ki, o yağmurla yeryüzünün bitkileri boy verip birbirine karışır. Fakat bütün bu canlılık sonunda rüzgârın savurduğu kuru bir çerçöpe döner.","Sabır, Tevekkül ve Manevi Olgunluk",26.12.2014,PAHA BİÇİLMEZ SERMAYE: ÖMÜR
Kıyamet,13,1,"O gün insana, yapıp önden gönderdiği ve yapmayıp geri bıraktığı şeyler haber verilir.","Sabır, Tevekkül ve Manevi Olgunluk",30.12.2022,HAYATIN TEKRARI YOK
Lokman,12,1,"Kim şükrederse kendisi için şükretmiş olur. Kim de nankörlük ederse, bilsin ki Allah her bakımdan sınırsız zengindir, övülmeye lâyıktır.","Sabır, Tevekkül ve Manevi Olgunluk",27.10.2017,ŞÜKREDEN BİR KUL OLABİLMEK
Lokman,16,1,"Yavrucuğum! Yaptığın iş bir hardal tanesi ağırlığında bile olsa, bir kayanın içinde saklansa veya göklerde yahut yerin dibinde bulunsa yine de Allah onu açığa çıkarır...","Aile, Çocuk ve Nesil",04.04.2025,GÜÇLÜ BİR TOPLUMUN İNŞASINDA ANNE BABANIN ROLÜ
Maide,1,1,Ey iman edenler! Akitlerinizin gereğini yerine getirin.,"Kandiller, Muharrem ve Mübarek Geceler",31.05.2019,KADİR GECESİ: KUR'ÂN İLE ŞEREFLENEN GECE
Maide,105,1,Ey iman edenler! Sorumluluklarınıza dikkat edin. Siz doğru gittiğiniz takdirde yanlış yola sapanlar size zarar veremez,"Ahlak, Erdem ve Söz",05.06.2026,DUYARLILIK
Maide,27,1,Kurban ancak takva sahiplerinden kabul olunur.,"Ramazan, Oruç ve Bayramlar",04.10.2013,KURBANLARIMIZLA PEKİŞSİN KARDEŞLİĞİMİZ
Maide,3,1,Bugün sizin için dininizi kemale erdirdim. Size nimetimi tamamladım ve sizin için din olarak İslâm'ı seçtim.,"İman, Tevhid ve Ahiret",30.01.2015,ALLAH’IN SON DİNİ İSLAM
Maide,48,1,Eğer Allah dileseydi sizi tek bir ümmet yapardı. Fakat verdiği şeylerde sizi imtihan etmek için ümmetlere ayırdı.,"Toplumsal Dayanışma, Merhamet ve Kardeşlik",17.04.2015,"DÜNYA BİZE, BİZ BİRBİRİMİZE EMANETİZ!"
Maide,54,1,…Kınayanın kınamasından korkmazlar...,"Aile, Çocuk ve Nesil",13.06.2025,DÜĞÜN YAPMANIN DA BİR ÂDÂBI VARDIR
Maide,6,1,"Allah size herhangi bir güçlük çıkarmak istemez, fakat O sizi tertemiz kılmak ve üzerinizdeki nimetini tamamlamak ister ki şükredesiniz.",İbadet ve Kulluk,19.10.2018,MADDİ VE MANEVİ ARINMA: TEMİZLİK
Maide,87,1,Ey iman edenler! Allah'ın size helal kıldığı iyi ve temiz nimetleri (kendinize) haram etmeyin ve (Allah'ın koyduğu) sınırları aşmayın. Çünkü Allah haddi aşanları sevmez.,"Sabır, Tevekkül ve Manevi Olgunluk",06.03.2015,"ALLAH, AŞIRI GİDENLERİ SEVMEZ"
Maun,4,1,Onlar ki namazlarıyla gösteriş yaparlar.,"Ahlak, Erdem ve Söz",12.05.2017,SAMİMİYETSİZLİĞİN ADI: RİYA
Meryem,31,1,Nerede olursam olayım yaşadığım sürece Allah bana namazı emretti.,İbadet ve Kulluk,09.10.2015,NAMAZ DİRİLİŞTİR
Muhammed,7,1,"Ey iman edenler! Eğer siz Allah'ın dinine yardım ederseniz O da size yardım eder, ayaklarınızı kaydırmaz.","Vatan, Millet ve Tarih",24.08.2018,"GAYRET MÜMİNLERDEN, ZAFER ALLAH’TANDIR"
Mutaffifin,14,1,…Hayır hayır! Doğrusu yapıp ettiklerinden dolayı kalplerinin üzeri pas tutmuştur.,"Toplumsal Dayanışma, Merhamet ve Kardeşlik",15.04.2011,MERHAMET EĞİTİMİ
Mü'minun,112,1,Sizi boşuna yarattığımızı ve bize tekrar döndürülmeyeceğinizi mi sandınız?,"Sabır, Tevekkül ve Manevi Olgunluk",28.12.2012,“DÜN” EYLEDİĞİMİZ GÜNLER…
Mü'minun,18,1,Biz gökten uygun bir ölçüde su indirir ve onu yeryüzünde tutarız. Kuşkusuz bizim onu tamamen gidermeye de gücümüz yeter.,"Afet, Kriz ve Sağlık",11.12.2020,SU: HAYAT VE ŞİFA KAYNAĞIMIZ
Mü'minun,5,1,"Onlar ki, namuslarını muhafaza ederler","Ahlak, Erdem ve Söz",25.01.2019,İSLAM AHLÂKININ ÖZÜ HAYÂDIR
Mü'minun,51,1,…Helal şeylerden yiyiniz ve salih ameller işleyiniz.,"Ekonomik Hayat: Kazanç, Zekat ve İsraf",19.07.2013,"HELAL KAZANÇ, HELAL LOKMA"
Mü'minun,9,1,"Kurtuluşa eren müminler, namazlarını titizlikle kılmaya devam ederler. İşte Firdevs cennetinin vârisleri onlardır. Orada ebedi kalacak olanlar da onlardır.",İbadet ve Kulluk,09.01.2026,NAMAZ
Mü'minun,97,1,De ki: Rabbim! Şeytanların vesveselerinden sana sığınırım. Onların yanı başımda bulunmalarından da sana sığınırım.,İbadet ve Kulluk,12.01.2024,ALLAH’IN RAHMET VE İNAYETİNE SIĞINMANIN ADI: EÛZÜ-BESMELE
Müddessir,4,1,Elbiseni tertemiz tut. Her türlü pislikten uzak dur,İbadet ve Kulluk,19.10.2018,MADDİ VE MANEVİ ARINMA: TEMİZLİK
Mülk,30,1,"De ki, Söyleyin bakalım: Suyunuz çekilip kayboluverse, size kim temiz bir su kaynağı getirebilir?","Ekonomik Hayat: Kazanç, Zekat ve İsraf",18.07.2025,SUYUMUZU İSRAF ETMEYELİM
Müzzemmil,20,1,…Kendiniz için önceden ne iyilik hazırlarsanız Allah katında onu bulursunuz…,"Ekonomik Hayat: Kazanç, Zekat ve İsraf",09.05.2025,"VAKIF: YARATAN’A HÜRMET, YARATILANA MERHAMET"
Nahl,128,1,"Allah, takva ile hareket eden ve iyilik yapanlarla beraberdir.","Kandiller, Muharrem ve Mübarek Geceler",20.01.2023,ALLAH’IM! ÜÇ AYLARI BİZE BEREKETLİ KIL
Nahl,59,1,"Onlardan birine bir kızının dünyaya geldiği müjdelendiğinde, içi öfke ile dolarak yüzü simsiyah kesilir! Kendisine verilen bu kötü haber yüzünden utanır ve eşinden dostundan gizlenirdi.","Aile, Çocuk ve Nesil",25.11.2011,"EŞİMİZ, EVLADIMIZ, ANNEMİZ: KADIN"
Nahl,66,1,Hayvanlarda sizin için elbette ibret vardır,Kur'an-ı Kerim,04.11.2022,HAYAT REHBERİMİZ KUR’AN
Nahl,80,1,"Allah, evlerinizi sizin için bir huzur ve sükûnet yeri kıldı…","Aile, Çocuk ve Nesil",16.05.2025,"AİLE: GÜVEN, SADAKAT VE MERHAMET YUVASI"
Nahl,90,1,"Şüphesiz Allah adaleti, iyiliği ve yakınlara yardım etmeyi emreder; hayâsızlığı, fenalığı ve azgınlığı yasaklar","Vatan, Millet ve Tarih",24.07.2026,İSLAM MEDENİYETİ
Nasr,3,1,Allah tövbeleri çokça kabul edendir.,"Ramazan, Oruç ve Bayramlar",15.06.2018,KULLUK BİLİNCİYLE BİR ÖMÜR GEÇİRMEK
Nebe,10,1,Geceyi istirahat etmek için üzerinize örtü yaptık. Gündüzü de çalışıp geçim temin etme zamanı kıldık.,"Toplumsal Dayanışma, Merhamet ve Kardeşlik",08.08.2025,SILA-İ RAHİMLE BEREKETLENEN TATİL
Necm,3,1,"Peygamber, arzu ve hevesine göre konuşmaz. Onun size okuduğu, kendisine indirilmiş vahiyden başka bir şey değildir","İman, Tevhid ve Ahiret",13.03.2026,HAK VE HAKİKATİN TEMSİLCİLERİ: PEYGAMBERLER
Necm,32,1,"Sakın kendinizi kusursuz görmeye kalkışmayın! Çünkü Allah, kendisine karşı gelmekten sakınanları en iyi bilendir.","Sabır, Tevekkül ve Manevi Olgunluk",19.01.2018,ÖNCE KENDİMİZDEN SORUMLUYUZ
Nisa,163,1,"Biz Nûh'a ve ondan sonra gelen peygamberlere vahyettiğimiz gibi, sana da vahyettik. İbrahim'e, İsmail'e, İshak'a, Yakub'a, torunlarına, İsa'ya, Eyyüb'e, Yûnus'a, Hârûn'a ve Süleyman'a da vahyetmiştik. Davûd'a da Zebûr vermiştik.","İman, Tevhid ve Ahiret",16.01.2015,ALLAH’IN KUTLU ELÇİLERİNE SAYGI
Nisa,17,1,"Allah katında makbul tevbe, ancak bilmeyerek günah işleyip sonra çok geçmeden tevbe edenlerin tevbesidir. İşte Allah bunların tevbelerini kabul buyurur. Allah hakkıyla bilendir, hüküm ve hikmet sahibidir.","İman, Tevhid ve Ahiret",14.12.2018,RAHMET VE MAĞFİRET KAPISI: TEVBE
Nisa,48,1,"Allah, kendisine ortak koşulmasını asla bağışlamaz. Diğer bütün günahları dilediği kimseler için bağışlar.","Kandiller, Muharrem ve Mübarek Geceler",05.05.2017,NEDAMET VE ÜMİDİN ADI: TÖVBE
Nisa,58,1,"Allah size, emanetleri ehline vermenizi ve insanlar arasında hükmettiğiniz zaman adaletle hükmetmenizi emreder.","Kandiller, Muharrem ve Mübarek Geceler",31.05.2019,KADİR GECESİ: KUR'ÂN İLE ŞEREFLENEN GECE
Nisa,78,1,"Nerede olursanız olun, sağlam ve güçlendirilmiş kaleler içinde bulunsanız bile ölüm size ulaşacaktır.","İman, Tevhid ve Ahiret",27.02.2015,ÖLÜM VE ÖTESİ
Nur,21,1,"Ey iman edenler! Şeytanın adımlarını takip etmeyin. Kim şeytanın adımlarını takip ederse, bilsin ki şeytan, ancak hayâsızlığı ve kötülüğü emreder…","Aile, Çocuk ve Nesil",10.01.2025,"FITRATI KORUMAK, AİLEYİ KORUMAKTIR"
Nur,24,1,"O gün günahkârların dilleri, elleri ve ayakları, yapıp ettikleriyle ilgili aleyhlerine şahitlik edecektir.","Sabır, Tevekkül ve Manevi Olgunluk",29.12.2023,MUHASEBE BİLİNCİYLE BİR ÖMÜR GEÇİRMEK
Nur,32,1,İçinizden bekâr olanları evlendirin...,"Aile, Çocuk ve Nesil",13.06.2025,DÜĞÜN YAPMANIN DA BİR ÂDÂBI VARDIR
Nur,55,1,"Allah, içinizden iman edip dünya ve ahiret için yararlı işler yapan kimselere; kendilerinden öncekilere verdiği gibi onlara da yeryüzünde hâkimiyet vereceğini, onlar için beğenip seçtiği İslam dinini yerleştirip yayılmasını sağlayacağını, hâlihazırdaki korkularını güvenliğe çevireceğini vaat etmiştir…","İman, Tevhid ve Ahiret",09.08.2024,VEHEN: BİRLİK VE BERABERLİĞİMİZİN ÖNÜNDEKİ BÜYÜK ENGEL
Ra'd,29,1,İman edip dünya ve ahiret için yararlı işler yapanlara müjdeler olsun! Onların varacağı yer ne güzel yerdir.,"Ahlak, Erdem ve Söz",20.09.2024,PEYGAMBERİMİZ (S.A.S) VE ŞAHSİYET İNŞASI
Rahman,29,1,"Göklerde ve yerde bulunanlar, her şeyi ondan talep eder. O, her an yaratma halindedir. O halde, Rabbinizin nimetlerinden hangisini yalanlayabilirsiniz?","Eğitim, Teknoloji, Çevre ve Toplumsal Değişim",04.10.2019,DÜNYA EVİMİZ BİZE EMANETTİR
Rum,47,1,"Müminlere yardım etmek, üzerimizde bir gerekliliktir.","Vatan, Millet ve Tarih",28.05.2021,"YÜCE ALLAH, MÜMİNLERİN YARDIMCISIDIR"
Rum,54,1,"Allah, sizi güçsüz olarak yaratan, sonra güçsüzlüğün ardından bir güç veren, sonra gücün ardından bir güçsüzlük ve yaşlılık verendir. O dilediğini yaratır. O hakkıyla bilendir, kudret sahibi olandır.","Aile, Çocuk ve Nesil",22.02.2019,"YAŞLILARA HÜRMET, ÖMRÜMÜZE BEREKET"
Saffat,100,1,"Ey İbrahim! Rüyayı gerçekleştirdin. Biz iyileri böyle mükâfatlandırırız. Bu, gerçekten, çok açık bir imtihandır. Biz, oğluna bedel ona büyük bir kurban verdik.","Ramazan, Oruç ve Bayramlar",03.10.2014,KURBAN ALLAH’A YAKIN OLMAK İÇİNDİR
Taha,114,1,"Rabbimiz! İlmimizi, anlayışımızı artır ve bizi salih kullarından eyle!",İslam Coğrafyası ve Küresel Meseleler,20.11.2015,KÜRESEL TERÖRÜN HEDEF ALDIĞI DİN: İSLAM
Taha,25,1,Rabbim! Gönlüme ferahlık ver! İşimi kolaylaştır.,"Kandiller, Muharrem ve Mübarek Geceler",31.03.2017,"RAĞBETİMİZ, RABBİMİZE OLSUN!"
Tahrim,66,1,"Ey iman edenler! Kendinizi ve ailenizi, yakıtı insanlar ve taşlar olan ateşten koruyun","Eğitim, Teknoloji, Çevre ve Toplumsal Değişim",11.09.2026,EĞİTİM VE ÖĞRETİM
Tahrim,8,1,Ey iman edenler! Allah'a içtenlikle tevbe edin,"İman, Tevhid ve Ahiret",14.12.2018,RAHMET VE MAĞFİRET KAPISI: TEVBE
Tekvir,26,1,Gidişiniz nereye?,"Ramazan, Oruç ve Bayramlar",02.06.2017,ORUCUN AÇLIĞI AÇGÖZLÜLÜĞÜ TEDAVİ EDER
Tevbe,18,1,"Allah’ın mescitlerini, ancak Allah’a ve ahiret gününe inanan, namazı dosdoğru kılan, zekâtı veren ve yalnızca Allah’tan korkan ve çekinen kimseler imar edebilirler. İşte onların doğru yolu bulanlardan olmaları umulur.","Vatan, Millet ve Tarih",24.07.2026,İSLAM MEDENİYETİ
Yasin,3,1,Sen elbette dosdoğru yol üzere gönderilen peygamberlerdensin.,"İman, Tevhid ve Ahiret",30.05.2025,YÂSÎN SÛRESİ: KUR’AN’IN KALBİ
Yasin,55,1,"O gün cennetlikler, nimetler içinde safa sürerler.","İman, Tevhid ve Ahiret",30.05.2025,YÂSÎN SÛRESİ: KUR’AN’IN KALBİ
Yasin,58,1,Onlara merhamet sahibi Rabbin söylediği selam vardır.,"İman, Tevhid ve Ahiret",30.05.2025,YÂSÎN SÛRESİ: KUR’AN’IN KALBİ
Yasin,61,1,Bana kulluk edin. İşte dosdoğru yol budur.,"İman, Tevhid ve Ahiret",30.05.2025,YÂSÎN SÛRESİ: KUR’AN’IN KALBİ
Yasin,63,1,İnkar ettiğinizden dolayı bugün girin oraya!,"İman, Tevhid ve Ahiret",30.05.2025,YÂSÎN SÛRESİ: KUR’AN’IN KALBİ
Yasin,78,1,Onları ilk başta yaratmış olan Allah diriltecektir.,"İman, Tevhid ve Ahiret",30.05.2025,YÂSÎN SÛRESİ: KUR’AN’IN KALBİ
Yunus,26,1,"İyilik edenleri iyilikle mükâfatlandırırız, kendilerine daha da fazlasını veririz. Onların yüzleri kararmayacak, onlar zillete de düşmeyeceklerdir. İşte onlar cennetliklerdir ve orada ebedî kalacaklardır.","Toplumsal Dayanışma, Merhamet ve Kardeşlik",19.06.2015,VAKİT İYİLİK VAKTİ: BU RAMAZAN VE HER ZAMAN
Yunus,57,1,"Ey insanlar! İşte size Rabbinizden bir öğüt, kalplere bir şifa ve inananlar için yol gösterici bir rehber ve rahmet (olan Kur'an) geldi.",Kur'an-ı Kerim,12.06.2015,KUR’AN AYINDA KUR’AN’LA BULUŞALIM!
Yusuf,101,1,Rabbim! Beni Müslüman olarak öldür ve salih kulların arasına kat!,"İman, Tevhid ve Ahiret",08.08.2014,"SADIK İMAN, SAMİMİ NİYET, SALİH AMEL"
Zariyat,19,1,"Onların mallarında, muhtaç ve yoksullar için bir pay vardır","Ekonomik Hayat: Kazanç, Zekat ve İsraf",06.03.2026,ZEKÂT VE FITIR SADAKASI
Zümer,3,1,Bilinmelidir ki hâlis dindarlık yalnız Allah için olanıdır.,"Ramazan, Oruç ve Bayramlar",31.05.2019,KADİR GECESİ: KUR'ÂN İLE ŞEREFLENEN GECE
Zümer,73,1,"Nihayet oraya vardıklarında cennetin kapıları açılır ve cennet bekçileri onlara şöyle der: Selam olsun size! Hoş geldiniz. Haydi, ebedi kalmak üzere buyurun girin cennete!","İman, Tevhid ve Ahiret",20.11.2020,CENNET: MÜMİNLERİ BEKLEYEN SONSUZ NİMET
İnsan,8,1,"Onlar, yiyeceklerini yoksula, yetime ve esire seve seve ikram ederler. Ve şöyle derler: Biz size Allah için ikram ediyoruz; sizden ne bir karşılık ne de bir teşekkür bekliyoruz","Toplumsal Dayanışma, Merhamet ve Kardeşlik",28.11.2025,FEDAKÂRLIĞIN ZİRVESİ: ÎSÂR
İnşirah,8,1,Ancak Rabbine yönel.,"Kandiller, Muharrem ve Mübarek Geceler",20.01.2023,ALLAH’IM! ÜÇ AYLARI BİZE BEREKETLİ KIL
İsra,26,1,"Akrabaya, yoksula, yolda kalmışa haklarını ver! Malını israf ile saçıp savurma! Zira saçıp savuranlar, şeytanın dostları, kardeşleridir.","Ekonomik Hayat: Kazanç, Zekat ve İsraf",25.01.2013,ALLAH’IN SEVMEDİĞİ DAVRANIŞ: İSRAF
İsra,27,1,...Saçıp savuranlar şeytanların kardeşleridir...,"Aile, Çocuk ve Nesil",13.06.2025,DÜĞÜN YAPMANIN DA BİR ÂDÂBI VARDIR
İsra,80,1,"Ve şöyle niyaz et: Rabbim! Gireceğim yere doğruluk, dürüstlük ve sıdk ile girmemi sağla; çıkacağım yerden de doğruluk, dürüstlük ve sıdk ile çıkmamı sağla. Bana yüce katından tarafından, hakkıyla yardım edici bir kuvvet ihsan eyle!","Ahlak, Erdem ve Söz",04.04.2014,DOĞRULUK VE SADAKA
Şems,7,1,"Nefse ve onu şekillendirip düzenleyene; ona kötü ve iyi olma kabiliyeti verene yemin olsun ki, nefsini arındıran elbette kurtuluşa ermiştir. Onu arzularıyla baş başa bırakan da ziyana uğramıştır.","Sabır, Tevekkül ve Manevi Olgunluk",30.11.2018,NEFİS: İYİ VE KÖTÜNÜN MÜCADELE ALANI
Şuara,3,1,İman etmiyorlar diye neredeyse kendini helâk edeceksin!,Peygamberimiz ve Ashab,22.10.2021,"ONUN BİZE MİRASI, EŞSİZ VEFASI"
Şuara,78,1,"Allah, beni yaratan ve bana doğru yolu gösterendir. O, beni yediren ve içirendir. Hastalandığımda da bana şifayı Allah verir. O, benim canımı alacak ve sonra diriltecek olandır. O, hesap gününde, hatalarımı bağışlayacağını umduğumdur. Rabbim! Bana hikmet ver ve beni sâlihlerin arasına kat!","Sabır, Tevekkül ve Manevi Olgunluk",06.02.2015,ŞÜKÜR NİMETLERİ ARTIRIR
Şura,30,1,Başınıza gelen her musibet kendi yapıp ettikleriniz yüzündendir; kaldı ki Allah birçoğunu da bağışlar.,"Afet, Kriz ve Sağlık",16.08.2019,GÜVENLİ BİR HAYAT İÇİN AFETLERE HAZIR OLALIM
Şura,37,1,"O müminler ki, büyük günahlardan ve hayâsızlıktan kaçınırlar. Öfkelendikleri zaman affederler.","Ahlak, Erdem ve Söz",19.04.2024,HAYATIN HER ALANINDA ÖFKEMİZE HÂKİM OLALIM
Şura,39,1,Onlara haksız bir saldırı yapıldığında elbirliğiyle kendilerini savunurlar.,İslam Coğrafyası ve Küresel Meseleler,11.04.2025,"ÜMMET OLMAK, BİRLİK OLMAKTIR"
