kaynak,bolum,kac_kez,hadis_meali_hutbede_gecen,tema,tarih,hutbe_basligi
Tirmizî,Birr,45,"Rabbin hoşnutluğu anne babanın hoşnutluğuna, Rabbin öfkesi de, anne babanın öfkesine bağlıdır.","Aile, Çocuk ve Nesil",02.09.2022,ANNE BABA: CENNETİ KAZANMA VESİLESİ
Tirmizî,Birr,45,"Anne baba, kişinin cennete girmesine vesile olacak en yüce kapılardan birisidir. Bu kapıdan girme fırsatını kaybetmek ya da değerlendirmek artık sana kalmıştır!","Aile, Çocuk ve Nesil",02.09.2022,ANNE BABA: CENNETİ KAZANMA VESİLESİ
Tirmizî,Birr,45,"Hiçbir anne baba, çocuğuna güzel terbiyeden daha kıymetli bir bağışta bulunmamıştır",Kur'an-ı Kerim,03.07.2026,YAZ KUR’AN KURSLARI
Tirmizî,Birr,45,Doldurduğun kovayı kardeşinin boş kovasına boşaltman sadakadır.,"Ahlak, Erdem ve Söz",04.04.2014,DOĞRULUK VE SADAKA
Tirmizî,Birr,45,"Hiçbir baba, çocuğuna güzel terbiyeden daha kıymetli bir miras bırakmamıştır.","Aile, Çocuk ve Nesil",04.04.2025,GÜÇLÜ BİR TOPLUMUN İNŞASINDA ANNE BABANIN ROLÜ
Tirmizî,Birr,45,"Mümin, insanları karalayan, lânet eden, kaba ve kötü sözlü, hayâsız birisi olamaz.","Ahlak, Erdem ve Söz",04.08.2017,RAHMAN’A HAS KUL OLABİLMEK
Tirmizî,Birr,45,Kıyamet gününde müminin terazisinde güzel ahlaktan daha ağır bir şey olmayacaktır,Peygamberimiz ve Ashab,04.09.2026,PEYGAMBERİMİZ VE GÜZEL AHLAK
Tirmizî,Birr,45,"Cebrâil, bana komşu hakkından o kadar çok bahsetti ki, neredeyse komşuyu komşuya mirasçı yapacak zannettim","Toplumsal Dayanışma, Merhamet ve Kardeşlik",05.04.2019,MÜSLÜMAN HAYIRLI BİR KOMŞUDUR
Tirmizî,Birr,45,"Dünyadaki çiçeğim, reyhanım","Kandiller, Muharrem ve Mübarek Geceler",05.08.2022,MUHARREM AYI VE KERBELÂ
Tirmizî,Birr,45,"Hiçbir anne baba, çocuğuna güzel terbiyeden daha kıymetli bir bağışta bulunmamıştır.","Eğitim, Teknoloji, Çevre ve Toplumsal Değişim",05.09.2025,İLİM HAKKI BİLMEKTİR
Tirmizî,Birr,45,"Rabbin hoşnutluğu, anne babanın hoşnutluğuna, Rabbin öfkesi de anne babanın öfkesine bağlıdır.","Toplumsal Dayanışma, Merhamet ve Kardeşlik",08.08.2025,SILA-İ RAHİMLE BEREKETLENEN TATİL
Tirmizî,Birr,45,"Siz yerdekilere merhamet edin ki, göktekiler de size merhamet etsin.","Toplumsal Dayanışma, Merhamet ve Kardeşlik",08.11.2024,MERHAMET EDEN MERHAMET BULUR
Tirmizî,Birr,45,Küçüklerimize sevgi ile muamele etmeyen bizden değildir.,Peygamberimiz ve Ashab,12.04.2013,PEYGAMBERİMİZ VE İNSAN ONURU
Tirmizî,Birr,45,Büyüklerimize saygı göstermeyen bizden değildir.,Peygamberimiz ve Ashab,12.04.2013,PEYGAMBERİMİZ VE İNSAN ONURU
Tirmizî,Birr,45,"…Müslümanların gıybetini yapmayın ve onların gizli hâllerini araştırmayın. Müslüman kardeşinin ayıbını ortaya dökenin, Allah da ayıbını ortaya döker...","Eğitim, Teknoloji, Çevre ve Toplumsal Değişim",14.02.2025,"MAHREMİYET, İNSANI SAYGIN KILAR"
Tirmizî,Birr,45,"Hiçbir baba, çocuğuna güzel ahlaktan daha kıymetli bir miras bırakmamıştır.","Aile, Çocuk ve Nesil",14.06.2019,"CAMİLER ÇOCUK DOLSUN, AHLAKI KUR’AN OLSUN"
Tirmizî,Birr,45,"Küçüklerimize sevgi, büyüklerimize saygı göstermeyen bizden değildir..","Toplumsal Dayanışma, Merhamet ve Kardeşlik",15.04.2011,MERHAMET EĞİTİMİ
Tirmizî,Birr,45,"Büyüklerimize saygı, küçüklerimize sevgi ve şefkat göstermeyen bizden değildir.","Aile, Çocuk ve Nesil",15.11.2019,PEYGAMBERİMİZ VE AİLE
Tirmizî,Birr,45,Küçüğümüze merhamet etmeyen bizden değildir.,Kur'an-ı Kerim,17.06.2016,"KUR’ÂN, RAMAZAN VE ÇOCUK"
Tirmizî,Birr,45,"Hiçbir anne baba, çocuğuna güzel terbiyeden daha kıymetli bir bağışta bulunmamıştır.","Aile, Çocuk ve Nesil",17.06.2022,"HAYDİ KOŞ GEL, CAMİLER SENİNLE GÜZEL"
Tirmizî,Birr,45,"Hiçbir anne baba, çocuğuna güzel terbiyeden daha kıymetli bir bağışta bulunamaz.",Peygamberimiz ve Ashab,18.02.2022,PEYGAMBERİMİZİN AHLAKI KUR’AN’DI
Tirmizî,Birr,45,"Rabbin hoşnutluğu, anne-babanın hoşnutluğundadır. Rabbin öfkesi de anne-babanın öfkesindedir.","Aile, Çocuk ve Nesil",19.03.2021,"ANNE-BABA RIZASI, RABBİMİZİN RIZASINA VESİLEDİR"
Tirmizî,Birr,45,"Hiçbir anne baba, çocuğuna güzel terbiyeden daha kıymetli bir bağışta bulunmamıştır.","Aile, Çocuk ve Nesil",20.04.2018,YARINLARIMIZIN ÜMİDİ ÇOCUKLARIMIZ
Tirmizî,Birr,45,"Hiçbir anne baba, çocuğuna güzel terbiyeden daha kıymetli bir bağışta bulunmamıştır.","Aile, Çocuk ve Nesil",20.06.2025,"HER YAZ YENİ BİR HEYECAN: CAMİ, ÇOCUK VE KUR’AN"
Tirmizî,Birr,45,"Hiçbir anne baba, çocuğuna güzel terbiyeden daha kıymetli bir bağışta bulunmamıştır.","Eğitim, Teknoloji, Çevre ve Toplumsal Değişim",21.06.2024,YAZA KUR’AN’LA MERHABA
Tirmizî,Birr,45,"Rabbin rızası, anne babanın rızasına, öfkesi de anne babanın öfkesine bağlıdır","Aile, Çocuk ve Nesil",22.02.2019,"YAŞLILARA HÜRMET, ÖMRÜMÜZE BEREKET"
Tirmizî,Birr,45,"Bir genç, ihtiyar bir kimseye yaşından dolayı hürmet ederse, Allah da ona yaşlılığında kendisine hürmet edecek birisini hazırlar.","Aile, Çocuk ve Nesil",22.02.2019,"YAŞLILARA HÜRMET, ÖMRÜMÜZE BEREKET"
Tirmizî,Birr,45,"Mümin; insanları karalayan, lânet eden, kaba ve kötü sözlü, hayâsız birisi değildir.","Ahlak, Erdem ve Söz",22.05.2026,SÖZ AHLAKI VE SOSYAL MEDYA
Tirmizî,Birr,45,"Anne baba, kişinin cennete girmesine vesile olacak ana kapılardan birisidir…","Aile, Çocuk ve Nesil",23.06.2023,BABA: CENNETE AÇILAN KAPI
Tirmizî,Birr,45,"Ne iyi ettin! Attığın adımlar hayırlı olsun, cennette bir yerin yuvan olsun.","Toplumsal Dayanışma, Merhamet ve Kardeşlik",23.07.2021,MÜSLÜMAN’IN MÜSLÜMAN ÜZERİNDEKİ HAKLARI
Tirmizî,Birr,45,"Hiçbir anne baba, çocuğuna güzel terbiyeden daha kıymetli bir miras bırakmamıştır.","Eğitim, Teknoloji, Çevre ve Toplumsal Değişim",23.09.2016,ALLAH’IM! İLİMLE YÜCELT BİZİ!
Tirmizî,Birr,45,Bir baba çocuğuna güzel ahlâktan daha değerli bir miras bırakmış olamaz.,"Aile, Çocuk ve Nesil",24.01.2020,SORUMLULUK SAHİBİ BİR BABA OLABİLMEK
Tirmizî,Birr,45,"Nerede olursan ol, Allah’a karşı sorumluluğunun bilincinde ol! Kötülüğün peşinden iyi bir şey yap ki onu yok etsin. İnsanlara da güzel ahlâka uygun biçimde davran!","Vatan, Millet ve Tarih",24.07.2026,İSLAM MEDENİYETİ
Tirmizî,Birr,45,"Merhamet edene Rahmân da merhamet eder. Siz yerdekilere merhamet edin ki, göktekiler de size merhamet etsin.","Toplumsal Dayanışma, Merhamet ve Kardeşlik",24.11.2023,"İSLAM, ŞEFKAT VE MERHAMETİ EMREDER"
Tirmizî,Birr,45,Hiçbir anne baba çocuğuna güzel terbiyeden daha kıymetli bir bağışta bulunmamıştır.,Kur'an-ı Kerim,25.06.2021,KUR’AN’IN MANEVÎ İKLİMİYLE BULUŞALIM
Tirmizî,Birr,45,"Bir genç, ihtiyar bir kimseye yaşından dolayı hürmet ederse, Allah da ona yaşlılığında kendisine hürmet edecek birisini hazırlar.","Toplumsal Dayanışma, Merhamet ve Kardeşlik",25.11.2022,MERHAMET TOPLUMU
Tirmizî,Birr,45,"Hiçbir baba, çocuğuna güzel ahlaktan daha kıymetli bir miras bırakmamıştır.","Aile, Çocuk ve Nesil",26.06.2020,YUVALARIMIZ KUR’AN İLE AYDINLANSIN
Tirmizî,Birr,45,"Bir genç, bir ihtiyara hürmet ederse, Allah da ona yaşlılığında hürmet edecek birisini hazırlar.","Aile, Çocuk ve Nesil",26.07.2024,"CENNET VESİLEMİZ, AİLE BÜYÜKLERİMİZ"
Tirmizî,Birr,45,"Hiçbir anne baba, çocuğuna güzel terbiyeden daha kıymetli bir bağışta bulunamaz","Sabır, Tevekkül ve Manevi Olgunluk",27.03.2026,TEVEKKÜL
Tirmizî,Birr,45,Hiçbir baba çocuğuna edebden daha değerli bir şey kazandıramaz.,"Ahlak, Erdem ve Söz",28.06.2013,İSLÂMÎ BİR DEĞERİMİZ: EDEB
Tirmizî,Birr,45,"Benim dünyadaki çiçeğim, reyhanım","Kandiller, Muharrem ve Mübarek Geceler",28.07.2023,MUHARREM AYININ ÖNEMİ VE EHL-İ BEYT-İ MUSTAFA
Tirmizî,Birr,45,"Kim bir yaşlıya yaşından dolayı hürmet ederse, Allah da ona, yaşlılığında hürmet edecek birisini gönderir.",Peygamberimiz ve Ashab,29.08.2025,ÂLEMLERE RAHMET HZ. MUHAMMED (S.A.S)
Tirmizî,Birr,45,"Bir genç, bir yaşlıya yaşından dolayı hürmet ederse, Allah da ona, yaşlılığında hürmet edecek birisini gönderir.","Aile, Çocuk ve Nesil",29.10.2021,"YAŞLILARIMIZA VEFA, RAHMET VE MAĞFİRET VESİLEMİZDİR"
Tirmizî,Birr,45,"Hiçbir anne baba, çocuğuna güzel terbiyeden daha kıymetli bir bağışta bulunmamıştır.","Aile, Çocuk ve Nesil",30.06.2023,ÇOCUKLARIMIZIN ÜZERİMİZDE HAKKI
Tirmizî,Birr,45,"Hiçbir baba, çocuğuna güzel terbiyeden daha kıymetli bir miras bırakmamıştır.","Aile, Çocuk ve Nesil",30.10.2020,PEYGAMBERİMİZ VE ÇOCUK
Ahmed b. Hanbel,Müsned,40,Güzel söz sadakadır.,"Ahlak, Erdem ve Söz",04.04.2014,DOĞRULUK VE SADAKA
Ahmed b. Hanbel,Müsned,40,Yolunu kaybedene yol göstermeniz sadakadır.,"Ahlak, Erdem ve Söz",04.04.2014,DOĞRULUK VE SADAKA
Ahmed b. Hanbel,Müsned,40,Bir kimsenin yükünü yüklemesi için yardımcı olman sadakadır.,"Ahlak, Erdem ve Söz",04.04.2014,DOĞRULUK VE SADAKA
Ahmed b. Hanbel,Müsned,40,Yanınızda çalışanlara yedirdiğiniz sadakadır.,"Ahlak, Erdem ve Söz",04.04.2014,DOĞRULUK VE SADAKA
Ahmed b. Hanbel,Müsned,40,"Mümin, bal arısına benzer. Bal arısı gibi hep güzel, temiz, helal şeyler yer. Hep güzel şeyler üretir, hep iyiliklerin peşinden koşar. Hiçbir şeyi ne döker, ne kırar, ne de ifsat eder","Ahlak, Erdem ve Söz",05.06.2026,DUYARLILIK
Ahmed b. Hanbel,Müsned,40,Kalp istikamet üzere olmadan kişinin imanı istikamet üzere olamaz. Dil istikamet üzere olmadan kişinin kalbi istikamet üzere olamaz. Komşusu kötülüklerinden emin olmayan kişi de cennete giremez.,"Sabır, Tevekkül ve Manevi Olgunluk",07.03.2014,İMAN VE İSTİKAMET ÜZERE OLMAK
Ahmed b. Hanbel,Müsned,40,"Emanete riayet edenin imanı olgunlaşmıştır, ahde vefa gösterenin ise dini kemâle ermiştir.","Ahlak, Erdem ve Söz",07.11.2025,VEFA İMANDANDIR
Ahmed b. Hanbel,Müsned,40,Mümin cana yakındır. İnsanlarla yakınlık kurmayan ve kendisiyle yakınlık kurulamayan kimsede hayır yoktur.,"Toplumsal Dayanışma, Merhamet ve Kardeşlik",09.10.2020,MÜMİNİN YUMUŞAK HUYLULUĞU
Ahmed b. Hanbel,Müsned,40,"Allah, kadınlara benzemeye çalışan erkeklere ve erkeklere benzemeye çalışan kadınlara lanet etmiştir.","Aile, Çocuk ve Nesil",10.01.2025,"FITRATI KORUMAK, AİLEYİ KORUMAKTIR"
Ahmed b. Hanbel,Müsned,40,"Vâbisa! İyilik ve kötülük konusunda kalbine, vicdanına danış! Zira iyilik, kendisiyle gönlünün huzur bulduğu ve vicdanını rahatlatandır. Kötülük ise, insanlar onaylasalar bile gönlünü huzursuz eden ve vicdanına endişe verendir.","Ahlak, Erdem ve Söz",10.03.2017,KÖTÜLÜĞE ENGEL OLABİLMENİN YOLU İYİLİKTİR
Ahmed b. Hanbel,Müsned,40,Mümin cana yakındır. İnsanlarla yakınlık kurmayan ve kendisiyle yakınlık kurulamayan kimsede hayır yoktur.,"Sabır, Tevekkül ve Manevi Olgunluk",10.12.2021,MÜMİN CANA YAKINDIR
Ahmed b. Hanbel,Müsned,40,"Ben, güzel ahlakı tamamlamak için gönderildim.","Sabır, Tevekkül ve Manevi Olgunluk",12.08.2022,"İMAN, SALİH AMEL VE GÜZEL AHLAKLA KEMALE ERER"
Ahmed b. Hanbel,Müsned,40,"Mümin, kendisiyle dostluk kurulabilen kişidir. İnsanlarla dost olmayan ve kendisiyle dostluk kurulamayanda hayır yoktur.","İman, Tevhid ve Ahiret",13.12.2013,DÜNYADA YOLCU OLABİLMEK!
Ahmed b. Hanbel,Müsned,40,Elinden ve dilinden insanların güvende olduğu kişi,Peygamberimiz ve Ashab,14.04.2017,HZ. PEYGAMBER VE GÜVEN TOPLUMU
Ahmed b. Hanbel,Müsned,40,Kim gönülden inanarak okunan ezanı tekrar ederse cennete girer.,"Ramazan, Oruç ve Bayramlar",16.06.2023,İSLAM’IN İKİ ŞİÂRI: EZAN VE KURBAN
Ahmed b. Hanbel,Müsned,40,"Şüphesiz ki Allah, hevasına tabi olmayan, haktan sapmayan genci sever","Kandiller, Muharrem ve Mübarek Geceler",16.11.2018,MEVLİD-İ NEBİ
Ahmed b. Hanbel,Müsned,40,"Mümin, cana yakın kimsedir. İnsanlarla dostluk kurmayan, kendisiyle dostluk kurulamayan kimsede hayır yoktur.","Toplumsal Dayanışma, Merhamet ve Kardeşlik",17.04.2015,"DÜNYA BİZE, BİZ BİRBİRİMİZE EMANETİZ!"
Ahmed b. Hanbel,Müsned,40,Mümin cana yakındır. İnsanlarla yakınlık kurmayan ve kendisiyle yakınlık kurulamayan kimsede hayır yoktur.,"Aile, Çocuk ve Nesil",17.04.2020,AİLE: HUZUR VE GÜVEN KAYNAĞI
Ahmed b. Hanbel,Müsned,40,güzel ahlakı tamamlamak üzere gönderilen,"Ahlak, Erdem ve Söz",17.05.2019,PEYGAMBERİMİZİN TARİFİYLE HAYIRLI MÜSLÜMAN
Ahmed b. Hanbel,Müsned,40,"Kıyamet günü müminin gölgeliği, onun verdiği sadakadır.","Ekonomik Hayat: Kazanç, Zekat ve İsraf",17.08.2018,SADAKA-İ CÂRİYE
Ahmed b. Hanbel,Müsned,40,Elinden ve dilinden hiç kimsenin zarar görmediği bir Müslüman,"Ahlak, Erdem ve Söz",18.06.2021,MÜSLÜMAN ŞAHSİYETİ
Ahmed b. Hanbel,Müsned,40,"Rabbiniz birdir. Babanız da birdir. Hepiniz Âdem'in çocuklarısınız, Âdem ise topraktandır. Arabın Arap olmayana, Arap olmayanın da Araba, beyaz tenlinin siyaha, siyah tenlinin de beyaza takva dışında bir üstünlüğü yoktur.","Toplumsal Dayanışma, Merhamet ve Kardeşlik",19.04.2013,İNSAN KALABİLMEK
Ahmed b. Hanbel,Müsned,40,"Birlikte rahmet, ayrılıkta azap vardır","Kandiller, Muharrem ve Mübarek Geceler",19.06.2026,BİRLİKTE RAHMET VARDIR
Ahmed b. Hanbel,Müsned,40,"Mümin bal arısı gibidir. Bal arısı, hep güzel şeyler yer, hep güzel şeyler üretir. Her yere konar, ama hiçbir şeyi ne döker, ne kırar, ne de ifsat eder","Ekonomik Hayat: Kazanç, Zekat ve İsraf",19.07.2013,"HELAL KAZANÇ, HELAL LOKMA"
Ahmed b. Hanbel,Müsned,40,"Mümin, bal arısına benzer. Bal arısı gibi hep güzel, temiz, helal şeyler yer. Hep güzel şeyler üretir, hep iyiliklerin peşinden koşar. Hiçbir şeyi ne döker, ne kırar, ne de ifsat eder","Ahlak, Erdem ve Söz",20.01.2017,RAHMÂN’IN MÜMİN KULLARI
Ahmed b. Hanbel,Müsned,40,"Kim bir iyilik yaptığında seviniyor, bir kötülük yaptığında üzülüyorsa o mümindir.","Ahlak, Erdem ve Söz",20.09.2024,PEYGAMBERİMİZ (S.A.S) VE ŞAHSİYET İNŞASI
Ahmed b. Hanbel,Müsned,40,"İnsanların benim gözümde en üstün olanları, kim olurlarsa olsunlar ve hangi makam ve mevkide bulunurlarsa bulunsunlar, takva sahibi olanlarıdır.","Ahlak, Erdem ve Söz",20.12.2019,TAKVA: EN HAYIRLI AZIĞIMIZ
Ahmed b. Hanbel,Müsned,40,Takva işte buradadır,"Ahlak, Erdem ve Söz",20.12.2019,TAKVA: EN HAYIRLI AZIĞIMIZ
Ahmed b. Hanbel,Müsned,40,Emanete riayet etmeyen kimsenin imanı kemale ermez. Ahde vefa göstermeyen kimse de kâmil anlamda dindar olamaz.,"İman, Tevhid ve Ahiret",21.04.2017,MÜMİN GÜVENEN VE GÜVENİLEN İNSANDIR
Ahmed b. Hanbel,Müsned,40,Kıyamet kopuyor olsa dahi elinizdeki fidanı yere dikin.,Peygamberimiz ve Ashab,21.07.2023,HİCRET: İDEALLER UĞRUNA ÇIKILAN KUTLU BİR SEFER
Ahmed b. Hanbel,Müsned,40,Ben ahlaki güzellikleri tamamlamak için gönderildim.,Peygamberimiz ve Ashab,21.10.2016,ALLAH’A VERDİĞİ SÖZE SADIK KİMSE: MÜMİN
Ahmed b. Hanbel,Müsned,40,Mümin cana yakındır. İnsanlarla yakınlık kurmayan ve kendisiyle yakınlık kurulamayan kimsede hayır yoktur.,"Aile, Çocuk ve Nesil",23.01.2026,AKRAN İLİŞKİLERİ
Ahmed b. Hanbel,Müsned,40,"Mümin, cana yakındır. İnsanlarla iyi geçinemeyen, kendisiyle de iyi geçinilmeyen kimsede hayır yoktur.",Peygamberimiz ve Ashab,23.08.2024,ÂDÂB-I MUÂŞERETTE DE REHBERİMİZ ALLAH RESÛLÜ (S.A.S)’DİR
Ahmed b. Hanbel,Müsned,40,"Ben, güzel ahlakı tamamlamak için gönderildim.","Kandiller, Muharrem ve Mübarek Geceler",23.10.2020,MEVLİD-İ NEBİ
Ahmed b. Hanbel,Müsned,40,"İstanbul mutlaka fethedilecektir. Onu fetheden komutan ne güzel komutan, onu fetheden ordu ne güzel ordudur.","Vatan, Millet ve Tarih",24.05.2024,İSLAM MEFKÛRESİNİ DİRİ TUTALIM
Ahmed b. Hanbel,Müsned,40,"Kıyamet günü en ağır azaba uğrayacak olanlar, dünyada insanlara azap edip, şiddeti reva görenlerdir.","Toplumsal Dayanışma, Merhamet ve Kardeşlik",24.11.2023,"İSLAM, ŞEFKAT VE MERHAMETİ EMREDER"
Ahmed b. Hanbel,Müsned,40,"Namaz, kendisini kılmaya devam eden kimse için kıyamet gününde nur, delil ve kurtuluş beratı olur.",İbadet ve Kulluk,27.01.2017,NAMAZI ZAYİ ETMEK
Ahmed b. Hanbel,Müsned,40,"Ey âdemoğlu! Her durumda kendini bana kulluğa ada ki, gönlünü zenginlikle doldurup ihtiyacını gidereyim.","Kandiller, Muharrem ve Mübarek Geceler",28.01.2022,ÜÇ AYLAR: RAHMET VE MAĞFİRET VESİLEMİZ
Ahmed b. Hanbel,Müsned,40,Ben güzel ahlakı tamamlamak için gönderildim.,"Ahlak, Erdem ve Söz",29.09.2023,"PEYGAMBERİMİZ, İMAN VE İSTİKAMET"
Ahmed b. Hanbel,Müsned,40,Ben güzel ahlakı tamamlamak üzere gönderildim.,İbadet ve Kulluk,30.09.2022,ONUN (S.A.S) ÇAĞRISI
Tirmizî,Sıfatü’l-kıyâme,37,"Akıllı kişi, alçak gönüllü olan, kendini hesaba çeken ve ölümden sonrası için çalışandır.","Ramazan, Oruç ve Bayramlar",01.05.2020,RAMAZAN VE SORUMLULUK BİLİNCİ
Tirmizî,Sıfatü’l-kıyâme,37,Malımızı nereden kazanıp nerede harcadığımız,"Ekonomik Hayat: Kazanç, Zekat ve İsraf",01.06.2018,MEŞRU OLMAYAN KAZANÇ: FAİZ
Tirmizî,Sıfatü’l-kıyâme,37,"Kıyamet gününde insanoğlu, şu beş şeyden hesaba çekilmedikçe Rabbinin huzurundan bir yere kımıldayamaz: Ömrünü nerede ve nasıl tükettiğinden, gençliğini ne şekilde geçirdiğinden, malını/servetini nereden kazanıp nerelere harcadığından, bildiği ile amel edip etmediğinden.","Ahlak, Erdem ve Söz",01.09.2017,İMAN VE İSLAM’IN TEZAHÜRÜ: FAYDASIZ ŞEYLERDEN UZAK DURMAK
Tirmizî,Sıfatü’l-kıyâme,37,"Kıyamet günü insan şu beş şeyden hesaba çekilmedikçe, Rabbinin huzurundan bir yere kıpırdayamaz: Ömrünü ne uğruna tükettiğinden, gençliğini nasıl geçirdiğinden, malını nereden kazandığından, nereye harcadığından ve bildiği ile amel edip etmediğinden.","Sabır, Tevekkül ve Manevi Olgunluk",02.10.2020,MURAKABE VE MUHASEBE BİLİNCİ
Tirmizî,Sıfatü’l-kıyâme,37,"Kıyamet gününde insanoğlu şu beş şeyden hesaba çekilmedikçe Rabbinin huzurundan bir yere kımıldayamaz: Ömrünü nerede ve nasıl geçirdiğinden, gençliğini nerede yıprattığından, malını nereden kazandığından, malını nerede harcadığından, bildiği ile amel edip etmediğinden.","Afet, Kriz ve Sağlık",04.03.2022,BAĞIMLILIK: İNSAN ONURUYLA BAĞDAŞMAYAN HASTALIK
Tirmizî,Sıfatü’l-kıyâme,37,"Ey insanlar! Selâmı aranızda yaygınlaştırın, yemek yedirin, akrabalık bağlarınızı gözetin, insanlar uyurken namaz kılın ki selâmetle cennete giresiniz.","Ramazan, Oruç ve Bayramlar",04.06.2019,RAMAZAN BAYRAMI
Tirmizî,Sıfatü’l-kıyâme,37,"Asıl elde tuttuğun değil, dağıttığın bizimdir.","İman, Tevhid ve Ahiret",04.12.2015,BEDEN ÜLKESİNİN SULTANI: KALP
Tirmizî,Sıfatü’l-kıyâme,37,"İnsanoğlu kıyamet günü ömrünü nerede tükettiğinden, gençliğini nerede geçirdiğinden, malını nereden kazandığından ve nereye harcadığından, öğrendikleriyle amel edip etmediğinden hesaba çekilmedikçe yerinden asla kımıldayamayacaktır.","Ekonomik Hayat: Kazanç, Zekat ve İsraf",05.05.2023,İSRAF: TÜKETİRKEN TÜKENMEK
Tirmizî,Sıfatü’l-kıyâme,37,Gaflete dalarak ölümü ve ölüm sonrası hayatı unutan kul ne bedbahttır!,"İman, Tevhid ve Ahiret",06.05.2016,O BÜYÜK GÜNE HAZIR MIYIZ?
Tirmizî,Sıfatü’l-kıyâme,37,Sizden biriniz kendisi için istediğini mümin kardeşi için de istemedikçe gerçek manada iman etmiş olamaz.,"Toplumsal Dayanışma, Merhamet ve Kardeşlik",07.06.2013,MÜMİNLER KARDEŞTİRLER
Tirmizî,Sıfatü’l-kıyâme,37,"Ey insanlar! Selâmı aranızda yayın, birbirinize yemek ikram edin, insanlar uykuda iken namaz kılın ki, selâmetle cennete giresiniz.","Toplumsal Dayanışma, Merhamet ve Kardeşlik",07.12.2018,SELÂM: İSLÂM’IN GÜVEN VE BARIŞ ÇAĞRISI
Tirmizî,Sıfatü’l-kıyâme,37,"Ey Âişe, desene bir kürek kemiği hariç tamamı bizim oldu.","Ekonomik Hayat: Kazanç, Zekat ve İsraf",08.05.2020,"RAMAZAN: İNFAK, YARDIMLAŞMA VE PAYLAŞMA AYI"
Tirmizî,Sıfatü’l-kıyâme,37,Dini dünyaya alet eden insan ne kötüdür! Arzu ve isteklerinin kendisini saptırdığı insan ne kötüdür!,"Vatan, Millet ve Tarih",09.07.2021,"İHANETE KARŞI SADAKATE, CESARETE VE ŞEHADETE ŞAHİDİZ"
Tirmizî,Sıfatü’l-kıyâme,37,"Kendisi cehennem ateşine ve cehennem ateşi de kendisine haram olan kişiyi size bildireyim mi? Cana yakın, yumuşak huylu, kolaylaştırıcı kimse.","Toplumsal Dayanışma, Merhamet ve Kardeşlik",09.10.2020,MÜMİNİN YUMUŞAK HUYLULUĞU
Tirmizî,Sıfatü’l-kıyâme,37,…Dini dünyaya alet eden insan ne kötüdür!... Arzu ve isteklerinin kendisini saptırdığı insan ne kötüdür!...,"Vatan, Millet ve Tarih",10.07.2026,DİN İSTİSMARI
Tirmizî,Sıfatü’l-kıyâme,37,Ey Âişe! Desene bir kürek kemiği hariç hepsi bizim oldu,"Ramazan, Oruç ve Bayramlar",10.08.2018,"KURBAN, ALLAH’A YAKINLAŞMA VESİLESİDİR"
Tirmizî,Sıfatü’l-kıyâme,37,Sizden biriniz kendisi için istediğini mümin kardeşi için de istemedikçe gerçek manada iman etmiş olamaz.,"Toplumsal Dayanışma, Merhamet ve Kardeşlik",10.10.2014,BİZ KARDEŞİZ
Tirmizî,Sıfatü’l-kıyâme,37,Dini dünya işlerine alet eden insan ne kötüdür! Arzu ve isteklerinin kendisini saptırdığı insan ne kötüdür!,"Vatan, Millet ve Tarih",11.07.2025,SAHİH DİNİ BİLGİNİN ÖNEMİ
Tirmizî,Sıfatü’l-kıyâme,37,Dini dünyaya alet ederek istismar eden insan ne kötüdür!... Arzu ve isteklerinin kendisini saptırdığı insan ne kötüdür!,"Vatan, Millet ve Tarih",12.07.2024,15 TEMMUZ: MİLLETİMİZİN DESTANSI ZAFERİ
Tirmizî,Sıfatü’l-kıyâme,37,Âhiret gününde ne altın ne de gümüş para vardır. Bu nedenle haksızlık yapanın iyilik ve sevapları varsa bunlardan alınıp hak sahibine verilir. Şayet sevabı yoksa mağdur ettiği kişinin günahlarını yüklenir.,"Toplumsal Dayanışma, Merhamet ve Kardeşlik",12.10.2018,"CENÂB-I HAK, HER HAK SAHİBİNE HAKKINI VERMİŞTİR"
Tirmizî,Sıfatü’l-kıyâme,37,Sizden biriniz kendisi için istediğini mümin kardeşi için de istemedikçe gerçek manada iman etmiş olamaz.,"Toplumsal Dayanışma, Merhamet ve Kardeşlik",13.04.2012,KARDEŞLİK AHLAKI VE HUKUKU
Tirmizî,Sıfatü’l-kıyâme,37,"Ey Aişe! Sen öyle bir söz söyledin ki, o söz denize karışsaydı denizin suyunu bile kirletirdi.","Ahlak, Erdem ve Söz",15.12.2017,KARDEŞLİĞE SAPLANAN HANÇER: GIYBET
Tirmizî,Sıfatü’l-kıyâme,37,"önce devesini bağlar, sonra tevekkül eder.","Afet, Kriz ve Sağlık",16.08.2019,GÜVENLİ BİR HAYAT İÇİN AFETLERE HAZIR OLALIM
Tirmizî,Sıfatü’l-kıyâme,37,"İnsanoğluna beş şeyden hesap sorulmadıkça kıyamet günü hiçbir tarafa hareket etmeyecektir; Ömrünü nerede ve nasıl tükettiğinden, gençliğini nerde yıprattığından, malını nerden kazanıp nerde harcadığından öğrendiği bilgilerle yaşayıp yaşamadığından.","Aile, Çocuk ve Nesil",17.10.2014,ARŞIN GÖLGESİNDEKİ GENÇLİK
Tirmizî,Sıfatü’l-kıyâme,37,"…Gaflete dalan, boşa zaman geçiren, kabirleri unutan kul ne kötüdür! Azgınlık yapan, haddi aşan, nereden geldiğini ve nereye gideceğini unutan kul ne kötüdür!...","İman, Tevhid ve Ahiret",18.10.2024,"ALLAH’I, ÖLÜMÜ VE AHİRETİ UNUTMADAN BİR ÖMÜR SÜRELİM"
Tirmizî,Sıfatü’l-kıyâme,37,"Akıllı kişi, nefsine hâkim olan ve ölümden sonrası için çalışandır.",İbadet ve Kulluk,22.01.2021,AKLIN İBADETİ: TEFEKKÜR
Tirmizî,Sıfatü’l-kıyâme,37,"Kıyamet gününde hiçbir kul, ömrünü ne için tükettiği, bilgisiyle ne yaptığı, malını nereden kazanıp nerede harcadığı ve bedenini neyle yıprattığı konusunda hesaba çekilmedikçe bir yere kıpırdayamayacaktır.","Afet, Kriz ve Sağlık",23.02.2018,BAĞIMLILIK BİR TUZAKTIR
Tirmizî,Sıfatü’l-kıyâme,37,"Kıyamet gününde insanoğlu, malını nereden kazandığından ve nereye harcadığından hesaba çekilmedikçe Rabbinin huzurundan hiçbir yere kımıldayamaz.","Ekonomik Hayat: Kazanç, Zekat ve İsraf",23.09.2022,HELAL KAZANÇ VE ALIN TERİ
Tirmizî,Sıfatü’l-kıyâme,37,"Desene, kürek kemiğinin dışında hepsi bize kaldı.","Ramazan, Oruç ve Bayramlar",24.06.2022,KURBAN: TAKVAYA ULAŞMA ARZUSU
Tirmizî,Sıfatü’l-kıyâme,37,"İnsanoğlu kıyamet günü beş şeyden hesaba çekilmedikçe yerinden kımıldayamayacaktır; Ömrünü nasıl tükettiğinden, gençliğini nasıl yıprattığından, malını nerede kazanıp nereye harcadığından ve öğrendiği bilgilerle nasıl amel ettiğinden","Ekonomik Hayat: Kazanç, Zekat ve İsraf",25.01.2013,ALLAH’IN SEVMEDİĞİ DAVRANIŞ: İSRAF
Tirmizî,Sıfatü’l-kıyâme,37,"Kıyamet gününde insanoğlu şu beş şeyden hesaba çekilmedikçe Rabbinin huzurundan bir yere kımıldayamaz: Ömrünü nerede ve nasıl tükettiğinden, gençliğini ne şekilde yıprattığından, malını/servetini nereden kazanıp nerelere harcadığından, bildiği ile amel edip etmediğinden.","İman, Tevhid ve Ahiret",27.02.2015,ÖLÜM VE ÖTESİ
Tirmizî,Sıfatü’l-kıyâme,37,Ve selâmetle cennete girin!,"Toplumsal Dayanışma, Merhamet ve Kardeşlik",28.04.2017,GÜVEN VE MUHABBET KÖPRÜSÜ: SELAM
Tirmizî,Sıfatü’l-kıyâme,37,"Hiçbiriniz, kendisi için istediğini kardeşi için de istemedikçe tam anlamıyla iman etmiş olmaz.","Ekonomik Hayat: Kazanç, Zekat ve İsraf",28.04.2023,İŞ AHLAKI: TOPLUMSAL HUZURUN KAYNAĞI
Tirmizî,Sıfatü’l-kıyâme,37,"Ey insanlar! Selâmı aranızda yayın, yemek yedirin, akrabalık bağlarınızı gözetin, insanlar uyurken namaz kılın ki selâmetle cennete giresiniz.","Ramazan, Oruç ve Bayramlar",30.03.2025,RAMAZAN BAYRAMI: SEVİNÇ VE KARDEŞLİK GÜNLERİ
Tirmizî,Sıfatü’l-kıyâme,37,Kıyamet gününde insanoğlu şu beş şeyden hesaba çekilmedikçe Rabbinin huzurundan bir yere kımıldayamaz.,"Sabır, Tevekkül ve Manevi Olgunluk",30.12.2016,ÖMÜR NİMETİ
Tirmizî,Sıfatü’l-kıyâme,37,Sizden biriniz kendisi için istediğini mümin kardeşi için de istemedikçe gerçek manada iman etmiş olamaz.,"Toplumsal Dayanışma, Merhamet ve Kardeşlik",31.01.2014,NASIL BİR KARDEŞLİK?
Tirmizî,Sıfatü’l-kıyâme,37,"Hesaba çekilmeden önce kendinizi hesaba çekin, büyük hesap günü için kendinizi hazırlayın! Çünkü kıyamet gününde hesap, ancak dünyada iken kendisini hesaba çekenler için kolay olacaktır.","Sabır, Tevekkül ve Manevi Olgunluk",31.12.2021,"GEÇMİŞİMİZİ MUHASEBE EDELİM, GELECEĞİMİZE YÖN VERELİM"
Müslim,Îmân,35,"Bizi aldatan, bizden değildir.","Ekonomik Hayat: Kazanç, Zekat ve İsraf",01.06.2018,MEŞRU OLMAYAN KAZANÇ: FAİZ
Müslim,Îmân,35,"…Hayâ, imandan bir parçadır.","Ahlak, Erdem ve Söz",01.08.2025,"HAYÂ: ALLAH’IN EMRİ, FITRATIN GEREĞİ"
Müslim,Îmân,35,Kim bir kötülük ve haksızlık görürse onu eliyle düzeltsin; eğer buna gücü yetmiyorsa diliyle düzeltsin; buna da gücü yetmezse kalbiyle buğzetsin...,İslam Coğrafyası ve Küresel Meseleler,03.11.2023,ZULME RIZA GÖSTERMEK ZULÜMDÜR
Müslim,Îmân,35,İman etmedikçe cennete giremezsiniz. Birbirinizi sevmedikçe de gerçek manada iman etmiş olmazsınız,Peygamberimiz ve Ashab,04.09.2026,PEYGAMBERİMİZ VE GÜZEL AHLAK
Müslim,Îmân,35,"Komşusunun, şerrinden emin olmadığı kimse cennete giremez","Toplumsal Dayanışma, Merhamet ve Kardeşlik",05.04.2019,MÜSLÜMAN HAYIRLI BİR KOMŞUDUR
Müslim,Îmân,35,"Allah güzeldir, güzel olanı sever; temizdir, temizliği sever; kerem sahibidir; cömertliği sever.",İbadet ve Kulluk,06.03.2020,"ALLAH TEMİZDİR, TEMİZLİĞİ SEVER"
Müslim,Îmân,35,İçinizden biri bir kötülük görürse onu eliyle değiştirsin. Buna gücü yetmezse diliyle değiştirsin. Buna da gücü yetmezse kalbiyle buğzetsin. Bu ise imanın asgarî gereğidir.,"Toplumsal Dayanışma, Merhamet ve Kardeşlik",07.08.2020,"MÜMİNCE BİR DUYARLILIK: İYİLİĞİ EMRETMEK, KÖTÜLÜKTEN SAKINDIRMAK"
Müslim,Îmân,35,İçinizden biri bir kötülük görürse onu eliyle düzeltsin. Buna gücü yetmiyorsa diliyle düzeltsin. Buna da gücü yetmiyorsa kalbiyle buğzetsin. Bu ise imanın asgarî gereğidir.,"Ahlak, Erdem ve Söz",08.03.2019,İYİLİK PAYLAŞTIKÇA ÇOĞALIR
Müslim,Îmân,35,Bizi aldatan bizden değildir.,"Ahlak, Erdem ve Söz",08.04.2022,RAMAZAN VE DOĞRULUK
Müslim,Îmân,35,"Bir kötülüğe şahit olan, gücü yettiği takdirde onu eli ile düzeltsin. Buna gücü yetmez ise dili ile düzeltsin. Buna da gücü yetmezse kalbi ile o kötülüğe karşı tavır koysun. Kaldı ki bu durum da imanın asgarî gereğidir.",İslam Coğrafyası ve Küresel Meseleler,08.09.2017,MAZLUMUN YANINDA YER ALMAK
Müslim,Îmân,35,Aldatan bizden değildir.,"Ahlak, Erdem ve Söz",10.11.2017,ÖRNEK İNSAN: MÜMİN
Müslim,Îmân,35,Kalbinde zerre miktarı kibir bulunan kişi cennete giremez.,"Ahlak, Erdem ve Söz",10.11.2017,ÖRNEK İNSAN: MÜMİN
Müslim,Îmân,35,Bizi aldatan bizden değildir.,"Vatan, Millet ve Tarih",12.07.2019,"15 TEMMUZ’U ANMAK, İHANETİ ANLAMAK"
Müslim,Îmân,35,"Şu üç özellik kimde bulunursa o kimse imanın tadını alır: Allah ve Resûlünü her şeyden çok sevmek. Bir kimseyi yalnızca Allah rızası için sevmek. Allah kendisini iman ile şereflendirdikten sonra, ateşe atılmaktan kaçınırcasına, küfre dönmekten kaçınmak.","İman, Tevhid ve Ahiret",13.02.2015,İMAN
Müslim,Îmân,35,Mazlumun bedduasından sakın. Çünkü onunla Allah arasında perde yoktur.,İslam Coğrafyası ve Küresel Meseleler,13.10.2023,ZULÜMLE ÂBÂD OLUNMAZ
Müslim,Îmân,35,"Din, samimiyettir.","Ahlak, Erdem ve Söz",14.07.2023,"DİN SAMİMİYETTİR, İSTİSMAR İHANETTİR"
Müslim,Îmân,35,"Bizi aldatan, bizden değildir!","Toplumsal Dayanışma, Merhamet ve Kardeşlik",14.10.2022,KUL VE KAMU HAKKI
Müslim,Îmân,35,Bizi aldatan bizden değildir.,"Ahlak, Erdem ve Söz",15.08.2025,KUL HAKKI ATEŞTEN GÖMLEKTİR
Müslim,Îmân,35,Bizi aldatan bizden değildir.,"Ekonomik Hayat: Kazanç, Zekat ve İsraf",15.09.2023,AHÎLİK: DÜRÜSTLÜK VE MERHAMETİ TİCARETE HÂKİM KILMAK
Müslim,Îmân,35,"Müslüman, elinden ve dilinden Müslümanların zarar görmediği kimsedir.","Ahlak, Erdem ve Söz",17.05.2019,PEYGAMBERİMİZİN TARİFİYLE HAYIRLI MÜSLÜMAN
Müslim,Îmân,35,"Öyleyse insanların görmeleri için ıslak olan kısmı üste koyman gerekmez miydi? Bizi aldatan, bizden değildir!","Ekonomik Hayat: Kazanç, Zekat ve İsraf",17.09.2021,TİCARET HAYATINDA HELAL HARAM BİLİNCİ
Müslim,Îmân,35,Bizi aldatan bizden değildir,"Ekonomik Hayat: Kazanç, Zekat ve İsraf",18.08.2017,ALIŞVERİŞ VE TİCARET AHLAKI
Müslim,Îmân,35,Bizi aldatan bizden değildir!,"Ekonomik Hayat: Kazanç, Zekat ve İsraf",18.09.2026,AHÎLİK AHLAKI
Müslim,Îmân,35,Hakikati inkâr etmek ve insanları küçük görmektir.,"Ahlak, Erdem ve Söz",20.09.2019,TEVAZU İNSANI YÜCELTİR
Müslim,Îmân,35,Kim bir kötülük görürse onu eliyle düzeltsin; eğer buna gücü yetmiyorsa diliyle düzeltsin; buna da gücü yetmezse kalbi ile o kötülüğe tavır koysun. Bu da imanın asgarî gereğidir.,İslam Coğrafyası ve Küresel Meseleler,21.05.2021,ZULÜM CEZASIZ KALMAZ
Müslim,Îmân,35,Komşusu şerrinden emin olmayan kimse cennete giremez.,"Toplumsal Dayanışma, Merhamet ve Kardeşlik",21.10.2022,KOMŞULUK HUKUKU
Müslim,Îmân,35,"İman etmeden cennete giremezsiniz, birbirinizi sevmeden de gerçek anlamda iman etmiş olamazsınız.","Toplumsal Dayanışma, Merhamet ve Kardeşlik",22.07.2022,HER CAN MUKADDESTİR
Müslim,Îmân,35,İmanın yetmiş küsür şubesi vardır... Hayâ da imandan bir şubedir.,"Ahlak, Erdem ve Söz",22.08.2014,HAYÂ HAYATTIR!
Müslim,Îmân,35,elinden ve dilinden emin olunan kimse,"Aile, Çocuk ve Nesil",26.10.2018,AİLEDE ŞEFKAT VE NEZAKET DİLİ
Müslim,Îmân,35,Hayır! Ben onu kamu malından çaldığı bir hırka ile cehennemde gördüm.,"Ekonomik Hayat: Kazanç, Zekat ve İsraf",27.06.2025,KAMU HAKKI DOKUNULMAZDIR
Müslim,Îmân,35,İmân etmedikçe cennete giremezsiniz. Birbirinizi sevmedikçe de imân etmiş olamazsınız. Yaptığınız zaman birbirinizi seveceğiniz bir şeyi size söyleyeyim mi? Aranızda selâmı yayınız.,"Toplumsal Dayanışma, Merhamet ve Kardeşlik",27.07.2012,SEVGİ VE BARIŞ DİLİ: SELÂM
Müslim,Îmân,35,"İman etmeden cennete giremezsiniz, birbirinizi sevmeden de gerçek anlamda iman etmiş olamazsınız.","İman, Tevhid ve Ahiret",27.11.2015,İMANI HAYAT KILABİLMEK
Müslim,Îmân,35,İman etmedikçe cennete giremezsiniz! Birbirinizi sevmedikçe de kâmil anlamda iman etmiş olamazsınız! Size birbirinizi sevmenize vesile olacak bir davranış öğreteyim mi? Aranızda selâmı yayın!,"Toplumsal Dayanışma, Merhamet ve Kardeşlik",28.04.2017,GÜVEN VE MUHABBET KÖPRÜSÜ: SELAM
Müslim,Îmân,35,"Bizi aldatan, bizden değildir","Ekonomik Hayat: Kazanç, Zekat ve İsraf",28.04.2023,İŞ AHLAKI: TOPLUMSAL HUZURUN KAYNAĞI
Müslim,Îmân,35,Bizi aldatan bizden değildir,"Vatan, Millet ve Tarih",29.07.2016,"EN BÜYÜK BOZGUNCULUK, DİNİN MUAZZEZ DEĞERLERİNİ İSTİSMAR ETMEKTİR."
Müslim,Birr,34,"Asıl pehlivan, güreşte rakibini yenen değil, öfke anında kendisine hâkim olup öfkesini yenebilendir.","Sabır, Tevekkül ve Manevi Olgunluk",01.04.2016,ÖFKEYE HÂKİM OLABİLMEK
Müslim,Birr,34,"Allah sizin görünüşlerinize ve mallarınıza bakmaz, kalplerinize ve davranışlarınıza bakar.","Toplumsal Dayanışma, Merhamet ve Kardeşlik",01.12.2023,"İNSAN, ÖZÜ İTİBARİYLE DEĞERLİDİR"
Müslim,Birr,34,"Allah, sizin görünüşünüze ve mallarınıza bakmaz, O ancak kalplerinize ve amellerinize bakar.","Toplumsal Dayanışma, Merhamet ve Kardeşlik",02.12.2022,"ENGEL OLMA, FARKINDA OL"
Müslim,Birr,34,"Kim, kardeşinin ihtiyacını giderirse Allah da onun ihtiyacını giderir.","Toplumsal Dayanışma, Merhamet ve Kardeşlik",02.12.2022,"ENGEL OLMA, FARKINDA OL"
Müslim,Birr,34,"Allah, sizin suretlerinize ve mallarınıza değil, kalplerinize ve yapmış olduğunuz amellerinize bakar.","Ramazan, Oruç ve Bayramlar",03.06.2016,GELİN GÖNÜLLER YAPALIM
Müslim,Birr,34,"Allah sizin bedenlerinize ve dış görünüşlerinize değil, kalplerinize bakar.","Toplumsal Dayanışma, Merhamet ve Kardeşlik",03.12.2021,ENGELLERİ HEP BİRLİKTE VE SEVGİYLE AŞALIM
Müslim,Birr,34,Öyle ise anne babana dön ve onların gönüllerini al.,"Aile, Çocuk ve Nesil",04.04.2025,GÜÇLÜ BİR TOPLUMUN İNŞASINDA ANNE BABANIN ROLÜ
Müslim,Birr,34,"Allah sizin suretlerinize ve mallarınıza bakmaz, ancak kalplerinize ve amellerinize bakar.",Peygamberimiz ve Ashab,04.09.2026,PEYGAMBERİMİZ VE GÜZEL AHLAK
Müslim,Birr,34,"Müminler, birbirlerini sevmede, birbirlerine merhamet ve şefkat göstermede, tıpkı bir organı rahatsızlandığında diğer organları da uykusuzluk ve yüksek ateşle bu acıyı paylaşan bir bedene benzer","Vatan, Millet ve Tarih",06.02.2026,BİRLİK VE BERABERLİK
Müslim,Birr,34,İyilik güzel ahlâktır. Kötülük ise vicdanını rahatsız eden ve insanların bilmesini istemediğin şeydir.,"Ahlak, Erdem ve Söz",06.04.2018,İYİLİK: PAYLAŞILDIKÇA ARTAN DEĞER
Müslim,Birr,34,"Müslüman, Müslümanın kardeşidir. Ona zulmetmez, onu düşmana teslim etmez…","Ramazan, Oruç ve Bayramlar",06.06.2025,KURBAN BAYRAMI: ALLAH’IN KULLARINA İHSAN VE İKRAMI
Müslim,Birr,34,"Müminler, birbirlerini sevmede, birbirlerine merhamet ve şefkat göstermede, tıpkı bir organı rahatsızlandığında diğer organları da uykusuzluk ve yüksek ateşle bu acıyı paylaşan bir beden gibidir.","Afet, Kriz ve Sağlık",06.08.2021,ZORLUKLAR BİRLİKTE AŞILIR
Müslim,Birr,34,"Müminler, birbirlerini sevmede, birbirlerine merhamet ve şefkat göstermede, tıpkı bir bedene benzer. Öyle bir beden ki, bir uzvu rahatsızlandığında diğer uzuvları da uykusuzluk ve yüksek ateşle bu acıya ortak olur.","İman, Tevhid ve Ahiret",06.11.2020,MÜMİN SORUMLULUK SAHİBİDİR
Müslim,Birr,34,"İyilik, güzel ahlaktır; kötülük ise, vicdanını rahatsız eden ve insanların bilmesini istemediğin şeydir.","Ramazan, Oruç ve Bayramlar",07.03.2025,İYİLİK AYI RAMAZAN
Müslim,Birr,34,"Allah sizin şeklinize ve mallarınıza bakmaz, kalplerinize ve amellerinize bakar.",İbadet ve Kulluk,08.07.2022,HAC: İLÂHİ DAVET
Müslim,Birr,34,"Müslüman, Müslümanın kardeşidir. Ona zulmetmez, onu düşmana teslim etmez…","Toplumsal Dayanışma, Merhamet ve Kardeşlik",08.12.2023,"BİZ, TEK BİR ÜMMETİZ"
Müslim,Birr,34,"Müminler, birbirlerini sevmede, birbirlerine merhamet ve şefkat göstermede, tıpkı bir organı rahatsızlandığında diğer organları da bu acıyı paylaşan bir beden gibidir.","Afet, Kriz ve Sağlık",10.02.2023,"GÜN, MİLLETÇE KENETLENME GÜNÜDÜR"
Müslim,Birr,34,"Müslüman, Müslümanın kardeşidir. Ona zulmetmez, onu yalnızlığa terk etmez. Kim din kardeşinin bir ihtiyacını giderirse, Allah da onun ihtiyacını giderir. Kim bir Müslümanın bir sıkıntısını giderirse, Allah da onun kıyamet sıkıntılarından birini giderir…","Toplumsal Dayanışma, Merhamet ve Kardeşlik",10.10.2014,BİZ KARDEŞİZ
Müslim,Birr,34,İyilik güzel ahlaktır. Kötülük ise vicdanını rahatsız eden ve insanların bilmesini istemediğin şeydir.,"Ahlak, Erdem ve Söz",11.03.2022,DÜNYA HAYATI BİR İYİLİK YOLCULUĞUDUR
Müslim,Birr,34,"Müminler, birbirlerini sevmede, birbirlerine merhamet ve şefkat göstermede, tıpkı bir organı rahatsızlandığında diğer organları da uykusuzluk ve yüksek ateşle bu acıyı paylaşan bir beden gibidir.","Ramazan, Oruç ve Bayramlar",13.05.2021,KUDÜS’ÜN ÖZGÜR OLDUĞU BAYRAMLARA
Müslim,Birr,34,"Kim, kardeşinin ihtiyacını giderirse Allah da onun ihtiyacını giderir","Aile, Çocuk ve Nesil",15.05.2026,TOPLUMSAL SORUMLULUKLARIMIZ
Müslim,Birr,34,"Bir kişi kıyamet günü kıldığı namaz, tuttuğu oruç ve verdiği zekâtla gelir. Ancak dünyada iken birine sövmüş, diğerine iftira atmış, ötekinin malını yemiş, berikinin kanını dökmüş, bir başkasını dövmüştür. İhlal ettiği bu hakların karşılığı olarak onun iyiliklerinden alınıp hak sahiplerine verilir. Şayet hesap tamamlanmadan iyilikleri biterse, mağdur ettiği insanların günahlarından alınarak onun ü","Ahlak, Erdem ve Söz",15.08.2025,KUL HAKKI ATEŞTEN GÖMLEKTİR
Müslim,Birr,34,"Aksine gerçek müflis şu kimsedir: Kıyamet günü kıldığı namaz, tuttuğu oruç ve verdiği zekâtla gelir. Ancak dünyada iken şuna sövmüş, buna iftira atmış, ötekinin malını yemiş, berikinin kanını dökmüş, bir başkasını dövmüştür. İhlâl ettiği bu hakların karşılığı olarak onun iyiliklerinden alınıp hak sahiplerine verilir. Şayet hesabı görülmeden iyilikleri biterse, mağdur ettiği insanların günahlarında","Toplumsal Dayanışma, Merhamet ve Kardeşlik",18.10.2019,KUL VE KAMU HAKKI
Müslim,Birr,34,"Kim, bir kardeşinin ihtiyacını giderirse Allah da onun ihtiyacını giderir","Ramazan, Oruç ve Bayramlar",20.03.2026,RAMAZAN BAYRAMI
Müslim,Birr,34,"…Allah, bir kulun hoşgörülü olması sebebiyle izzetini artırır, Allah için tevazu gösteren kişiyi ise yüceltir.","Ahlak, Erdem ve Söz",20.09.2019,TEVAZU İNSANI YÜCELTİR
Müslim,Birr,34,"Kim, bir kardeşinin ihtiyacını giderirse Allah da onun ihtiyacını giderir.","Afet, Kriz ve Sağlık",24.02.2023,"KARDEŞLİK, DAYANIŞMA VE DUA VAKTİ"
Müslim,Birr,34,İşte takva buradadır.,"İman, Tevhid ve Ahiret",24.09.2021,TAKVA: RABBİMİZİN RIZASINI DİRİ TUTMA BİLİNCİ
Müslim,Birr,34,Ben ancak rahmet olarak gönderildim.,"Toplumsal Dayanışma, Merhamet ve Kardeşlik",25.11.2022,MERHAMET TOPLUMU
Müslim,Birr,34,"Allah sizin suretlerinize ve mallarınıza bakmaz, ancak kalplerinize ve amellerinize bakar.","Ekonomik Hayat: Kazanç, Zekat ve İsraf",26.04.2019,TİCARET HAYATININ BEREKETİ: İŞ AHLAKI
Müslim,Birr,34,Burnu yerde sürtünsün,"Aile, Çocuk ve Nesil",26.07.2024,"CENNET VESİLEMİZ, AİLE BÜYÜKLERİMİZ"
Müslim,Birr,34,"Allah sizin görünüşlerinize ve mallarınıza bakmaz, ancak kalplerinize ve amellerinize bakar.","Ahlak, Erdem ve Söz",29.11.2019,DİNİN ÖZÜ SAMİMİYETTİR
Müslim,Birr,34,"Allah, sizin görünüşlerinize ve mallarınıza bakmaz, ancak kalplerinize ve amellerinize bakar.","Ahlak, Erdem ve Söz",29.11.2019,DİNİN ÖZÜ SAMİMİYETTİR
Müslim,Birr,34,"Müminler, birbirini sevmede, birbirine merhamet ve şefkatte, tıpkı bir organı rahatsızlandığında diğer organları da bu acıyı paylaşan bir beden gibidir.","Ramazan, Oruç ve Bayramlar",30.03.2025,RAMAZAN BAYRAMI: SEVİNÇ VE KARDEŞLİK GÜNLERİ
Müslim,Birr,34,"Müslüman, Müslümanın kardeşidir. Ona zulmetmez, onu yalnızlığa terk etmez. Kim din kardeşinin bir ihtiyacını giderirse, Allah da onun ihtiyacını giderir. Kim bir Müslümanın bir sıkıntısını giderirse, Allah da onun kıyamet sıkıntılarından birini giderir…","Toplumsal Dayanışma, Merhamet ve Kardeşlik",31.01.2014,NASIL BİR KARDEŞLİK?
Buhârî,Edeb,28,Her iyilik sadakadır,"Kandiller, Muharrem ve Mübarek Geceler",01.03.2019,BEREKET MEVSİMİ: ÜÇ AYLAR
Buhârî,Edeb,28,Öfkene hâkim ol!,"Sabır, Tevekkül ve Manevi Olgunluk",01.04.2016,ÖFKEYE HÂKİM OLABİLMEK
Buhârî,Edeb,28,"Mümin, mümin kardeşi için birbirine sımsıkı kenetlenmiş tuğlalardan oluşan bir bina gibidir.","Toplumsal Dayanışma, Merhamet ve Kardeşlik",02.04.2021,BİRBİRİMİZİN FARKINDA OLALIM
Buhârî,Edeb,28,"Şüphesiz, doğruluk insanı iyiliğe, iyilik de cennete götürür. Kişi devamlı doğru söyler ve doğruluktan ayrılmazsa Allah katında sıddîk olarak tescillenir. Yalan insanı kötülüğe, kötülük de cehenneme götürür. Kişi devamlı yalan söyler, yalan peşinde koşarsa Allah katında yalancı olarak tescillenir.","Ahlak, Erdem ve Söz",04.02.2022,SÖZ VE DAVRANIŞLARIMIZDA DOĞRU OLALIM
Buhârî,Edeb,28,Yumuşak söz sadakadır.,"Ahlak, Erdem ve Söz",04.04.2014,DOĞRULUK VE SADAKA
Buhârî,Edeb,28,"Birbirinizden nefret etmeyin, birbirinize haset etmeyin, birbirinize sırt çevirmeyin. Ey Allah’ın kulları, kardeş olun",Peygamberimiz ve Ashab,04.09.2026,PEYGAMBERİMİZ VE GÜZEL AHLAK
Buhârî,Edeb,28,"Müminler, birbirlerini sevmede, birbirlerine merhamet ve şefkat göstermede, tıpkı bir organı rahatsızlandığında diğer organları da bu acıyı paylaşan bir bedene benzer.","Toplumsal Dayanışma, Merhamet ve Kardeşlik",07.07.2017,İMANIMIZ VE İNSANLIĞIMIZIN İMTİHANI: MÜLTECİLER
Buhârî,Edeb,28,"Ey Enceşe, sakin ol! Kristalleri dikkatli taşı!","Aile, Çocuk ve Nesil",08.03.2013,BİR KUL OLARAK KADIN
Buhârî,Edeb,28,"Doğruluk insanı iyiliğe, iyilik de cennete götürür. Kişi devamlı doğru söyler ve doğruluktan ayrılmazsa Allah katında sıddîk olarak tescillenir…","Ahlak, Erdem ve Söz",08.04.2022,RAMAZAN VE DOĞRULUK
Buhârî,Edeb,28,"Rızkının bol, ömrünün bereketli olmasını arzu eden, akrabalık bağını devam ettirsin.","Toplumsal Dayanışma, Merhamet ve Kardeşlik",08.08.2025,SILA-İ RAHİMLE BEREKETLENEN TATİL
Buhârî,Edeb,28,Merhamet etmeyen kimseye merhamet olunmaz.,"Toplumsal Dayanışma, Merhamet ve Kardeşlik",08.11.2024,MERHAMET EDEN MERHAMET BULUR
Buhârî,Edeb,28,"Sizin en hayırlınız, kendisinden hayır umulan ve asla kötülük beklenmeyendir.","Ahlak, Erdem ve Söz",10.03.2023,MÜMİN GÜVENEN VE GÜVENİLEN KİŞİDİR
Buhârî,Edeb,28,Mümin bir delikten iki defa ısırılmaz.,"Vatan, Millet ve Tarih",10.07.2020,15 TEMMUZ VE BİRLİK RUHU
Buhârî,Edeb,28,"Mümin, bir delikten iki defa ısırılmaz.","Ahlak, Erdem ve Söz",10.11.2017,ÖRNEK İNSAN: MÜMİN
Buhârî,Edeb,28,"Mümin, bir delikten iki kere ısırılmaz.","Vatan, Millet ve Tarih",11.07.2025,SAHİH DİNİ BİLGİNİN ÖNEMİ
Buhârî,Edeb,28,"Güçlü kimse, insanları güreşte yenen değildir. Bilakis güçlü kimse öfke anında kendisine hâkim olandır.","Toplumsal Dayanışma, Merhamet ve Kardeşlik",13.09.2019,HER CAN DOKUNULMAZDIR
Buhârî,Edeb,28,"Mümin, bir delikten iki kere ısırılmaz.","Vatan, Millet ve Tarih",15.07.2022,15 TEMMUZ: BİRLİK VE BERABERLİĞİN ZAFERİ
Buhârî,Edeb,28,Her iyilik bir sadakadır.,"Ramazan, Oruç ve Bayramlar",17.07.2015,RAMAZAN MEKTEBİNİN ÖĞRETTİKLERİ
Buhârî,Edeb,28,"Gerçek pehlivan güreşte rakibini yenen değil, öfkelendiğinde kendisine hâkim olandır.","Ahlak, Erdem ve Söz",19.04.2024,HAYATIN HER ALANINDA ÖFKEMİZE HÂKİM OLALIM
Buhârî,Edeb,28,"İnsanlık, ilk günden beri bütün peygamberlerin üzerinde ittifak ettikleri bir söz öğrenmiştir: Şayet utanmıyorsan dilediğini yap!","Ahlak, Erdem ve Söz",19.07.2024,MÜSLÜMAN TAKVA SAHİBİDİR
Buhârî,Edeb,28,Âdemoğlu zamana kahreder. Hâlbuki zamanı var eden benim! Gece de gündüz de benim elimdedir.,"Sabır, Tevekkül ve Manevi Olgunluk",19.12.2025,HER ANIMIZI EBEDİ KAZANCA DÖNÜŞTÜREBİLİRİZ
Buhârî,Edeb,28,"Ya hayır söyleyin, ya susun!","Ahlak, Erdem ve Söz",22.01.2016,SÖZ AHLAKI
Buhârî,Edeb,28,Her iyilik bir sadakadır.,İbadet ve Kulluk,22.05.2020,BİR ÖMRÜ RAMAZAN GİBİ YAŞAMAK
Buhârî,Edeb,28,Öteden beri insanların peygamberlerden öğrenegeldiği bir söz vardır: Utanmıyorsan dilediğini yap!,"Ahlak, Erdem ve Söz",25.01.2019,İSLAM AHLÂKININ ÖZÜ HAYÂDIR
Buhârî,Edeb,28,"Hayâ, ancak hayır getirir.","Ahlak, Erdem ve Söz",25.01.2019,İSLAM AHLÂKININ ÖZÜ HAYÂDIR
Buhârî,Edeb,28,"Mümin, mümin kardeşi için birbirine sımsıkı kenetlenmiş tuğlalardan oluşan bir bina gibidir.","Vatan, Millet ve Tarih",25.10.2024,VATAN MÜDAFAASI MUKADDESTİR
Buhârî,Edeb,28,Her iyilik bir sadakadır.,"Ramazan, Oruç ve Bayramlar",28.03.2025,RAMAZAN’A VEDA EDERKEN
Buhârî,Edeb,28,Allah'a ve ahiret gününe inanan ya hayır söylesin ya da sussun...,"Ahlak, Erdem ve Söz",28.11.2014,DİLİN ESİRİ OLMAYALIM!
Buhârî,Îmân,25,"Her kimin yanında kardeşi çalışırsa, ona yediğinden yedirsin, giydiğinden giydirsin. Onlara güçlerini aşan işler yüklemeyin","Ekonomik Hayat: Kazanç, Zekat ve İsraf",01.05.2026,ALIN TERİ MUKADDESTİR
Buhârî,Îmân,25,"İyi Müslüman, dilinden ve elinden Müslümanların emin olduğu kişidir. Asıl hicret eden de Allah'ın yasakladıklarını terk edendir.",Peygamberimiz ve Ashab,01.11.2013,RAHMET’İN HİCRETİ
Buhârî,Îmân,25,Kim inanarak ve karşılığını Allah'tan bekleyerek Ramazan orucunu tutarsa geçmiş günahları bağışlanır,"Ramazan, Oruç ve Bayramlar",03.05.2019,HOŞ GELDİN YA ŞEHR-İ RAMAZAN
Buhârî,Îmân,25,Kişinin kendi ailesi için nafaka temin etmesi sadakadır.,"Ahlak, Erdem ve Söz",04.04.2014,DOĞRULUK VE SADAKA
Buhârî,Îmân,25,"Dikkat edin! Vücutta öyle bir et parçası vardır ki o iyi olursa bütün vücut iyi olur. O bozulursa bütün vücut bozulur. Dikkat edin! O, kalptir.","İman, Tevhid ve Ahiret",04.12.2015,BEDEN ÜLKESİNİN SULTANI: KALP
Buhârî,Îmân,25,"Dikkat edin! Vücutta öyle bir et parçası vardır ki, o salih yani iyi ve düzgün olursa bütün vücut salih yani iyi ve düzgün olur. O bozulursa bütün vücut bozulur. Dikkat edin! O, kalptir.","İman, Tevhid ve Ahiret",08.08.2014,"SADIK İMAN, SAMİMİ NİYET, SALİH AMEL"
Buhârî,Îmân,25,"Dikkat edin! Vücutta öyle bir et parçası vardır ki o iyi olursa bedenin tamamı iyi olur. O bozulursa bütün vücut bozulur. Dikkat edin! İşte o et parçası, kalptir.","İman, Tevhid ve Ahiret",10.10.2025,CENÂB-I HAKK’IN NAZARGÂHI: KALP
Buhârî,Îmân,25,"O, Cebrâil idi. Size dininizi öğretmeye gelmişti.",İbadet ve Kulluk,11.01.2019,"İNSANIN KEMAL YOLCULUĞU: İSLAM, İMAN VE İHSAN"
Buhârî,Îmân,25,Kendi nefsiniz için istediğiniz bir şeyi kardeşiniz için de istemedikçe gerçekten iman etmiş olmazsınız.,"İman, Tevhid ve Ahiret",13.06.2014,İMANIN ŞUBELERİ
Buhârî,Îmân,25,"Sizden biriniz, kendisi için istediğini mümin kardeşi için de istemedikçe gerçek anlamda iman etmiş olamaz.","Toplumsal Dayanışma, Merhamet ve Kardeşlik",14.08.2015,İMANIN TEZAHÜRÜ: FEDAKÂRLIK VE İSÂR
Buhârî,Îmân,25,"Dikkat edin! Vücutta öyle bir et parçası vardır ki, o iyi, doğru ve düzgün olursa bütün vücut iyi, doğru ve düzgün olur; o bozulursa bütün vücut bozulur. Dikkat edin! O kalptir.","Sabır, Tevekkül ve Manevi Olgunluk",15.02.2019,HAYATI YAŞANILIR KILMANIN YOLU: DİN VE MANEVİYAT
Buhârî,Îmân,25,"Dinde, insanın gücünü aşacak uygulamalar yoktur. Takatinin üstünde ibadete kalkışan kimse, dini yaşama konusunda âciz kalır. Bunun için aşırıya kaçmayın!",İbadet ve Kulluk,15.07.2016,HAYATIMIZI İBADET KILABİLMEK
Buhârî,Îmân,25,elinden ve dilinden emin olunan insan,"Ahlak, Erdem ve Söz",15.12.2017,KARDEŞLİĞE SAPLANAN HANÇER: GIYBET
Buhârî,Îmân,25,"Aşırıya kaçmayın, dosdoğru yolu tutun ve böyle davrandığınız için alacağınız mükâfattan dolayı sevinin.","Sabır, Tevekkül ve Manevi Olgunluk",18.12.2020,MÜMİN HER İŞİNDE MUTEDİLDİR
Buhârî,Îmân,25,"Kendiniz için istediğinizi mümin kardeşiniz için istemedikçe, gerçekten iman etmiş olamazsınız.","Ramazan, Oruç ve Bayramlar",19.08.2012,RAMAZAN BAYRAMI
Buhârî,Îmân,25,"…Dikkat edin! Vücutta öyle bir et parçası vardır ki o iyi, doğru ve düzgün olursa bütün vücut iyi, doğru ve düzgün olur; o bozulursa bütün vücut bozulur. Dikkat edin! O, kalptir.","İman, Tevhid ve Ahiret",21.02.2014,KALB-İ SELİM (III)
Buhârî,Îmân,25,"Helâl de bellidir, haram da bellidir. İkisinin arasında birtakım şüpheli hususlar vardır ki insanların çoğu bunları bilmezler. Kim şüpheli şeylerden sakınırsa, dinini ve haysiyetini korumuş olur. Kim de şüpheli şeylere düşerse, harama düşmüş olur…","Ekonomik Hayat: Kazanç, Zekat ve İsraf",22.12.2017,HELAL HARAM DUYARLILIĞI
Buhârî,Îmân,25,"Müslüman, Müslümanın elinden ve dilinden güvende olduğu kimsedir.","Aile, Çocuk ve Nesil",25.11.2011,"EŞİMİZ, EVLADIMIZ, ANNEMİZ: KADIN"
Buhârî,Îmân,25,Kişi kendisi için istediğini din kardeşi için de istemedikçe tam anlamıyla iman etmiş olamaz.,"Toplumsal Dayanışma, Merhamet ve Kardeşlik",27.06.2014,"KİMSE KİMSESİZ KALMASIN, BU RAMAZAN VE HER ZAMAN!"
Buhârî,Îmân,25,Yemek yedirmen ve tanıdığın tanımadığın herkese selâm vermendir.,"Toplumsal Dayanışma, Merhamet ve Kardeşlik",27.07.2012,SEVGİ VE BARIŞ DİLİ: SELÂM
Buhârî,Îmân,25,Kendiniz için istediğinizi kardeşiniz için de istemedikçe kâmil manada iman etmiş olamazsınız.,"İman, Tevhid ve Ahiret",27.11.2015,İMANI HAYAT KILABİLMEK
Buhârî,Îmân,25,Kendiniz için istediğinizi mümin kardeşiniz için de istemedikçe gerçek anlamda iman etmiş olamazsınız,"Toplumsal Dayanışma, Merhamet ve Kardeşlik",28.11.2025,FEDAKÂRLIĞIN ZİRVESİ: ÎSÂR
Buhârî,Îmân,25,"Helal de bellidir, haram da bellidir. İkisinin arasında birtakım şüpheli hususlar vardır ki insanların çoğu bunları bilmezler. Kim şüpheli şeylerden sakınırsa, dinini ve haysiyetini korumuş olur. Kim de şüpheli şeylere düşerse, harama düşmüş olur…","Ekonomik Hayat: Kazanç, Zekat ve İsraf",29.04.2022,HAYATI HELAL KILABİLMEK
Buhârî,Îmân,25,"Sizden biriniz, beni anne ve babasından, çocuğundan ve bütün insanlardan daha çok sevmedikçe tam anlamıyla iman etmiş olmaz.",Peygamberimiz ve Ashab,29.08.2025,ÂLEMLERE RAHMET HZ. MUHAMMED (S.A.S)
Buhârî,Îmân,25,"Helâl bellidir; haram da bellidir. İkisinin arasında birtakım şüpheli şeyler vardır ki insanların çoğu bunları bilmezler. Kim şüpheli şeylerden sakınırsa, dinini ve haysiyetini korumuş olur. Kim de şüpheli şeylere düşerse, harama düşmüş olur.","Ekonomik Hayat: Kazanç, Zekat ve İsraf",31.05.2024,HARAM: ALLAH İLE KUL ARASINDAKİ EN BÜYÜK ENGEL
Ebû Dâvûd,Edeb,23,Rıfktan mahrum kalan bir kimse hayrın tamamından mahrum kalmıştır.,"Sabır, Tevekkül ve Manevi Olgunluk",01.02.2019,RIFK: ALLAH HER İŞTE ZERAFETİ SEVER
Ebû Dâvûd,Edeb,23,"Dikkatli ol, ona bir şey vermemiş olsaydın, bu senin için bir yalan olarak yazılacaktı","Ahlak, Erdem ve Söz",04.01.2019,ÖZÜ SÖZÜ DOĞRU OLMAK
Ebû Dâvûd,Edeb,23,Her duyduğunu söylemesi kişiye yalan olarak yeter!,"Ahlak, Erdem ve Söz",04.02.2022,SÖZ VE DAVRANIŞLARIMIZDA DOĞRU OLALIM
Ebû Dâvûd,Edeb,23,Mümin onurlu ve kerem sahibidir…,"Toplumsal Dayanışma, Merhamet ve Kardeşlik",05.04.2013,MÜKERREM BİR VARLIK OLARAK İNSAN
Ebû Dâvûd,Edeb,23,Irkçılığa çağıran bizden değildir. Irkçılık davası uğruna savaşan bizden değildir. Irkçılık davası uğruna ölen de bizden değildir.,"Aile, Çocuk ve Nesil",05.06.2015,"İSLÂM, IRKÇILIĞIN HER TÜRLÜSÜNÜ REDDEDER"
Ebû Dâvûd,Edeb,23,"Ölülerinizin iyiliklerini anınız, kötülüklerini zikretmekten kaçınınız","İman, Tevhid ve Ahiret",05.10.2018,CENAZE ÂDÂBI: AHİRET YOLCUSUNA
Ebû Dâvûd,Edeb,23,"Müslümanın müslümana malı, namusu/onuru ve canı haramdır. Kişiye, müslüman kardeşini küçük görmesi kötülük olarak yeter.","Toplumsal Dayanışma, Merhamet ve Kardeşlik",07.06.2013,MÜMİNLER KARDEŞTİRLER
Ebû Dâvûd,Edeb,23,Her duyduğunu söylemesi kişiye yalan olarak yeter!,"Toplumsal Dayanışma, Merhamet ve Kardeşlik",09.08.2019,MÜMİN: HUZURLU TOPLUMUN TEMİNATI
Ebû Dâvûd,Edeb,23,"Merhamet edene Rahmân da merhamet eder. Siz yerdekilere merhamet edin ki, göktekiler de size merhamet etsin.","Aile, Çocuk ve Nesil",11.06.2021,AİLEMDE MERHAMET VE HUZUR VAR
Ebû Dâvûd,Edeb,23,Mümin aziz ve cömerttir. Fâcir ise saygısız ve cimridir.,"İman, Tevhid ve Ahiret",12.12.2025,İNSAN: KÂİNATIN GÖZBEBEĞİ
Ebû Dâvûd,Edeb,23,Birbirinizin gıybetini yapmayın. Gizli hâllerinizi araştırmayın. Çünkü her kim insanların gizli hâllerini araştırırsa Allah da onun gizli hâlini araştırır. Ve neticede onu evinde bile olsa rezil eder.,"Ahlak, Erdem ve Söz",15.12.2017,KARDEŞLİĞE SAPLANAN HANÇER: GIYBET
Ebû Dâvûd,Edeb,23,Siz yeryüzündekilere merhamet edin ki Yüce Allah da size merhamet etsin.,"Kandiller, Muharrem ve Mübarek Geceler",16.10.2015,MERHAMET İKSİRİNİ YUDUMLAYABİLMEK
Ebû Dâvûd,Edeb,23,"Bir kul, kardeşine yardım ettiği sürece, Allah da o kula yardım eder.","Afet, Kriz ve Sağlık",17.02.2023,MİRAÇ GECEMİZ: İLÂHÎ RAHMET VE SEKÎNET VESİLEMİZ
Ebû Dâvûd,Edeb,23,Siz yeryüzündekilere merhamet edin ki Yüce Allah da size merhamet etsin.,"Toplumsal Dayanışma, Merhamet ve Kardeşlik",20.02.2015,HER CAN KUTSAL VE DOKUNULMAZDIR!
Ebû Dâvûd,Edeb,23,"Kişi, kardeşine yardım ettiği sürece Allah da onun yardımcısı olur.","Ramazan, Oruç ve Bayramlar",21.03.2025,İNFAK VE KUR’AN AYI RAMAZAN
Ebû Dâvûd,Edeb,23,Merhamet edene Rahman olan Allah da merhamet eder. Siz yerdeki bütün mahlûkata merhamet edin ki göktekiler de size merhamet etsin.,"Toplumsal Dayanışma, Merhamet ve Kardeşlik",21.12.2018,VARLIĞIN İLAHİ MAYASI MERHAMET
Ebû Dâvûd,Edeb,23,Kalk ya Bilâl! Bizi namaza çağır! Namazla bizi ferahlat!,"Kandiller, Muharrem ve Mübarek Geceler",24.01.2025,"MİRACIN HEDİYESİ, DİNİMİZİN DİREĞİ NAMAZ"
Ebû Dâvûd,Edeb,23,Merhamet edene Rahman olan Allah da merhamet eder. Siz yerdeki bütün mahlûkata merhamet edin ki göktekiler de size merhamet etsin.,"Toplumsal Dayanışma, Merhamet ve Kardeşlik",25.11.2022,MERHAMET TOPLUMU
Ebû Dâvûd,Edeb,23,Kalk Ya Bilal! Bizi namazla ferahlat!,İbadet ve Kulluk,27.01.2017,NAMAZI ZAYİ ETMEK
Ebû Dâvûd,Edeb,23,"Kul, kardeşinin yardımında olduğu sürece, Allah da onun yardımcısı olur.","Toplumsal Dayanışma, Merhamet ve Kardeşlik",28.11.2025,FEDAKÂRLIĞIN ZİRVESİ: ÎSÂR
Ebû Dâvûd,Edeb,23,Siz kıyamet gününde kendi isimleriniz ve babalarınızın isimleriyle çağırılacaksınız. Öyleyse çocuklarınıza güzel isimler koyunuz.,"Aile, Çocuk ve Nesil",29.06.2018,EVLADIN ANNE-BABA ÜZERİNDEKİ HAKLARINDAN BİRİ: GÜZEL İSİM
Ebû Dâvûd,Edeb,23,"Kul, kardeşinin yardımında olduğu sürece, Allah da onun yardımcısı olur.","Ekonomik Hayat: Kazanç, Zekat ve İsraf",30.04.2021,İNFAK TOPLUMUN ŞİFASIDIR
Ebû Dâvûd,Edeb,23,"Bir kul, kardeşinin yardımında olduğu sürece, Allah da o kulun yardımcısıdır.","Afet, Kriz ve Sağlık",31.01.2020,AFETLERE KARŞI BİLİNÇLİ OLALIM
Müslim,Sıyâm,19,Çocuğunun da senin üzerinde hakkı vardır.,"Aile, Çocuk ve Nesil",04.04.2025,GÜÇLÜ BİR TOPLUMUN İNŞASINDA ANNE BABANIN ROLÜ
Müslim,Sıyâm,19,hürmete layık,"Kandiller, Muharrem ve Mübarek Geceler",04.07.2025,GEÇMİŞE İBRETLE GELECEĞE FERASETLE BAKALIM
Müslim,Sıyâm,19,"Biriniz oruç tuttuğu gün kötü söz sarfetmesin, bağırıp çağırmasın, oruç perdedir…","Ramazan, Oruç ve Bayramlar",05.07.2013,RAMAZAN VE ORUÇ
Müslim,Sıyâm,19,hürmete layık,"Toplumsal Dayanışma, Merhamet ve Kardeşlik",05.07.2024,ZARÛRÂT-I HAMSEYİ MUHAFAZA EDELİM
Müslim,Sıyâm,19,hürmete şayan,"Kandiller, Muharrem ve Mübarek Geceler",05.08.2022,MUHARREM AYI VE KERBELÂ
Müslim,Sıyâm,19,hürmete şayan bir ay,"Kandiller, Muharrem ve Mübarek Geceler",07.10.2016,YÜREKLERİMİZİ SAHRÂ-I KERBELÂ’YA DÖNÜŞTÜRMEYELİM
Müslim,Sıyâm,19,hürmete şayan bir ay,"Kandiller, Muharrem ve Mübarek Geceler",08.11.2013,MUHARREM AYI VE KERBELÂ
Müslim,Sıyâm,19,"Ramazan ayı geldiğinde cennet kapıları açılır, cehennem kapıları kapanır ve şeytanlar bağlanır.","Ramazan, Oruç ve Bayramlar",09.04.2021,RAMAZAN: KUTLU MİSAFİR
Müslim,Sıyâm,19,hürmete layık bir aya,"Kandiller, Muharrem ve Mübarek Geceler",16.10.2015,MERHAMET İKSİRİNİ YUDUMLAYABİLMEK
Müslim,Sıyâm,19,Çocuğunun senin üzerinde hakkı vardır.,"Aile, Çocuk ve Nesil",16.12.2022,ÇOCUK: RABBİMİZİN KIYMETLİ EMANETİ
Müslim,Sıyâm,19,Çocuğunun senin üzerinde hakkı vardır.,"Aile, Çocuk ve Nesil",17.06.2022,"HAYDİ KOŞ GEL, CAMİLER SENİNLE GÜZEL"
Müslim,Sıyâm,19,Hürmete layık,"Kandiller, Muharrem ve Mübarek Geceler",19.06.2026,BİRLİKTE RAHMET VARDIR
Müslim,Sıyâm,19,"Kim, Ramazan orucunu tutar ve ona Şevval ayından altı gün daha eklerse, bütün yıl oruç tutmuş gibidir","Ramazan, Oruç ve Bayramlar",20.03.2026,HAYATI RAMAZAN KILMAK
Müslim,Sıyâm,19,Çocuğunun senin üzerinde hakkı vardır.,"Aile, Çocuk ve Nesil",20.04.2018,YARINLARIMIZIN ÜMİDİ ÇOCUKLARIMIZ
Müslim,Sıyâm,19,Çocuğunun senin üzerinde hakkı vardır.,"Aile, Çocuk ve Nesil",20.06.2025,"HER YAZ YENİ BİR HEYECAN: CAMİ, ÇOCUK VE KUR’AN"
Müslim,Sıyâm,19,"Bir kimse Allah yolunda bir gün oruç tutarsa, Allah bu tutulan oruç sebebiyle o kimsenin yüzünü cehennem ateşinden yetmiş sene sürecek mesafelik yere uzaklaştırır.","Ramazan, Oruç ve Bayramlar",20.07.2012,“BEN ORUÇLUYUM” DİYEBİLMEK
Müslim,Sıyâm,19,Çocuklarının senin üzerinde hakkı var,"Afet, Kriz ve Sağlık",23.02.2018,BAĞIMLILIK BİR TUZAKTIR
Müslim,Sıyâm,19,Çocuğunun senin üzerinde hakkı var.,"Aile, Çocuk ve Nesil",30.06.2023,ÇOCUKLARIMIZIN ÜZERİMİZDE HAKKI
Müslim,Sıyâm,19,hürmete şayan bir ay,"Kandiller, Muharrem ve Mübarek Geceler",31.10.2014,ORTAK HÜZÜN VE İBRET AYI: MUHARREM
Tirmizî,Zühd,16,"Kendisini ilgilendirmeyen söz, tutum ve davranışlardan uzak durması, kişinin iyi bir Müslüman olduğunun göstergesidir.","Ahlak, Erdem ve Söz",01.09.2017,İMAN VE İSLAM’IN TEZAHÜRÜ: FAYDASIZ ŞEYLERDEN UZAK DURMAK
Tirmizî,Zühd,16,Kişi dostunun dini üzerinedir.,"Ahlak, Erdem ve Söz",04.02.2022,SÖZ VE DAVRANIŞLARIMIZDA DOĞRU OLALIM
Tirmizî,Zühd,16,"Kişi sevdiğiyle beraberdir, sen de sevdiğinle beraber olacaksın.","İman, Tevhid ve Ahiret",08.10.2021,SONSUZ HAYAT AHİRET
Tirmizî,Zühd,16,"Ben, dünyada bir ağacın altında gölgelendikten sonra yola koyulup orayı terk eden bir yolcu gibiyim.","İman, Tevhid ve Ahiret",08.10.2021,SONSUZ HAYAT AHİRET
Tirmizî,Zühd,16,"Sizden kim huzuru yerinde, bedeni sağlıklı ve günlük yiyeceği de yanında olarak güne başlarsa, sanki dünyalar ona bağışlanmış gibidir.","Afet, Kriz ve Sağlık",09.11.2018,SAĞLIK: DÜNYALARA DEĞER NİMET
Tirmizî,Zühd,16,Üzerinde kendinin hakkı vardır. Rabbinin hakkı vardır. Misafirinin hakkı vardır. Ailenin hakkı vardır. O halde her hak sahibine hakkını ver!,"Aile, Çocuk ve Nesil",15.05.2026,TOPLUMSAL SORUMLULUKLARIMIZ
Tirmizî,Zühd,16,Komşuna iyilik yap ki mümin olasın.,"Toplumsal Dayanışma, Merhamet ve Kardeşlik",21.10.2022,KOMŞULUK HUKUKU
Tirmizî,Zühd,16,Diline sahip ol! Fitneye bulaşma! Günahların için pişmanlıkla gözyaşı dök!,"Ahlak, Erdem ve Söz",22.01.2016,SÖZ AHLAKI
Tirmizî,Zühd,16,"Ömrü uzun, ameli güzel olandır","Aile, Çocuk ve Nesil",22.02.2019,"YAŞLILARA HÜRMET, ÖMRÜMÜZE BEREKET"
Tirmizî,Zühd,16,"Ben, dünyada bir ağacın altında kısa bir süre gölgelendikten sonra yola koyulup oradan ayrılan bir yolcu gibiyim.","İman, Tevhid ve Ahiret",22.03.2024,RAMAZAN VE AHİRET BİLİNCİ
Tirmizî,Zühd,16,"Faydasız söz ve lüzumsuz işleri terk etmesi, kişinin iyi Müslüman oluşundandır.","Aile, Çocuk ve Nesil",22.05.2015,BOŞ ŞEYLERİ TERK EDEREK HAYATI ANLAMLI KILMAK
Tirmizî,Zühd,16,"Faydasız söz ve davranışları terk etmesi, kişinin iyi bir Müslüman olduğunun göstergesidir.","Ahlak, Erdem ve Söz",22.05.2026,SÖZ AHLAKI VE SOSYAL MEDYA
Tirmizî,Zühd,16,Üzerinde nefsinin hakkı vardır. Rabbinin hakkı vardır. Misafirinin hakkı vardır. Ailenin hakkı vardır. Her hak sahibine hakkını ver!,"Ramazan, Oruç ve Bayramlar",26.05.2017,ÜZERİMİZDE HER CANIN HAKKI VARDIR
Tirmizî,Zühd,16,"Faydasız işleri terk etmesi, bir kişinin iyi Müslüman olduğunu gösterir.","Ahlak, Erdem ve Söz",26.11.2021,MÜMİN FAYDASIZ SÖZLERDEN VE LÜZUMSUZ İŞLERDEN UZAK DURUR
Tirmizî,Zühd,16,Kişinin iyi Müslüman olduğunun işaretlerinden biri de faydasız söz ve lüzumsuz işleri terk etmesidir,"Vatan, Millet ve Tarih",26.12.2025,KİMLİĞİMİZ GELECEĞİMİZDİR
Tirmizî,Zühd,16,"Faydasız işleri terk etmesi, bir kişinin iyi Müslüman olmasındandır.","Ahlak, Erdem ve Söz",27.11.2020,FAYDASIZ İŞLERİ TERK ETMEK KULLUĞUN GÜZELLİĞİNDENDİR
Buhârî,Salât,15,"Bir mümin, diğer bir mümin için birbirini destekleyen bir binanın tuğlaları gibidir.","Ramazan, Oruç ve Bayramlar",02.05.2022,"BAYRAMIMIZ KUTLU, GÖNLÜMÜZ İMAN VE NEŞE DOLU OLSUN"
Buhârî,Salât,15,"Müminlerin birbirlerine olan bağlılığı, birbirine kenetlenerek inşa edilmiş bir binanın tuğlaları gibidir.","Toplumsal Dayanışma, Merhamet ve Kardeşlik",04.11.2016,ÖRNEK ÜMMET OLABİLMEK
Buhârî,Salât,15,"Müminler, bir binanın yapı taşları gibidir. Onlar, birbirlerinin hayata tutunmasını temin ederler.","Ramazan, Oruç ve Bayramlar",05.07.2016,RAMAZAN BAYRAMI
Buhârî,Salât,15,Müminler bir binanın birbirini destekleyen tuğlaları gibidir,"Vatan, Millet ve Tarih",06.02.2026,BİRLİK VE BERABERLİK
Buhârî,Salât,15,Sizden biri namaz kılarken aslında Rabbiyle konuşuyordur,İbadet ve Kulluk,09.01.2026,NAMAZ
Buhârî,Salât,15,Müminler bir binanın birbirini destekleyen yapı taşları gibidir.,"Ramazan, Oruç ve Bayramlar",10.04.2024,"RAMAZAN BAYRAMI: BİRLİK, BERABERLİK VE KARDEŞLİK GÜNLERİ"
Buhârî,Salât,15,"Müminler, bir binanın yapı taşları gibidir. Onlar, birbirlerinin hayata tutunmasını temin ederler.","Vatan, Millet ve Tarih",14.07.2017,SALÂLARIN ŞAHİT OLDUĞU DİRENİŞ: 15 TEMMUZ
Buhârî,Salât,15,"Bir mümin, diğer bir mümin için âdeta birbirini destekleyen bir binanın tuğlaları gibidir.","Ramazan, Oruç ve Bayramlar",15.06.2018,RAMAZAN BAYRAMI
Buhârî,Salât,15,"Müminin mümine karşı durumu, bir parçası diğer parçasını sımsıkı kenetleyip tutan binalar gibidir","Vatan, Millet ve Tarih",17.04.2026,"BİRBİRİMİZE KENETLENELİM, SORUMLULUKLARIMIZI İDRAK EDELİM"
Buhârî,Salât,15,"Müminlerin birbirlerine olan bağlılığı, birbirine kenetlenerek inşa edilmiş bir binanın duvarları gibidir.","Vatan, Millet ve Tarih",18.03.2016,ÇANAKKALE VE BİRLİK RUHU
Buhârî,Salât,15,"Müminler, birbirini destekleyen bir binanın tuğlaları gibidir.","Vatan, Millet ve Tarih",19.01.2024,"BİZİ GÜÇLÜ KILAN, BİRLİK VE BERABERLİĞİMİZDİR"
Buhârî,Salât,15,"Müminlerin birbirlerine olan bağlılığı, birbirine kenetlenerek inşa edilmiş bir binanın duvarları gibidir.","Toplumsal Dayanışma, Merhamet ve Kardeşlik",21.08.2015,BİRLİK VE BERABERLİĞİMİZİN HARCI: KARDEŞLİĞİMİZ
Buhârî,Salât,15,Müminler tuğlaları birbirine sımsıkı kenetlenmiş bir bina gibidir.,"Ramazan, Oruç ve Bayramlar",24.03.2023,RAMAZAN VE DAYANIŞMA
Buhârî,Salât,15,"Müminler, bir binanın yapı taşları gibidir. Onlar, birbirlerinin hayata tutunmasını temin ederler.","Ramazan, Oruç ve Bayramlar",25.06.2017,RAMAZAN BAYRAMI
Buhârî,Salât,15,"Yeryüzü, bana mescid kılındı; temiz kılındı.",İbadet ve Kulluk,30.09.2016,CAMİ VE KİTAP MEDENİYETİ
Tirmizî,Menâkıb,15,"Sizin en hayırlınız ailesine en güzel şekilde davranandır. Ben, aranızda ailesine en güzel davranan kişiyim.","Aile, Çocuk ve Nesil",07.06.2019,"AİLE OLMAK, AİLE KALMAK"
Tirmizî,Menâkıb,15,"Benim dünyadaki çiçeğim, reyhanım","Kandiller, Muharrem ve Mübarek Geceler",07.10.2016,YÜREKLERİMİZİ SAHRÂ-I KERBELÂ’YA DÖNÜŞTÜRMEYELİM
Tirmizî,Menâkıb,15,"İnsanlar, Âdem'in çocuklarıdır. Âdem de topraktan yaratılmıştır.","Toplumsal Dayanışma, Merhamet ve Kardeşlik",08.04.2016,"HZ. PEYGAMBER, TEVHİD VE VAHDET"
Tirmizî,Menâkıb,15,"Sizin en hayırlınız, ailesine karşı en hayırlı olandır. İçinizde ailesine karşı en hayırlı olan da benim.","Aile, Çocuk ve Nesil",11.06.2021,AİLEMDE MERHAMET VE HUZUR VAR
Tirmizî,Menâkıb,15,Sizin en hayırlınız ailesine en güzel şekilde davranandır…,"Aile, Çocuk ve Nesil",12.05.2023,"KADIN VE ERKEK: HÜRMETE LAYIK, SAYGIN VARLIK"
Tirmizî,Menâkıb,15,Cennet gençlerinin efendisi,"Kandiller, Muharrem ve Mübarek Geceler",13.08.2021,KERBELÂ’YI İBRET NAZARIYLA OKUYALIM
Tirmizî,Menâkıb,15,"Sizin en hayırlınız, ailesine karşı en hayırlı olanınızdır. Ben de aileme karşı en iyi olanınızım!","Aile, Çocuk ve Nesil",15.11.2019,PEYGAMBERİMİZ VE AİLE
Tirmizî,Menâkıb,15,"Sizin en hayırlınız, ailesine karşı en hayırlı olanınızdır…","Aile, Çocuk ve Nesil",16.05.2025,"AİLE: GÜVEN, SADAKAT VE MERHAMET YUVASI"
Tirmizî,Menâkıb,15,"Sizin en hayırlınız, ailesine karşı en hayırlı davranandır. Ben de sizin ailesine karşı en hayırlı olanınızım.","Aile, Çocuk ve Nesil",17.05.2024,AİLEMİZ: HUZUR VE GÜVEN KAYNAĞIMIZ
Tirmizî,Menâkıb,15,"Sizin en hayırlınız, ailesine en güzel davranandır. İçinizden ailesine karşı en güzel davranan da benim.",Peygamberimiz ve Ashab,18.02.2022,PEYGAMBERİMİZİN AHLAKI KUR’AN’DI
Tirmizî,Menâkıb,15,Cennet gençlerinin efendisi,"Kandiller, Muharrem ve Mübarek Geceler",19.06.2026,BİRLİKTE RAHMET VARDIR
Tirmizî,Menâkıb,15,"Benim dünyadaki çiçeğim, reyhanım","Kandiller, Muharrem ve Mübarek Geceler",23.10.2015,KERBELÂ’YI DOĞRU ANLAMAK
Tirmizî,Menâkıb,15,"Sizin en hayırlınız, ailesine karşı en güzel davranandır.","Toplumsal Dayanışma, Merhamet ve Kardeşlik",25.11.2022,MERHAMET TOPLUMU
Tirmizî,Menâkıb,15,"Sizin en hayırlınız, ailesine karşı en hayırlı olanınızdır. Ben de aileme karşı en hayırlı olanınızım","Aile, Çocuk ve Nesil",26.10.2018,AİLEDE ŞEFKAT VE NEZAKET DİLİ
Tirmizî,Menâkıb,15,Hasan ve Hüseyin cennet gençlerinin efendisidir.,"Kandiller, Muharrem ve Mübarek Geceler",28.07.2023,MUHARREM AYININ ÖNEMİ VE EHL-İ BEYT-İ MUSTAFA
Buhârî,Rikâk,14,"İki nimet vardır ki insanların çoğu, onları değerlendirme hususunda aldanmıştır. Bunlar; sağlık ve boş vakittir.","Afet, Kriz ve Sağlık",01.03.2024,ZARARLI ALIŞKANLIKLARIN ESİRİ OLMAYALIM
Buhârî,Rikâk,14,"İki nimet vardır ki insanların çoğu onları değerlendirme hususunda aldanmıştır. Bu iki nimet, sağlık ve boş vakittir.","Ekonomik Hayat: Kazanç, Zekat ve İsraf",05.05.2023,İSRAF: TÜKETİRKEN TÜKENMEK
Buhârî,Rikâk,14,"Kulum, farz ibadetlerden daha sevimli bir şeyle bana yaklaşamaz. Nafile ibadetlerle de bana yaklaşmaya devam eder. Sonuçta ben onu severim. Sevince de onun işiten kulağı, gören gözü, tutan eli, yürüyen ayağı olurum. Benden istediğinde ona veririm. Bana sığındığında onu korurum.",İbadet ve Kulluk,08.02.2019,İBADET: KUL OLMA ŞUURU
Buhârî,Rikâk,14,"İki nimet vardır ki insanların çoğu, onları değerlendirme hususunda aldanmıştır. Bunlar; sağlık ve boş vakittir.","Toplumsal Dayanışma, Merhamet ve Kardeşlik",08.08.2025,SILA-İ RAHİMLE BEREKETLENEN TATİL
Buhârî,Rikâk,14,"Kişinin kendi malı, ölümünden önce hayır yoluna harcayıp vakfettiği malıdır. Mirasçısına kalan malı ise kişinin hayra sarf etmeyip ölünce geride bıraktığı malıdır.","Ekonomik Hayat: Kazanç, Zekat ve İsraf",09.05.2025,"VAKIF: YARATAN’A HÜRMET, YARATILANA MERHAMET"
Buhârî,Rikâk,14,"İki nimet vardır ki, insanların çoğu onları değerlendirme hususunda aldanmıştır: Sağlık ve boş vakit.","Afet, Kriz ve Sağlık",09.11.2018,SAĞLIK: DÜNYALARA DEĞER NİMET
Buhârî,Rikâk,14,Dünyada kimsesiz bir garip yahut bir yolcu gibi ol!,"İman, Tevhid ve Ahiret",13.12.2013,DÜNYADA YOLCU OLABİLMEK!
Buhârî,Rikâk,14,İki nimet vardır ki insanların çoğu onları değerlendirme hususunda aldanmıştır: Sağlık ve boş vakit.,"Eğitim, Teknoloji, Çevre ve Toplumsal Değişim",17.01.2020,TEKNOLOJİ BAĞIMLILIĞI VE SOSYAL MEDYA AHLAKI
Buhârî,Rikâk,14,"Bu dörtgenin ortasındaki çizgi insandır. Dörtgen de insanın ecelidir ve onu kuşatmıştır. Diğer çizgiler ise insanın arzu ve tutkularıdır. İnsan, bu arzu ve tutkuların peşinde koşup dururken, ecel ansızın onun önünü keser ve onu alıp götürür.","Sabır, Tevekkül ve Manevi Olgunluk",25.12.2015,SAYILI NEFESLERİMİZİ TÜKETİRKEN…
Buhârî,Rikâk,14,İki nimet vardır ki insanların çoğu (onları değerlendirme hususunda) aldanmıştır: Sağlık ve boş zaman.,"Sabır, Tevekkül ve Manevi Olgunluk",27.12.2013,ÖMÜR SERMAYESİ TÜKENİRKEN…
Buhârî,Rikâk,14,Dünyada kimsesiz bir garip yahut gelip geçen bir yolcu gibi ol!,"Sabır, Tevekkül ve Manevi Olgunluk",27.12.2019,TEFEKKÜR İLE BİR ÖMÜR GEÇİRMEK
Buhârî,Rikâk,14,İki nimet vardır ki insanların çoğu bunları değerlendirme hususunda aldanmıştır: Sağlık ve boşa geçirilen vakit.,"Sabır, Tevekkül ve Manevi Olgunluk",29.12.2017,EŞSİZ SERMAYEMİZ: ÖMÜR
Buhârî,Rikâk,14,"İki nimet vardır ki, insanların çoğu onları değerlendirme hususunda aldanmıştır: Sağlık ve boş zaman.","Sabır, Tevekkül ve Manevi Olgunluk",30.12.2011,ZAMAN BİLİNCİ
Buhârî,Rikâk,14,"Dünyada, bir garip yahut bir yolcu gibi ol!","Sabır, Tevekkül ve Manevi Olgunluk",30.12.2022,HAYATIN TEKRARI YOK
Müslim,Birr ve Sıla,12,"Doğruluktan ayrılmayın, zira doğruluk sizi iyiliğe, iyilik de cennete götürür. Kişi sürekli doğru söyler ve doğrunun peşinde olursa Allah katında doğrulardan yazılır. Yalandan kaçının, zira yalan sizi kötülüklere götürür. Kişi sürekli yalan söyler, yalanın peşinde olursa Allah katında yalancılardan olduğu yazılır.","Ahlak, Erdem ve Söz",04.04.2014,DOĞRULUK VE SADAKA
Müslim,Birr ve Sıla,12,Birbirinizle ilgiyi kesmeyin! Birbirinize sırt çevirmeyin! Birbirinize kin gütmeyin! Birbirinize haset etmeyin! Allah'ın size emrettiği gibi kardeş olun!,"Ramazan, Oruç ve Bayramlar",04.10.2014,KURBAN BAYRAMI
Müslim,Birr ve Sıla,12,"Müslüman, Müslümanın kardeşidir. Ona zulmetmez, onu düşmana teslim etmez. Kim din kardeşinin bir ihtiyacını giderirse, Allah da onun ihtiyacını giderir. Kim bir Müslümanın bir sıkıntısını giderirse, Allah da onun kıyamet sıkıntılarından birini giderir. Kim bir Müslümanın kusurunu örterse Allah da kıyamet günü onun kusurunu örter.","Toplumsal Dayanışma, Merhamet ve Kardeşlik",07.06.2013,MÜMİNLER KARDEŞTİRLER
Müslim,Birr ve Sıla,12,İyilik güzel ahlâktır.,"Toplumsal Dayanışma, Merhamet ve Kardeşlik",07.08.2020,"MÜMİNCE BİR DUYARLILIK: İYİLİĞİ EMRETMEK, KÖTÜLÜKTEN SAKINDIRMAK"
Müslim,Birr ve Sıla,12,"Allah sizin görünüşünüze, malınıza, mülkünüze bakmaz; yalnızca kalplerinize ve amellerinize bakar.",Peygamberimiz ve Ashab,12.04.2013,PEYGAMBERİMİZ VE İNSAN ONURU
Müslim,Birr ve Sıla,12,"Müslüman, Müslümanın kardeşidir. Ona zulmetmez, onu düşmana teslim etmez. Kim din kardeşinin bir ihtiyacını giderirse, Allah da onun ihtiyacını giderir. Kim bir Müslümanın bir sıkıntısını giderirse, Allah da onun kıyamet sıkınalarından birini giderir. Kim bir Müslümanın kusurunu örterse Allah da kıyamet günü onun kusurunu örter.","Toplumsal Dayanışma, Merhamet ve Kardeşlik",13.04.2012,KARDEŞLİK AHLAKI VE HUKUKU
Müslim,Birr ve Sıla,12,"…Allah, affeden bir kulun ancak şerefini artırır…","Ahlak, Erdem ve Söz",14.02.2014,AFFETMEK
Müslim,Birr ve Sıla,12,Birbirinizle ilgiyi kesmeyin! Birbirinize sırt çevirmeyin! Birbirinize kin gütmeyin! Birbirinize haset etmeyin! Allah'ın size emrettiği gibi kardeş olun!,"Ramazan, Oruç ve Bayramlar",19.08.2012,RAMAZAN BAYRAMI
Müslim,Birr ve Sıla,12,"Her müslümanın bir başka müslümana kanı, malı, ırzı haramdır.","Toplumsal Dayanışma, Merhamet ve Kardeşlik",20.02.2015,KADINA EL KALKMAZ!
Müslim,Birr ve Sıla,12,"Müminler, birbirlerini sevmede, birbirlerine merhamet ve şefkat göstermede, tıpkı bir organı rahatsızlandığında diğer organları da uykusuzluk ve yüksek ateşle bu acıyı paylaşan bir bedene benzer.","Toplumsal Dayanışma, Merhamet ve Kardeşlik",26.06.2015,TEVHİD İLE GELEN VAHDET
Müslim,Birr ve Sıla,12,"Müminler birbirlerini sevmede, birbirlerine merhamet etmede ve birbirlerine şefkat göstermede tek bir beden gibidir. O bedenin bir organı (bir mümin) acı çektiği zaman, bedenin diğer (organları/müminler) de uykusuz kalıp acı çekerler.","Toplumsal Dayanışma, Merhamet ve Kardeşlik",27.06.2014,"KİMSE KİMSESİZ KALMASIN, BU RAMAZAN VE HER ZAMAN!"
Müslim,Birr ve Sıla,12,"Allah sizin görünüşünüze, malınıza, mülkünüze bakmaz; yalnızca kalplerinize ve amellerinize bakar.","Toplumsal Dayanışma, Merhamet ve Kardeşlik",28.09.2012,YETER Kİ GÖNÜLLER ENGELLİ OLMASIN
İbn Mâce,Nikâh,12,"Evleneceğiniz eş konusunda seçici davranın, denginizle evlenin. Kızlarınızı da emsalleriyle evlendirin.","Aile, Çocuk ve Nesil",05.01.2018,DÜNYADAKİ CENNETİMİZ: AİLE
İbn Mâce,Nikâh,12,Nikâh benim sünnetimdir. Kim benim sünnetimden yüz çevirirse benden değildir.,"Aile, Çocuk ve Nesil",07.06.2019,"AİLE OLMAK, AİLE KALMAK"
İbn Mâce,Nikâh,12,Nikâh benim sünnetimdir. Kim benim sünnetime uygun davranmazsa benden değildir.,"Aile, Çocuk ve Nesil",07.07.2023,EVLİLİKLERİMİZ KOLAY OLSUN
İbn Mâce,Nikâh,12,"En hayırlınız, ailesine en güzel şekilde davranandır. Ben, aranızda ailesine en güzel davranan kişiyim.","Aile, Çocuk ve Nesil",08.05.2015,CANA CAN OLMAK: AİLE
İbn Mâce,Nikâh,12,"Sizin en hayırlınız ailesine en güzel şekilde davranandır. Ben, aranızda ailesine en güzel davranan kişiyim.","Aile, Çocuk ve Nesil",11.05.2018,ADALET VE İHSAN YUVASI: AİLE
İbn Mâce,Nikâh,12,"En hayırlınız, ailesine karşı en hayırlı olanınızdır.","Aile, Çocuk ve Nesil",13.05.2016,HUZUR VE MUHABBET OCAĞI: AİLEMİZ
İbn Mâce,Nikâh,12,"Nikâh benim sünnetimdir. Kim benim sünnetime uygun davranmazsa benden değildir. Evlenin, çoğalın. Çünkü ben, kıyamet günü diğer ümmetlere karşı sizin çokluğunuzla iftihar edeceğim.","Aile, Çocuk ve Nesil",13.06.2025,DÜĞÜN YAPMANIN DA BİR ÂDÂBI VARDIR
İbn Mâce,Nikâh,12,"Sizin en hayırlınız, ailesine karşı en iyi olanınızdır",Peygamberimiz ve Ashab,21.08.2026,MEVLİD-İ NEBİ
İbn Mâce,Nikâh,12,"Sizin en hayırlınız, ailesine karşı en iyi olanınızdır. İçinizde ailesine karşı en iyi olan da benim!","Aile, Çocuk ve Nesil",26.06.2026,AİLE OLMAK
İbn Mâce,Nikâh,12,Nikâh benim sünnetimdir. Kim benim sünnetime uygun davranmazsa benden değildir.,"Aile, Çocuk ve Nesil",28.10.2022,AİLE OLMAK: İLAHİ LÜTUF
İbn Mâce,Nikâh,12,Nikâh benim sünnetimdir. Benim sünnetime uygun davranmayan benden değildir…,"Aile, Çocuk ve Nesil",28.10.2022,AİLE OLMAK: İLAHİ LÜTUF
İbn Mâce,Nikâh,12,"Sizin en hayırlınız, ailesine en hayırlı olandır. İçinizde ailesine karşı en hayırlı olan da benim","Aile, Çocuk ve Nesil",31.10.2025,AİLEDE HUZURUN KAYNAĞI: MERHAMET VE MUHABBET
Tirmizî,Edâhî,11,"Âdemoğlu kurban günü Allah katında kurban kesmekten daha sevimli bir amel işlemez. Kurban, kıyamet günü bütün uzuvlarıyla (sevap olarak) gelir. Kurban, henüz kanı yere düşmeden, Allah tarafından kabul edilir. Bu yüzden gönül rahatlığıyla kurbanlarınızı kesin.","Ramazan, Oruç ve Bayramlar",03.10.2014,KURBAN ALLAH’A YAKIN OLMAK İÇİNDİR
Tirmizî,Edâhî,11,"Âdemoğlu, kurban bayramı günlerinde Allah için kurban kesmekten daha sevimli bir iş yapmış olamaz.","Ramazan, Oruç ve Bayramlar",04.10.2013,KURBANLARIMIZLA PEKİŞSİN KARDEŞLİĞİMİZ
Tirmizî,Edâhî,11,"Âdemoğlu kurban bayramı günü, Allah katında kurban kesmekten daha sevimli bir iş yapmamıştır…","Ramazan, Oruç ve Bayramlar",07.06.2024,KURBAN: RABBİMİZE VE KARDEŞLERİMİZE YAKINLAŞMANIN VESİLESİ
Tirmizî,Edâhî,11,"Âdemoğlu kurban günü Allah katında kurban kesmekten daha güzel bir amel işlemez. Kurban, kıyamet günü boynuzları, kılları ve tırnaklarıyla sevap olarak gelir. Kurban, henüz kanı yere düşmeden, Allah tarafından kabul edilir. Bu sebeple kurban kesme konusunda gönlünüz hoş olsun.","Ramazan, Oruç ve Bayramlar",11.08.2019,KURBAN BAYRAMI
Tirmizî,Edâhî,11,Âdemoğlu kurban bayramı günlerinde Allah katında kurbandan daha hayırlı bir amel işlemiş olmaz...,"Ramazan, Oruç ve Bayramlar",12.09.2016,KURBAN BAYRAMI
Tirmizî,Edâhî,11,"Âdemoğlu kurban bayramı günü, Allah katında kurban kesmekten daha güzel bir amel işleyemez","Ramazan, Oruç ve Bayramlar",17.07.2020,"KURBANINI PAYLAŞ, KARDEŞİNLE YAKINLAŞ"
Tirmizî,Edâhî,11,Âdemoğlu kurban bayramı günlerinde Allah katında kurbandan daha sevimli bir amel işlemiş olmaz...,"Ahlak, Erdem ve Söz",18.09.2015,KURBANLARIMIZ KARDEŞLİK İÇİN!
Tirmizî,Edâhî,11,Âdemoğlu kurban günü Allah katında kurban kesmekten daha güzel bir amel işlememiştir.,"Ramazan, Oruç ve Bayramlar",20.07.2021,KURBAN BAYRAMI
Tirmizî,Edâhî,11,"Âdemoğlu kurban bayramı günü, Allah katında, kurban kesmekten daha sevimli bir iş yapamaz…","Ramazan, Oruç ve Bayramlar",23.05.2025,SADAKAT VE TESLİMİYETİN NİŞANESİ: KURBAN
Tirmizî,Edâhî,11,"Âdemoğlu, kurban günlerinde, Allah için kurban kesmekten daha güzel bir amel işleyemez…","Ramazan, Oruç ve Bayramlar",24.06.2022,KURBAN: TAKVAYA ULAŞMA ARZUSU
Tirmizî,Edâhî,11,Âdemoğlu kurban bayramı günlerinde Allah katında kurban kesmekten daha sevimli bir ibadet yapmış olamaz...,"Ramazan, Oruç ve Bayramlar",25.08.2017,ALLAH’A YAKIN OLMA ARAYIŞI: KURBAN
Tirmizî,İlim,11,"İlim için yola koyulan kimse, dönünceye kadar Allah yolundadır.","Eğitim, Teknoloji, Çevre ve Toplumsal Değişim",02.10.2015,YARATAN RABBİNİN ADIYLA OKU!
Tirmizî,İlim,11,"Kim, ilim için yola çıkarsa Allah ona cennete giden yolu kolaylaştırır.","Eğitim, Teknoloji, Çevre ve Toplumsal Değişim",05.09.2025,İLİM HAKKI BİLMEKTİR
Tirmizî,İlim,11,"Kim ilim için yola çıkarsa Allah ona cennete giden yolu kolaylaştırır. Melekler, ilim tahsil edenler üzerine kanatlarını gerer...","Eğitim, Teknoloji, Çevre ve Toplumsal Değişim",06.09.2024,"İLİM VE EĞİTİM, AHLAKLA YÜCELİR"
Tirmizî,İlim,11,"İlim öğrenmek için yola koyulan kişiye, Allah cennete giden yolu kolaylaştırır.","Eğitim, Teknoloji, Çevre ve Toplumsal Değişim",08.09.2023,"İLİM YOLU, CENNET YOLUDUR"
Tirmizî,İlim,11,Kuşkusuz âlimler peygamberlerin vârisleridir. Peygamberler miras olarak ne altın ne de gümüş bırakmışlardır; onların bıraktıkları yegâne miras ilimdir.,"Eğitim, Teknoloji, Çevre ve Toplumsal Değişim",09.09.2022,İLİM BİR NURDUR
Tirmizî,İlim,11,Kim ilim öğrenmek için yola çıkarsa Allah da ona cennete giden yolu kolaylaştırır.,"Eğitim, Teknoloji, Çevre ve Toplumsal Değişim",09.09.2022,İLİM BİR NURDUR
Tirmizî,İlim,11,"Kim ilim için yola çıkarsa, Allah ona cennete giden yolu kolaylaştırır...","Eğitim, Teknoloji, Çevre ve Toplumsal Değişim",11.09.2026,EĞİTİM VE ÖĞRETİM
Tirmizî,İlim,11,"Kim benim sünnetimi yaşatırsa beni sevmiş olur, kim de beni severse cennette benimle birlikte olur",Peygamberimiz ve Ashab,17.10.2025,MÜSLÜMANIN HAYATINA YÖN VEREN REHBER: SÜNNET-İ SENİYYE
Tirmizî,İlim,11,"Yavrucuğum! Eğer kalbinde kimseye karşı gıll u gışş yani kötü ve aldatıcı duygular barındırmadan sabaha ve akşama erişmeye güç yetirebiliyorsan bunu yap. İşte bu benim sünnetimdir. Kim benim sünnetimi yaşatırsa beni sevmiş olur, kim de beni severse cennette benimle birlikte olur.","İman, Tevhid ve Ahiret",21.02.2014,KALB-İ SELİM (III)
Tirmizî,İlim,11,"Hayra vesile olan, o hayrı işleyen gibi sevap kazanır","Toplumsal Dayanışma, Merhamet ve Kardeşlik",21.11.2014,HAYIR HAZİNELER DOLUSUDUR
Tirmizî,İlim,11,"İlim için yola koyulan kimse, dönünceye kadar Allah yolundadır.",İbadet ve Kulluk,30.03.2018,VAHYİN İNSANLIĞA İLK MESAJI: OKU!
Tirmizî,İman,11,"Bir kişinin sürekli mescide, camiye gittiğini görürseniz onun imanına şahitlik edin.",İbadet ve Kulluk,01.10.2021,MÜMİN CAMİYE VEFALIDIR
Tirmizî,İman,11,"Müslüman, diğer Müslümanların elinden ve dilinden güvende olduğu kimsedir. Mümin de insanların canları ve malları konusunda kendisine karşı emniyet hissettikleri kişidir.","Toplumsal Dayanışma, Merhamet ve Kardeşlik",05.07.2024,ZARÛRÂT-I HAMSEYİ MUHAFAZA EDELİM
Tirmizî,İman,11,"İnsanları cehenneme sürükleyen, dilleriyle kazandıkları değil midir?","Ahlak, Erdem ve Söz",07.02.2025,"DİL, İNSANIN YA CENNETİ YA DA CEHENNEMİDİR"
Tirmizî,İman,11,"Müslüman, diğer Müslümanların elinden ve dilinden güvende olduğu kimsedir. Mümin de insanların canları ve malları konusunda kendisine karşı emniyet hissettikleri kişidir.","Toplumsal Dayanışma, Merhamet ve Kardeşlik",09.08.2019,MÜMİN: HUZURLU TOPLUMUN TEMİNATI
Tirmizî,İman,11,"Müslüman, diğer Müslümanların elinden ve dilinden güvende olduğu kimsedir. Mümin de insanların canları ve mallarını kendisine karşı emniyette bildikleri kişidir.","Ahlak, Erdem ve Söz",10.03.2023,MÜMİN GÜVENEN VE GÜVENİLEN KİŞİDİR
Tirmizî,İman,11,"Müslüman, elinden ve dilinden diğer Müslümanların güvende oldukları kişidir. Mümin, canları ve malları hususunda insanların kendisinden emin oldukları kişidir.","Vatan, Millet ve Tarih",13.07.2018,MİLLETÇE YENİDEN DOĞUŞ: 15 TEMMUZ
Tirmizî,İman,11,"Müslüman, diğer müslümanların elinden ve dilinden güvende olduğu kimsedir. Mümin de insanların canları ve mallarını kendisine karşı emniyette bildikleri kişidir.","Toplumsal Dayanışma, Merhamet ve Kardeşlik",20.02.2015,KADINA EL KALKMAZ!
Tirmizî,İman,11,"Müslüman, elinden ve dilinden Müslümanların güvende oldukları kişidir. Mümin ise canları ve malları hususunda insanların kendisinden emin oldukları kişidir.",İslam Coğrafyası ve Küresel Meseleler,20.11.2015,KÜRESEL TERÖRÜN HEDEF ALDIĞI DİN: İSLAM
Tirmizî,İman,11,"Müslüman, elinden ve dilinden insanların güvende olduğu kişidir.","Toplumsal Dayanışma, Merhamet ve Kardeşlik",21.11.2025,ŞİDDETİN ÇARESİ MERHAMET EĞİTİMİ
Tirmizî,İman,11,"Müslüman, diğer Müslümanların elinden ve dilinden emin olduğu kimsedir. Mümin de insanların canları ve malları konusunda kendisine karşı güven hissettikleri kişidir.","Toplumsal Dayanışma, Merhamet ve Kardeşlik",22.07.2022,HER CAN MUKADDESTİR
Tirmizî,İman,11,Bir kişinin namaz kılmak için sürekli mescide gittiğini görürseniz onun imanına şahitlik ediniz!,İbadet ve Kulluk,26.09.2025,"PEYGAMBERİMİZ (S.A.S), CAMİ VE NAMAZ"
Buhârî,Tevhid,10,İnsanlara merhamet etmeyene Allah da merhamet etmez.,"Aile, Çocuk ve Nesil",02.12.2016,YERYÜZÜNÜN KÜÇÜK VE ONURLU HALİFESİ: ÇOCUK
Buhârî,Tevhid,10,"… Beni andığı müddetçe ben kulumla beraberim. O beni kendi başına anarsa, ben de onu kendim anarım. O beni bir topluluk içinde anarsa, ben onu daha hayırlı bir topluluk içinde anarım… Kulum bana yürüyerek gelirse, ben ona koşarak gelirim!",İbadet ve Kulluk,07.08.2015,KULLUĞUN ÖZÜ: İHSAN
Buhârî,Tevhid,10,"Ben, kulumun benim hakkımdaki zannı ne ise öyleyim. Beni andığında onunla beraberim. O beni kendi başına anarsa, ben de onu kendi başıma anarım. O beni bir topluluk içinde anarsa, ben de onu o topluluktan daha hayırlı bir topluluk içinde anarım. O bana bir karış yaklaşırsa, ben ona bir arşın yaklaşırım. O bana bir arşın yaklaşırsa, ben ona bir kulaç yaklaşırım. O bana yürüyerek gelirse, ben ona ko","İman, Tevhid ve Ahiret",14.02.2020,ALLAH İLE KUL ARASINDAKİ BAĞ
Buhârî,Tevhid,10,İnsanlara merhamet etmeyene Allah da merhamet etmez.,"Toplumsal Dayanışma, Merhamet ve Kardeşlik",15.04.2011,MERHAMET EĞİTİMİ
Buhârî,Tevhid,10,"Allah, sadece kendi yolunda cihad etmek ve kelime-i tevhidi doğrulamak üzere yola çıkan kimseyi cennete sokmaya veya çıktığı evine sevap ve ganimet ile döndürmeye kefil olmuştur.","Vatan, Millet ve Tarih",16.03.2018,MİLLETİMİZİN VAROLUŞ MÜCADELESİ: ÇANAKKALE ZAFERİ
Buhârî,Tevhid,10,Rahmetim gazabımı geçti.,"Kandiller, Muharrem ve Mübarek Geceler",16.10.2015,MERHAMET İKSİRİNİ YUDUMLAYABİLMEK
Buhârî,Tevhid,10,Vaktinde kılınan namaz ve anne-babaya iyilik etmektir. Sonra da Allah yolunda cihat etmek gelir.,"Aile, Çocuk ve Nesil",19.03.2021,"ANNE-BABA RIZASI, RABBİMİZİN RIZASINA VESİLEDİR"
Buhârî,Tevhid,10,"Mümin, taze ekine benzer. Rüzgâr hangi taraftan eserse onu o tarafa yatırır (fakat yıkılmaz). Rüzgâr sakinleştiğinde yine doğrulur. İşte mümin böyledir; o belâ ve musibetler sebebiyle eğilir (fakat yıkılmaz)…","Sabır, Tevekkül ve Manevi Olgunluk",21.03.2014,İMTİHAN DÜNYASI
Buhârî,Tevhid,10,"Allah, sadece kendi yolunda cihad etmek ve kelime-i tevhidi doğrulamak üzere sefere çıkan kimseyi cennete sokmaya veya çıktığı evine sevap ve ganimet ile döndürmeye kefil olmuştur.","Vatan, Millet ve Tarih",25.10.2019,DUALARIMIZ MEHMETÇİĞİMİZ İÇİN
Buhârî,Tevhid,10,"Kulum beni zikrederken onunla beraberim. O beni kendi başına zikrederse, ben de onu kendim zikrederim. O beni bir topluluk içinde anarsa, ben onu o topluluktan daha hayırlı bir topluluk içinde anarım.","İman, Tevhid ve Ahiret",29.01.2016,EN GÜZEL İSİMLER O’NUNDUR
Ebû Dâvûd,Zekât,9,"Ailesine karşı sorumluklarını ihmal etmesi, kişiye günah olarak yeter.","Aile, Çocuk ve Nesil",12.09.2025,PEYGAMBERİMİZ VE AİLE AHLAKI
Ebû Dâvûd,Zekât,9,"Allah, zekâtı ancak mallarınızın kalan kısmını temizlemek için farz kıldı.","Ekonomik Hayat: Kazanç, Zekat ve İsraf",15.04.2022,ZEKÂT VE İNFAK: İSLAM’IN KARDEŞLİK KÖPRÜSÜ
Ebû Dâvûd,Zekât,9,"Bakmakla yükümlü olduğu kimseleri ihmal etmesi, kişiye günah olarak yeter.","Aile, Çocuk ve Nesil",15.05.2026,TOPLUMSAL SORUMLULUKLARIMIZ
Ebû Dâvûd,Zekât,9,Allah için size sığınan kimseye sığınak olun. Allah için isteyen kimseye verin. Sizi davet edenin davetine icabet edin. Size bir iyilik yapana karşılığını verin.,"Toplumsal Dayanışma, Merhamet ve Kardeşlik",17.04.2015,"DÜNYA BİZE, BİZ BİRBİRİMİZE EMANETİZ!"
Ebû Dâvûd,Zekât,9,"Allah için size sığınan kimseye sığınak olun. Allah için isteyen kimseye verin. Sizi davet edene icabet edin, size bir iyilik yapana karşılığını verin. Eğer onun karşılığını verecek bir şey bulamazsanız, karşılıkta bulunduğunuza kanaat getirinceye kadar dua edin.","Ramazan, Oruç ve Bayramlar",17.07.2020,"KURBANINI PAYLAŞ, KARDEŞİNLE YAKINLAŞ"
Ebû Dâvûd,Zekât,9,"Allah için size sığınan kimseye sığınak olun. Allah için isteyen kimseye verin. Sizi davet edene icabet edin. Size bir iyilik yapana karşılığını verin. Eğer karşılık verecek bir şey bulamazsanız, -karşılıkta bulunduğunuza kanaat getirinceye kadar- ona dua edin.","Toplumsal Dayanışma, Merhamet ve Kardeşlik",19.06.2015,VAKİT İYİLİK VAKTİ: BU RAMAZAN VE HER ZAMAN
Ebû Dâvûd,Zekât,9,"Bakmakla yükümlü olduğu kimseleri ihmal etmesi, kişiye günah olarak yeter","Aile, Çocuk ve Nesil",23.01.2026,AKRAN İLİŞKİLERİ
Ebû Dâvûd,Zekât,9,Allah için size sığınan kimseye sığınak olun. Allah için sizden bir şey isteyene verin. Sizi davet edene icabet edin. Size bir iyilik yapana iyilikte bulunun…,"Ramazan, Oruç ve Bayramlar",27.05.2026,KURBAN BAYRAMI
Ebû Dâvûd,Zekât,9,"Allah, zekâtı ancak mallarınızın kalan kısmını temizlemek için farz kıldı.","Ekonomik Hayat: Kazanç, Zekat ve İsraf",29.03.2024,KARDEŞLİĞİMİZ ZEKÂTLA BEREKETLENSİN
Nesâi,Cihâd,9,"Allah, sadece samimi bir şekilde ve kendi rızası gözetilerek yapılan amelleri kabul eder.","Sabır, Tevekkül ve Manevi Olgunluk",01.01.2021,"GEÇMİŞİN MUHASEBESİ, GELECEĞİN İMARI"
Nesâi,Cihâd,9,"Hiç şüphe yok ki Allah, sadece kendi rızasını kazanma niyetiyle yapılan samimi amelleri kabul eder.","Vatan, Millet ve Tarih",16.02.2018,CİHÂD: ALLAH YOLUNDA CANLA VE MALLA MÜCADELE
Nesâi,Cihâd,9,"Allah, ancak ihlas ve samimiyetle sadece kendisi için ve rızası gözetilerek yapılan ameli kabul eder.","Ahlak, Erdem ve Söz",18.04.2014,KULLUK SINAVIMIZ: İHLAS VE SAMİMİYET
Nesâi,Cihâd,9,"Allah, ancak samimiyetle ve sadece kendi rızası gözetilerek yapılan ameli kabul eder.",İbadet ve Kulluk,19.06.2020,HALİS NİYET VE SAMİMİYET
Nesâi,Cihâd,9,"Elinizle, dilinizle ve malınızla cihad edin.","Vatan, Millet ve Tarih",24.08.2018,"GAYRET MÜMİNLERDEN, ZAFER ALLAH’TANDIR"
Nesâi,Cihâd,9,"Ellerinizle, dillerinizle ve mallarınızla cihad edin.","Vatan, Millet ve Tarih",25.08.2023,ALLAH’IN YARDIMI AZİZ MİLLETİMİZLE BERABERDİR
Nesâi,Cihâd,9,"Ellerinizle, dillerinizle ve mallarınızla cihad edin.","Vatan, Millet ve Tarih",28.02.2020,"HAK UĞRUNDA MÜCADELEMİZ, BİRLİK VE BERABERLİK RUHUMUZ"
Nesâi,Cihâd,9,"Ellerinizle, dillerinizle ve mallarınızla cihad edin","Vatan, Millet ve Tarih",28.08.2026,VATAN SEVGİSİ
Nesâi,Cihâd,9,"Ellerinizle, dillerinizle ve mallarınızla cihad edin.","Vatan, Millet ve Tarih",30.08.2019,VATAN BİZE EMANETTİR
Tirmizî,Birr ve Sıla,9,"Kim, Müslümanlar arasında bir yetimi yiyecek ve içeceğini üstlenecek şekilde sahiplenirse Allah onu mutlaka cennete koyacaktır. Ancak affedilmeyecek bir günah işlemiş ise o başka.","Aile, Çocuk ve Nesil",03.07.2015,CENNET KAPILARININ ANAHTARI: YETİMLER
Tirmizî,Birr ve Sıla,9,Kardeşinin yüzüne tebessüm etmen sadakadır.,"Ahlak, Erdem ve Söz",04.04.2014,DOĞRULUK VE SADAKA
Tirmizî,Birr ve Sıla,9,"Birbirinizle ilgi ve alakayı kesmeyin, birbirinize sırt çevirmeyin, birbirinize kin beslemeyin, birbirinize haset etmeyin. Ey Allah’ın kulları! Kardeş olun","Vatan, Millet ve Tarih",07.08.2026,KARDEŞLİK
Tirmizî,Birr ve Sıla,9,"Büyüklerimize saygı, küçüklerimize sevgi ve şefkat göstermeyen bizden değildir.","Toplumsal Dayanışma, Merhamet ve Kardeşlik",11.07.2014,KİMSESİZLERİN KİMSESİ OLABİLMEK
Tirmizî,Birr ve Sıla,9,"Hiçbir anne baba, çocuğuna güzel terbiyeden daha kıymetli bir bağışta bulunmamıştır.","Toplumsal Dayanışma, Merhamet ve Kardeşlik",12.10.2018,"CENÂB-I HAK, HER HAK SAHİBİNE HAKKINI VERMİŞTİR"
Tirmizî,Birr ve Sıla,9,Husumeti sürdürmen sana günah olarak yeter.,"Ahlak, Erdem ve Söz",14.02.2014,AFFETMEK
Tirmizî,Birr ve Sıla,9,Hiçbir anne-baba çocuğuna güzel terbiyeden daha kıymetli bir miras bırakamaz.,Kur'an-ı Kerim,14.06.2013,YAZ KUR’AN KURSLARI
Tirmizî,Birr ve Sıla,9,Yerdeki bütün mahlukata merhamet edin ki göktekiler de size merhamet etsin.,Peygamberimiz ve Ashab,18.12.2015,RAHMET VE MERHAMET YÜKLÜ ADALET PEYGAMBERİ
Tirmizî,Birr ve Sıla,9,"Hiçbir anne-baba, çocuğuna güzel ahlaktan daha kıymetli bir miras bırakmamıştır.",Kur'an-ı Kerim,20.06.2014,"CAMİYE KOŞALIM, KUR’AN’LA BULUŞALIM"
Tirmizî,Radâ,9,"Müminlerin iman bakımından en olgun olanları, ahlâkı en güzel olanlarıdır. Sizin en hayırlılarınız da eşine karşı en iyi davrananlarınızdır.","Aile, Çocuk ve Nesil",03.02.2017,"AHİT, AKİT VE MİSAK OLARAK NİKÂH"
Tirmizî,Radâ,9,Sizin en hayırlılarınız hanımlarına karşı en iyi davrananınızdır,"Aile, Çocuk ve Nesil",08.03.2013,BİR KUL OLARAK KADIN
Tirmizî,Radâ,9,"Biliniz ki, sizin, hanımlarınız üzerinde hakkınız olduğu gibi, hanımlarınızın da sizin üzerinizde hakları vardır","Ekonomik Hayat: Kazanç, Zekat ve İsraf",09.03.2018,"İSLAM'DA KADIN: ADALET, MERHAMET VE HAKKANİYET"
Tirmizî,Radâ,9,Sizin en hayırlınız hanımlarına karşı en iyi davranandır,"Ekonomik Hayat: Kazanç, Zekat ve İsraf",09.03.2018,"İSLAM'DA KADIN: ADALET, MERHAMET VE HAKKANİYET"
Tirmizî,Radâ,9,Sizin hayırlılarınız kadınlarına iyi davrananlardır.,Peygamberimiz ve Ashab,12.04.2013,PEYGAMBERİMİZ VE İNSAN ONURU
Tirmizî,Radâ,9,"Sizin hanımlarınız üzerinde hakkınız olduğu gibi, hanımlarınızın da sizin üzerinizde hakları vardır.","Aile, Çocuk ve Nesil",15.11.2019,PEYGAMBERİMİZ VE AİLE
Tirmizî,Radâ,9,Sizin en hayırlılarınız hanımlarına karşı en iyi davrananınızdır,"Aile, Çocuk ve Nesil",25.11.2011,"EŞİMİZ, EVLADIMIZ, ANNEMİZ: KADIN"
Tirmizî,Radâ,9,Müminlerin iman bakımından en olgun olanları ahlakı en güzel olanlarıdır.,"İman, Tevhid ve Ahiret",27.07.2018,İMAN-AMEL İLİŞKİSİ
Tirmizî,Radâ,9,Dikkat edin! Sizin kadınlar üzerinde hakkınız olduğu gibi onların da sizin üzerinizde hakları vardır.,Peygamberimiz ve Ashab,29.08.2025,ÂLEMLERE RAHMET HZ. MUHAMMED (S.A.S)
Buhârî,Cihâd,8,Namaza attığınız her adım sadakadır.,"Ahlak, Erdem ve Söz",04.04.2014,DOĞRULUK VE SADAKA
Buhârî,Cihâd,8,Güzel söz sadakadır.,"Ahlak, Erdem ve Söz",07.02.2025,"DİL, İNSANIN YA CENNETİ YA DA CEHENNEMİDİR"
Buhârî,Cihâd,8,"Cennete giren hiçbir kimse, yeryüzündeki her şey kendisinin olsa bile dünyaya bir daha dönmeyi arzu etmez. Ancak şehit bunun dışındadır. O cennette gördüğü yüksek itibar ve ikram sebebiyle tekrar dünyaya dönmeyi ve on defa şehit olmayı ister.","Vatan, Millet ve Tarih",13.03.2015,ÇANAKKALE ŞEHİTLERİNE…
Buhârî,Cihâd,8,"Cennete giren hiçbir kimse, yeryüzündeki her şey kendisinin olsa bile dünyaya geri dönmeyi arzu etmez. Ancak şehit, cennette gördüğü aşırı itibar ve ikram sebebiyle tekrar dünyaya dönmeyi ve on defa şehit olmayı ister.","Vatan, Millet ve Tarih",15.03.2013,ŞEHİTLİK VE ÇANAKKALE
Buhârî,Cihâd,8,"Cennete giren hiçbir kimse, yeryüzündeki her şey kendisinin olsa bile dünyaya geri dönmeyi arzu etmez. Sadece şehit, gördüğü itibar ve ikram sebebiyle tekrar dünyaya dönmeyi ve onlarca kez yeniden şehit olmayı ister.","Vatan, Millet ve Tarih",15.03.2019,ÇANAKKALE ZAFERİ VE BİRLİK RUHU
Buhârî,Cihâd,8,"Cennete giren hiçbir kimse, yeryüzündeki her şey kendisinin olsa bile dünyaya geri dönmeyi arzu etmez. Sadece şehit, gördüğü itibar ve ikram sebebiyle tekrar dünyaya dönmeyi ve onlarca kez yeniden şehit olmayı ister.","Vatan, Millet ve Tarih",18.03.2022,ÇANAKKALE ZAFERİ: BİR MİLLETİN YENİDEN DİRİLİŞİ
Buhârî,Cihâd,8,"Gönül alıcı söz, sadakadır.","Ahlak, Erdem ve Söz",22.05.2026,SÖZ AHLAKI VE SOSYAL MEDYA
Buhârî,Cihâd,8,"Cennete giren hiçbir kimse, yeryüzündeki her şey kendisinin olsa bile dünyaya geri dönmeyi arzu etmez. Ancak şehit, cennette gördüğü aşırı itibar ve ikram sebebiyle tekrar dünyaya dönmeyi ve on defa şehit olmayı ister.","Vatan, Millet ve Tarih",26.01.2018,BİRLİK VE BERABERLİK RUHU
Buhârî,Nikâh,8,Rızaları olmadan kızlarınızı evlendirmeyin!,"Aile, Çocuk ve Nesil",05.01.2018,DÜNYADAKİ CENNETİMİZ: AİLE
Buhârî,Nikâh,8,"Ey genç topluluğu, aranızdan evlenmeye gücü yetenler evlensin.","Aile, Çocuk ve Nesil",07.06.2019,"AİLE OLMAK, AİLE KALMAK"
Buhârî,Nikâh,8,"evlenmek, gözü haramdan çevirmek ve iffeti korumak için en iyi yoldur.","Aile, Çocuk ve Nesil",07.06.2019,"AİLE OLMAK, AİLE KALMAK"
Buhârî,Nikâh,8,"Ey genç topluluğu! Aranızdan evlenmeye gücü yetenler evlensin. Çünkü evlenmek, gözü haramdan korumak ve iffeti muhafaza etmek için en iyi yoldur.","Aile, Çocuk ve Nesil",10.06.2022,BİR YUVA KURALIM
Buhârî,Nikâh,8,"Evlenmek, gözü haramdan çevirmek ve iffeti korumak için en iyi yoldur.","Aile, Çocuk ve Nesil",12.09.2025,PEYGAMBERİMİZ VE AİLE AHLAKI
Buhârî,Nikâh,8,"…Evlenmek, gözü haramdan korumak, iffeti muhafaza etmek için en iyi yoldur…","Aile, Çocuk ve Nesil",16.05.2025,"AİLE: GÜVEN, SADAKAT VE MERHAMET YUVASI"
Buhârî,Nikâh,8,Bir koyunla dahi olsa düğün yemeği ver.,"Aile, Çocuk ve Nesil",20.07.2018,DÜĞÜN ÂDÂBI
Buhârî,Nikâh,8,"Biz Peygamber(sas) zamanında hakkımızda vahiy indirilir korkusuyla, hanımlarımıza kaba davranmaktan ve onları incitici söz söylemekten çekinirdik. Maalesef Efendimizin(sas) vefatından sonra aynı duyarlılığı gösteremez olduk.","Aile, Çocuk ve Nesil",25.11.2011,"EŞİMİZ, EVLADIMIZ, ANNEMİZ: KADIN"
Buhârî,İlim,8,"Ey insanlar! Bu Zilhicce ayınız, bu Mekke şehriniz, bu arefe gününüz nasıl mukaddes ise canlarınız, mallarınız, ırzlarınız, şeref ve namusunuz da aynı şekilde mukaddestir, dokunulmazdır.","Toplumsal Dayanışma, Merhamet ve Kardeşlik",01.11.2024,HER CANIN DOKUNULMAZLIĞI VARDIR
Buhârî,İlim,8,"Kolaylaştırın, zorlaştırmayın! Müjdeleyin, nefret ettirmeyin!","Toplumsal Dayanışma, Merhamet ve Kardeşlik",01.12.2023,"İNSAN, ÖZÜ İTİBARİYLE DEĞERLİDİR"
Buhârî,İlim,8,"Kolaylaştırın, zorlaştırmayın! Müjdeleyin, nefret ettirmeyin!","Aile, Çocuk ve Nesil",02.07.2021,DÜĞÜNLERİMİZDE NEBEVÎ ÖLÇÜYE RİAYET EDELİM
Buhârî,İlim,8,"Ey insanlar! Bu Zilhicce ayınızda, bu Mekke şehrinizde, bu Kurban Bayramı gününüz nasıl mukaddes ise kanlarınız, mallarınız ve ırzlarınız da aynı şekilde mukaddestir.","Aile, Çocuk ve Nesil",05.07.2019,"NESLİN KORUNMASI: ERDEMLİ BİR NESİL, HUZURLU BİR GELECEK"
Buhârî,İlim,8,"Kolaylaştırın, zorlaştırmayın; müjdeleyin, nefret ettirmeyin!","Aile, Çocuk ve Nesil",10.06.2022,BİR YUVA KURALIM
Buhârî,İlim,8,"Bu Zilhicce ayınız, bu Mekke şehriniz, bu arefe gününüz nasıl mukaddes ise, kanlarınız, mallarınız ve ırzlarınız da aynı şekilde mukaddestir, dokunulmazdır.","Toplumsal Dayanışma, Merhamet ve Kardeşlik",13.09.2019,HER CAN DOKUNULMAZDIR
Buhârî,İlim,8,"Ey insanlar! Bu Zilhicce ayınız, bu Mekke şehriniz, bu gününüz nasıl mukaddes ise kanlarınız, mallarınız, ırzlarınız, şeref ve namusunuz da aynı şekilde mukaddestir.","Toplumsal Dayanışma, Merhamet ve Kardeşlik",19.11.2021,ŞİDDET İNSAN ONURUYLA ASLA BAĞDAŞMAZ
Buhârî,İlim,8,"Kolaylaştırınız, zorlaştırmayınız. Müjdeleyiniz, nefret ettirmeyiniz.","Sabır, Tevekkül ve Manevi Olgunluk",21.08.2020,"MÜMİN: HAKKIN TEMSİLCİSİ, HAKİKATİN DAVETÇİSİ"
Dârimî,Mukaddime,8,"Ya öğreten ol, ya öğrenen ol, ya dinleyen ol, ya da ilmi destekleyen ol. Beşincisi olma, helâk olursun!","Eğitim, Teknoloji, Çevre ve Toplumsal Değişim",05.09.2025,İLİM HAKKI BİLMEKTİR
Dârimî,Mukaddime,8,"Ben, bir öğretmen olarak gönderildim.","Eğitim, Teknoloji, Çevre ve Toplumsal Değişim",06.09.2024,"İLİM VE EĞİTİM, AHLAKLA YÜCELİR"
Dârimî,Mukaddime,8,"Ben, bir öğretmen olarak gönderildim.","Eğitim, Teknoloji, Çevre ve Toplumsal Değişim",08.09.2023,"İLİM YOLU, CENNET YOLUDUR"
Dârimî,Mukaddime,8,"Ya öğreten ol, ya öğrenen ol, ya dinleyen ol, ya da ilmi destekleyen ol. Beşincisi olma, helâk olursun!","Eğitim, Teknoloji, Çevre ve Toplumsal Değişim",08.09.2023,"İLİM YOLU, CENNET YOLUDUR"
Dârimî,Mukaddime,8,"Ya öğreten ol, ya öğrenen ol, ya dinleyen ol, ya da ilmi destekleyen ol. Beşincisi olma, helâk olursun!","Eğitim, Teknoloji, Çevre ve Toplumsal Değişim",18.01.2019,MÜSLÜMANLAR İLİM VE MEDENİYETİN ÖNCÜLERİDİR
Dârimî,Mukaddime,8,Ben ancak bir muallim olarak gönderildim.,"Eğitim, Teknoloji, Çevre ve Toplumsal Değişim",22.11.2024,"İLİM İZZETE, ŞİDDET ZİLLETE GÖTÜRÜR"
Dârimî,Mukaddime,8,Ben ancak bir muallim olarak gönderildim.,"Toplumsal Dayanışma, Merhamet ve Kardeşlik",24.11.2023,"İSLAM, ŞEFKAT VE MERHAMETİ EMREDER"
Dârimî,Mukaddime,8,"Allah, bizden bir söz işitip, onu işittiği gibi başkasına ulaştıran kişinin yüzünü ak etsin.","Ahlak, Erdem ve Söz",25.09.2026,TEBLİĞ SORUMLULUĞUMUZ
Beyhakî,Şüabü’l-îmân,7,"Allah Teâlâ, işinizi en güzel şekilde yapmanızdan hoşnut olur","Ekonomik Hayat: Kazanç, Zekat ve İsraf",01.05.2026,ALIN TERİ MUKADDESTİR
Beyhakî,Şüabü’l-îmân,7,"Namaz, dinin direğidir.",İbadet ve Kulluk,09.12.2022,HAYDİ NAMAZA! HAYDİ KURTULUŞA!
Beyhakî,Şüabü’l-îmân,7,"Allah Teâlâ, sizden birinin yaptığı işi en güzel şekilde yapmasından memnun kalır.","Ahlak, Erdem ve Söz",10.11.2023,AZİM VE GAYRET SAHİBİ BİR MÜMİN OLABİLMEK
Beyhakî,Şüabü’l-îmân,7,"Allah Teâlâ, birinizin yaptığı işi en iyi şekilde yapmasından memnun kalır.","Ekonomik Hayat: Kazanç, Zekat ve İsraf",20.08.2021,MÜSLÜMAN İŞİNİ SAĞLAM VE GÜZEL YAPAR
Beyhakî,Şüabü’l-îmân,7,Namaz dinin direğidir.,"Kandiller, Muharrem ve Mübarek Geceler",24.01.2025,"MİRACIN HEDİYESİ, DİNİMİZİN DİREĞİ NAMAZ"
Beyhakî,Şüabü’l-îmân,7,"Allah Teâlâ, işinizi en güzel şekilde yapmanızdan hoşnut olur.","Ekonomik Hayat: Kazanç, Zekat ve İsraf",26.04.2024,HER İŞİN BİR AHLAKI VARDIR
Beyhakî,Şüabü’l-îmân,7,"Allah Teâlâ, birinizin yaptığı işi en güzel şekilde yapmasından memnun kalır.","Ekonomik Hayat: Kazanç, Zekat ve İsraf",28.04.2023,İŞ AHLAKI: TOPLUMSAL HUZURUN KAYNAĞI
Buhârî,Zekât,7,…Her kim şu kız çocuklarını yetiştirirken birtakım zorluklara katlanırsa bu kızlar onun için cehennem ateşine siper olur,"Ekonomik Hayat: Kazanç, Zekat ve İsraf",09.03.2018,"İSLAM'DA KADIN: ADALET, MERHAMET VE HAKKANİYET"
Buhârî,Zekât,7,Mazlumun bedduasından sakın! Çünkü onunla Allah arasında hiçbir perde yoktur.,Peygamberimiz ve Ashab,13.12.2024,HER ZORLUKTAN SONRA KOLAYLIK VARDIR
Buhârî,Zekât,7,...Mazlumun bedduasından sakın. Çünkü onunla Allah arasında perde yoktur.,İslam Coğrafyası ve Küresel Meseleler,18.05.2018,DİNMEYEN YARAMIZ: KUDÜS
Buhârî,Zekât,7,"Dünya malı, tatlı ve çekicidir. Kim onu tok gözlü bir şekilde alırsa o mal bereketlenir. Kim de onu açgözlülük ve ihtirasla alırsa bereketi kaybolur.","Ekonomik Hayat: Kazanç, Zekat ve İsraf",18.08.2017,ALIŞVERİŞ VE TİCARET AHLAKI
Buhârî,Zekât,7,"Bu dünya malı göz alıcı ve tatlıdır. Kim bu mala cömert bir gönülle sahip olursa, malı bereketlenir. Ama kim de hırs ve tamah dolu bir kalple bu malı isterse, malının bereketi kaçar.","Sabır, Tevekkül ve Manevi Olgunluk",18.09.2020,BEREKET: MANEVİ BOLLUK
Buhârî,Zekât,7,"Böyleleri iyilik yapsın, kendisini kötülükten alıkoysun. Çünkü bu da onun için bir sadakadır.","Toplumsal Dayanışma, Merhamet ve Kardeşlik",19.06.2015,VAKİT İYİLİK VAKTİ: BU RAMAZAN VE HER ZAMAN
Buhârî,Zekât,7,Yarım hurmayla da olsa cehennemden korunun.,"Ekonomik Hayat: Kazanç, Zekat ve İsraf",24.06.2016,ARINMA VESİLESİ: ZEKÂT VE İNFAK
Buhârî,Îdeyn,7,"Bugün ilk işimiz, bayram namazı kılmak, sonra da kurban kesmektir. Kim böyle yaparsa sünnetimize uymuş olur.","Ramazan, Oruç ve Bayramlar",06.06.2025,KURBAN BAYRAMI: ALLAH’IN KULLARINA İHSAN VE İKRAMI
Buhârî,Îdeyn,7,"Bugün ilk işimiz, bayram namazını kılmak, sonra da kurban kesmektir. Böyle yapanlar sünnetimize uygun davranmış olur.","Ramazan, Oruç ve Bayramlar",11.08.2019,KURBAN BAYRAMI
Buhârî,Îdeyn,7,"Bugün ilk işimiz, bayram namazı kılmak, sonra dönüp kurban kesmektir. Kim böyle yaparsa sünnetimize uymuş olur.","Ramazan, Oruç ve Bayramlar",16.06.2024,KURBAN BAYRAMI
Buhârî,Îdeyn,7,"Bugün ilk işimiz, bayram namazı kılmak, sonra da kurban kesmektir. Böyle yapanlar, sünnetimize uygun davranmış olur.","Ramazan, Oruç ve Bayramlar",24.09.2015,KURBAN BAYRAMI
Buhârî,Îdeyn,7,"Bugün ilk işimiz, bayram namazını kılmak, sonra dönüp kurban kesmektir. Kim böyle yaparsa sünnetimize uymuş olur","Ramazan, Oruç ve Bayramlar",27.05.2026,KURBAN BAYRAMI
Buhârî,Îdeyn,7,"Bugün ilk işimiz, bayram namazı kılmak, sonra dönüp kurban kesmektir. Kim böyle yaparsa sünnetimize uymuş olur.","Ramazan, Oruç ve Bayramlar",28.06.2023,KURBAN BAYRAMI: KARDEŞLİK VE YARDIMLAŞMA GÜNLERİ
Buhârî,Îdeyn,7,"Bugün ilk işimiz, bayram namazı kılmak, sonra dönüp kurban kesmektir. Kim böyle yaparsa sünnetimize uymuş olur.","Ramazan, Oruç ve Bayramlar",31.07.2020,KURBAN BAYRAMI: TAKVA YOLCULUĞU
Müslim,Zekât,7,"Fakat onun yediği haram, içtiği haram, giydiği haram, gıdası haram idi. Peki, böyle birisinin duası nasıl kabul edilsin?","Eğitim, Teknoloji, Çevre ve Toplumsal Değişim",02.11.2018,TEMİZ GIDA TEMİZ NESİL
Müslim,Zekât,7,"Kim sabrederse, Allah da ona dayanma gücü verir. Hiç kimseye sabırdan daha hayırlı ve daha geniş bir ikram verilmemiştir.","Sabır, Tevekkül ve Manevi Olgunluk",03.07.2020,SABRIN SONU SELAMETTİR
Müslim,Zekât,7,"Ey Âdemoğlu! İnfak et ki, ben de sana infak edeyim.","Ekonomik Hayat: Kazanç, Zekat ve İsraf",10.05.2019,RAMAZAN VE İNFAK
Müslim,Zekât,7,Her iyilik sadakadır.,"Ahlak, Erdem ve Söz",20.03.2015,İNSANI İYİLİK YAŞATIR
Müslim,Zekât,7,"Yediği haram, içtiği haram, giydiği haram bir kimsenin duasına Allah cevap verir mi?","Ekonomik Hayat: Kazanç, Zekat ve İsraf",26.09.2014,İŞ VE TİCARET AHLAKI-ÂHİLİK
Müslim,Zekât,7,Emanetleri ehline verin,"Ekonomik Hayat: Kazanç, Zekat ve İsraf",26.09.2014,İŞ VE TİCARET AHLAKI-ÂHİLİK
Müslim,Zekât,7,"Ey Âdemoğlu! İnfak et ki, ben de sana infak edeyim.","Ekonomik Hayat: Kazanç, Zekat ve İsraf",30.04.2021,İNFAK TOPLUMUN ŞİFASIDIR
Müslim,Zühd,7,"Her kim Allah için bir mescit inşa ederse, Allah da ona cennette benzeri bir köşk ihsan eder.",İbadet ve Kulluk,19.05.2017,GERÇEK ÖZGÜRLÜK: ALLAH’A KULLUK
Müslim,Zühd,7,Müminin hali ne hoştur! Her hali kendisi için hayırlıdır ve bu durum yalnız mümine mahsustur. Başına güzel bir iş geldiğinde şükreder; bu onun için hayır olur. Başına bir sıkıntı geldiğinde sabreder; bu da onun için hayır olur.,"Sabır, Tevekkül ve Manevi Olgunluk",22.11.2019,MUSİBETLER KARŞISINDA MÜMİNİN TAVRI
Müslim,Zühd,7,"Her kim Allah için bir mescit bina ederse, Allah da ona cennette bu mescidin benzeri bir köşk bina eder.","Vatan, Millet ve Tarih",24.07.2020,"AYASOFYA: FETHİN NİŞANESİ, FATİH’İN EMANETİ"
Müslim,Zühd,7,"Her kim Allah için bir mescit bina ederse, Allah da ona cennette bu mescidin bir benzerini bina eder.",İbadet ve Kulluk,24.07.2020,"AYASOFYA: FETHİN NİŞANESİ, FATİH’İN EMANETİ"
Müslim,Zühd,7,Müminin durumu ne hoştur! Her hâli kendisi için hayırlıdır. Bu durum yalnız mümine mahsustur. Başına sevinecek bir hâl geldiğinde şükreder; bu onun için hayır olur. Başına bir sıkıntı geldiğinde sabreder; bu da onun için hayır olur.,"Sabır, Tevekkül ve Manevi Olgunluk",26.02.2021,ZOR ZAMANLARDA MANEVİYATIMIZDAN DESTEK ALMAK
Müslim,Zühd,7,Müminin durumu ne hoştur! Her hâli kendisi için hayırlıdır. Bu durum yalnız mümine mahsustur. Başına sevinecek bir hâl geldiğinde şükreder; bu onun için hayır olur. Başına bir sıkıntı geldiğinde sabreder; bu da onun için hayır olur.,"Afet, Kriz ve Sağlık",27.03.2020,ZORLUKLAR KARŞISINDA MÜMİN
Müslim,Zühd,7,Müminin durumu ne hoştur! Her hâli kendisi için hayırlıdır. Bu durum sadece mümine hastır. Bir nimetle karşılaştığında şükreder; bu onun için hayır olur. Bir musibetle karşılaştığında ise sabreder; bu da onun için hayır olur.,"Afet, Kriz ve Sağlık",31.01.2020,AFETLERE KARŞI BİLİNÇLİ OLALIM
Tirmizî,Deavât,7,"Dua, ibadetin özüdür.",İbadet ve Kulluk,10.02.2017,MÜMİNCE YAKARIŞIN ADI: DUA
Tirmizî,Deavât,7,Temizlik imanın yarısıdır,"Ramazan, Oruç ve Bayramlar",11.08.2019,KURBAN BAYRAMI
Tirmizî,Deavât,7,"Allahım! Sensin benim Rabbim, senden başka ilâh yok. Beni yarattın ben de senin kulunum. Ben gücüm yettiğince sana verdiğim sözün ve senin vaadin üzereyim. Yaptıklarımın şerrinden sana sığınırım. Üzerimdeki nimetini itiraf ediyorum. Ve günahımı da itiraf ediyorum. Beni, günahlarımı bağışla çünkü günahları senden başka affedecek hiç kimse yoktur.","İman, Tevhid ve Ahiret",14.12.2018,RAHMET VE MAĞFİRET KAPISI: TEVBE
Tirmizî,Deavât,7,Ey kalpleri bir halden diğer bir hale çeviren Rabbim! Benim kalbimi dinin üzere sabit kıl.,"İman, Tevhid ve Ahiret",21.02.2014,KALB-İ SELİM (III)
Tirmizî,Deavât,7,Temizlik imanın yarısıdır,"Ramazan, Oruç ve Bayramlar",21.08.2018,KURBAN BAYRAMI
Tirmizî,Deavât,7,"Zor zamanlarda duasının kabul edilmesini isteyen kişi, rahat zamanında çokça dua etsin.","Sabır, Tevekkül ve Manevi Olgunluk",26.02.2021,ZOR ZAMANLARDA MANEVİYATIMIZDAN DESTEK ALMAK
Tirmizî,Deavât,7,Temizlik imanın yarısıdır.,"Ramazan, Oruç ve Bayramlar",31.07.2020,KURBAN BAYRAMI: TAKVA YOLCULUĞU
İbn Mâce,Sunne,7,cennet gençlerinin efendileri,"Kandiller, Muharrem ve Mübarek Geceler",02.12.2011,KERBELA’YI ANLAMAK
İbn Mâce,Sunne,7,cennet gençlerinin efendisi,"Kandiller, Muharrem ve Mübarek Geceler",07.10.2016,YÜREKLERİMİZİ SAHRÂ-I KERBELÂ’YA DÖNÜŞTÜRMEYELİM
İbn Mâce,Sunne,7,cennet gençlerinin efendileri,"Kandiller, Muharrem ve Mübarek Geceler",08.11.2013,MUHARREM AYI VE KERBELÂ
İbn Mâce,Sunne,7,"Allahım! Fayda vermeyen ilimden, kabul edilmeyen duadan, korkmayan kalpten ve doymayan nefisten sana sığınırım.","Ahlak, Erdem ve Söz",12.09.2014,BİLGİ AHLÂKI
İbn Mâce,Sunne,7,cennet gençlerinin efendisi,"Kandiller, Muharrem ve Mübarek Geceler",23.10.2015,KERBELÂ’YI DOĞRU ANLAMAK
İbn Mâce,Sunne,7,"Kim, güzel bir işe öncülük ederse hem kendi yaptığının sevabını hem de kendisinden sonra o işi yapanların sevaplarını alır. Üstelik onların sevaplarından da bir şey eksilmez...","Vatan, Millet ve Tarih",29.05.2026,FETİH RUHU VE VAKIF MEDENİYETİ
İbn Mâce,Sunne,7,cennet gençlerinin efendileri,"Kandiller, Muharrem ve Mübarek Geceler",31.10.2014,ORTAK HÜZÜN VE İBRET AYI: MUHARREM
İbn Mâce,Zühd,7,"Müminlerin en akıllıları, ölümü en çok hatırlayanlar ve ölümden sonrası için en güzel şekilde hazırlananlardır.","İman, Tevhid ve Ahiret",01.07.2022,AHİRET GÜNÜ VE HESAP VERME BİLİNCİ
İbn Mâce,Zühd,7,Her dinin kendine özgü bir ahlakı vardır; İslam ahlakının özü hayâdır.,Peygamberimiz ve Ashab,04.09.2026,PEYGAMBERİMİZ VE GÜZEL AHLAK
İbn Mâce,Zühd,7,"Günahından tövbe eden, hiç günahı olmayan kimse gibidir.","İman, Tevhid ve Ahiret",07.01.2022,TÖVBE: GÜNAHLARDAN ARINMA İRADESİ
İbn Mâce,Zühd,7,Kardeşlerim! Ölüm için hazırlık yapın.,"İman, Tevhid ve Ahiret",24.12.2021,AHİRET DAHA HAYIRLI VE SÜREKLİDİR
İbn Mâce,Zühd,7,İslâm ahlâkının özü hayâdır,"Ahlak, Erdem ve Söz",25.01.2019,İSLAM AHLÂKININ ÖZÜ HAYÂDIR
İbn Mâce,Zühd,7,Âdemoğullarının hepsi hata yapar; hata yapanların en hayırlısı ise hatasına tövbe edendir.,"Sabır, Tevekkül ve Manevi Olgunluk",27.12.2024,"HATA YAPANLARIN EN HAYIRLISI, HATASINA TÖVBE EDENDİR"
İbn Mâce,Zühd,7,"Bir kulun kalbinde ümit ve korku bir arada olunca, Allah ona umduğunu verir, korktuğundan da onu emin kılar.","İman, Tevhid ve Ahiret",30.01.2026,TÖVBEYE YÖNELMEK
Buhârî,Cenâiz,6,Allah rızasını umarak ailene yaptığın her harcamadan muhakkak sevap alırsın.,"Aile, Çocuk ve Nesil",12.09.2025,PEYGAMBERİMİZ VE AİLE AHLAKI
Buhârî,Cenâiz,6,"Sabır, musibet ilk başa geldiği anda ortaya konulan tavırdır.","Sabır, Tevekkül ve Manevi Olgunluk",12.12.2014,"MUSİBETLER KARŞISINDA SABIR, MÜMİNCE BİR TAVIRDIR"
Buhârî,Cenâiz,6,"Akan bu gözyaşları merhamettendir. Göz ağlar, kalp hüzünlenir. Ama biz ancak Rabbimizin razı olacağı şeyleri söyleriz.","Sabır, Tevekkül ve Manevi Olgunluk",12.12.2014,"MUSİBETLER KARŞISINDA SABIR, MÜMİNCE BİR TAVIRDIR"
Buhârî,Cenâiz,6,"Müslümanın müslüman üzerindeki hakkı beştir: Selamını almak, hastalandığında ziyaret etmek, cenazesine katılmak, davet ettiğinde gitmek ve ona her fırsatta dua etmektir.","Toplumsal Dayanışma, Merhamet ve Kardeşlik",13.04.2012,KARDEŞLİK AHLAKI VE HUKUKU
Buhârî,Cenâiz,6,"Gerçek sabır, musibetin geldiği ilk anda gösterilen sabırdır.","Sabır, Tevekkül ve Manevi Olgunluk",22.11.2019,MUSİBETLER KARŞISINDA MÜMİNİN TAVRI
Buhârî,Cenâiz,6,Sabır ancak (musibetin) ilk vurduğu andadır.,"Afet, Kriz ve Sağlık",28.10.2011,MÜMİNLER TEK BİR VÜCUT GİBİDİR
Buhârî,Megâzî,6,"Sevinin ve sizi sevindirecek nimetleri bekleyin! Vallahi sizin için fakirlikten korkmam. Ancak ben, sizden önceki ümmetlerin önüne dünya nimetleri serildiği gibi sizin önünüze de serilmesinden, onların o dünya nimetleri için yanıp tutuştukları gibi sizin de yanıp tutuşmanızdan ve bunun onları helâk ettiği gibi sizleri de helâk etmesinden korkarım.","Sabır, Tevekkül ve Manevi Olgunluk",01.11.2019,DÜNYEVİLEŞMEK: GEÇİCİ OLANA GÖNÜL VERMEK
Buhârî,Megâzî,6,Makamı Firdevs cenneti olan babacığım!,"Ahlak, Erdem ve Söz",03.03.2017,FİRDEVS CENNETİNE MİRASÇI OLMAK
Buhârî,Megâzî,6,"Uhud bizi sever, biz de onu severiz.","Eğitim, Teknoloji, Çevre ve Toplumsal Değişim",03.06.2022,ÇEVREYE VEFA MÜMİNİN ŞİARIDIR
Buhârî,Megâzî,6,"Uhud bizi sever, biz de onu severiz","Eğitim, Teknoloji, Çevre ve Toplumsal Değişim",04.10.2019,DÜNYA EVİMİZ BİZE EMANETTİR
Buhârî,Megâzî,6,"Gün, merhamet günüdür. Gün, kan akıtmanın haram olduğu gündür…",Peygamberimiz ve Ashab,18.12.2015,RAHMET VE MERHAMET YÜKLÜ ADALET PEYGAMBERİ
Buhârî,Megâzî,6,"Kolaylaştırın, zorlaştırmayın! Müjdeleyin, nefret ettirmeyin!","Ekonomik Hayat: Kazanç, Zekat ve İsraf",24.06.2016,ARINMA VESİLESİ: ZEKÂT VE İNFAK
Buhârî,Mezâlim,6,Yolda insanlara eziyet veren bir şeyi kaldırıp atman sadakadır.,"Ahlak, Erdem ve Söz",04.04.2014,DOĞRULUK VE SADAKA
Buhârî,Mezâlim,6,"Müminler, birbirini destekleyen bir binanın tuğlaları gibidir.","Ahlak, Erdem ve Söz",06.06.2025,MÜSLÜMANIN BİR DURUŞU VARDIR
Buhârî,Mezâlim,6,"Zulüm, kıyâmet günü (sahibini saran) karanlıklar (olacak)tır","Ramazan, Oruç ve Bayramlar",16.08.2013,"MAZLUMUN AHI, TİTRETİR ARŞ-I RAHMAN’I"
Buhârî,Mezâlim,6,"Zulüm, zalim için kıyamet gününde zifiri karanlıktır.",İslam Coğrafyası ve Küresel Meseleler,20.10.2023,RAHMET VE SEKİNET MÜJDESİ: İNŞİRÂH SURESİ
Buhârî,Mezâlim,6,"Zulüm, zalim için kıyamet gününde zifiri karanlık olacaktır.",İslam Coğrafyası ve Küresel Meseleler,21.05.2021,ZULÜM CEZASIZ KALMAZ
Buhârî,Mezâlim,6,"Müslüman müslümanın kardeşidir. Ona zulmetmez, ihanet etmez, yalan söylemez ve onu sıkıntıda bırakmaz. Müslümanın kanı (canı), namusu ve malı dokunulmazdır, saygındır…","Aile, Çocuk ve Nesil",25.11.2011,"EŞİMİZ, EVLADIMIZ, ANNEMİZ: KADIN"
Buhârî,Talâk,6,Ben ve yetime kol kanat geren kimse cennette yan yana olacağız.,"Toplumsal Dayanışma, Merhamet ve Kardeşlik",11.07.2014,KİMSESİZLERİN KİMSESİ OLABİLMEK
Buhârî,Talâk,6,"Yetime kol kanat geren kimse ile ben, cennette böyle yan yana olacağız","Toplumsal Dayanışma, Merhamet ve Kardeşlik",14.08.2026,HER YETİM BİR EMANET
Buhârî,Talâk,6,"Ben ve yetime kol kanat geren kimse, cennette böyle yan yana olacağız","Toplumsal Dayanışma, Merhamet ve Kardeşlik",23.04.2021,YETİM: CENÂB-I HAKK’IN İNSANLIĞA EMANETİ
Buhârî,Talâk,6,"Ben ve yetime kol kanat geren kimse, cennette yan yana olacağız.","Aile, Çocuk ve Nesil",29.03.2013,SOKAĞIN YETİMLERİ: ÇOCUKLARIMIZ
Buhârî,Talâk,6,"İşaret parmağıyla orta parmağını göstererek, ben ve yetime kol kanat geren kimse cennette böyle yan yana olacağız.","Ekonomik Hayat: Kazanç, Zekat ve İsraf",29.03.2024,KARDEŞLİĞİMİZ ZEKÂTLA BEREKETLENSİN
Buhârî,Talâk,6,"İşaret parmağıyla orta parmağını bir arada göstererek, ben ve yetime kol kanat geren kimse cennette böyle yan yana olacağız.",Peygamberimiz ve Ashab,29.08.2025,ÂLEMLERE RAHMET HZ. MUHAMMED (S.A.S)
Tirmizî,Büyû’,6,"Dürüst ve güvenilir tüccar, ahirette peygamberler, sıddıklar ve şehitlerle beraber olacaktır.","Ekonomik Hayat: Kazanç, Zekat ve İsraf",15.09.2023,AHÎLİK: DÜRÜSTLÜK VE MERHAMETİ TİCARETE HÂKİM KILMAK
Tirmizî,Büyû’,6,"Dürüst ve güvenilir tüccar, peygamberler, sıddîklar ve şehitlerle beraberdir.","Ekonomik Hayat: Kazanç, Zekat ve İsraf",17.09.2021,TİCARET HAYATINDA HELAL HARAM BİLİNCİ
Tirmizî,Büyû’,6,"Dürüst ve güvenilir tüccar, peygamberler, dosdoğru kimseler ve şehitlerle beraberdir.","Ekonomik Hayat: Kazanç, Zekat ve İsraf",18.08.2017,ALIŞVERİŞ VE TİCARET AHLAKI
Tirmizî,Büyû’,6,"Dürüst ve güvenilir tüccar, mahşerde peygamberler, sıddîklar ve şehitlerle beraberdir.","Ekonomik Hayat: Kazanç, Zekat ve İsraf",19.09.2025,PEYGAMBERİMİZ (S.A.S) VE TİCARET AHLAKI
Tirmizî,Büyû’,6,"Dürüst ve güvenilir tüccar, peygamberler, sıddîklar ve şehitlerle beraberdir.","Ekonomik Hayat: Kazanç, Zekat ve İsraf",23.09.2022,HELAL KAZANÇ VE ALIN TERİ
Tirmizî,Büyû’,6,Bizi aldatan bizden değildir,"Ekonomik Hayat: Kazanç, Zekat ve İsraf",26.09.2014,İŞ VE TİCARET AHLAKI-ÂHİLİK
Tirmizî,Cum’a,6,"…Zekât, suyun ateşi söndürdüğü gibi hata ve günahları silip yok eder.","Ekonomik Hayat: Kazanç, Zekat ve İsraf",06.03.2026,ZEKÂT VE FITIR SADAKASI
Tirmizî,Cum’a,6,Haram lokma ile beslenip büyüyen bir insan ateşe daha layıktır,"Ekonomik Hayat: Kazanç, Zekat ve İsraf",12.07.2013,HELAL KAZANÇ HELAL LOKMA
Tirmizî,Cum’a,6,"Cuma günü öyle bir an vardır ki kul o anda Allah'tan bir şey dilerse, Allah ona isteğini mutlaka verir.",İbadet ve Kulluk,19.07.2019,CUMA NAMAZI VE ADABI
Tirmizî,Cum’a,6,Haramla beslenen vücudun layık olduğu yer ancak cehennemdir.,"Ekonomik Hayat: Kazanç, Zekat ve İsraf",23.09.2022,HELAL KAZANÇ VE ALIN TERİ
Tirmizî,Cum’a,6,Suyun ateşi söndürdüğü gibi zekât da hata ve günahları silip yok etmektedir.,"Ekonomik Hayat: Kazanç, Zekat ve İsraf",29.03.2024,KARDEŞLİĞİMİZ ZEKÂTLA BEREKETLENSİN
Tirmizî,Cum’a,6,"Su, ateşi nasıl söndürüyorsa zekât da günahları öylece silip yok eder.","Ekonomik Hayat: Kazanç, Zekat ve İsraf",31.03.2023,ZEKÂT: İSLAM’IN DAYANIŞMA KÖPRÜSÜ
Tirmizî,Diyât,6,Allah her şeyin en güzel şekilde yapılmasını emretmiştir.,İslam Coğrafyası ve Küresel Meseleler,02.02.2024,"RABBİMİZ, MÜMİNLERİ YALNIZ VE YARDIMSIZ BIRAKMAZ"
Tirmizî,Diyât,6,Allah her şeyin en güzel şekilde yapılmasını emretmiştir.,"Ramazan, Oruç ve Bayramlar",06.06.2025,KURBAN BAYRAMI: ALLAH’IN KULLARINA İHSAN VE İKRAMI
Tirmizî,Diyât,6,"Allah, her işte iyiliği emretmiştir.","Ramazan, Oruç ve Bayramlar",07.03.2025,İYİLİK AYI RAMAZAN
Tirmizî,Diyât,6,Allah her şeyin en güzel şekilde yapılmasını emretmiştir.,İbadet ve Kulluk,07.04.2023,İHSAN BİLİNCİ: KULLUĞUN ZİRVESİ
Tirmizî,Diyât,6,"Bir Müslümanın öldürülmesi, Allah katında dünyanın yok olmasından daha vahimdir.","Vatan, Millet ve Tarih",16.12.2016,HER ZORLUKLA BERABER BİR KOLAYLIK VARDIR.
Tirmizî,Diyât,6,"Allah katında dünyanın yok olması, bir Müslümanın öldürülmesinden daha hafiftir.",İslam Coğrafyası ve Küresel Meseleler,23.08.2013,"İNSANIN KATLİ, İNSANLIĞIN KATLİDİR"
Tirmizî,Fiten,6,"...Hiçbir erkek, mahremi olmayan bir kadınla yalnız başına kalmasın; zira yanlarındaki üçüncü kişi şeytan olur...","Aile, Çocuk ve Nesil",02.05.2025,NEFSİ VE NESLİ İFSAT EDEN BÜYÜK GÜNAH: ZİNA
Tirmizî,Fiten,6,"İyi olanınız, kendisinden herkesin hayır umduğu ve şerrinden emin olduğu kimsedir. Kötü olanınız ise kendisinden hiç kimsenin hayır ummadığı ve şerrinden emin olmadığı kimsedir.","Ahlak, Erdem ve Söz",10.11.2017,ÖRNEK İNSAN: MÜMİN
Tirmizî,Fiten,6,"Dikkat edin, size mümini tanıtıyorum; o, insanların canı ve malı hususunda kendisine güvendiği kişidir. Müslüman; elinden ve dilinden insanlara zarar gelmeyen kimsedir…","Ahlak, Erdem ve Söz",11.02.2022,İSLAM’I TEMSİL SORUMLULUĞUMUZ
Tirmizî,Fiten,6,"Hayırlınız, kendisinden iyilik beklenilen ve kötülüğünden emin olunandır. Şerliniz ise kendisinden iyilik beklenilmeyen ve kötülüğünden de emin olunmayandır.","Ahlak, Erdem ve Söz",11.10.2024,KÖTÜLÜĞE İYİLİKLE ENGEL OLALIM
Tirmizî,Fiten,6,"Sizin en hayırlınız, kendisinden hayır beklenilen ve kötülüğünden emin olunandır; en şerliniz ise kendisinden hayır beklenmeyen ve kötülüğünden de emin olunmayandır.","Ahlak, Erdem ve Söz",17.05.2019,PEYGAMBERİMİZİN TARİFİYLE HAYIRLI MÜSLÜMAN
Tirmizî,Fiten,6,Hayırlınız kendisinden hayır umulan ve şerrinden emin olunandır. Şerliniz ise kendisinden hayır beklenmeyen ve şerrinden de emin olunmayandır.,"Toplumsal Dayanışma, Merhamet ve Kardeşlik",21.11.2014,HAYIR HAZİNELER DOLUSUDUR
Buhârî,Büyû’,5,"Satarken, satın alırken, alacağını talep ederken hoşgörülü davranıp kolaylık gösteren kimseye Allah rahmetiyle muamele eylesin.","Ekonomik Hayat: Kazanç, Zekat ve İsraf",18.09.2026,AHÎLİK AHLAKI
Buhârî,Büyû’,5,"Öyle bir zaman gelecek ki, kişi, malını helâlden mi yoksa haramdan mı elde ettiğine bakmayacak!","Ekonomik Hayat: Kazanç, Zekat ve İsraf",19.09.2025,PEYGAMBERİMİZ (S.A.S) VE TİCARET AHLAKI
Buhârî,Büyû’,5,Hiç kimse elinin emeğiyle kazandığından daha hayırlı bir rızık asla yememiştir...,"Ekonomik Hayat: Kazanç, Zekat ve İsraf",29.11.2024,MADDİ VE MANEVİ TÜKENİŞ: KUMAR
Buhârî,Büyû’,5,…Kişinin malını helâlden mi yoksa haramdan mı elde ettiğine bakmayacağı!,"Ekonomik Hayat: Kazanç, Zekat ve İsraf",31.07.2026,HELAL HARAM DUYARLILIĞI
Buhârî,Büyû’,5,Hiç kimse kendi el emeğinin karşılığından daha hayırlısını yememiştir.,"Ekonomik Hayat: Kazanç, Zekat ve İsraf",31.08.2018,"ÇALIŞMAK, HAYATIMIZA BEREKET GETİRİR"
Buhârî,Savm,5,Selmân doğru söylemiş,"Toplumsal Dayanışma, Merhamet ve Kardeşlik",12.10.2018,"CENÂB-I HAK, HER HAK SAHİBİNE HAKKINI VERMİŞTİR"
Buhârî,Savm,5,İnsanoğlunun yaptığı her şey kendisi içindir. Oruç müstesna. O benim içindir ve onun mükâfatını ben vereceğim…,"Ramazan, Oruç ve Bayramlar",20.07.2012,“BEN ORUÇLUYUM” DİYEBİLMEK
Buhârî,Savm,5,"…cennet kapıları açılır, cehennem kapıları kapanır, şeytanlar da zincire vurulur.","Ramazan, Oruç ve Bayramlar",20.07.2012,“BEN ORUÇLUYUM” DİYEBİLMEK
Buhârî,Savm,5,Ben oruçluyum,İbadet ve Kulluk,22.05.2020,BİR ÖMRÜ RAMAZAN GİBİ YAŞAMAK
Buhârî,Savm,5,Sahurda bereket vardır.,"Ramazan, Oruç ve Bayramlar",28.02.2025,RAHMET VE MAĞFİRET MEVSİMİNE GİRERKEN
Buhârî,Tefsîr,5,Ben sizi elîm bir azaba karşı uyarıyorum.,"İman, Tevhid ve Ahiret",05.08.2016,KULLUK SADECE ALLAH’A ÖZGÜDÜR
Buhârî,Tefsîr,5,Ey örtüsüne bürünen! Kalk ve uyar! Sadece Rabbinin büyüklüğünü dile getir. Elbiseni tertemiz tut ve her türlü pislikten uzak dur.,İbadet ve Kulluk,06.03.2020,"ALLAH TEMİZDİR, TEMİZLİĞİ SEVER"
Buhârî,Tefsîr,5,"Bu sûre, yedi ayetten oluşan, namazlarda tekrar tekrar okunan Fâtiha sûresidir.",Kur'an-ı Kerim,08.01.2021,FÂTİHA SÛRESİ: KUR’AN’IN MUKADDİMESİ
Buhârî,Tefsîr,5,Ben sizi elîm bir azaba karşı uyarıyorum.,İbadet ve Kulluk,12.11.2021,İBADET: ALLAH İLE KUL ARASINDAKİ KUTLU BAĞ
Buhârî,Tefsîr,5,Ben sizi elîm bir azaba karşı uyarıyorum.,Peygamberimiz ve Ashab,14.04.2017,HZ. PEYGAMBER VE GÜVEN TOPLUMU
Hakim,Müstedrek,5,İhtiyarlık gelmeden önce gençliğin kıymetini bilin!,"Aile, Çocuk ve Nesil",05.02.2021,GENÇLERİMİZ: EN BÜYÜK İMKÂN VE ZENGİNLİĞİMİZ
Hakim,Müstedrek,5,Ahde güzel bir şekilde vefa göstermek imandandır,"Ahlak, Erdem ve Söz",07.11.2025,VEFA İMANDANDIR
Hakim,Müstedrek,5,Komşusu açken tok olarak sabahlayan bizden değildir,"Toplumsal Dayanışma, Merhamet ve Kardeşlik",15.04.2011,MERHAMET EĞİTİMİ
Hakim,Müstedrek,5,Merhamet ancak kalbi katılaşmış inançsız bedbahtların kalbinden kaldırılmıştır.,"Toplumsal Dayanışma, Merhamet ve Kardeşlik",15.04.2011,MERHAMET EĞİTİMİ
Hakim,Müstedrek,5,"Merhamet, ancak kalbi katılaşmış inançsız bedhahların kalbinden çekilip alınmıştır","Toplumsal Dayanışma, Merhamet ve Kardeşlik",15.04.2011,MERHAMET EĞİTİMİ
Tirmizî,Tahâret,5,Cennetin anahtarı namazdır.,İbadet ve Kulluk,09.01.2026,NAMAZ
Tirmizî,Tahâret,5,cennetin anahtarı,İbadet ve Kulluk,09.10.2015,NAMAZ DİRİLİŞTİR
Tirmizî,Tahâret,5,"Namaz, cennetin anahtarıdır.",İbadet ve Kulluk,09.12.2022,HAYDİ NAMAZA! HAYDİ KURTULUŞA!
Tirmizî,Tahâret,5,"Cennetin anahtarı namaz, namazın anahtarı ise abdesttir.",İbadet ve Kulluk,13.11.2020,"ABDEST: BEDENİMİZE SAĞLIK, RUHUMUZA HUZUR"
Tirmizî,Tahâret,5,Cennetin anahtarı namazdır.,İbadet ve Kulluk,13.12.2019,NAMAZ: RABBİMİZE YAKIN OLMA ÇABAMIZ
İbn Mâce,Edeb,5,"Evlerin en hayırlısı, içinde kendisine iyi bakılan bir yetimin bulunduğu evdir. Evlerin en kötüsü ise kendisine iyi davranılmayan bir yetimin bulunduğu evdir.","Toplumsal Dayanışma, Merhamet ve Kardeşlik",11.07.2014,KİMSESİZLERİN KİMSESİ OLABİLMEK
İbn Mâce,Edeb,5,"Müslümanların evleri arasında en hayırlı ev, içinde kendisine iyi davranılan bir yetimin bulunduğu evdir…","Toplumsal Dayanışma, Merhamet ve Kardeşlik",14.08.2026,HER YETİM BİR EMANET
İbn Mâce,Edeb,5,"Müslümanların evleri arasında en hayırlısı, içinde kendisine iyi davranılan bir yetimin bulunduğu evdir…","İman, Tevhid ve Ahiret",22.03.2024,RAMAZAN VE AHİRET BİLİNCİ
İbn Mâce,Edeb,5,"Müslümanların evleri arasında en hayırlı ev, içinde kendisine iyi davranılan bir yetimin bulunduğu evdir.","Toplumsal Dayanışma, Merhamet ve Kardeşlik",23.04.2021,YETİM: CENÂB-I HAKK’IN İNSANLIĞA EMANETİ
İbn Mâce,Edeb,5,"Müslümanlar arasında en hayırlı ev, içinde kendisine iyi davranılan bir yetimin bulunduğu evdir. Müslümanlar arasında en kötü ev ise içinde kendisine kötü davranılan bir yetimin bulunduğu evdir.","Aile, Çocuk ve Nesil",29.03.2013,SOKAĞIN YETİMLERİ: ÇOCUKLARIMIZ
İbn Mâce,İkâmet,5,Her kim önemsemediğinden dolayı Cuma namazını üç defa terk ederse kalbi mühürlenir.,İbadet ve Kulluk,09.12.2022,HAYDİ NAMAZA! HAYDİ KURTULUŞA!
İbn Mâce,İkâmet,5,Her kim önemsemediğinden dolayı Cuma namazını üç defa terk ederse kalbi mühürlenir.,İbadet ve Kulluk,10.09.2021,CUMA NAMAZI: HAFTALIK BULUŞMAMIZ
İbn Mâce,İkâmet,5,"Kim, önemsemediğinden dolayı Cuma namazını üç defa terk ederse kalbi mühürlenir.",İbadet ve Kulluk,15.11.2024,ÂDÂB VE ERKÂNIYLA CUMA NAMAZI
İbn Mâce,İkâmet,5,Her kim önemsemediğinden dolayı Cuma namazını üç defa terk ederse kalbi mühürlenir.,İbadet ve Kulluk,19.07.2019,CUMA NAMAZI VE ADABI
İbn Mâce,İkâmet,5,"Benden bağışlanma dileyen yok mu, onu bağışlayayım! Benden rızık isteyen yok mu, onu rızıklandırayım! Belaya düçar olan yok mu, ona afiyet vereyim!","Kandiller, Muharrem ve Mübarek Geceler",23.02.2024,BERAT GECESİ: GÜNAHLARDAN ARINMA VESİLESİ
Buhârî,Bed’ü’l-vahy,4,"Korkmana gerek yok! Çünkü sen her zaman doğruyu söyler, akrabanı gözetirsin. Muhtaçlara yardım eder, misafire ikramda bulunursun. Allah, hiçbir zaman seni utandırıp üzmez.","Aile, Çocuk ve Nesil",15.11.2019,PEYGAMBERİMİZ VE AİLE
Buhârî,Bed’ü’l-vahy,4,"Allah’a yemin ederim ki Cenâb-ı Hak hiçbir vakit seni utandırmaz. Çünkü sen akrabayı gözetirsin; muhtaç olanların bakımını üstlenirsin; aç ve açıkta olanı koruyup, kollarsın; misafire ikram edersin ve musibete maruz kalanlara yardım edersin.",Peygamberimiz ve Ashab,21.08.2026,MEVLİD-İ NEBİ
Buhârî,Bed’ü’l-vahy,4,"Ameller, niyetlere göredir. Herkese ancak niyet ettiğinin karşılığı vardır",İbadet ve Kulluk,28.08.2015,HAC YOLCULUĞUNDAN HAK YOLCULUĞUNA
Buhârî,Bed’ü’l-vahy,4,"Korkma, endişelenme! Allah, seni asla mahcup etmez. Çünkü sen, akrabalarınla ilgilenirsin. Yetim ve kimsesizleri gözetirsin. Fakir ve ihtiyaç sahibinin yardımına koşarsın. Misafire ikramda bulunur, komşuna iyi davranırsın. Mazluma ve mağdura kol kanat gerersin. Hakkı savunur, doğrunun yanında yer alırsın.","Vatan, Millet ve Tarih",29.07.2016,"EN BÜYÜK BOZGUNCULUK, DİNİN MUAZZEZ DEĞERLERİNİ İSTİSMAR ETMEKTİR."
Buhârî,Ezân,4,"İnsanlar ezan okuma ve birinci safta yer almadaki sevabı bilselerdi, bunu yapmak için aralarında kura çekerlerdi.",İbadet ve Kulluk,09.01.2015,EZAN: ÖZGÜRLÜĞÜN GÜR SEDASI
Buhârî,Ezân,4,"Cemaatle kılınan namaz, tek başına kılınan namazdan yirmi yedi kat daha faziletlidir.",İbadet ve Kulluk,09.12.2022,HAYDİ NAMAZA! HAYDİ KURTULUŞA!
Buhârî,Ezân,4,İnsanlar sabah ve yatsı namazındaki sevabı bilselerdi sürünerek de olsa camiye gelirlerdi.,İbadet ve Kulluk,26.09.2025,"PEYGAMBERİMİZ (S.A.S), CAMİ VE NAMAZ"
Buhârî,Ezân,4,Neşeyi ve huzuru Rabbine ibadette bulan gençler,"Sabır, Tevekkül ve Manevi Olgunluk",30.12.2016,ÖMÜR NİMETİ
Buhârî,Libâs,4,"İsrafa kaçmadan ve kibre kapılmadan yiyiniz, içiniz, giyininiz ve sadaka veriniz.","Ekonomik Hayat: Kazanç, Zekat ve İsraf",08.06.2018,"AFİYET OLSUN, İSRAF OLMASIN"
Buhârî,Libâs,4,"Kibre kapılmadan ve israfa kaçmadan yiyiniz, içiniz, giyininiz ve sadaka veriniz.","Ekonomik Hayat: Kazanç, Zekat ve İsraf",09.02.2018,"İSRAF, DİNÎ VE AHLAKÎ BİR İFLASTIR"
Buhârî,Libâs,4,"Allah katında amellerin en sevimlisi, az da olsa devamlı olanıdır.",İbadet ve Kulluk,15.07.2016,HAYATIMIZI İBADET KILABİLMEK
Buhârî,Libâs,4,"Kibirsizce ve israfa kaçmadan yiyiniz, içiniz, giyininiz ve sadaka veriniz.","Ekonomik Hayat: Kazanç, Zekat ve İsraf",25.01.2013,ALLAH’IN SEVMEDİĞİ DAVRANIŞ: İSRAF
Ebû Dâvûd,Libâs,4,"Kim bir topluluğa benzemeye çalışırsa, o da onlardandır.","Ahlak, Erdem ve Söz",17.12.2021,"MÜSLÜMAN, DİNÎ VE AHLAKİ DEĞERLERİYLE YAŞAR"
Ebû Dâvûd,Libâs,4,Bu adam elbisesini yıkayacak bir şey bulamamış mı?,İbadet ve Kulluk,19.10.2018,MADDİ VE MANEVİ ARINMA: TEMİZLİK
Ebû Dâvûd,Libâs,4,Kim bir kavme benzerse o da onlardandır.,"İman, Tevhid ve Ahiret",20.12.2024,MİLLİ VE MANEVİ DEĞERLERİMİZİ MUHAFAZA EDELİM
Ebû Dâvûd,Libâs,4,Kim bir kavme benzerse o da onlardandır.,"Ahlak, Erdem ve Söz",23.12.2022,BİZİ BİZ YAPAN DEĞERLERE SAHİP ÇIKALIM
Kudâî,Müsnedü’ş-şihâb,4,"İnsanların en hayırlısı, insanlara faydalı olandır.","Ekonomik Hayat: Kazanç, Zekat ve İsraf",09.05.2025,"VAKIF: YARATAN’A HÜRMET, YARATILANA MERHAMET"
Kudâî,Müsnedü’ş-şihâb,4,İnsanların en hayırlısı insanlara faydalı olandır.,"Eğitim, Teknoloji, Çevre ve Toplumsal Değişim",22.11.2024,"İLİM İZZETE, ŞİDDET ZİLLETE GÖTÜRÜR"
Kudâî,Müsnedü’ş-şihâb,4,İnsanların en hayırlısı insanlara faydalı olandır,"Eğitim, Teknoloji, Çevre ve Toplumsal Değişim",24.04.2026,MERHAMET EĞİTİMİ
Kudâî,Müsnedü’ş-şihâb,4,"İnsanların en hayırlısı, insanlara faydalı olandır","Vatan, Millet ve Tarih",29.05.2026,FETİH RUHU VE VAKIF MEDENİYETİ
Müslim,Mesâcid,4,Allah katında en makbul mekânlardır.,İbadet ve Kulluk,03.08.2018,CAMİ VE CEMAAT ADABI
Müslim,Mesâcid,4,İşte beş vakit namazın misâli budur. Kılınan bu namazlarla Allah günahları yok eder.,İbadet ve Kulluk,16.01.2015,"BİR TEKELLÜF DEĞİL, NİMET OLARAK NAMAZ"
Müslim,Mesâcid,4,"Ümmetimin iyi ve kötü bütün amelleri bana gösterildi; iyi amelleri arasında, insanlara eziyet veren şeylerin yoldan kaldırılması, kötü amelleri arasında ise yerlere tükürmek ve yerleri kirletmek vardı.","Eğitim, Teknoloji, Çevre ve Toplumsal Değişim",16.08.2024,ÇEVREMİZ BİZE EMANETTİR
Müslim,Mesâcid,4,İşte bilinç ve şuurla eda edilen beş vakit namaz da bunun gibidir. Kılınan bu namazlarla Allah günahları yok eder.,İbadet ve Kulluk,27.05.2016,NAMAZ ARINMADIR
Müslim,Müsâkât,4,"Hiç kimse hakkı olmayan bir karış toprağı bile almasın! Şayet alırsa, kıyamet gününde Allah, yedi kat yeri onun boynuna geçirir.","Toplumsal Dayanışma, Merhamet ve Kardeşlik",06.12.2024,MİRAS: SINIRLARINI ALLAH’IN BELİRLEDİĞİ HAK
Müslim,Müsâkât,4,"Hiç kimse hakkı olmayan bir karış toprağı bile almasın! Eğer alırsa, kıyamet gününde Allah yedi kat yeri onun boynuna dolar.","Ahlak, Erdem ve Söz",15.08.2025,KUL HAKKI ATEŞTEN GÖMLEKTİR
Müslim,Müsâkât,4,"Kimse hakkı olmayan bir karış yeri bile almasın! Alırsa Allah, kıyamet gününde yedi kat yeri onun boynuna dolar.","Ahlak, Erdem ve Söz",27.03.2015,KUL VE KAMU HAKKI
Müslim,Müsâkât,4,"Helâl bellidir, haram da bellidir…","Ekonomik Hayat: Kazanç, Zekat ve İsraf",31.07.2026,HELAL HARAM DUYARLILIĞI
Müslim,Tahâret,4,"Temizlik, imanın yarısıdır.","Afet, Kriz ve Sağlık",04.09.2020,"İSLAM, TEMİZLİĞİ EMREDER"
Müslim,Tahâret,4,Temizlik imanın yarısıdır.,İbadet ve Kulluk,06.03.2020,"ALLAH TEMİZDİR, TEMİZLİĞİ SEVER"
Müslim,Tahâret,4,Temizlik imanın yarısıdır,"Ramazan, Oruç ve Bayramlar",09.07.2022,KURBAN BAYRAMI: ALLAH’A YAKLAŞMA SEVİNCİMİZ
Müslim,Tahâret,4,"Her kim abdest alır ve abdestini güzelce almaya özen gösterirse, günahları vücudundan çıkar, hatta tırnaklarının altından süzülür gider.",İbadet ve Kulluk,13.11.2020,"ABDEST: BEDENİMİZE SAĞLIK, RUHUMUZA HUZUR"
Müslim,Zikir,4,"Kişi, kardeşine yardım ettiği sürece Allah da ona yardım eder...","Vatan, Millet ve Tarih",05.02.2016,ŞİMDİ YARALARI SARMA ZAMANI!
Müslim,Zikir,4,"Rabbimiz! Bütün işlerimizdeki israfımızı, ölçüsüzlüğümüzü, cahilliğimizi, hatalarımızı ve bizden daha iyi bildiğin her türlü kusurumuzu bağışla! Ya Rabbi! Ciddi ve şaka yollu yaptığımız yanlışlarımızı, bilerek ya da bilmeyerek işlediğimiz günahlarımızı affeyle!","Ekonomik Hayat: Kazanç, Zekat ve İsraf",09.02.2018,"İSRAF, DİNÎ VE AHLAKÎ BİR İFLASTIR"
Müslim,Zikir,4,"Kişi, kardeşine yardım ettiği sürece Allah da ona yardım eder...",İslam Coğrafyası ve Küresel Meseleler,09.12.2016,HALEP’TE İNSANLIK ÖLMESİN!
Müslim,Zikir,4,Ya Rabbi! Bu gecede olanların ve sonrasında olacakların hayrını senden dilerim. Bu gecede olanların ve daha sonrasında olacakların şerrinden de sana sığınırım.,İbadet ve Kulluk,10.01.2020,PEYGAMBERİMİZİN DİLİNDEN DUALAR
Müslim,Zühd ve rekâik,4,Müminin durumu ne ilginçtir! Her hâli kendisi için hayırlıdır. Bu durum yalnız mümine mahsustur. Başına sevinecek bir hâl geldiğinde şükreder; bu onun için hayır olur. Başına bir sıkıntı gelecek olursa ona da sabreder; onun için bu da hayır olur.,"Sabır, Tevekkül ve Manevi Olgunluk",12.12.2014,"MUSİBETLER KARŞISINDA SABIR, MÜMİNCE BİR TAVIRDIR"
Müslim,Zühd ve rekâik,4,Müminin durumuna şaşılır! Her hâli kendisi için hayırlıdır. Bu durum yalnız mümine mahsustur. Başına sevinecek bir hâl geldiğinde şükreder; bu onun için hayır olur. Başına bir sıkıntı geldiğinde ona sabreder; bu da onun için hayır olur.,"Afet, Kriz ve Sağlık",16.05.2014,MÜMİNLER TEK VÜCUT GİBİDİR
Müslim,Zühd ve rekâik,4,Kim Allah rızası için bir mescit yapar veya yaptırırsa Allah da onun için cennette benzeri bir ev yapacaktır.,"Ekonomik Hayat: Kazanç, Zekat ve İsraf",17.08.2018,SADAKA-İ CÂRİYE
Müslim,Zühd ve rekâik,4,Müminin durumuna şaşılır! Her hâli kendisi için hayırlıdır. Bu durum yalnız mümine mahsustur. Başına sevinecek bir hâl geldiğinde şükreder; bu onun için hayır olur. Başına bir sıkıntı geldiğinde ona sabreder; bu da onun için hayır olur.,"Vatan, Millet ve Tarih",22.07.2016,"GÜN, MİLLETÇE KENETLENME VE GELECEĞİMİZİ İNŞA ETME GÜNÜDÜR"
İbn Mâce,Rühûn,4,"Çalışana ücretini, alın teri kurumadan önce veriniz.","Ekonomik Hayat: Kazanç, Zekat ve İsraf",13.05.2022,İŞ VE ÇALIŞMA AHLAKI
İbn Mâce,Rühûn,4,"Çalışana ücretini, teri kurumadan verin.","Ekonomik Hayat: Kazanç, Zekat ve İsraf",25.04.2025,ALIN TERİ MUKADDESTİR
İbn Mâce,Rühûn,4,"İşçiye, ücretini teri kurumadan önce verin.","Ekonomik Hayat: Kazanç, Zekat ve İsraf",26.04.2024,HER İŞİN BİR AHLAKI VARDIR
İbn Mâce,Rühûn,4,"Çalışana ücretini, teri kurumadan önce veriniz.","Ekonomik Hayat: Kazanç, Zekat ve İsraf",26.09.2014,İŞ VE TİCARET AHLAKI-ÂHİLİK
İbn Mâce,Ticâret,4,Faiz yoluyla mal çoğaltan hiç kimse yoktur ki sonunda malı azalmasın.,"Ekonomik Hayat: Kazanç, Zekat ve İsraf",01.06.2018,MEŞRU OLMAYAN KAZANÇ: FAİZ
İbn Mâce,Ticâret,4,"Bir Müslümanın kusurlu bir malı, kusurunu açıklamadan satması helâl değildir.","Ekonomik Hayat: Kazanç, Zekat ve İsraf",02.03.2018,İSLAM’DA TİCARET AHLAKI
İbn Mâce,Ticâret,4,"Bir şey satın almak istediğin zaman, verebileceğin fiyatı söyle! Bir şey satmak istediğin zaman da, yüksek fiyat değil, onun piyasadaki değerini söyle!","Ekonomik Hayat: Kazanç, Zekat ve İsraf",18.08.2017,ALIŞVERİŞ VE TİCARET AHLAKI
İbn Mâce,Ticâret,4,Asla dediğin şekilde yapma! Bir şey alacaksan malın gerçek fiyatını söyle. İster versinler ister vermesinler. Bir şey satacaksan da onun gerçek fiyatını söyle. İster alsınlar ister almasınlar.,"Ekonomik Hayat: Kazanç, Zekat ve İsraf",19.09.2025,PEYGAMBERİMİZ (S.A.S) VE TİCARET AHLAKI
Buhârî,Enbiyâ,3,"Peygamberler, ataları bir kardeşlerdir.","İman, Tevhid ve Ahiret",19.02.2016,PEYGAMBERLER ALLAH’IN KUTLU ELÇİLERİDİR
Buhârî,Enbiyâ,3,"İçinizden öyleleri olacak ki, önceki kavimlerin âdetlerini karış karış, arşın arşın takip edecekler. Hatta onlar bir kertenkele deliğine girseler bile peşlerinden oraya girecekler.","İman, Tevhid ve Ahiret",20.12.2024,MİLLİ VE MANEVİ DEĞERLERİMİZİ MUHAFAZA EDELİM
Buhârî,Enbiyâ,3,"Peygamberler, anneleri ayrı, babaları bir kardeşlerdir; dinleri de birdir.",Peygamberimiz ve Ashab,30.10.2015,"PEYGAMBERLER, İNSANLIĞIN YOLUNU AYDINLATAN REHBERLERDİR"
Buhârî,Umre,3,Allah tarafından kabul edilmiş haccın karşılığı ancak cennettir.,"Ahlak, Erdem ve Söz",05.09.2014,HAC: KALBE YOLCULUK
Buhârî,Umre,3,Allah katında kabul olunan haccın karşılığı ancak cennettir.,İbadet ve Kulluk,14.06.2024,"İNSANI İHYA, TOPLUMU İNŞA EDEN İBADET: HAC"
Buhârî,Umre,3,Allah tarafından kabul edilmiş haccın karşılığı ancak cennettir.,İbadet ve Kulluk,28.06.2019,BİR MUKADDES YOLCULUK: HAC
Ebû Dâvûd,Salât,3,Yedi yaşına geldiklerinde çocuklarınızı namaza alıştırın.,İbadet ve Kulluk,09.12.2022,HAYDİ NAMAZA! HAYDİ KURTULUŞA!
Ebû Dâvûd,Salât,3,Yedi yaşına geldiklerinde çocuklarınızı namaza alıştırın.,İbadet ve Kulluk,12.04.2024,GÖZÜMÜZÜN NURU: NAMAZ
Ebû Dâvûd,Salât,3,Yedi yaşına geldiklerinde çocuklarınızı namaza alıştırın.,"Aile, Çocuk ve Nesil",20.06.2025,"HER YAZ YENİ BİR HEYECAN: CAMİ, ÇOCUK VE KUR’AN"
Ebû Dâvûd,Sünnet,3,"Müminlerin iman bakımından en olgunu, ahlaken en güzel olanıdır.","Ahlak, Erdem ve Söz",03.02.2023,İMANIN GEREĞİ: SALİH AMEL VE GÜZEL AHLAK
Ebû Dâvûd,Sünnet,3,"Müminlerin iman bakımından en olgunu, ahlak bakımından en güzel olanıdır.","Ahlak, Erdem ve Söz",17.05.2019,PEYGAMBERİMİZİN TARİFİYLE HAYIRLI MÜSLÜMAN
Ebû Dâvûd,Sünnet,3,"Müminlerin iman bakımından en mükemmeli, ahlâk bakımından en güzel olanıdır",Peygamberimiz ve Ashab,21.08.2026,MEVLİD-İ NEBİ
Ebû Dâvûd,Tatavvu’,3,Dikkat edin! Hepiniz Rabbinize münâcât ediyorsunuz. Birbirinizi rahatsız etmeyin!...,İbadet ve Kulluk,03.08.2018,CAMİ VE CEMAAT ADABI
Ebû Dâvûd,Tatavvu’,3,"…Allah katında amellerin en sevimlisi, az da olsa devamlı olanıdır",İbadet ve Kulluk,05.12.2025,"İNSAN, HUZURU İBADETLE ELDE EDER"
Ebû Dâvûd,Tatavvu’,3,"Allah katında amellerin en sevimlisi, az da olsa devamlı olanıdır.","Ramazan, Oruç ve Bayramlar",21.04.2023,HAYATI RAMAZAN BİLİNCİYLE YAŞAMAK
Müslim,Cum’a,3,"Güneşin üzerine doğduğu en hayırlı gün, Cuma günüdür...",İbadet ve Kulluk,03.04.2026,CUMA VE ÜMMET BİLİNCİ
Müslim,Cum’a,3,"Kim güzelce abdest alır, Cumaya gelir ve hutbeyi can kulağıyla dinlerse, o Cuma ile gelecek Cuma arasındaki günahları affolunur.",İbadet ve Kulluk,10.09.2021,CUMA NAMAZI: HAFTALIK BULUŞMAMIZ
Müslim,Cum’a,3,"Üzerine güneş doğan en hayırlı gün cuma günüdür. Âdem o gün yaratıldı, o gün cennete konuldu ve o gün cennetten çıkarıldı. Kıyamet de ancak cuma günü kopacaktır.",İbadet ve Kulluk,19.07.2019,CUMA NAMAZI VE ADABI
Müslim,Eşribe,3,Sarhoş eden her şey içkidir ve her türlü içki haramdır.,"Afet, Kriz ve Sağlık",01.03.2024,ZARARLI ALIŞKANLIKLARIN ESİRİ OLMAYALIM
Müslim,Eşribe,3,Birinizin elindeki lokma yere düşerse ondaki toz toprağı gidersin ve onu yesin...,"Ekonomik Hayat: Kazanç, Zekat ve İsraf",25.01.2013,ALLAH’IN SEVMEDİĞİ DAVRANIŞ: İSRAF
Müslim,Eşribe,3,Sarhoş eden her şey içkidir ve her türlü içki haramdır.,"Afet, Kriz ve Sağlık",25.12.2020,İÇKİ: KÖTÜLÜĞÜN ZEHİRLİ ARKADAŞI
Müslim,Fedâil,3,"Göz yaşarır, kalp mahzun olur. Fakat biz Rabbimizin razı olacağı şeylerden başkasını söylemeyiz. Vallahi, Ey İbrâhim, biz senin ölümünden dolayı gerçekten üzgünüz.","İman, Tevhid ve Ahiret",05.10.2018,CENAZE ÂDÂBI: AHİRET YOLCUSUNA
Müslim,Fedâil,3,Benimle ümmetimin durumu (geceleyin) ateş yakan kimsenin hâline benzer. Böcekler ve kelebekler o ateşe düşmeye başlar. İşte ben de sizler ateşe girerken kuşaklarınızdan tutup engellemeye çalışıyorum.,Peygamberimiz ve Ashab,11.04.2014,KUTLU DOĞUM
Müslim,Fedâil,3,Biz peygamberler ana-baba bir kardeşler gibiyiz,"İman, Tevhid ve Ahiret",16.01.2015,ALLAH’IN KUTLU ELÇİLERİNE SAYGI
Müslim,Hac,3,"Üç mescit için ibadet maksadıyla yolculuğa çıkılabilir: Mescid-i Haram, Benim şu mescidim ve Mescid-i Aksa.",İslam Coğrafyası ve Küresel Meseleler,08.12.2017,KAPANMAYAN YARAMIZ: KUDÜS
Müslim,Hac,3,"Kadınlar hakkında Allah'tan korkun. Çünkü siz, onları Allah'ın emaneti olarak aldınız ve Allah'ın adını anarak (nikâh kıyıp) kendinize helâl kıldınız","Ekonomik Hayat: Kazanç, Zekat ve İsraf",09.03.2018,"İSLAM'DA KADIN: ADALET, MERHAMET VE HAKKANİYET"
Müslim,Hac,3,İyi bilin ki faizin her çeşidi kesinlikle kaldırılmıştır.,"Ekonomik Hayat: Kazanç, Zekat ve İsraf",23.08.2019,FAİZİN TOPLUMSAL ZARARLARI
Müslim,Nikâh,3,Sünnetimden yüz çeviren benden değildir.,"İman, Tevhid ve Ahiret",11.12.2015,DÜNYA-AHİRET DENGESİ
Müslim,Nikâh,3,"Kıyamet günü Allah katında hesabı sorulacak en büyük ihanetlerden biri, kişinin, eşinin mahremiyetini ifşa etmesidir.","Eğitim, Teknoloji, Çevre ve Toplumsal Değişim",14.02.2025,"MAHREMİYET, İNSANI SAYGIN KILAR"
Müslim,Nikâh,3,Allah senin için bu düğünü mübarek eylesin.,"Aile, Çocuk ve Nesil",20.07.2018,DÜĞÜN ÂDÂBI
Müslim,Vasiyye,3,"İnsan ölünce şu üçü dışında bütün amellerinin sevabı kesilir: Sadaka-i câriye yani faydası süregelen hayır, kendisinden istifade edilen ilim ve arkasından dua eden hayırlı evlât.","Ekonomik Hayat: Kazanç, Zekat ve İsraf",04.05.2018,KESİNTİSİZ HAYIR ÇEŞMESİ: VAKIFLAR
Müslim,Vasiyye,3,"İnsanoğlu ebediyete irtihal ettiği zaman amel defteri kapanır. Şu üç kişinin defteri ise kapanmaz ve bunlara sevap yazılmaya devam eder. Ardında sadaka-i câriye, yani kalıcı bir hayır bırakan kişi. İlmini insanlığın hayır ve hizmetine sunan kişi. Kendisine hayır duada bulunan evlat yetiştiren kişi.","Ekonomik Hayat: Kazanç, Zekat ve İsraf",10.05.2024,"MEDENİYETİMİZ, VAKIF MEDENİYETİDİR"
Müslim,Vasiyye,3,"İnsan ölünce üç şey dışında ameli kesilir. Sadaka-i câriye yani faydası kesintisiz devam eden hayır, kendisinden faydalanılan ilim ve kendisine dua eden hayırlı evlat.","Ekonomik Hayat: Kazanç, Zekat ve İsraf",17.08.2018,SADAKA-İ CÂRİYE
Müslim,Vasiyyet,3,"İnsan ölünce şu üçü dışında bütün amellerinin sevabı kesilir: Sadaka-i câriye yani faydası kalıcı hayır, kendisinden istifade edilen ilim ve arkasından dua eden hayırlı evlât.","Ekonomik Hayat: Kazanç, Zekat ve İsraf",14.05.2021,VAKIF: ŞEFKAT VE MERHAMET MEDENİYETİ
Müslim,Vasiyyet,3,Aslını vakfet. Mahsulünü de sadaka olarak dağıt.,"Ekonomik Hayat: Kazanç, Zekat ve İsraf",14.05.2021,VAKIF: ŞEFKAT VE MERHAMET MEDENİYETİ
Müslim,Vasiyyet,3,"İnsanoğlu ebediyete irtihal ettiği zaman amel defteri kapanır. Şu üç kişinin defteri ise kapanmaz ve bunlara sevap yazılmaya devam eder: Ardında sadakayı cariye, yani kalıcı bir hayır bırakan kişi. İlmini insanlığın hayır ve hizmetine sunan kişi. Kendisine hayır duada bulunan bir evlat yetiştiren kişi.",Kur'an-ı Kerim,22.06.2018,YAZ KUR’AN KURSLARI VE ÖNEMİ
Taberânî,el-Mu’cemu’l-evsat,3,"Allah Teâlâ, birinizin yaptığı işi en sağlam şekilde yapmasından memnun olur.","Afet, Kriz ve Sağlık",11.11.2022,ÖNCE TEDBİR SONRA TEVEKKÜL
Taberânî,el-Mu’cemu’l-evsat,3,"Eğer bu kişi, ailesinin ve çocuklarının geçimini sağlamak için çalışıyorsa, Allah yolundadır. Anne ve babasının ihtiyaçlarını gidermek için çalışıyorsa, Allah yolundadır. Kendi izzet ve onurunu korumak için çalışıyorsa yine Allah yolundadır.","Ekonomik Hayat: Kazanç, Zekat ve İsraf",25.04.2025,ALIN TERİ MUKADDESTİR
Taberânî,el-Mu’cemu’l-evsat,3,"Allah Teâlâ, istikamet üzere olan, saçları ağarmış ihtiyar bir Müslüman kendisine dua ettiğinde, duasını kabul etmemekten hayâ eder.","Aile, Çocuk ve Nesil",29.10.2021,"YAŞLILARIMIZA VEFA, RAHMET VE MAĞFİRET VESİLEMİZDİR"
Tirmizî,Fedâilü’l-cihâd,3,"Mümin, insanların can ve mal hususunda kendisine güvendiği kişidir. Müslüman; elinden ve dilinden insanlara zarar gelmeyen kimsedir.","Sabır, Tevekkül ve Manevi Olgunluk",10.04.2020,"İNSAN, SORUMLULUK SAHİBİDİR"
Tirmizî,Fedâilü’l-cihâd,3,"İki göz vardır ki cehennem ateşi onlara dokunmaz: Biri, Allah korkusundan ağlayan gözdür. İkincisi ise gecesini Allah yolunda nöbet tutarak geçiren gözdür!","Vatan, Millet ve Tarih",14.11.2025,VATAN VE MİLLET RUHUMUZ
Tirmizî,Fedâilü’l-cihâd,3,"İki göz vardır ki cehennem ateşi onlara dokunmaz: İlki, Allah korkusundan ağlayan göz. İkincisi ise gecesini Allah yolunda nöbet tutarak geçiren göz.","Vatan, Millet ve Tarih",30.08.2024,"BİZİ BİZ YAPAN, BİZİ MİLLET KILAN RUH"
Tirmizî,Savm,3,"ilk gecesinden itibaren şeytanların bağlandığı, cehennem kapılarının kapatıldığı, cennet kapılarının açıldığı, sayısız müminin ateşten azat edildiği","Ramazan, Oruç ve Bayramlar",03.05.2019,HOŞ GELDİN YA ŞEHR-İ RAMAZAN
Tirmizî,Savm,3,Ey iyilik isteyen! İbadete ve kulluğa gel! Ey kötülük isteyen! Günahlarından vazgeç!,"Ramazan, Oruç ve Bayramlar",25.05.2018,ORUÇ VE KUR’ÂN AYI RAMAZAN
Tirmizî,Savm,3,"Şaban ayının yarısına denk gelen bu gece, Allah dünya semasına rahmetiyle tecelli eder ve Kelb kabilesinin koyunlarının yünlerinden daha fazla sayıda insanı affeder.","Kandiller, Muharrem ve Mübarek Geceler",26.03.2021,BERAT GECESİ: AF VE MAĞFİRET GECESİ
Tirmizî,Tefsîru’l-Kur’ân,3,Kul bir günah işlediği zaman kalbinde siyah bir nokta oluşur. Bundan vazgeçip tövbe ve istiğfar ederse kalbi parlar. Günaha devam ederse siyah nokta artar ve sonunda tüm kalbini kaplar.,"İman, Tevhid ve Ahiret",10.10.2025,CENÂB-I HAKK’IN NAZARGÂHI: KALP
Tirmizî,Tefsîru’l-Kur’ân,3,"Bu Kurban Bayramı gününüz, bu Zilhicce ayınız, bu Mekke şehriniz nasıl saygın ise kanlarınız, mallarınız, şeref ve haysiyetiniz de aynı şekilde saygındır, dokunulmazdır… Dikkat edin! Müslüman, Müslümanın kardeşidir. Müslümana, gönül rızası olmadan kardeşinin malı helâl olmaz…",Peygamberimiz ve Ashab,12.04.2013,PEYGAMBERİMİZ VE İNSAN ONURU
Tirmizî,Tefsîru’l-Kur’ân,3,İnsanlar nazarında kişiyi yücelten malı ise de Allah katında onu yücelten takvasıdır.,"İman, Tevhid ve Ahiret",24.09.2021,TAKVA: RABBİMİZİN RIZASINI DİRİ TUTMA BİLİNCİ
İbn Mâce,Et’ıme,3,"Aranızda selâmı yayın. Birbirinize ikramda bulunun. Sıla-i rahmi, akrabalık ilişkilerini gözetin…","Toplumsal Dayanışma, Merhamet ve Kardeşlik",08.07.2016,RABBİMİZE YAKINLAŞMA VESİLESİ: SILA-İ RAHİM
İbn Mâce,Et’ıme,3,"Ey insanlar! Selâmı aranızda yayın, yemek yedirin, akrabalık bağlarınızı gözetin, insanlar uykuda iken namaz kılın ve selametle cennete girin","Ramazan, Oruç ve Bayramlar",20.03.2026,RAMAZAN BAYRAMI
İbn Mâce,Et’ıme,3,"Ey insanlar! Selâmı aranızda yayın, yemek yedirin, akrabalık hukukunu gözetin","Ramazan, Oruç ve Bayramlar",27.05.2026,KURBAN BAYRAMI
İbn Mâce,Sünnet,3,"Ben, ancak bir öğretmen olarak gönderildim.","Eğitim, Teknoloji, Çevre ve Toplumsal Değişim",05.09.2025,İLİM HAKKI BİLMEKTİR
İbn Mâce,Sünnet,3,"İlim öğreten kimseye, öğrettiği ilimle amel edenlerin kazandıkları kadar ecir verilir…","Toplumsal Dayanışma, Merhamet ve Kardeşlik",21.11.2025,ŞİDDETİN ÇARESİ MERHAMET EĞİTİMİ
İbn Mâce,Sünnet,3,"İlim öğreten kimseye, öğrettiği ilimle amel edenlerin kazandıkları sevap kadar sevap verilir…","Eğitim, Teknoloji, Çevre ve Toplumsal Değişim",22.11.2024,"İLİM İZZETE, ŞİDDET ZİLLETE GÖTÜRÜR"
İbn Mâce,Tahâret,3,"Evet, akan bir nehirden abdest alsan bile","Ekonomik Hayat: Kazanç, Zekat ve İsraf",08.06.2018,"AFİYET OLSUN, İSRAF OLMASIN"
İbn Mâce,Tahâret,3,"Ben size, bir babanın evladına öğrettiği gibi öğretiyorum",Peygamberimiz ve Ashab,18.02.2022,PEYGAMBERİMİZİN AHLAKI KUR’AN’DI
İbn Mâce,Tahâret,3,Akan bir nehirden bile abdest alırken suyu gereksiz kullanmak israf olur.,"Ekonomik Hayat: Kazanç, Zekat ve İsraf",18.07.2025,SUYUMUZU İSRAF ETMEYELİM
Buhârî,Deavât,2,"Rabbini zikreden ile zikretmeyenin durumu, diri ile ölünün durumu gibidir.",İbadet ve Kulluk,02.06.2023,KALPLER ALLAH’I ZİKRETMEKLE HUZURA KAVUŞUR
Buhârî,Deavât,2,"Rabbini zikreden ile zikretmeyenin durumu, diri ile ölünün durumuna benzer.","Sabır, Tevekkül ve Manevi Olgunluk",13.11.2015,ZİKİR: KALPLERE HAYAT VEREN İKSİR
Buhârî,Edep,2,"Rızkının bol, ömrünün bereketli olmasını arzu eden, akrabalık bağını devam ettirsin.","Toplumsal Dayanışma, Merhamet ve Kardeşlik",11.08.2023,SILA-İ RAHİM: RAHMET VE BEREKET VESİLEMİZ
Buhârî,Edep,2,"Nasıl bir uzvu rahatsızlandığında bedenin diğer uzuvları uykusuzluk ve ateş ile onun için çırpınırsa, müminleri de birbirine karşı merhamet, muhabbet ve şefkat gösterme hususunda böyle bir beden bütünlüğü içerisinde görürsün.",İslam Coğrafyası ve Küresel Meseleler,18.07.2014,MAZLUMLARIN ÜMİDİ OLABİLMEK
Buhârî,Ehâdîsü’l-Enbiyâ,2,Utanmazsan dilediğini yap.,"İman, Tevhid ve Ahiret",13.10.2017,CENNET YOLCUSU OLABİLMEK
Buhârî,Ehâdîsü’l-Enbiyâ,2,Utanmadıktan sonra dilediğini yap.,"İman, Tevhid ve Ahiret",27.11.2015,İMANI HAYAT KILABİLMEK
Buhârî,Mevâkîtü’s-salât,2,İşte beş vakit namaz da böyledir. Allah bu namazlarla günahları yok eder.,İbadet ve Kulluk,13.12.2019,NAMAZ: RABBİMİZE YAKIN OLMA ÇABAMIZ
Buhârî,Mevâkîtü’s-salât,2,"İkindi namazını kılmayan kimse, sanki ailesini ve malını yitirmiş gibidir.",İbadet ve Kulluk,26.09.2025,"PEYGAMBERİMİZ (S.A.S), CAMİ VE NAMAZ"
Buhârî,Müsâkât,2,Her canlıya yapılan iyilikte bir sevap vardır.,"Toplumsal Dayanışma, Merhamet ve Kardeşlik",25.11.2022,MERHAMET TOPLUMU
Buhârî,Müsâkât,2,Her canlıya yapılan iyilikte sevap vardır.,"Ahlak, Erdem ve Söz",29.01.2021,HAYVANLARA MERHAMET: DİNÎ VE İNSANÎ SORUMLULUĞUMUZ
Dârimî,Siyer,2,"Allah katında komşuların en hayırlısı, komşusuna en güzel davranandır.","Toplumsal Dayanışma, Merhamet ve Kardeşlik",05.04.2019,MÜSLÜMAN HAYIRLI BİR KOMŞUDUR
Dârimî,Siyer,2,Fetihten sonra hicret yoktur.,"Kandiller, Muharrem ve Mübarek Geceler",24.10.2014,HİCRET: FITRATA YAPILAN YOLCULUK
Ebû Dâvûd,Cenâiz,2,Cenaze namazı kıldığınız zaman ölen kimseye samimiyetle dua ediniz,"İman, Tevhid ve Ahiret",05.10.2018,CENAZE ÂDÂBI: AHİRET YOLCUSUNA
Ebû Dâvûd,Cenâiz,2,"Bir yerde veba olduğunu duyarsanız oraya girmeyin, bulunduğunuz yerde veba çıkarsa o bölgeden de ayrılmayın!","Afet, Kriz ve Sağlık",27.03.2020,ZORLUKLAR KARŞISINDA MÜMİN
Ebû Dâvûd,Cihâd,2,Anne babanın yanına geri dön ve her ikisini de nasıl ağlattıysan öylece güldür!,"Aile, Çocuk ve Nesil",02.09.2022,ANNE BABA: CENNETİ KAZANMA VESİLESİ
Ebû Dâvûd,Cihâd,2,Onların yanına geri dön ve ikisini de nasıl ağlattıysan öylece güldür!,Peygamberimiz ve Ashab,22.10.2021,"ONUN BİZE MİRASI, EŞSİZ VEFASI"
Ebû Dâvûd,Kadâ’ (Akdiye),2,"Kim zarar verirse Allah da ona zarar verir. Kim insanlara güçlük çıkarırsa, Allah da ona güçlük çıkarır.","Toplumsal Dayanışma, Merhamet ve Kardeşlik",13.09.2019,HER CAN DOKUNULMAZDIR
Ebû Dâvûd,Kadâ’ (Akdiye),2,"Kim insanlara zarar verirse Allah da ona zarar verir. Kim insanlara zorluk çıkarırsa, Allah da ona zorluk çıkarır.","Ekonomik Hayat: Kazanç, Zekat ve İsraf",25.04.2025,ALIN TERİ MUKADDESTİR
Ebû Dâvûd,Nikâh,2,"Nikâhın en hayırlısı, en kolay olanıdır.","Aile, Çocuk ve Nesil",13.06.2025,DÜĞÜN YAPMANIN DA BİR ÂDÂBI VARDIR
Ebû Dâvûd,Nikâh,2,"Nikâhın en hayırlısı, en kolay olanıdır","Aile, Çocuk ve Nesil",26.06.2026,AİLE OLMAK
Ebû Dâvûd,Tahâret,2,Kadın ve erkek bir bütünü tamamlayan iki eşit parçadır.,"Aile, Çocuk ve Nesil",08.03.2013,BİR KUL OLARAK KADIN
Ebû Dâvûd,Tahâret,2,Bir bütünün birbirini tamamlayan iki yarısı,"Ekonomik Hayat: Kazanç, Zekat ve İsraf",09.03.2018,"İSLAM'DA KADIN: ADALET, MERHAMET VE HAKKANİYET"
Müslim,Cennet,2,Giyinik çıplaklardır.,"Ahlak, Erdem ve Söz",01.08.2025,"HAYÂ: ALLAH’IN EMRİ, FITRATIN GEREĞİ"
Müslim,Cennet,2,"Allah bana, mütevazı olup birbirinize karşı övünmemenizi ve birbirinize karşı haddi aşan davranışlarda bulunmamanızı vahyetti.","Ahlak, Erdem ve Söz",20.09.2019,TEVAZU İNSANI YÜCELTİR
Müslim,Fedâilü’s-Sahâbe,2,"Bu güzel davranışlar kimde bulunursa, o mutlaka cennete girer.","İman, Tevhid ve Ahiret",06.07.2018,ALLAH’IN RIZASINA ULAŞTIRAN SALİH AMELLER
Müslim,Fedâilü’s-Sahâbe,2,Ben onun sevgisi ile rızıklandırıldım.,"Aile, Çocuk ve Nesil",12.09.2025,PEYGAMBERİMİZ VE AİLE AHLAKI
Müslim,Müsâfirîn,2,Allah’ım! Beni güzel ahlaka eriştir. Senden başka güzel ahlaka eriştirecek yoktur. Kötü ahlakı benden uzaklaştır. Senden başka kötü ahlakı benden uzaklaştıracak yoktur.,Peygamberimiz ve Ashab,04.09.2026,PEYGAMBERİMİZ VE GÜZEL AHLAK
Müslim,Müsâfirîn,2,Allah katında amellerin en sevimlisi az da olsa devamlı olanıdır.,"Ramazan, Oruç ve Bayramlar",20.03.2026,HAYATI RAMAZAN KILMAK
Müslim,Salât,2,Kuluma dilediği verilecektir.,Kur'an-ı Kerim,08.01.2021,FÂTİHA SÛRESİ: KUR’AN’IN MUKADDİMESİ
Müslim,Salât,2,Kulun Rabbine en yakın olduğu an secde halidir,İbadet ve Kulluk,09.01.2026,NAMAZ
Müslim,İmâre,2,Câhiliye ölümü,"Aile, Çocuk ve Nesil",05.06.2015,"İSLÂM, IRKÇILIĞIN HER TÜRLÜSÜNÜ REDDEDER"
Müslim,İmâre,2,Sizden kimi bir işte görevlendirirsek ve o da bizden iğne miktarı ya da daha büyük bir şeyi gizlerse bu bir ihanet olur ve kıyamet günü onu (kendi elleriyle) getirir.,"Ahlak, Erdem ve Söz",27.03.2015,KUL VE KAMU HAKKI
Nesâi,Gusül,2,"Allah halîmdir, hayâ sahibidir, kusurları örtendir. Hayâyı ve örtünmeyi sever.","Ahlak, Erdem ve Söz",16.09.2022,"TAKVA, HAYÂ VE TESETTÜR"
Nesâi,Gusül,2,"Allah halîmdir, hayâ sahibidir, kusurları örtendir. Hayâyı ve örtünmeyi sever…","Ahlak, Erdem ve Söz",26.07.2019,BEDEN MAHREMİYETİ VE TESETTÜR
Nesâi,Işratü’n-nisâ’,2,Gözümün nuru,"Kandiller, Muharrem ve Mübarek Geceler",13.04.2018,MİRAÇ KANDİLİ: KULUN ALLAH'A YAKIN OLMA ÇABASI
Nesâi,Işratü’n-nisâ’,2,Gözümün nuru,"Kandiller, Muharrem ve Mübarek Geceler",29.03.2019,MİRAÇ GECESİ
Nesâi,Sıyâm,2,"Mübarek Ramazan ayı geldi. Yüce Allah bu ayda size oruç tutmayı farz kıldı. Bu ayda cennet kapıları açılır, cehennem kapıları kapanır...","Ramazan, Oruç ve Bayramlar",13.02.2026,RAMAZAN İKLİMİ
Nesâi,Sıyâm,2,"Mübarek Ramazan ayına kavuştunuz. Yüce Allah bu ayda size oruç tutmayı farz kıldı. Bu ayda cennet kapıları açılır, cehennem kapıları ise kapanır ve şeytanların azgınları bağlanır.","Ramazan, Oruç ve Bayramlar",24.04.2020,RAMAZAN: SABIR VE İRADE EĞİTİMİ
Taberânî,el-Mu’cemü’l-kebîr,2,"Allah kişinin, işini sağlam yapmasından hoşlanır",Peygamberimiz ve Ashab,21.08.2026,MEVLİD-İ NEBİ
Taberânî,el-Mu’cemü’l-kebîr,2,"Hastalandığında ziyaret etmen, öldüğünde cenazesine katılman, borç istediğinde vermen, muhtaç olduğunda ihtiyacını karşılaman, hayırlı işlerini tebrik etmen, musibet anında sabrı tavsiye etmendir.","Toplumsal Dayanışma, Merhamet ve Kardeşlik",21.10.2022,KOMŞULUK HUKUKU
Tirmizî,Daavât,2,"Dua, ibadetin özüdür",İbadet ve Kulluk,06.06.2014,"DUA, İBADETİN ÖZÜDÜR"
Tirmizî,Daavât,2,"Allah'ım! Kulağımın kötülüğünden, gözümün kötülüğünden, dilimin kötülüğünden, kalbimin kötülüğünden sana sığınırım.","Ahlak, Erdem ve Söz",28.11.2014,DİLİN ESİRİ OLMAYALIM!
İbn Hişâm,Sîret,2,"Amca! Güneşi sağ elime, ayı da sol elime verseler, ben bu davadan asla vazgeçmem. Allah, ya dinini üstün kılar, ya da ben bu yolda canımı veririm.","Ahlak, Erdem ve Söz",19.08.2016,MÜMİN VE EMANET BİLİNCİ
İbn Hişâm,Sîret,2,Bunları eğer o söylemişse mutlaka doğrudur.,"Ahlak, Erdem ve Söz",23.01.2015,ERDEMLİ BİR DURUŞ: SADÂKAT
İbn Mâce,Ahkâm,2,Zarar vermek de yok! Zarara uğramak da yok!,"Toplumsal Dayanışma, Merhamet ve Kardeşlik",13.09.2019,HER CAN DOKUNULMAZDIR
İbn Mâce,Ahkâm,2,"Zarar vermek de, zarara zararla karşılık vermek de yoktur","Aile, Çocuk ve Nesil",24.04.2020,RAMAZAN: SABIR VE İRADE EĞİTİMİ
İbn Mâce,Et’ime,2,Korkma! Ben de senin gibi kuru et yiyen bir kadının oğluyum.,"Kandiller, Muharrem ve Mübarek Geceler",08.11.2019,MEVLİD-İ NEBİ
İbn Mâce,Et’ime,2,Endişelenme! Ben de senin gibi kuru et yiyen bir kadının oğluyum.,Peygamberimiz ve Ashab,29.08.2025,ÂLEMLERE RAHMET HZ. MUHAMMED (S.A.S)
İbn Mâce,Fiten,2,Zalimin zulmünü önlemedikçe size de kurtuluş yoktur.,İslam Coğrafyası ve Küresel Meseleler,04.10.2024,ZULÜM ASLA PAYİDAR OLMAZ
İbn Mâce,Fiten,2,Zalimin zulmünü önlemedikçe size de kurtuluş yoktur.,İslam Coğrafyası ve Küresel Meseleler,07.04.2017,ZULÜM EBEDİ DEĞİLDİR
Ahmed b. Hanbel,,1,Ne mutlu beni görmeden iman edenlere,Peygamberimiz ve Ashab,04.09.2026,PEYGAMBERİMİZ VE GÜZEL AHLAK
Ahmed b. Hanbel,Müsned IV,1,"Konstantiniyye mutlaka fetholunacaktır. Onu fetheden komutan ne güzel komutandır! Ve o asker, ne güzel askerdir!","Vatan, Millet ve Tarih",28.05.2021,"YÜCE ALLAH, MÜMİNLERİN YARDIMCISIDIR"
Beyhakî,es-Sünenü’l-kübrâ,1,Komşusu açken tok yatan kimse hakkıyla iman etmiş sayılmaz,"Toplumsal Dayanışma, Merhamet ve Kardeşlik",05.04.2019,MÜSLÜMAN HAYIRLI BİR KOMŞUDUR
Buhârî,Bed’ü’l-halk,1,"Ben salih kullarım için cennette hiçbir gözün görmediği, hiçbir kulağın işitmediği ve hiçbir insanın hayal edemeyeceği birtakım nimetler hazırladım.","İman, Tevhid ve Ahiret",20.11.2020,CENNET: MÜMİNLERİ BEKLEYEN SONSUZ NİMET
Buhârî,Fadlü’s-salât,1,"Yeryüzünde ibadet gayesiyle sadece üç mescid için yolculuğa çıkılır: Mescid-i Harâm, Mescid-i Nebevî ve Mescid-i Aksâ.",İslam Coğrafyası ve Küresel Meseleler,07.02.2020,KUDÜS İSLAM YURDUDUR
Buhârî,Ferâiz,1,"Her kim öldükten sonra geride mal bırakırsa, o mal mirasçılarınındır.","Toplumsal Dayanışma, Merhamet ve Kardeşlik",15.01.2021,MİRAS: HER HAK SAHİBİNE HAKKINI VERMEK
Buhârî,Menakıb,1,Yavrum! Sorumluluklarını yerine getir ve kendini ateşten koru. Yaşadığım müddetçe babalık görevimi eksiksiz yerine getiririm. Lâkin hesap günü sana bir faydam dokunmaz.,"Sabır, Tevekkül ve Manevi Olgunluk",19.01.2018,ÖNCE KENDİMİZDEN SORUMLUYUZ
Buhârî,Merdâ,1,"Batan bir diken bile olsa Müslüman'ın başına gelen her bir musibeti, Allah onun günahlarına kefaret kılar.","Afet, Kriz ve Sağlık",16.08.2019,GÜVENLİ BİR HAYAT İÇİN AFETLERE HAZIR OLALIM
Buhârî,Meğâzî,1,"Allah’a yemin olsun ki Rabbimizin senin vesilenle bir kişiyi hidayete erdirmesi, senin için dünyadan ve içindekilerden daha hayırlıdır","Ahlak, Erdem ve Söz",25.09.2026,TEBLİĞ SORUMLULUĞUMUZ
Buhârî,Sulh,1,"İki kişinin arasını bulman, iki kişinin arasında adaletle hükmetmen sadakadır.","Ahlak, Erdem ve Söz",04.04.2014,DOĞRULUK VE SADAKA
Buhârî,Tıb,1,"Allah, indirdiği her hastalığın muhakkak şifasını da vermiştir.","Afet, Kriz ve Sağlık",13.03.2020,TEDBİR MÜMİN’DEN TAKDİR ALLAH’TANDIR
Buhârî,Tıp,1,"Hastalık taşıyan kişi, sağlam kişinin yanına gitmesin!","Afet, Kriz ve Sağlık",27.03.2020,ZORLUKLAR KARŞISINDA MÜMİN
Buhârî,İmân,1,"Din kolaylıktır. Bir kişi takatinin üstünde ibadete kalkışırsa din karşısında aciz kalır. Bunun için aşırıya kaçmayınız, dosdoğru yolu tutunuz ve (salih amellerden alacağınız mükâfattan ötürü) sevininiz.","Sabır, Tevekkül ve Manevi Olgunluk",06.03.2015,"ALLAH, AŞIRI GİDENLERİ SEVMEZ"
Buhârî,İstikrâz,1,Hepiniz birer sorumlusunuz ve hepiniz yönettiklerinizden mesulsünüz…,"Sabır, Tevekkül ve Manevi Olgunluk",10.04.2020,"İNSAN, SORUMLULUK SAHİBİDİR"
Dârimî,Büyû’,1,"İyilik, gönlünü huzura kavuşturan ve içine sinen şeydir. Kötülük ise insanlar sana fetva verseler bile, gönlünü huzursuz eden ve içinde kuşku bırakan şeydir.","Ahlak, Erdem ve Söz",08.03.2019,İYİLİK PAYLAŞTIKÇA ÇOĞALIR
Ebû Dâvûd,Büyû’,1,"Bunlar, aralarında akrabalık bağı ya da herhangi bir menfaat bulunmayan, sırf Allah için birbirlerini sevenlerdir.","Toplumsal Dayanışma, Merhamet ve Kardeşlik",26.05.2023,BİRLİK VE BERABERLİK RUHU
Ebû Dâvûd,Büyû’ (İcâre),1,Çocuklarınız arasında adaletli davranın.,"Toplumsal Dayanışma, Merhamet ve Kardeşlik",15.12.2023,ADALET: HER HAK SAHİBİNE HAKKINI VERMEK
Ebû Dâvûd,Fiten ve Melâhim,1,"Şüphesiz bahtiyar kimse, fitnelerden uzak kalandır. Bir musibete uğradığında sabredendir. Yazıklar olsun fitneye sebebiyet verenlere ve destek olanlara!","Ahlak, Erdem ve Söz",15.01.2016,İMTİHANIN ADI: FİTNE
Ebû Dâvûd,Harâc,1,"Kimi bir işte görevlendirip yaptığı işin karşılığı bir ücret verdiysek, onun bu ücret dışında alacağı her şey emanete hıyanettir.","Ahlak, Erdem ve Söz",27.03.2015,KUL VE KAMU HAKKI
Ebû Dâvûd,Melâhim,1,Dünyayı aşırı sevmek ve ölümü kötü görmektir!,"İman, Tevhid ve Ahiret",09.08.2024,VEHEN: BİRLİK VE BERABERLİĞİMİZİN ÖNÜNDEKİ BÜYÜK ENGEL
Ebû Dâvûd,Menâsik,1,"Bu hataların bir önemi yok. Yeter ki bir kimse, bir başkasının ırzına, haysiyet ve iffetine saldırmamış olsun. Kim bunu yaparsa günah işlemiş ve helak olmuştur.","Toplumsal Dayanışma, Merhamet ve Kardeşlik",20.02.2015,KADINA EL KALKMAZ!
Ebû Dâvûd,Vitir,1,"Allahım! Seni anıp zikretmek, nimetine şükretmek, sana en güzel şekilde kulluk etmek için bana yardım eyle!","Sabır, Tevekkül ve Manevi Olgunluk",06.02.2015,ŞÜKÜR NİMETLERİ ARTIRIR
Hakim,De’avât,1,"Allah'ım! Helâl olan nimetlerinle yetinmemi, haramlardan müstağni olmamı ihsan eyle! Fazlı kereminle beni senden başkasına muhtaç eyleme!","Afet, Kriz ve Sağlık",28.02.2014,"İMAN, ÖZGÜRLÜK VE BAĞIMLILIK"
Hakim,el-Müstederek,1,Ben güzel ahlâkı tamamlamak üzere gönderildim.,"Ahlak, Erdem ve Söz",22.08.2014,HAYÂ HAYATTIR!
Hakim,el-Müstedrek,1,"Beş şey gelmeden önce beş şeyin değerini iyi bil; ölümden önce hayatın, meşguliyetten önce boş zamanın, yokluktan önce varlığın, ihtiyarlıktan önce gençliğin ve hastalıktan önce sağlığın","Sabır, Tevekkül ve Manevi Olgunluk",30.12.2011,ZAMAN BİLİNCİ
Heysemî,Mecmeu’z-zevâid,1,"Ramazan ayı size bereketiyle geldi, Allah bu ayda sizi zengin kılar, bundan dolayı size rahmet indirir, hataları yok eder, bu ayda duaları kabul eder. Allah Teâlâ sizin ibadet ve hayır konusunda birbirinizle yarış etmenize bakar ve meleklerine karşı sizinle övünür. O halde iyilik ve hayırdan yana Allah Teâlâ'ya kendinizi gösterin. Ramazan ayında Allah'ın rahmetinden kendisini mahrum eden kimse bed","Ramazan, Oruç ve Bayramlar",03.05.2019,HOŞ GELDİN YA ŞEHR-İ RAMAZAN
Muvatta,Hüsnü’l-hulk,1,"Birbirinizle musafaha edin, el sıkışın ki içinizdeki kin gitsin. Birbirinize hediyeler verin ki sevginiz artsın, düşmanlıklar yok olsun.","Ramazan, Oruç ve Bayramlar",21.04.2023,"RAMAZAN BAYRAMI: NEŞE, HUZUR VE KARDEŞLİK GÜNLERİ"
Muvatta,Kader,1,"Size iki şey bırakıyorum, onlara sımsıkı sarıldığınız sürece yolunuzu asla şaşırmazsınız. Bunlar, Allah'ın Kitabı ve Peygamberinin sünnetidir.","Vatan, Millet ve Tarih",12.07.2019,"15 TEMMUZ’U ANMAK, İHANETİ ANLAMAK"
Muvatta,İ’tikâf,1,Kadir gecesini Ramazanın son on gününde arayın!,"Kandiller, Muharrem ve Mübarek Geceler",22.04.2022,LEYLETÜ’L-KADR: İLAHİ LÜTUF VE İKRAM GECESİ
Muvatta,Şa’r,1,"Sırf benim için birbirini seven, benim rızam için toplanan, benim rızam uğrunda birbirini ziyaret eden ve sadece benim rızam için sadaka verip iyilik edenler, benim sevgimi hak ederler","İman, Tevhid ve Ahiret",03.04.2015,"HAKİKİ SEVGİ: ALLAH’I SEVMEK, ALLAH İÇİN SEVMEK"
Münzirî,el-Terğîb ve’t-Terhîb,1,Müslüman kardeşini sevindirmen mağfiret vesilesidir.,"Ramazan, Oruç ve Bayramlar",15.10.2013,KURBAN BAYRAMI
Müslim,Kitâbü’l-Fedâil,1,"Ben Muhammedim, ben Ahmedim, ben rahmet peygamberiyim",Peygamberimiz ve Ashab,10.01.2014,MEVLİD-İ NEBİ
Müslim,Radâ’,1,Mümin bir kimse eşine karşı nefret beslemesin. Onun bir davranışından hoşlanmasa da razı olduğu bir başka davranışı mutlaka vardır,"Aile, Çocuk ve Nesil",26.10.2018,AİLEDE ŞEFKAT VE NEZAKET DİLİ
Müslim,Savm,1,Oruç bir kalkandır.,"Ramazan, Oruç ve Bayramlar",19.08.2012,RAMAZAN BAYRAMI
Müslim,Sıfâtu’l Münâfikın,1,"Biliniz ki, Allah katında amellerin en makbulü, az da olsa devamlı olanıdır.","Ramazan, Oruç ve Bayramlar",17.07.2015,RAMAZAN MEKTEBİNİN ÖĞRETTİKLERİ
Müslim,Sıfâtü’l-münâfikîn,1,Ya Âişe! Şükreden bir kul olmayayım mı?,Peygamberimiz ve Ashab,22.10.2021,"ONUN BİZE MİRASI, EŞSİZ VEFASI"
Müslim,Tahâre,1,"Bir Müslüman, farz bir namaz için abdest alıp bütün erkânına riayet ederek namaz kılarsa, o namaz, büyük günah işlemedikçe, önceki günahlarına keffaret olur.",İbadet ve Kulluk,16.01.2015,"BİR TEKELLÜF DEĞİL, NİMET OLARAK NAMAZ"
Müslim,Tevbe,1,"Rabbimiz, kulunun tövbe etmesine, önemli bir eşyasını kaybedip sonradan o eşyayı bulan birisinin sevindiğinden daha fazla sevinir.","Kandiller, Muharrem ve Mübarek Geceler",23.02.2024,BERAT GECESİ: GÜNAHLARDAN ARINMA VESİLESİ
Nesâi,Cenâiz,1,"Ağız tadını kaçıran, lezzetleri yok eden ölümü çokça hatırlayın.","İman, Tevhid ve Ahiret",27.02.2015,ÖLÜM VE ÖTESİ
Nesâi,Dahâyâ,1,Haksız yere bir serçeyi öldürenden Cenab-ı Allah kıyamet gününde hesap soracaktır.,"Toplumsal Dayanışma, Merhamet ve Kardeşlik",15.04.2011,MERHAMET EĞİTİMİ
Nesâi,Gusül ve Teyemmüm,1,"Allah hayâ sahibidir, ayıp ve kusurları örtendir.","Ahlak, Erdem ve Söz",22.08.2014,HAYÂ HAYATTIR!
Nesâi,Mesâcid,1,"Bir kimse camiye gitme niyetiyle evinden çıktığında, attığı bir adımı için kendisine bir sevap yazılır, diğer adımı için de kendisinden bir günah silinir.","Ramazan, Oruç ve Bayramlar",20.02.2026,"RAMAZAN, CAMİ VE HAYAT"
Nesâi,Muhârebe,1,"Namaz, kıyamet günü kulun ilk hesaba çekileceği ameldir.","Kandiller, Muharrem ve Mübarek Geceler",25.02.2022,MÜMİNİN MİRACI NAMAZ
Nesâi,Tatbik,1,"Durum düşündüğünüz gibi değildir. Secdeye vardığımda sevgili torunum sırtıma çıkmıştı. Gönlü hoş olsun, düşüp canı incinmesin diye yere inmesini bekledim.","Aile, Çocuk ve Nesil",09.06.2017,KUR’AN AYINDA KUR’AN’LA BULUŞALIM
Nesâi,Îmân,1,"Müslüman, dilinden ve elinden insanların selâmette olduğu kişidir",Peygamberimiz ve Ashab,21.08.2026,MEVLİD-İ NEBİ
Süyûtî,el-Fethü’l-kebîr,1,"Bismillâhirrahmânirrahîm ile başlanmayan her önemli iş, bereketsiz ve sonuçsuzdur.",İbadet ve Kulluk,12.01.2024,ALLAH’IN RAHMET VE İNAYETİNE SIĞINMANIN ADI: EÛZÜ-BESMELE
Taberânî,el-Mu’cemü’s-sağîr,1,Müslümanların haline duyarsız kalan kimse onlardan değildir.,İslam Coğrafyası ve Küresel Meseleler,08.09.2017,MAZLUMUN YANINDA YER ALMAK
Tirmizî,Ahkâm,1,"İnsanoğlu ebediyete irtihal ettiği zaman amel defteri kapanır. Şu üç kişinin defteri ise kapanmaz ve bunlara sevap yazılmaya devam eder. Ardında sadakayı cariye, yani kalıcı bir hayır bırakan kişi. İlmini insanlığın hayır ve hizmetine sunan kişi. Kendisine hayır duada bulunan bir evlat yetiştiren kişi.",Kur'an-ı Kerim,20.06.2014,"CAMİYE KOŞALIM, KUR’AN’LA BULUŞALIM"
Tirmizî,De’avât,1,"...Rabbim! Beni hidayete erdir ve hidayeti bana kolaylaştır! Bana kötülük edene karşı yardımını benden esirgeme! Zulmedenlere karşı bana yardım eyle! Rabbim! Beni sana şükreden, seni zikreden, senin azabından korkan, sana itaat eden, sadece sana boyun eğen, sana yönelip yakaran bir kişi kıl! Rabbim! Tevbemi kabul eyle, günah ve hatalarımı temizle, duâmı kabul et!","İman, Tevhid ve Ahiret",30.01.2015,ALLAH’IN SON DİNİ İSLAM
Tirmizî,Edeb,1,"Allah her türlü noksanlıktan, kusurdan münezzehtir, davranışlarında, sözlerinde nezih olan kullarını sever; temizdir, temiz kullarını sever.",İbadet ve Kulluk,19.10.2018,MADDİ VE MANEVİ ARINMA: TEMİZLİK
Tirmizî,Sıfatü’l-Kıyame,1,"Ey Âişe, geriye bıraktığın değil, dağıttığın bizimdir.","Ramazan, Oruç ve Bayramlar",15.06.2018,KULLUK BİLİNCİYLE BİR ÖMÜR GEÇİRMEK
Tirmizî,Zekât,1,"Kuşkusuz sadaka, Rabbin gazabını söndürür ve kötü bir şekilde ölmeyi önler.","Ekonomik Hayat: Kazanç, Zekat ve İsraf",10.05.2019,RAMAZAN VE İNFAK
Tirmizî,Şemâil,1,"Resûlüllah, her zaman güler yüzlü, yumuşak huylu ve nazikti. Asla kötü huylu, katı kalpli, bağırıp çağıran, çirkin sözlü, kusur bulan ve cimri bir kimse değildi. Hoşlanmadığı şeyleri görmezlikten gelir, kendisinden beklentisi olan kimseleri hayal kırıklığına uğratmaz, onların isteklerini boşa çıkarmazdı…",Peygamberimiz ve Ashab,18.02.2022,PEYGAMBERİMİZİN AHLAKI KUR’AN’DI
İbn Mâce,Cenâiz,1,Namaza dikkat edin!,İbadet ve Kulluk,26.09.2025,"PEYGAMBERİMİZ (S.A.S), CAMİ VE NAMAZ"
İbn Mâce,Duâ,1,"Rabbim! Beni sana çokça şükreden, seni çokça zikreden, senin azabından çekinen, sana hakkıyla itaat eden, sadece senin için eğilen, daima sana yalvarıp yönelen bir kişi eyle!","Ekonomik Hayat: Kazanç, Zekat ve İsraf",29.04.2022,HAYATI HELAL KILABİLMEK
İbn Mâce,Eşribe,1,Sakın içki içme. Çünkü içki her kötülüğün anahtarıdır,"Afet, Kriz ve Sağlık",27.02.2026,BAĞIMLILIKLA MÜCADELEDE RAMAZAN BİR FIRSATTIR
İbn Mâce,Menâsik,1,"Kardeşim! Duana bizi de ortak et, bizi unutma.",İbadet ve Kulluk,10.02.2017,MÜMİNCE YAKARIŞIN ADI: DUA
İbn Mâce,Mukaddime,1,"Ben size gecesi gündüz gibi, apaçık bir yol bıraktım.",Peygamberimiz ve Ashab,28.10.2016,DÎN-İ MÜBÎN-İ İSLAM
İbn Mâce,Sıyâm,1,"… Ramazan ayında öyle bir gece vardır ki, bin aydan daha hayırlıdır. Bu gecenin hayrından mahrum kalan, bin ayın hayrından mahrum kalmış gibidir.","Kandiller, Muharrem ve Mübarek Geceler",10.07.2015,"KADİR GECESİ, KADİR BİLENLER İÇİNDİR"
İbn Mâce,Tıb,1,Tedavi olunuz. Çünkü Allah yarattığı her hastalığın mutlaka şifasını da yaratmıştır,"Afet, Kriz ve Sağlık",09.11.2018,SAĞLIK: DÜNYALARA DEĞER NİMET
İbn Mâce,İbn Mâce,1,En üstün sadaka kişinin ilim öğrenmesi ve öğrendiği ilmi Müslüman kardeşine de öğretmesidir.,"Ahlak, Erdem ve Söz",04.04.2014,DOĞRULUK VE SADAKA
İbn Mâce,İkâme,1,Kandillerinde kullanılmak maksadıyla oraya zeytinyağı gönderirsin. Böyle yapan da oraya gitmiş gibi olur.,İslam Coğrafyası ve Küresel Meseleler,07.02.2020,KUDÜS İSLAM YURDUDUR
İbn Mâce,İkâmetü’s-Salavât,1,"Bağışlanmak dileyen yok mu, onu bağışlayayım! Rızık isteyen yok mu, ona rızık vereyim! Belâya dûçar olan yok mu, ona afiyet vereyim!","Aile, Çocuk ve Nesil",29.05.2015,TEVBEMİZ BERATIMIZ OLSUN
