tarih,yil,baslik,ana_tema,ikincil_temalar,ozet,anahtar_kelimeler
15.04.2011,2011,MERHAMET EĞİTİMİ,"Toplumsal Dayanışma, Merhamet ve Kardeşlik","Ahlak, Erdem ve Söz","Bu hutbe, günümüz insanlığının vicdanından hızla çekilen merhamet duygusunu ve bunun yol açtığı şiddet, öfke ve zorbalığı ele alır. Peygamberin örnekliğinde herkese, hatta bitki ve hayvanlara karşı bile şefkat gösterilmesi gerektiği vurgulanarak toplumsal bir merhamet eğitimine duyulan ihtiyaç anlatılır. Hutbe, merhameti tüm ilişkilerin odağına koyma çağrısıyla ve merhamet etmeyene Allah'ın da merhamet etmeyeceği hatırlatmasıyla sona erer.",merhamet; şiddet; vicdan; ahlaki yozlaşma; kutlu doğum haftası; toplumsal duyarlılık
21.10.2011,2011,AZÎZ ŞEHİTLERİMİZE…,"Vatan, Millet ve Tarih","Toplumsal Dayanışma, Merhamet ve Kardeşlik","Bu hutbe, güvenlik güçlerine yönelik terör saldırılarında şehit düşen askerlerin ardından millet olarak duyulan ortak acıyı ve şehitliğin dini anlamda taşıdığı yüksek mertebeyi konu edinir. Şehitlerin Allah katında diri olduğu ve ebedi nimetlere kavuştuğu vurgulanarak, bu saldırıların milletin kardeşlik ve birlik ruhunu asla kıramayacağı anlatılır. Hutbe, şehit ailelerine sabır ve metanet dileği, şehitlere rahmet duasıyla tamamlanır.",şehitlik; terör saldırıları; güvenlik güçleri; vatan sevgisi; milli birlik; başsağlığı
28.10.2011,2011,MÜMİNLER TEK BİR VÜCUT GİBİDİR,"Afet, Kriz ve Sağlık","Sabır, Tevekkül ve Manevi Olgunluk","Van ve Erciş depreminin ardından verilen bu hutbe, doğal afetlerin dini açıdan nasıl doğru okunması ve yorumlanması gerektiğini ele alır. Musibetler karşısında insanın hem tedbir alma sorumluluğunu hem de sabır, dua ve milletçe dayanışma görevini taşıdığı, müminlerin tek bir vücut gibi olduğu vurgulanır. Hutbe, deprem mağdurları için yardım kampanyalarına destek çağrısı ve Cumhuriyet Bayramı tebrikiyle sona erer.",van depremi; musibet; sabır; dayanışma; afetler; yardım kampanyası
06.11.2011,2011,KURBAN BAYRAMI,"Ramazan, Oruç ve Bayramlar","Peygamberimiz ve Ashab; Aile, Çocuk ve Nesil","Kurban Bayramı vesilesiyle verilen bu hutbe, kurbanın et ihtiyacından öte Allah'a teslimiyet, fedakârlık ve takva bilincinin bir ifadesi olduğunu anlatır. Hz. İbrahim ve İsmail'in örnekliğinde kurbanın dünyevileşmeye karşı bir uyarı ve gönülleri birleştiren bir ibadet olduğu vurgulanır. Hutbe, depremde ve şehadette kaybedilenlerin anılması ile bayramın kimsesizlere, yetimlere ve muhtaçlara sahip çıkma vesilesi olması dileğiyle tamamlanır.",kurban bayramı; hz. i̇brahim; teslimiyet; fedakârlık; yetimlere sahip çıkmak; hac
25.11.2011,2011,"EŞİMİZ, EVLADIMIZ, ANNEMİZ: KADIN","Aile, Çocuk ve Nesil",,"Bu hutbe, kadının İslam'daki değerini ve toplumda maruz kaldığı şiddet, baskı ve aşağılamanın dinle asla bağdaşmadığını ele alır. Kur'an ve Peygamber örnekliğinden hareketle kadının eş, anne ve evlat olarak saygıya layık bir varlık olduğu, cahiliye dönemi zihniyetinin kadın algısının İslam ile tamamen değiştirildiği anlatılır. Hutbe, şiddetin hayatımızdan uzak tutulması ve kadına saygının bir toplumun yükselişinin şartı olduğu vurgusuyla sona erer.",kadın hakları; kadına yönelik şiddet; aile içi zulüm; cahiliye zihniyeti; eş ve anne olarak kadın; toplumsal saygı
02.12.2011,2011,KERBELA’YI ANLAMAK,"Kandiller, Muharrem ve Mübarek Geceler",,"Muharrem ayı vesilesiyle anlatılan bu hutbe, Kerbela'da Hz. Hüseyin ve yakınlarının zulme karşı onurlu direnişini ve bu olayın tüm Müslümanların ortak vicdanında bıraktığı derin acıyı ele alır. Kerbela hadisesinin doğru anlaşılması, ibret alınması ve ümmet arasında ayrılığa değil kardeşliğe vesile olması gerektiği vurgulanır. Hutbe, aşure geleneğinin paylaşma ve dayanışmayı simgelediği hatırlatmasıyla ve şehitlere rahmet duasıyla tamamlanır.",kerbela; hz. hüseyin; muharrem ayı; aşure; ehl-i beyt; ümmet birliği
30.12.2011,2011,ZAMAN BİLİNCİ,"Sabır, Tevekkül ve Manevi Olgunluk",,"Bu hutbe, İslam'da zamana verilen büyük önemi ve zamanın geri getirilemeyen en değerli nimet olduğunu anlatır. Sağlık ve boş vaktin çoğu insan tarafından değerlendirilemeyen iki büyük nimet olduğu hatırlatılarak, yeni yıla girerken geçmişin muhasebesinin yapılması ve zamanın bilinçli şekilde değerlendirilmesi gerektiği vurgulanır. Hutbe, yeni yılın barış, huzur ve bereket getirmesi duasıyla sona erer.",zaman bilinci; yılbaşı; muhasebe; zamanı değerlendirmek; nimetlerin kıymeti; hicri ve miladi takvim
03.02.2012,2012,MEVLİD-İ NEBİ,Peygamberimiz ve Ashab,"Kandiller, Muharrem ve Mübarek Geceler","Mevlid Kandili vesilesiyle verilen bu hutbe, Hz. Peygamber'in doğumunun insanlık için cehaletten aydınlığa, zulümden adalete bir dönüşüm olduğunu anlatır. Peygamberin 'içimizden biri' olarak gönderilmesinin onu her alanda örnek almayı gerekli kıldığı, O'na duyulan sevginin ancak mesajını hayata geçirmekle anlam kazanacağı vurgulanır. Hutbe, Peygamber'e salat ve selam getirilerek, mevlid kandilinin tebrik edilmesiyle tamamlanır.",mevlid-i nebi; hz. muhammed; peygamber sevgisi; örnek alma; salavat; kandil
06.04.2012,2012,KARDEŞLİK ÇAĞRISI,"Toplumsal Dayanışma, Merhamet ve Kardeşlik",Peygamberimiz ve Ashab,"Bu hutbe, İslam medeniyetinde insanlığın aynı özden gelen bir aile olarak kabul edildiğini ve kardeşliğin etnik, siyasi ya da sosyal farklılıkların üstünde bir iman bağı olduğunu anlatır. Ensar ile Muhacir arasındaki tarihi kardeşlik örneğinden hareketle günümüzdeki kardeşlik ihlallerine, kıskançlık ve menfaat kaynaklı çatışmalara dikkat çekilir. Hutbe, Kutlu Doğum Haftası vesilesiyle kardeşlik bağlarının güçlenmesi dileğiyle sona erer.",kardeşlik; ensar ve muhacir; veda hutbesi; eşitlik; kutlu doğum haftası; insanlık ailesi
13.04.2012,2012,KARDEŞLİK AHLAKI VE HUKUKU,"Ahlak, Erdem ve Söz","Toplumsal Dayanışma, Merhamet ve Kardeşlik","Bu hutbe, kardeşliğin sadece bir söylem değil, hadislerle temellendirilmiş somut bir ahlak ve hukuk sistemi olduğunu anlatır. Kardeşliğin, kusurları örtmek, sıkıntıları gidermek, birbirine kin ve haset beslememek gibi somut sorumluluklar içerdiği vurgulanır. Hutbe, müminlerin birbirine karşı merhametli ve samimi kardeşler olması için yapılan dua ile sona erer.",kardeşlik ahlakı; kardeşlik hukuku; kusur örtmek; haset; dargınlık; müslüman kardeşliği
29.06.2012,2012,BERÂT’A YOL ARAMAK,"Kandiller, Muharrem ve Mübarek Geceler","İman, Tevhid ve Ahiret","Berat Kandili vesilesiyle verilen bu hutbe, Allah'ın af ve merhametinin sınırsızlığını, tövbe kapısının her zaman açık olduğunu anlatır. Hz. Adem'in tövbesinden örnek verilerek, Berat gecesinin günahlardan arınma ve Allah'a yönelme için bereketli bir fırsat olduğu vurgulanır. Hutbe, tüm müminlerin Berat Kandili'nin kutlanması ve affa vesile olması duasıyla tamamlanır.",berat kandili; tövbe; af dileme; şaban ayı; arınma; mağfiret
20.07.2012,2012,“BEN ORUÇLUYUM” DİYEBİLMEK,"Ramazan, Oruç ve Bayramlar",,"Bu hutbe, Ramazan ayında tutulan orucun sadece yeme-içmeyi bırakmak değil, dilin, elin, gözün ve gönlün de kötülüklerden korunduğu kapsamlı bir ibadet olduğunu anlatır. Oruç tutan kişinin kötü söz ve kavgadan uzak durup 'ben oruçluyum' diyebilmesi gerektiği, orucun insanı kötülüklere karşı koruyan bir kalkan olduğu vurgulanır. Hutbe, Ramazan'ın insanı değiştirmesi ve oruçların cehennemden koruyucu olması dileğiyle sona erer.",oruç; ramazan ayı; kalkan; dilin ve elin korunması; kötü söz; nefis terbiyesi
27.07.2012,2012,SEVGİ VE BARIŞ DİLİ: SELÂM,"Toplumsal Dayanışma, Merhamet ve Kardeşlik","Ahlak, Erdem ve Söz","Bu hutbe, selamın Hz. Adem'den günümüze uzanan, sevgi, güven ve kardeşlik ifade eden bir barış dili olduğunu anlatır. Selam vermenin ve almanın dini bir görev olduğu, tanıdık-tanımadık ayrımı yapmadan herkese selam vererek toplumda kardeşlik bağlarının güçlendirilmesi gerektiği vurgulanır. Hutbe, selamın çocuklara öğretilmesi ve toplumda yaygınlaştırılması çağrısıyla sona erer.",selam; esenlik dilemek; kardeşlik bağları; tebessüm; toplumsal güven; hz. adem
19.08.2012,2012,RAMAZAN BAYRAMI,"Ramazan, Oruç ve Bayramlar","Ahlak, Erdem ve Söz; Toplumsal Dayanışma, Merhamet ve Kardeşlik","Ramazan Bayramı vesilesiyle verilen bu hutbe, Ramazan ayı boyunca yaşanan manevi eğitimin sabır, paylaşma ve kardeşlik duygularını güçlendirdiğini anlatır. Bayramın kırgınlıkların onarıldığı, birlik ve kardeşliğin pekiştiği kutlu bir zaman dilimi olduğu vurgulanır. Hutbe, kimsesizlere, yoksullara yardım eli uzatma ve birbirini Allah için sevme çağrısıyla tamamlanır.",ramazan bayramı; kardeşlik; nefis muhasebesi; zekat ve fitre; bayramlaşma; kırgınlıkları gidermek
28.09.2012,2012,YETER Kİ GÖNÜLLER ENGELLİ OLMASIN,"Toplumsal Dayanışma, Merhamet ve Kardeşlik",İbadet ve Kulluk,"Bu hutbe, sahabi Zahir örneğinden hareketle engelli bireylerin İslam'da hor görülmediğini, asıl değerin görünüşte değil kalp ve amelde olduğunu anlatır. Kur'an'daki çeşitli peygamber kıssalarından örnekler verilerek engelliliğin başarıya ve topluma katkıya asla engel olmadığı vurgulanır. Hutbe, Camiler ve Din Görevlileri Haftası'nın bu yılki temasının 'cami ve engelliler' olması nedeniyle camilerin engellilere erişilebilir kılınması dileğiyle sona erer.",engellilik; ayrımcılık; insan onuru; camiler haftası; erişilebilirlik; liyakat
16.11.2012,2012,MEDENİYET YOLCULUĞU: HİCRET,Peygamberimiz ve Ashab,"Kandiller, Muharrem ve Mübarek Geceler; Toplumsal Dayanışma, Merhamet ve Kardeşlik","Hicri yılbaşı vesilesiyle verilen bu hutbe, Hz. Peygamber'in Mekke'den Medine'ye hicretinin sıradan bir göç değil, medeniyete açılan kutlu bir yolculuk olduğunu anlatır. Hicretin dayanışma, paylaşma ve kardeşliğin sembolü olduğu, Medine'de kin dolu bir toplumdan sevgi ve merhamet toplumunun inşa edildiği vurgulanır. Hutbe, günümüz insanının da kötülüklerden Allah'a doğru bir hicret içinde olması gerektiği mesajıyla sona erer.",hicret; hicri yılbaşı; medine; medeniyet; ensar ve muhacir; dayanışma
28.12.2012,2012,“DÜN” EYLEDİĞİMİZ GÜNLER…,"Ekonomik Hayat: Kazanç, Zekat ve İsraf","Sabır, Tevekkül ve Manevi Olgunluk; Kandiller, Muharrem ve Mübarek Geceler","Bu hutbe, yılın sonunda yapılması gereken nefis muhasebesini ve zamanın hızla akıp gittiğini anlatır. Yılbaşı kutlamalarının başka kültürlere ait unsurlarla bir tüketim ve eğlence kültürüne dönüşmesinin eleştirildiği, asıl önemli olanın zamanı değerlendirmek ve şükretmek olduğu vurgulanır. Hutbe, Suriye'deki savaş mağdurlarına duyarlılık çağrısı ve yardım kampanyası duyurusuyla tamamlanır.",yılbaşı; zaman muhasebesi; tüketim kültürü; kumar ve şans oyunları; suriye insani yardım; kültür erozyonu
25.01.2013,2013,ALLAH’IN SEVMEDİĞİ DAVRANIŞ: İSRAF,"Ekonomik Hayat: Kazanç, Zekat ve İsraf",,"Bu hutbe, israfın Allah'ın sevmediği bir davranış olduğunu ve özellikle ekmek israfının ne denli büyük bir vebal olduğunu anlatır. Modern hayatın bireyselleşme ve bencilleşmeye yol açtığı, dünyada milyonlarca insan açlık çekerken her gün milyonlarca ekmeğin çöpe atıldığı örnekleriyle israf ve tüketim çılgınlığı eleştirilir. Hutbe, hiçbir nimetin israf edilmemesi ve Allah'tan günahların bağışlanması duasıyla sona erer.",israf; ekmek israfı; tüketim çılgınlığı; kanaat; açlık; bereket
08.03.2013,2013,BİR KUL OLARAK KADIN,"Aile, Çocuk ve Nesil","Peygamberimiz ve Ashab; Toplumsal Dayanışma, Merhamet ve Kardeşlik","Bu hutbe, kadının Allah katında erkekle eşit değere sahip bir kul olduğunu ve Peygamber'in kadına verdiği değeri örneklerle anlatır. Hz. Hatice, Hz. Aişe gibi örnek kadın şahsiyetlerden bahsedilerek kadının eş, anne ve evlat olarak her türlü hürmete layık olduğu vurgulanır. Hutbe, kadına yönelik şiddetin ve baskının dinle hiçbir şekilde bağdaşmadığı hatırlatmasıyla tamamlanır.",kadın hakları; eşitlik; hz. hatice; kadına şiddet; toplumsal onur; kadın örnek şahsiyetler
15.03.2013,2013,ŞEHİTLİK VE ÇANAKKALE,"Vatan, Millet ve Tarih",,"Çanakkale Zaferi'nin yıldönümü vesilesiyle verilen bu hutbe, şehitliğin İslam'da en yüce mertebelerden biri olduğunu ve Çanakkale'deki başarının şehadet arzusuyla kazanıldığını anlatır. Din, vatan ve namus uğruna verilen mücadelenin kıymetine değinilerek ecdadın bu topraklardaki kahramanlığı örnek gösterilir. Hutbe, şehitlerin rahmetle anılması ve Çanakkale ruhunun canlı tutulması dileğiyle sona erer.",çanakkale zaferi; şehitlik; vatan sevgisi; malazgirt; seyit onbaşı; milli mücadele ruhu
29.03.2013,2013,SOKAĞIN YETİMLERİ: ÇOCUKLARIMIZ,"Aile, Çocuk ve Nesil",,"Bu hutbe, yetim ve öksüz çocuklara Peygamber'in gösterdiği şefkati örnek göstererek, günümüzde sokakta yaşamak zorunda kalan çocukların içine düştüğü tehlikeleri anlatır. Aile kurumundaki çözülmelerin ve boşanmaların sokak çocukları sorununun temel nedenlerinden biri olduğu, bu çocukların madde bağımlılığı ve suça sürüklenme riskiyle karşı karşıya olduğu vurgulanır. Hutbe, sokağın yetimlerine sahip çıkma ve ailelerin dağılmasına izin vermeme çağrısıyla sona erer.",sokak çocukları; yetimler; aile çözülmesi; boşanma; çocuk hakları; madde bağımlılığı
05.04.2013,2013,MÜKERREM BİR VARLIK OLARAK İNSAN,"Toplumsal Dayanışma, Merhamet ve Kardeşlik",,"Bu hutbe, insanın Allah tarafından mükerrem, yani onurlu bir varlık olarak yaratıldığını ve bu onurun ırk, din, dil farkı gözetmeksizin herkese ait olduğunu anlatır. Mükerrem insanın merhamet, hoşgörü ve fazilet sahibi olarak başkalarının onurunu da kendi onuru gibi koruması gerektiği vurgulanır. Hutbe, Kutlu Doğum Haftası'nın bu yılki temasının 'Hz. Peygamber ve İnsan Onuru' olması nedeniyle insan onurunun topluma yerleşmesi dileğiyle sona erer.",insan onuru; mükerrem varlık; kutlu doğum haftası; hoşgörü; fazilet; eşitlik
12.04.2013,2013,PEYGAMBERİMİZ VE İNSAN ONURU,"Toplumsal Dayanışma, Merhamet ve Kardeşlik",Peygamberimiz ve Ashab,"Bu hutbe, Peygamber'in veda hutbesindeki sözlerinden hareketle çocuklara, kadınlara, yaşlılara ve engellilere gösterdiği örnek onurlandırma davranışlarını somut olaylarla anlatır. Zahir, Bilal-i Habeşi ve Abdullah ibn Ümmü Mektum gibi örneklerle Peygamber'in ırk, renk ve fiziksel özelliklere hiç önem vermediği vurgulanır. Hutbe, günümüzde onuru zedelenen insanlara Peygamber'in ilkeleriyle sahip çıkma çağrısıyla sona erer.",insan onuru; peygamber örnekliği; bilal-i habeşi; yaşlılara saygı; engellilere değer vermek; ayrımcılık karşıtlığı
19.04.2013,2013,İNSAN KALABİLMEK,"Toplumsal Dayanışma, Merhamet ve Kardeşlik","Peygamberimiz ve Ashab; Sabır, Tevekkül ve Manevi Olgunluk","Bu hutbe, insanın yaratılış hikayesini ve Allah'ın insana bahşettiği onur ve şerefi anlatarak, günümüz insanlığının bu değeri makam, mevki ve parayla ölçer hale geldiğini eleştirir. Veda hutbesindeki 'ırk ve renk üstünlüğü yoktur, üstünlük ancak takvadadır' ilkesinin hâlâ geçerliliğini koruduğu vurgulanır. Hutbe, insan onurunu yeniden onarma ve Peygamber'e bağlılığı yenileme niyetiyle sona erer.",insan onuru; yaratılış; takva; eşitlik; veda hutbesi; değerlere yabancılaşma
07.06.2013,2013,MÜMİNLER KARDEŞTİRLER,"Toplumsal Dayanışma, Merhamet ve Kardeşlik","Ahlak, Erdem ve Söz","Bu hutbe, kardeşliğin sadece söylemden ibaret olmadığını, gönülden gönüle uzanan bir samimiyet köprüsü olduğunu anlatır. Kardeşliğin kusurları örtmek, dertle dertlenmek ve birbirine karşı tek vücut olmak anlamına geldiği hadislerle desteklenir. Hutbe, müminlerin birbirine kaynaşması ve fitne-nifaktan korunması duasıyla sona erer.",kardeşlik; müslüman kardeşliği; birlik ve beraberlik; fitne; samimiyet; dayanışma
14.06.2013,2013,YAZ KUR’AN KURSLARI,Kur'an-ı Kerim,"Eğitim, Teknoloji, Çevre ve Toplumsal Değişim; Vatan, Millet ve Tarih","Bu hutbe, Kur'an-ı Kerim'in insanlığı hakikate, ahlaka ve adalete çağıran ilahi bir kitap olduğunu ve çocukların bu mesajla buluşması için yaz Kur'an kurslarının önemini anlatır. Yaz kurslarının çocukların kimlik inşası, özgüveni ve manevi gelişimi açısından büyük fırsat olduğu vurgulanır. Hutbe, ailelerin çocuklarını bu kurslara katmaya teşvik edilmesi çağrısıyla tamamlanır.",yaz kur'an kursları; çocuk eğitimi; dini eğitim; kimlik inşası; camiler; manevi gelişim
21.06.2013,2013,BERATA ULAŞABİLMEK,"Kandiller, Muharrem ve Mübarek Geceler","İbadet ve Kulluk; İman, Tevhid ve Ahiret","Berat Kandili vesilesiyle verilen bu hutbe, bu gecenin kırgınlıkların onarıldığı, Allah'ın affına sığınma ve arınma zamanı olduğunu anlatır. Berat gecesinin Ramazan'a bir adım kala gelen bereketli bir fırsat olduğu vurgulanır. Hutbe, Arnavutluk'taki Müslümanlar için cami yapımına destek çağrısı ve Berat Kandili'nin tebrikiyle sona erer.",berat kandili; af dileme; arnavutluk; cami yardımı; arınma; kardeşlik
28.06.2013,2013,İSLÂMÎ BİR DEĞERİMİZ: EDEB,"Ahlak, Erdem ve Söz",,"Bu hutbe, edebin insanı utanılacak durumlardan koruyan bir irade ve vicdan duygusu olduğunu, Allah'a, nefse, insanlara ve tüm yaratılmışlara karşı farklı boyutları bulunduğunu anlatır. Edebin örnek olarak yaşanarak kazanılan bir değer olduğu ve nesillere aktarılmasının önemi vurgulanır. Hutbe, herkesin kendi zatına, nefsine ve yaratılmışlara karşı edeple yaşaması dileğiyle sona erer.",edeb; hayâ; nefis terbiyesi; vicdan; örnek olma; değerler eğitimi
05.07.2013,2013,RAMAZAN VE ORUÇ,"Ramazan, Oruç ve Bayramlar",,"Bu şiirsel üslupla yazılmış hutbe, Ramazan ayının gelişini bir sevgili gibi karşılayarak orucun takva kazandırma amacını anlatır. Ramazan'ın kalpleri arındırma, kötülüklerden uzaklaşma ve kardeşliği pekiştirme fırsatı olduğu vurgulanır. Hutbe, Ramazan ayının hayırla geçmesi ve bayrama ulaşılması duasıyla sona erer.",ramazan ayı; oruç; takva; arınma; mübarek üç aylar; manevi hazırlık
12.07.2013,2013,HELAL KAZANÇ HELAL LOKMA,"Ekonomik Hayat: Kazanç, Zekat ve İsraf","Sabır, Tevekkül ve Manevi Olgunluk","Bu şiirsel üslupla yazılmış hutbe, helal kazancın ve helal lokmanın önemini, haram rızkın aile huzurunu ve bereketi yok ettiğini anlatır. İnsanların kazançlarını sorgulaması, haram şüphesi taşıyan işlerden kaçınması gerektiği vurgulanır. Hutbe, Diyanet'in bu yıl Ramazan temasının 'Helal Kazanç-Helal Lokma' olması nedeniyle helal rızık arayışının teşvik edilmesiyle sona erer.",helal kazanç; helal lokma; haram rızık; bereket; aile huzuru; alın teri
19.07.2013,2013,"HELAL KAZANÇ, HELAL LOKMA","Ekonomik Hayat: Kazanç, Zekat ve İsraf",,"Bu hutbe, tüketim toplumunun insanları maddi açıdan yükseltirken manevi açıdan tükettiğini ve gerçek zenginliğin gönül tokluğunda olduğunu anlatır. Ramazan ayının kazancı ve tüketimi helal sınırlar içinde tutma bilinci kazandırdığı, müminin ticarette hile yapmaması, rüşveti ve faizi reddetmesi gerektiği vurgulanır. Hutbe, helal rızık için yapılan dua ile tamamlanır.",helal kazanç; helal lokma; tüketim toplumu; kanaat; hile ve rüşvet; israf
26.07.2013,2013,TEKBİR: ALLÂHU EKBER,"İman, Tevhid ve Ahiret","İbadet ve Kulluk; Ahlak, Erdem ve Söz","Bu hutbe, tekbirin Allah'ı yüceltme ve tevhidin en özlü ifadesi olduğunu, doğumdan ölüme kadar müminin hayatının her anına eşlik ettiğini anlatır. Tekbirin bugün bazı yerlerde katliam ve şiddet sırasında dillendirilmesinin büyük bir hüsran olduğu, Allah'ın büyüklüğünün küçük emellere alet edilmemesi gerektiği vurgulanır. Hutbe, İslam aleminin fitne ve tefrikadan kurtulması için yapılan uzun bir dua ile sona erer.",tekbir; allahu ekber; tevhid; şiddet istismarı; islam aleminde fitne; itikaf
02.08.2013,2013,RAMAZANA VEDA VE KADİR GECESİ,"Kandiller, Muharrem ve Mübarek Geceler","Ramazan, Oruç ve Bayramlar","Ramazan'a veda edilirken verilen bu hutbe, Kadir Gecesi'nin Kur'an'ın indirilmeye başladığı, bin aydan daha hayırlı olan mübarek bir gece olduğunu anlatır. Ramazan boyunca kazanılan takva, sabır ve paylaşma bilincinin yıl boyunca sürdürülmesi gerektiği vurgulanır. Hutbe, İslam coğrafyasındaki zulüm ve şiddetin durması, kardeşlerin bayrama huzur içinde ulaşması duasıyla sona erer.",kadir gecesi; ramazana veda; mağfiret; islam coğrafyasında zulüm; kur'an'ın inişi; bin aydan hayırlı gece
08.08.2013,2013,RAMAZAN BAYRAMI,"Ramazan, Oruç ve Bayramlar","İslam Coğrafyası ve Küresel Meseleler; Vatan, Millet ve Tarih","Bu uzun hutbe metni, Ramazan Bayramı'nın kardeşliği pekiştiren ilahi bir armağan olduğunu anlatırken, aynı zamanda dönemin gündemindeki zulüm ve adaletsizlik konularını da ele alır. Bayramın, zulme uğrayanların yanında olanların, paylaşanların ve mazlumun sesine kulak verenlerin bayramı olduğu vurgulanır; ayrıca Mısır'daki katliamlar ve masumların öldürülmesi büyük bir insanlık suçu olarak kınanır. Hutbe, zalimlerin asla kurtuluşa eremeyeceği ve mazlumun yanında durmanın müminlik gereği olduğu vurgusuyla, barış ve adalet duasıyla tamamlanır.",ramazan bayramı; zulüm; mısır katliamı; mazlumun hakkı; insanın katli; zaferler ve fetih
27.09.2013,2013,"DAVET HEPİMİZE, HEP BİRLİKTE CAMİYE!",İbadet ve Kulluk,,"Bu hutbe, kadınların İslam tarihinde mabetlerle olan güçlü bağını Hz. Hacer ve Hz. Meryem örnekleriyle anlatır. Saadet asrında kadınların camilerde ibadete, ilim halkalarına ve Cuma namazlarına katıldığı, ancak zamanla bu bağın zayıfladığı vurgulanır. Hutbe, Camiler ve Din Görevlileri Haftası'nın temasının 'Cami, Kadın ve Aile' olması nedeniyle kadınların camilere yeniden kazandırılması çağrısıyla sona erer.",kadın ve cami; hz. hacer; hz. meryem; camiler haftası; aile ibadeti; kadının dini hayatı
04.10.2013,2013,KURBANLARIMIZLA PEKİŞSİN KARDEŞLİĞİMİZ,"Ramazan, Oruç ve Bayramlar",Peygamberimiz ve Ashab,"Kurban Bayramı öncesinde verilen bu hutbe, kurbanın Habil ile Kabil kıssasından Hz. İbrahim'in sınanmasına uzanan tarihini ve takva temelli anlamını anlatır. Kurbanın bencilliğe karşı bir uyarı olduğu, paylaşma ve kardeşliği pekiştiren bir ibadet olduğu vurgulanır. Hutbe, Diyanet'in vekaletle kurban kesim organizasyonuna katılım çağrısıyla sona erer.",kurban bayramı; hz. i̇brahim; habil ve kabil; takva; vekaletle kurban kesimi; paylaşma
15.10.2013,2013,KURBAN BAYRAMI,"Ramazan, Oruç ve Bayramlar",,"Kurban Bayramı günü verilen bu hutbe, kurbanın bir teslimiyet testi ve iman sınavı olduğunu, hac ibadetiyle eş zamanlı yaşanan manevi coşkuyu anlatır. Bayramların kardeşlik ve neşe mevsimleri olduğu, önce geçmişlerin sonra yaşayan yoksul ve kimsesizlerin sevindirilmesi gerektiği vurgulanır. Hutbe, Suriyeli mülteciler ve dünyanın çeşitli bölgelerindeki muhtaç Müslümanlara yardım çağrısıyla sona erer.",kurban bayramı; hac; teslimiyet; bayramlaşma; suriyeli mülteciler; kardeşlik
01.11.2013,2013,RAHMET’İN HİCRETİ,Peygamberimiz ve Ashab,"Kandiller, Muharrem ve Mübarek Geceler","Bu hutbe, Hz. Peygamber'in Mekke'den Medine'ye hicretinin bir kaçış değil, ilahi mesaja gönül verenlerle buluşma olduğunu anlatır. Hicretin Muhacir ve Ensar arasındaki fedakârlık, kardeşlik ve dayanışmanın destansı bir örneği olduğu vurgulanır. Hutbe, hicri yılbaşı vesilesiyle herkesin haram ve günahlardan uzaklaşarak kendi hicretini gerçekleştirmesi çağrısıyla sona erer.",hicret; hicri yılbaşı; ensar ve muhacir; fedakârlık; medine; kardeşlik
08.11.2013,2013,MUHARREM AYI VE KERBELÂ,"Kandiller, Muharrem ve Mübarek Geceler","Toplumsal Dayanışma, Merhamet ve Kardeşlik","Muharrem ayı vesilesiyle verilen bu hutbe, Kerbela'da Hz. Hüseyin'in zulme karşı onurlu duruşunu ve bu olayın ümmetin ortak hüznü olduğunu anlatır. Kerbela'nın doğru anlaşılmasının ayrılık değil birlik ve kardeşlik bilinci oluşturması gerektiği, günümüzdeki İslam coğrafyasındaki çatışmaların yeni birer 'Kerbela' olduğu vurgulanır. Hutbe, Hz. Hüseyin'in duası hatırlatılarak şehitlerin rahmetle anılmasıyla sona erer.",kerbela; hz. hüseyin; muharrem ayı; zulüm; ümmet birliği; islam coğrafyasında çatışma
13.12.2013,2013,DÜNYADA YOLCU OLABİLMEK!,"İman, Tevhid ve Ahiret",,"Bu hutbe, dünya hayatının geçici, ahiret hayatının ise ebedi olduğunu ve insanın bu dünyada bir yolcu gibi yaşaması gerektiğini anlatır. Peygamberin müminleri bal arısı, hurma ağacı, altın ve yeşil ekin gibi benzetmelerle tarif ettiği erdemli mümin tipi vurgulanır. Hutbe, dünya hayatını ahirete hazırlık olarak değerlendirenlerin mutluluğuna işaret eden bir dua ile sona erer.",dünya hayatı; ahiret; yolculuk metaforu; mümin sıfatları; geçicilik; hazırlık bilinci
27.12.2013,2013,ÖMÜR SERMAYESİ TÜKENİRKEN…,"Toplumsal Dayanışma, Merhamet ve Kardeşlik",,"Yıl sonunda verilen bu hutbe, geçen bir senenin muhasebesini yapma ve gelecek için hedef koyma çağrısı yapar. İnsanın ibadetlerini, ailevi görevlerini ve kardeşlik hukukunu yeterince yerine getirip getiremediğini sorgulaması gerektiği, dünyada yaşanan zulüm ve adaletsizliklerin önlenemediği vurgulanır. Hutbe, yeni yılda daha yaşanılabilir bir dünya kurma niyetiyle yapılan dualarla sona erer.",yıl sonu muhasebesi; ömür sermayesi; zulüm ve adaletsizlik; kardeşlik hukuku; hedef belirleme; vicdan sorgulaması
10.01.2014,2014,MEVLİD-İ NEBİ,Peygamberimiz ve Ashab,"Kandiller, Muharrem ve Mübarek Geceler","Mevlid Kandili vesilesiyle verilen bu hutbe, Hz. Peygamber'in muhabbet ve rahmet peygamberi olarak insanlığa yol gösterdiğini anlatır. Peygamberin getirdiği ilkelerin yaşanarak hayata geçirilmesinin O'na duyulan sevginin gerçek göstergesi olduğu, kardeşlik ve kin tutmama duasının önemi vurgulanır. Hutbe, Peygamber'e salat ve selam getirilmesiyle sona erer.",mevlid-i nebi; hz. muhammed; rahmet peygamberi; kardeşlik; peygamber sevgisi; kandil
31.01.2014,2014,NASIL BİR KARDEŞLİK?,"Toplumsal Dayanışma, Merhamet ve Kardeşlik","Ahlak, Erdem ve Söz","Bu hutbe, kardeşliğin İslam'da soy bağından öte, muhabbet, şefkat ve dayanışmaya dayalı derin bir bağ olduğunu anlatır. Ensar ve Muhacir örneğinin günümüzde bir tarih hatırası haline geldiği, dünyevi çıkarların ve mezhep ayrılıklarının kardeşlik duygusunu zedelediği eleştirilir. Hutbe, kimsenin hakikati tekeline almaması ve müminlerin birleştirici olması çağrısıyla sona erer.",kardeşlik; ensar ve muhacir; mezhep ayrılığı; fitne; birlik ve beraberlik; hakikat iddiası
07.02.2014,2014,DİN SAMİMİYETTİR,"Ahlak, Erdem ve Söz","İbadet ve Kulluk; İman, Tevhid ve Ahiret","Bu hutbe, dinin özünün samimiyet (ihlas) olduğunu ve Allah'a, Kitab'a, Peygamber'e ve topluma karşı içten bir bağlılık gerektirdiğini anlatır. İhlassız yapılan ibadetlerin -namaz, oruç, kurban, sadaka- gerçek amacına ulaşamayacağı, riyanın amelleri değersizleştirdiği vurgulanır. Hutbe, herkesin kendi ve ailesinin ihlas ve samimiyetle Allah'a bağlı kılınması duasıyla sona erer.",ihlas; samimiyet; riya; gösteriş; ibadetlerin özü; dinin esası
14.02.2014,2014,AFFETMEK,"Ahlak, Erdem ve Söz","Toplumsal Dayanışma, Merhamet ve Kardeşlik; Peygamberimiz ve Ashab","Bu hutbe, affetmenin kin, intikam ve nefreti silen erdemli bir davranış olduğunu, Peygamber'in Mekke fethinde düşmanlarını affetmesi örneğiyle anlatır. Affetmenin adaletten vazgeçmek değil, ondan daha üstün bir erdem olduğu, Taif halkına yapılan beddua yerine edilen dua örneğiyle desteklenir. Hutbe, affetme ve bağışlamanın hem bireye hem topluma huzur getirdiği vurgusuyla sona erer.",affetmek; mekke'nin fethi; kin ve intikam; hoşgörü; taif; bağışlayıcılık
21.02.2014,2014,KALB-İ SELİM (III),"İman, Tevhid ve Ahiret",,"Hutbe, kalbin insanın manevi ve ahlaki hayatındaki merkezi konumunu, imanın, hikmetin ve ahlakın kaynağı olarak değerini ele alır. Peygamberlerin temel görevinin katılaşmış kalpleri açmak ve gönülleri kin, nefret ve samimiyetsizlik gibi hastalıklardan arındırmak olduğu vurgulanır. Hutbe, Allah'a kalb-i selim ile gelebilmenin önemine dikkat çekerek, kalbi dinde sabit kılması için Rabbe yakarışla sona erer.",kalp; kalb-i selim; gönül arınması; manevi hastalıklar; kin ve nefretten arınma; iman ve hikmet; gönül terbiyesi
21.02.2014,2014,KALB-İ SELİM (II),"İman, Tevhid ve Ahiret",,"Hutbe, kalbin insanın manevi ve ahlaki hayatındaki merkezi konumunu, imanın, hikmetin ve ahlakın kaynağı olarak değerini ele alır. Peygamberlerin temel görevinin katılaşmış kalpleri açmak ve gönülleri kin, nefret ve samimiyetsizlik gibi hastalıklardan arındırmak olduğu vurgulanır. Hutbe, Allah'a kalb-i selim ile gelebilmenin önemine dikkat çekerek, kalbi dinde sabit kılması için Rabbe yakarışla sona erer.",kalp; kalb-i selim; gönül arınması; manevi hastalıklar; kin ve nefretten arınma; iman ve hikmet; gönül terbiyesi
21.02.2014,2014,KALB-İ SELİM (I),"İman, Tevhid ve Ahiret",,"Hutbe, kalbin insanın manevi ve ahlaki hayatındaki merkezi konumunu, imanın, hikmetin ve ahlakın kaynağı olarak değerini ele alır. Peygamberlerin temel görevinin katılaşmış kalpleri açmak ve gönülleri kin, nefret ve samimiyetsizlik gibi hastalıklardan arındırmak olduğu vurgulanır. Hutbe, Allah'a kalb-i selim ile gelebilmenin önemine dikkat çekerek, kalbi dinde sabit kılması için Rabbe yakarışla sona erer.",kalp; kalb-i selim; gönül arınması; manevi hastalıklar; kin ve nefretten arınma; iman ve hikmet; gönül terbiyesi
28.02.2014,2014,"İMAN, ÖZGÜRLÜK VE BAĞIMLILIK","Afet, Kriz ve Sağlık","Eğitim, Teknoloji, Çevre ve Toplumsal Değişim","Hutbe, imanın özgürlük anlamına geldiğini ve nefsin heva ile şehvetine köle olmamak gerektiğini işler; bu bağlamda sigara, alkol, uyuşturucu, kumar ve teknoloji bağımlılığının bireyi ve toplumu nasıl tahrip ettiği somut verilerle anlatılır. Bağımlılıkların aile, ahlak ve toplum düzenine verdiği zararlara dikkat çekilerek çocukların bu tuzaklardan korunmasında anne-babalara ve kurumlara büyük sorumluluk düştüğü vurgulanır. Hutbe, Allah'tan helal nimetlerle yetinme ve haramlardan müstağni kalma duasıyla tamamlanır.",bağımlılık; madde bağımlılığı; teknoloji bağımlılığı; alkol ve kumar; nefis terbiyesi; aile içi zarar; özgürlük
07.03.2014,2014,İMAN VE İSTİKAMET ÜZERE OLMAK,"Sabır, Tevekkül ve Manevi Olgunluk",,"Hutbe, imanın yalnızca inanmakla kalmayıp dosdoğru bir yaşayışla (istikamet) tamamlanması gerektiğini, Fatiha suresindeki sırat-ı müstakim talebiyle bu ilkenin günlük ibadete nasıl yerleştiğini anlatır. Nefis, şeytan ve dünya tutkularının insanı istikametten saptırabileceği belirtilerek kalp, dil ve davranışta doğruluğun iman için vazgeçilmez olduğu vurgulanır. Hutbe, kalplerin saptırılmaması ve rahmet bağışlanması için yapılan bir dua ile sona erer.",istikamet; dosdoğru olmak; sırat-ı müstakim; iman ve amel bütünlüğü; nefis terbiyesi; kalp ve dil doğruluğu
21.03.2014,2014,İMTİHAN DÜNYASI,"Sabır, Tevekkül ve Manevi Olgunluk","İman, Tevhid ve Ahiret","Hutbe, dünya hayatının bir imtihan yeri olduğunu, peygamberlerden başlayarak her insanın nimet ve musibetlerle sınandığını anlatır; Hz. Âdem'den Hz. Muhammed'e kadar peygamberlerin imtihan örnekleri üzerinden bu gerçek somutlaştırılır. Günümüz müminlerinin imtihanının ise sıdk, cömertlik, ibadet ve bencillikten arınma gibi günlük hayattaki sınavlarda gizli olduğu vurgulanır. Hutbe, imtihanları hayırla aşabilmek için Allah'a sığınma ve arınma temennisiyle sona erer.",imtihan; sabır; peygamberlerin sınanması; musibet; nimet ve şükür; arınma
28.03.2014,2014,HÜRRİYET VE MESULİYET,"Toplumsal Dayanışma, Merhamet ve Kardeşlik","Sabır, Tevekkül ve Manevi Olgunluk","Hutbe, Peygamberimizin gemi benzetmesi üzerinden hürriyet ile sorumluluğun ayrılmaz iki kavram olduğunu, bireysel özgürlüğün toplumsal sorumlulukla sınırlandığını anlatır. Hürriyetin başıboşluk ve sorumsuzluk değil, nefsin heva ve arzularına esir olmaktan kurtulmak, yani ahlaki ve iradi bir özgürlük olduğu vurgulanır. Hutbe, ortak gemiyi delmeden ebediyete güvenle ulaşabilmek için Rabbe yakarışla tamamlanır.",hürriyet; mesuliyet; irade hürriyeti; toplumsal sorumluluk; nefse esir olmamak; gemi benzetmesi
04.04.2014,2014,DOĞRULUK VE SADAKA,"Ahlak, Erdem ve Söz",,"Hutbe, doğruluğun sadece sözle sınırlı olmayıp düşünce, niyet ve davranışta bütüncül bir dürüstlük olduğunu, Peygamberimizin doğruluğu cennete götüren en önemli haslet saydığını anlatır. Sadaka kavramının klasik anlamının ötesinde, gülümsemekten yol göstermeye, ağaç dikmekten ilim öğretmeye kadar geniş bir davranış yelpazesini kapsadığı hadislerle örneklendirilir. Hutbe, dürüst ve sadık olanların bahtiyarlığına vurgu yaparak sona erer.",doğruluk; sıdk; sadaka; dürüstlük; güzel söz; davranış ahlakı
11.04.2014,2014,KUTLU DOĞUM,Peygamberimiz ve Ashab,"Ahlak, Erdem ve Söz","Hutbe, Peygamberimizin doğumunu vesile ederek onun insanlığı cehalet ve zulümden hak, adalet ve ahlaka taşıyan rahmet ve rehberlik misyonunu anlatır. Onun hayatındaki hicret, aile, ashapla ilişkiler, savaşlar ve affedicilik gibi örneklerin günümüz Müslümanlarınca yeniden öğrenilmesi ve yaşanması gerektiği vurgulanır. Hutbe, Peygamberimizin doğumunun ülke, millet ve tüm insanlık için hayırlara vesile olması duasıyla sona erer.",kutlu doğum; peygamber sevgisi; siyer; örnek ahlak; ashab; veda hutbesi
18.04.2014,2014,KULLUK SINAVIMIZ: İHLAS VE SAMİMİYET,"Ahlak, Erdem ve Söz","İbadet ve Kulluk; İman, Tevhid ve Ahiret","Hutbe, ihlas ve samimiyetin ibadetlerin kabulü için temel şart olduğunu, namaz, zekât, oruç ve hac gibi ibadetlerin ancak riyadan uzak, yalnızca Allah rızası gözetilerek yapıldığında değer kazandığını anlatır. Dünyevileşmenin ve gösterişin kalpten ihlası nasıl sildiği, riyakârların ahirette karşılaşacağı hüsranla birlikte vurgulanır. Hutbe, ihlas, samimiyet ve Allah'ın rızasına ulaşma dileğiyle sona erer.",ihlas; samimiyet; riya; gösterişten uzak ibadet; helal kazanç; dünyevileşme
16.05.2014,2014,MÜMİNLER TEK VÜCUT GİBİDİR,"Toplumsal Dayanışma, Merhamet ve Kardeşlik","Sabır, Tevekkül ve Manevi Olgunluk; Ekonomik Hayat: Kazanç, Zekat ve İsraf","Hutbe, Soma maden faciasında hayatını kaybeden işçilerin ardından sabır ve dayanışma çağrısı yapar; ölümün ve musibetin karşısında tevekkül ile birlikte iş güvenliğinde tedbir almanın da müminin sorumluluğu olduğunu vurgular. Madenci kardeşlerin helal rızık peşinde alın teri döktüğü hatırlatılarak milletçe acıyı paylaşma ve dua etme çağrısında bulunulur. Hutbe, kaybedilenlere rahmet ve geride kalanlara sabır dilenmesiyle sona erer.",soma maden faciası; sabır; iş güvenliği; musibet karşısında dayanışma; tedbir ve tevekkül; toplumsal yas
23.05.2014,2014,MİRAÇ KANDİLİ,"Kandiller, Muharrem ve Mübarek Geceler",,"Hutbe, Miraç Kandili vesilesiyle İsrâ ve Miraç mucizesini, bu kutlu yolculuğun insanın hem Allah'a hem de kendi iç dünyasına yükselişini simgelediğini anlatır. Miraçtan getirilen üç büyük hediye olan beş vakit namaz, Bakara suresinin son ayetleri ve günahların bağışlanma müjdesi ayrıntılarıyla açıklanır. Hutbe, Soma faciası ve Balkanlardaki sel felaketinde vefat edenlere rahmet dileği ve Miraç Kandilinin mübarek olması temennisiyle sona erer.",miraç kandili; isra ve miraç; beş vakit namaz; manevi yükseliş; kandil
30.05.2014,2014,TÖVBE VE İSTİĞFAR MEVSİMİ ÜÇ AYLAR,"İman, Tevhid ve Ahiret",,"Hutbe, üç ayların tövbe ve istiğfar mevsimi olduğunu, insanın nefsani zaafları sebebiyle sürekli hata ve günah işleyebileceğini, bu yüzden Allah'ın rahmet kapısı olan tövbeye sarılması gerektiğini anlatır. Nasuh tövbenin sadece pişmanlık değil, günahı terk edip haklara riayet ve helalleşmeyi de içerdiği vurgulanır. Hutbe, Peygamberimizin öğrettiği seyyidül istiğfar duasıyla sona erer.",tövbe; istiğfar; üç aylar; nasuh tövbe; helalleşme; manevi arınma
06.06.2014,2014,"DUA, İBADETİN ÖZÜDÜR",İbadet ve Kulluk,,"Hutbe, duanın ibadetin özü olduğunu, sadece maddi ihtiyaç istemenin ötesinde Allah'ı tanıma, tefekkür ve kulluk bilinci taşıdığını anlatır. Duanın kabulü için helal lokma ve helal kazancın şart olduğu, aksi halde duanın makbul olmayacağı hadislerle vurgulanır. Hutbe, yaklaşan Berat Kandili'nin tebrik edilmesi ve Peygamberimizin öğrettiği çeşitli dualarla sona erer.",dua; helal kazanç; berat kandili; duanın kabulü; ibadetin özü
13.06.2014,2014,İMANIN ŞUBELERİ,"İman, Tevhid ve Ahiret","Ahlak, Erdem ve Söz; Sabır, Tevekkül ve Manevi Olgunluk","Hutbe, imanın yetmişten fazla şubesi olduğunu, en üstün derecesinin kelime-i tevhit, en alt derecesinin ise yoldan eziyet veren bir şeyi kaldırmak olduğunu anlatarak imanın sosyal boyutuna dikkat çeker. İmanın salih amelle bütünleşmesi gerektiği, sadece dille inanmanın yeterli olmadığı vurgulanır ve hayânın da imandan bir şube olduğu özellikle işlenir. Hutbe, hayânın hayat ve diri olmakla eş anlamlı olduğunu belirten bir hadisle sona erer.",imanın şubeleri; hayâ; salih amel; iman ve sosyal hayat; kelime-i tevhit
20.06.2014,2014,"CAMİYE KOŞALIM, KUR’AN’LA BULUŞALIM",Kur'an-ı Kerim,"Aile, Çocuk ve Nesil","Hutbe, Kur'an'ın insanlığı dönüştüren gücünü anlatarak çocukları ve gençleri Kur'an'la ve camiyle buluşturmanın anne-babalara düşen en önemli görev olduğunu vurgular. Yaz Kur'an kurslarının başlamasıyla çocuklara benlik, kişilik ve kimlik kazandırmanın öneminden bahsedilir. Hutbe, çocukların göz aydınlığı ve salih birer evlat olarak yetişmesi için yapılan bir dua ile sona erer.",yaz kur'an kursları; çocuk eğitimi; kur'an ile buluşma; salih evlat; gençlik
27.06.2014,2014,"KİMSE KİMSESİZ KALMASIN, BU RAMAZAN VE HER ZAMAN!","Toplumsal Dayanışma, Merhamet ve Kardeşlik","Sabır, Tevekkül ve Manevi Olgunluk; Ramazan, Oruç ve Bayramlar","Hutbe, Ramazan ayının paylaşma, kardeşlik ve dayanışma mesajlarını hatırlatarak modern yalnızlığın toplumdaki yoksullar, yaşlılar, yetimler ve kimsesizler üzerindeki olumsuz etkisine dikkat çeker. Diyanet'in bu yılki Ramazan temasının 'Kimse kimsesiz kalmasın' olduğu belirtilerek bencillikten uzaklaşıp diğerkâm olma çağrısı yapılır. Hutbe, kimsesizlerin kimsesi olma bilincini pekiştiren bir vurguyla sona erer.",ramazan; kimsesizler; yalnızlık; diğerkâmlık; yardımlaşma; modern yalnızlık
11.07.2014,2014,KİMSESİZLERİN KİMSESİ OLABİLMEK,"Aile, Çocuk ve Nesil","Sabır, Tevekkül ve Manevi Olgunluk","Hutbe, bencillik ve teknoloji bağımlılığının insanları yalnızlaştırdığını, Suriyeli mültecilerin, sokak çocuklarının, huzurevindeki yaşlıların ve yetimlerin bu Ramazan'da özellikle hatırlanması gerektiğini anlatır. Türkiye'deki mülteci, kimsesiz çocuk ve yaşlı sayılarına dair somut verilerle bu kesimlere sahip çıkmanın Müslüman ahlakının gereği olduğu vurgulanır. Hutbe, yetimlere kol kanat gerenlerin cennette Peygamberimizle yan yana olacağı müjdesiyle sona erer.",mülteciler; sokak çocukları; huzurevi yaşlıları; yetimler; teknoloji bağımlılığı; toplumsal yalnızlık
18.07.2014,2014,MAZLUMLARIN ÜMİDİ OLABİLMEK,İslam Coğrafyası ve Küresel Meseleler,"Toplumsal Dayanışma, Merhamet ve Kardeşlik; Ekonomik Hayat: Kazanç, Zekat ve İsraf","Hutbe, İslam dünyasındaki iç çatışmaların yanı sıra İsrail'in Gazze'ye yönelik saldırılarının Ramazan'da yaşanan büyük bir acı olduğunu anlatarak zulme sessiz kalmanın Müslüman ahlakıyla bağdaşmadığını vurgular. Müslümanların her zaman mazlumun yanında yer alması gerektiği hatırlatılarak Filistin'e yönelik yardım kampanyasına destek çağrısı yapılır. Hutbe, zulmün son bulması ve mazlum kardeşlere yardım için edilen dua ile sona erer.",gazze; filistin; zulme karşı durmak; mazlumun yanında olmak; yardım kampanyası; islam dünyasındaki çatışmalar
25.07.2014,2014,RAMAZAN MUHASEBESİ,"Ekonomik Hayat: Kazanç, Zekat ve İsraf","Ramazan, Oruç ve Bayramlar; Sabır, Tevekkül ve Manevi Olgunluk","Hutbe, Ramazan'ın sona ermesine yaklaşırken müminleri bir öz muhasebeye davet ederek oruç, ibadet ve tövbe konusunda ne kadar samimi olunduğunun sorgulanmasını ister. Kibir, israf, riya ve kul hakkı ihlali gibi Kur'ani değerlerden uzaklaşmanın toplumsal yozlaşmaya yol açtığı vurgulanarak Ramazan'ın kazandırdığı değerlerin kalıcı kılınması istenir. Hutbe, zekât ve fitrenin bayrama kadar ihtiyaç sahiplerine ulaştırılması hatırlatmasıyla ve İslam coğrafyasındaki kan ve gözyaşının dinmesi duasıyla sona erer.",ramazan muhasebesi; öz eleştiri; zekât ve fitre; israf; kul hakkı; kur'an'a bağlılık
28.07.2014,2014,RAMAZAN BAYRAMI,"Toplumsal Dayanışma, Merhamet ve Kardeşlik","Ramazan, Oruç ve Bayramlar","Hutbe, Ramazan Bayramı'nı imsak, paylaşma, zekât ve tevhidin bayramı olarak tanımlarken aynı zamanda İslam coğrafyasındaki savaş ve zulümler nedeniyle bir hüzün günü olduğunu da vurgular. Bayramın; anne-baba duası almak, akrabalık bağlarını güçlendirmek, kimsesizlere ve mazlumlara sahip çıkmak için bir fırsat olduğu anlatılır. Hutbe, İslam dünyasında barış ve huzurun tesisi için edilen dualarla sona erer.",ramazan bayramı; bayram sevinci; islam dünyasındaki hüzün; akraba ziyareti; sıla-i rahim; paylaşma
08.08.2014,2014,"SADIK İMAN, SAMİMİ NİYET, SALİH AMEL","İman, Tevhid ve Ahiret","Sabır, Tevekkül ve Manevi Olgunluk","Hutbe, imanın kalp ile tasdik edilse de asıl göstergesinin salih amel olduğunu, 'salih' kavramının Allah'ın rızasına ve insanlığın yararına uygunluk anlamına geldiğini anlatır. Bireysel salihliğin yeterli olmadığı, insanın bir adım öteye geçerek 'muslih' yani ıslah edici olması gerektiği vurgulanır. Hutbe, Kur'an'da geçen salihler zümresine dahil olma dualarıyla sona erer.",salih amel; sadık iman; samimi niyet; muslih olmak; ıslah
15.08.2014,2014,PEYGAMBERE İMAN OLMADAN ALLAH’A İMAN OLMAZ,Peygamberimiz ve Ashab,"İman, Tevhid ve Ahiret","Hutbe, Peygambere iman etmeden Allah'a imanın tam olamayacağını, tevhit, nübüvvet ve ahiret inancının İslam'ın ayrılmaz temelleri olduğunu anlatır. Namaz ve oruç gibi ibadetlerin nasıl yapılacağının ancak Peygamberimizin örnekliğiyle öğrenildiği vurgulanarak ona olan itaatin Allah'a itaat anlamına geldiği hatırlatılır. Hutbe, Peygamberimizi örnek ve rehber edinme çağrısı ve iman tadına erişme duasıyla sona erer.",peygambere iman; nübüvvet; tevhit; peygamberi örnek almak; itaat
22.08.2014,2014,HAYÂ HAYATTIR!,"Ahlak, Erdem ve Söz",,"Hutbe, hayânın İslam ahlakının temel kavramlarından biri olduğunu, Allah'a, insanlara ve kişinin kendine karşı üç boyutu bulunduğunu anlatır. Modern zamanlarda hayâsızlığın bir endüstri haline getirilerek toplumsal ahlakın aşındırıldığı, buna karşın hayânın insanın hayatiyetinin ve onurunun bir göstergesi olduğu vurgulanır. Hutbe, Peygamberimizin hidayet, takva ve iffet dilediği duasıyla sona erer.",hayâ; iffet; edep; ahlaki çöküş; modern hayâsızlık; toplumsal ahlak
26.09.2014,2014,İŞ VE TİCARET AHLAKI-ÂHİLİK,"Ekonomik Hayat: Kazanç, Zekat ve İsraf",,"Hutbe, İslam'ın iş ve ticaret ahlakının doğruluk, dürüstlük ve işçi hakkına riayet üzerine kurulu olduğunu, işçilerin alın terinin heba edilmesinin ve iş kazalarının vicdanları yaralayan bir haksızlık olduğunu anlatır. Tarihte Ahilik Teşkilatı örneği üzerinden dürüst ve liyakatli ticaretin nasıl kurumsallaştığı hatırlatılarak helal kazancın müminin kazanç felsefesi olması gerektiği vurgulanır. Hutbe, ölçü ve tartıda hile yapanları uyaran ayetlerle sona erer.",iş ve ticaret ahlakı; ahilik; işçi hakları; iş güvenliği; helal kazanç; haksız kazanç
03.10.2014,2014,KURBAN ALLAH’A YAKIN OLMAK İÇİNDİR,"Ramazan, Oruç ve Bayramlar","Toplumsal Dayanışma, Merhamet ve Kardeşlik; İbadet ve Kulluk","Hutbe, kurban ibadetinin Hz. İbrahim ve Hz. İsmail'in teslimiyet kıssasına dayandığını, Allah'a ulaşanın kurbanın eti ve kanı değil, müminin takvası olduğunu anlatır. Kurbanın toplumda kardeşlik, yardımlaşma ve sosyal adaleti pekiştiren bir ibadet olduğu, ayrıca kurbanlık hayvana şefkatli davranma ve kesim adabına dikkat edilmesi gerektiği vurgulanır. Hutbe, kesilecek kurbanların kabulü ve İslam coğrafyasındaki acıların dinmesi duasıyla sona erer.",kurban ibadeti; hz. ibrahim ve ismail; takva; kurban kesim adabı; sosyal dayanışma
04.10.2014,2014,KURBAN BAYRAMI,"Ramazan, Oruç ve Bayramlar","Toplumsal Dayanışma, Merhamet ve Kardeşlik; İbadet ve Kulluk","Hutbe, Kurban Bayramı'nın müminleri hac ve kurban ibadetiyle birlik ve teslimiyet etrafında buluşturduğunu, ancak bu birlik ve kardeşlik ruhundan ne kadar uzaklaşıldığının sorgulanması gerektiğini anlatır. Müslümanlar arasındaki fitne ve çatışmaların iman kardeşliğini zedelediği, bayramın bu bağları yeniden güçlendirmesi gerektiği vurgulanır. Hutbe, bayramın İslam âlemi ve tüm insanlık için barış ve huzura vesile olması duasıyla sona erer.",kurban bayramı; hac; birlik ve vahdet; müslümanlar arası kardeşlik; teslimiyet
10.10.2014,2014,BİZ KARDEŞİZ,"Toplumsal Dayanışma, Merhamet ve Kardeşlik","Ahlak, Erdem ve Söz","Hutbe, İslam'da kardeşliğin kan bağının ötesinde bir muhabbet, dayanışma ve diğerkâmlık ilişkisi olduğunu, Ensar ile Muhacir arasındaki örnek kardeşliğin bugün de yaşatılması gerektiğini anlatır. Haset, kin ve sırt çevirmenin kardeşlik bağlarını zedelediği, müminlerin birbirinin hak ve hukukuna riayet etmesi gerektiği vurgulanır. Hutbe, mümin kardeşler arasında kin tutulmaması için edilen bir dua ile sona erer.",kardeşlik; ensar ve muhacir; haset ve kin; birlik ve dirlik; diğerkâmlık
17.10.2014,2014,ARŞIN GÖLGESİNDEKİ GENÇLİK,"Aile, Çocuk ve Nesil",,"Hutbe, özellikle gençlere seslenerek Mekke döneminde İslam davetine icabet eden genç sahabelerin örnekliğini hatırlatır ve gençlerin ashab-ı kehf, Habil, İsmail, Yusuf gibi erdemli örnekleri kendilerine model almaları gerektiğini anlatır. Gençliğin ibadetle geçirilmesinin kıyamette Allah'ın arşı altında gölgelenmeye vesile olacağı müjdelenir. Hutbe, büyüklerin gençlere güven ve muhabbet göstermesi gerektiği çağrısıyla sona erer.",gençlik; genç sahabiler; arşın gölgesi; örnek gençlik; ibadet ve gençlik
24.10.2014,2014,HİCRET: FITRATA YAPILAN YOLCULUK,"Kandiller, Muharrem ve Mübarek Geceler","Peygamberimiz ve Ashab; Sabır, Tevekkül ve Manevi Olgunluk","Hutbe, hicretin sadece bir mekân değişikliği değil, Allah'ın yasakladığı şeylerden uzaklaşarak hakka ve fıtrata doğru yapılan manevi bir yolculuk olduğunu anlatır. Hz. Âdem'den başlayarak insanlık tarihindeki hicret örnekleri hatırlatılarak yeni hicri yılın günahlardan hayırlara doğru bir hicrete vesile olması gerektiği vurgulanır. Hutbe, ırkçılık ve zulmü terk edip kardeşlik ve merhamete hicret etme çağrısıyla sona erer.",hicret; muharrem; hicri yılbaşı; fıtrata dönüş; kötülükten uzaklaşma
31.10.2014,2014,ORTAK HÜZÜN VE İBRET AYI: MUHARREM,"Kandiller, Muharrem ve Mübarek Geceler",,"Hutbe, Muharrem ayının hem kutlu hem de Kerbelâ hadisesi nedeniyle hüzün ve ibret ayı olduğunu, Hz. Hüseyin ve yetmişten fazla müminin şehit edildiği bu olayın tüm Müslümanları derinden yaraladığını anlatır. Kerbelâ'nın doğru anlaşılmasının ayrılık değil birlik, kin değil kardeşlik duygusunu pekiştirmesi gerektiği, günümüzdeki benzer zulüm ve çatışmalara karşı ortak akıl geliştirilmesi gerektiği vurgulanır. Hutbe, Hz. Hüseyin ve tüm şehitlerin anılması ve Ermenek maden kazasında mahsur kalanlara dua ile sona erer.",muharrem; kerbela; hz. hüseyin; hüzün ve ibret; mezhep birliği; ermenek maden kazası
07.11.2014,2014,MESCİD-İ AKSÂ KAN AĞLIYOR,İslam Coğrafyası ve Küresel Meseleler,,"Hutbe, Mescid-i Aksâ'nın İslam'ın üç kutsal mescidinden biri ve Peygamberimizin miraca yükseldiği yer olarak taşıdığı büyük öneme dikkat çeker. İsrail'in Kudüs ve Mescid-i Aksâ'ya yönelik saldırılarının Müslümanların bu kutsal mekânla bağını yaraladığını, zulme karşı sessiz kalmanın Müslüman ahlakıyla bağdaşmadığını vurgular. Hutbe, Mescid-i Aksâ'daki mazlumların acısının dinmesi ve zulmün son bulması için edilen dua ile sona erer.",mescid-i aksa; kudüs; israil saldırıları; zulme karşı durmak; kutsal mekanlar
21.11.2014,2014,HAYIR HAZİNELER DOLUSUDUR,"Afet, Kriz ve Sağlık","İman, Tevhid ve Ahiret; Peygamberimiz ve Ashab","Hutbe, hayrın ve iyiliğin sınırsız çeşitleri olduğunu, Habil ile Kabil kıssası üzerinden hayır ile şerrin insanlık tarihi boyunca süregelen mücadelesini anlatır. Her müminin hayra anahtar, şerre kilit olması gerektiği, bunun ancak ihlas ve samimiyetle gerçekleşebileceği vurgulanır. Hutbe, Ermenek maden kazasında hayatını kaybedenlere rahmet dileği ile sona erer.",hayır işlemek; habil ve kabil; emr-i bi'l-maruf; ihlas; ermenek maden kazası
28.11.2014,2014,DİLİN ESİRİ OLMAYALIM!,"Ahlak, Erdem ve Söz",,"Hutbe, konuşma yeteneğinin insana özgü ilahi bir emanet olduğunu, dilin gıybet, iftira, yalan ve dedikodu gibi afetlerden korunması gerektiğini anlatır. Özellikle sosyal medyada yaygınlaşan asılsız haber ve dedikoduların hem kul hakkına hem kamu hakkına zarar verdiği vurgulanır. Hutbe, dilin ve kalbin kötülüklerinden Allah'a sığınma duasıyla sona erer.",dil afetleri; gıybet; dedikodu; sosyal medya; iftira; kul hakkı
05.12.2014,2014,AHİRET: HESAP VERME BİLİNCİ,"İman, Tevhid ve Ahiret","Sabır, Tevekkül ve Manevi Olgunluk","Hutbe, ahirete imanın insanı sorumluluk bilinciyle hareket etmeye sevk ettiğini, dünyada yapılan her hayrın ve günahın hesabının mutlaka görüleceğini anlatır. Ahirete inanmanın dünyayı ihmal etmek anlamına gelmediği, aksine hem dünya hem ahiret için dengeli bir çaba gerektirdiği vurgulanır. Hutbe, dünya ve ahirette iyilik istenen dualarla sona erer.",ahiret; hesap verme bilinci; amel defteri; dünya ahiret dengesi; sorumluluk bilinci
12.12.2014,2014,"MUSİBETLER KARŞISINDA SABIR, MÜMİNCE BİR TAVIRDIR","Sabır, Tevekkül ve Manevi Olgunluk",,"Hutbe, Peygamberimizin kabir başında ağlayan bir kadına sabrı öğütlemesi ve kendi oğlu İbrahim'in ölümü karşısındaki tavrı üzerinden musibetler karşısında sabrın mümince bir duruş olduğunu anlatır. Peygamberlerin de tarih boyunca ağır imtihanlardan geçtiği, gözyaşının merhametten olduğu ama isyana dönüşmemesi gerektiği vurgulanır. Hutbe, sabır ve sıkıntıların hayra dönüşmesi için edilen dua ile sona erer.",sabır; musibet; peygamberlerin imtihanı; ölüm karşısında tavır; tevekkül
26.12.2014,2014,PAHA BİÇİLMEZ SERMAYE: ÖMÜR,"Sabır, Tevekkül ve Manevi Olgunluk",,"Hutbe, ömrün paha biçilmez bir sermaye olduğunu, zamanın hızla akıp gittiğini ve bu sermayenin israf edilmemesi gerektiğini anlatır. Yıl sonunda yapılacak bir öz muhasebenin hataları gözden geçirip yeni kararlar almak için bir fırsat olduğu vurgulanır. Hutbe, ömrün ve zamanın bereketli kılınması için edilen dua ile sona erer.",ömür; zamanın kıymeti; yıl sonu muhasebesi; israf; salih amel
13.03.2015,2015,ÇANAKKALE ŞEHİTLERİNE…,"Vatan, Millet ve Tarih",,"Hutbe, Çanakkale Zaferi'nin 100. yıl dönümü vesilesiyle Mehmetçiklerin din, vatan ve millet uğruna gösterdiği kahramanlığı ve fedakârlığı anlatır. Çanakkale'nin farklı coğrafyalardan gelen Müslümanların aynı iman ve gaye etrafında kardeş olduğu bir şehitlik toprağı olduğu, bu ruhun birlik ve beraberlik için günümüzde de yaşatılması gerektiği vurgulanır. Hutbe, şehitlerin anılması ve milletin birlik içinde kalması duasıyla sona erer.",çanakkale zaferi; şehitlik; mehmetçik; vatan sevgisi; birlik ve beraberlik; istiklal mücadelesi
20.03.2015,2015,İNSANI İYİLİK YAŞATIR,"Ekonomik Hayat: Kazanç, Zekat ve İsraf","Ahlak, Erdem ve Söz","Hutbe, iyiliğin İslam medeniyetinde varoluşun temel gayesi olduğunu, günlük dilde 'hayır' kavramıyla ifade edilen bu değerin toplumsal hayatın her alanına nüfuz ettiğini anlatır. İslam medeniyetinin cami, vakıf, hastane ve yetimhaneler gibi hayır kurumlarıyla iyiliği kurumsallaştırdığı, ancak günümüzde iyiliğin menfaat ve gösterişe kurban edildiği vurgulanır. Hutbe, hayatı ve ölümü iyilik vesilesi kılma duasıyla sona erer.",iyilik; hayır kurumları; islam medeniyeti; vakıf kültürü; gösterişten uzak iyilik
17.04.2015,2015,"DÜNYA BİZE, BİZ BİRBİRİMİZE EMANETİZ!","Toplumsal Dayanışma, Merhamet ve Kardeşlik","Ahlak, Erdem ve Söz","Hutbe, tüm insanlığın Hz. Âdem ile Havva'nın çocukları olarak büyük bir aile teşkil ettiğini, farklılıkların çatışma değil imtihan vesilesi olması gerektiğini anlatır. Dünyanın bize, insanların da birbirine emanet olduğu vurgulanarak sevgi, saygı ve dayanışmanın hayata geçirilip geçirilmediği sorgulanır. Hutbe, birlikte yaşama ahlakının hayata yansıtılması çağrısıyla sona erer.",insanlık ailesi; birlikte yaşama; farklılıklara saygı; emanet bilinci; kardeşlik ahlakı
08.05.2015,2015,CANA CAN OLMAK: AİLE,"Aile, Çocuk ve Nesil",,"Hutbe, ailenin insanlık tarihinin başlangıcından beri toplumun en küçük ama en önemli birimi olduğunu, aile kurmanın yanı sıra gerçek anlamda 'aile olmanın' sevgi, saygı ve fedakârlık gerektirdiğini anlatır. Sevgisizlik ve sadakatsizlik yüzünden dağılan ailelerin özellikle çocuklar üzerinde derin yaralar açtığı vurgulanarak ailevi sorumlulukların önemine dikkat çekilir. Hutbe, eş ve çocukların göz aydınlığı kılınması için edilen dua ile sona erer.",aile; eşler arası sevgi; aile birliği; boşanma; çocuk yetiştirme; aile içi sorumluluk
12.06.2015,2015,KUR’AN AYINDA KUR’AN’LA BULUŞALIM!,Kur'an-ı Kerim,,"Hutbe, yaklaşan Ramazan ayının Kur'an ayı olarak müminlere en büyük hediyesinin Kur'an-ı Kerim olduğunu, Kur'an'ın insanı her türlü esaretten özgürlüğe taşıdığını anlatır. Çocukları ve gençleri yaz Kur'an kursları vasıtasıyla Kur'an ve camiyle buluşturmanın anne-babaların en önemli görevi olduğu vurgulanır. Hutbe, evlatların göz aydınlığı kılınması için edilen dua ile sona erer.",ramazan; kur'an ayı; yaz kur'an kursları; çocuk eğitimi; kur'an ile buluşma
19.06.2015,2015,VAKİT İYİLİK VAKTİ: BU RAMAZAN VE HER ZAMAN,"Ahlak, Erdem ve Söz","Ramazan, Oruç ve Bayramlar; Ekonomik Hayat: Kazanç, Zekat ve İsraf","Hutbe, iyiliğin bitmez tükenmez çeşitleri olduğunu, Peygamberimizin sadaka vermeye imkanı olmayanlara dahi iyilik yapıp kötülükten kaçınmayı tavsiye ettiğini anlatır. Diyanet İşleri Başkanlığının bu yılki Ramazan temasının 'Vakit İyilik Vakti' olduğu belirtilerek savaş ve sömürünün hâkim olduğu dünyada iyiliğin yeniden egemen kılınması gerektiği vurgulanır. Hutbe, Ramazan'ın İslam âlemine huzur ve barış getirmesi duasıyla sona erer.",ramazan; iyilik; vakit iyilik vakti; sadaka çeşitleri; diyanet teması
26.06.2015,2015,TEVHİD İLE GELEN VAHDET,"Toplumsal Dayanışma, Merhamet ve Kardeşlik","İman, Tevhid ve Ahiret","Hutbe, Peygamberimizin Medine'de kısa sürede şirk toplumundan tevhid toplumuna geçen güçlü bir vahdet inşa ettiğini, Ensar-Muhacir kardeşliğinin bu medeniyetin temelini oluşturduğunu anlatır. Günümüzde İslam dünyasının cehalet, tefrika ve fitne girdabında olduğu, bu durumun ümmet bilincinden uzaklaştırdığı vurgulanarak asr-ı saadetin kardeşlik ruhunun yeniden inşa edilmesi gerektiği belirtilir. Hutbe, müminlerin yürek birliği için edilen dua ile sona erer.",tevhid; vahdet; ensar ve muhacir; ümmet bilinci; tefrika; islam medeniyeti
03.07.2015,2015,CENNET KAPILARININ ANAHTARI: YETİMLER,"Aile, Çocuk ve Nesil","Ramazan, Oruç ve Bayramlar; Toplumsal Dayanışma, Merhamet ve Kardeşlik","Hutbe, Peygamberimizin Cafer b. Ebû Talib'in yetimlerine gösterdiği şefkat örneği üzerinden yetimlere sahip çıkmanın İslam'da ne kadar önemli olduğunu anlatır. Savaş, hastalık ve kaza gibi nedenlerle yetim kalan çocukların himayeye en çok muhtaç kesim olduğu, bu Ramazan'da onlara gönül ve sofra açılması gerektiği vurgulanır. Hutbe, yetimi sahiplenenin cennete gireceği müjdesiyle sona erer.",yetimler; cafer b. ebu talib; ramazan; yetime şefkat; himaye
10.07.2015,2015,"KADİR GECESİ, KADİR BİLENLER İÇİNDİR","Kandiller, Muharrem ve Mübarek Geceler",Kur'an-ı Kerim,"Hutbe, Kadir Gecesi'nin Kur'an'ın indiği, bin aydan daha hayırlı olan bir gece olduğunu, bu gecenin kadrini ancak Kur'an'ın kadrini bilenlerin idrak edebileceğini anlatır. Kur'an'la kurulan bağın ölçüsünde insanın değer kazanacağı, dünyanın dört bir yanındaki zulüm ve kan dökmenin Kur'an'ın adalet çağrısına ne kadar muhtaç olunduğunu gösterdiği vurgulanır. Hutbe, Kadir Gecesi'nin tebriki ve affedilme duasıyla sona erer.",kadir gecesi; kur'an'ın kadri; ramazan; bin aydan hayırlı gece; kur'an ile bağ
17.07.2015,2015,RAMAZAN BAYRAMI,"Ramazan, Oruç ve Bayramlar","Sabır, Tevekkül ve Manevi Olgunluk; Toplumsal Dayanışma, Merhamet ve Kardeşlik","Hutbe, Ramazan Bayramı'nın sabrın ve zaferin, birlik ve beraberliğin bayramı olduğunu, müminlerin birbirine yaslanan bir bina gibi bağlı olması gerektiğini anlatır. Bayramın yoksula, yetime, mülteciye karşı sorumluluk hissetmenin ve küskünlüklere son vermenin vakti olduğu vurgulanır. Hutbe, bayramın İslam âlemi ve tüm insanlık için hayırlara vesile olması duasıyla sona erer.",ramazan bayramı; birlik ve beraberlik; sabır; küskünlüklere son verme; mülteciler
17.07.2015,2015,RAMAZAN MEKTEBİNİN ÖĞRETTİKLERİ,"Ramazan, Oruç ve Bayramlar","Sabır, Tevekkül ve Manevi Olgunluk; Toplumsal Dayanışma, Merhamet ve Kardeşlik","Hutbe, Ramazan Bayramı'nın sabrın ve zaferin, birlik ve beraberliğin bayramı olduğunu, müminlerin birbirine yaslanan bir bina gibi bağlı olması gerektiğini anlatır. Bayramın yoksula, yetime, mülteciye karşı sorumluluk hissetmenin ve küskünlüklere son vermenin vakti olduğu vurgulanır. Hutbe, bayramın İslam âlemi ve tüm insanlık için hayırlara vesile olması duasıyla sona erer.",ramazan bayramı; birlik ve beraberlik; sabır; küskünlüklere son verme; mülteciler
07.08.2015,2015,KULLUĞUN ÖZÜ: İHSAN,"Sabır, Tevekkül ve Manevi Olgunluk",,"Hutbe, Cebrail'in Peygamberimize İslam, iman ve ihsanı sorduğu meşhur hadisten yola çıkarak kulluğun özünün ihsan olduğunu anlatır. İhsanın; kendine karşı nimetlerin kıymetini bilmek, Rabbine karşı O'nun her an kendisiyle olduğunu unutmamak ve kardeşlerine karşı gönül açıklığı, merhamet ve dürüstlük göstermek anlamına geldiği vurgulanır. Hutbe, insanın her davranışının kaydedildiği bilinciyle yaşamaya ve Allah'ı çokça anmaya davetle sona erer.",ihsan; kulluk bilinci; murakabe; otokontrol; kiramen katibin; samimiyet; iman-amel bütünlüğü
14.08.2015,2015,İMANIN TEZAHÜRÜ: FEDAKÂRLIK VE İSÂR,İbadet ve Kulluk,"Aile, Çocuk ve Nesil; Peygamberimiz ve Ashab","Hutbe, Ensar'ın Muhacirlere gösterdiği fedakârlığı ve Peygamberimizin örnek davranışlarını anlatarak fedakârlık ve îsârın imanın bir tezahürü olduğunu vurgular. Fedakârlığın yalnızca maddi paylaşım değil; aile, akraba, komşu ve millet için gönüllü özveri göstermek olduğu, günümüzde bencillik ve maddiyat tutkusunun bu erdemi aşındırdığı belirtilir. Hutbe, birlikte yaşamanın ancak fedakârlıkla mümkün olduğunu hatırlatarak sona erer.",fedakarlık; isar; ensar ve muhacir; paylaşma; aile fedakarlığı; diğerkamlık
21.08.2015,2015,BİRLİK VE BERABERLİĞİMİZİN HARCI: KARDEŞLİĞİMİZ,"Toplumsal Dayanışma, Merhamet ve Kardeşlik","Vatan, Millet ve Tarih; Ahlak, Erdem ve Söz","Hutbe, müminler arasındaki kardeşliğin ırk, mezhep ve coğrafya ayrımı gözetmeyen, tarih boyunca milleti bir arada tutan temel değer olduğunu anlatır. Türkiye'de yaşanan terör saldırılarının kardeşlik duygusunu zedelemeye çalıştığı vurgulanarak, milletin birlik ve beraberliğini bozmaya yönelik fitne ve husumete karşı sımsıkı kenetlenme çağrısı yapılır. Hutbe, şehitlere rahmet, gazilere şifa ve ailelerine sabır dileğiyle sona erer.",kardeşlik; birlik ve beraberlik; terör; fitne; şehit ve gazi; milli birlik
28.08.2015,2015,HAC YOLCULUĞUNDAN HAK YOLCULUĞUNA,İbadet ve Kulluk,"İman, Tevhid ve Ahiret; Sabır, Tevekkül ve Manevi Olgunluk","Hutbe, hac mevsimine erişmenin sevinciyle haccın niyetten eyleme, teslimiyete ve arınmaya dönüşen sembolik bir yolculuk olduğunu anlatır. Hac ibadetinin sabır, fedakârlık, kardeşlik ve takva bilinci kazandırdığı, hacca gidemeyenlerin de niyet ve muhabbetlerinin Allah katında değerli olduğu vurgulanır. Hutbe, hacca gidilse de gidilmese de ömür boyu sürecek olan Hak yolculuğunun unutulmamasıyla sona erer.",hac ibadeti; teslimiyet; arınma; kabe; niyet; kulluk yolculuğu
04.09.2015,2015,"KARDEŞLİĞİ KÖRELTEN AFETLER: TECESSÜS, SU-İ ZAN…","Ahlak, Erdem ve Söz",,"Hutbe, İslam'ın insan onurunu koruma ilkesinden hareketle gıybet, su-i zan, dedikodu ve iftira gibi kardeşliği köreltici davranışları ele alır. Müminler arasındaki kardeşliğin bir bedenin organları gibi bütünsel olduğu, asılsız haberlerin peşinden gitmenin de onu yayanlar kadar sorumluluk gerektirdiği hatırlatılır. Hutbe, her söz ve zannın hesabının sorulacağı uyarısıyla sona erer.",gıybet; su-i zan; dedikodu; iftira; kardeşlik ahlakı; dil ve söz sorumluluğu
24.09.2015,2015,KURBAN BAYRAMI,"Ramazan, Oruç ve Bayramlar","Toplumsal Dayanışma, Merhamet ve Kardeşlik; Vatan, Millet ve Tarih","Bayram hutbesi, Kurban Bayramı'nın kardeşliği pekiştiren, aile bağlarını güçlendiren ve muhtaçlarla dayanışmayı hatırlatan bir vesile olduğunu anlatır. Bayramların günahlardan arınma, mazlum ve yetimlerin yanında olma fırsatı sunduğu vurgulanırken, İslam coğrafyasındaki savaş ve terörün bayram sevincini gölgelediği belirtilir. Hutbe, İslam beldelerinin felaketlerden korunması ve şehitlere rahmet dileğiyle sona erer.",kurban bayramı; bayram sevinci; kardeşlik; islam coğrafyası; şehit; dayanışma
02.10.2015,2015,YARATAN RABBİNİN ADIYLA OKU!,"Eğitim, Teknoloji, Çevre ve Toplumsal Değişim","Ahlak, Erdem ve Söz; Aile, Çocuk ve Nesil","Hutbe, Kur'an'ın ilk emri olan 'oku' ayetinden hareketle bilgi ve ilmin insanlık için vazgeçilmez bir değer olduğunu, ancak bilginin ahlaktan yoksun kullanıldığında yıkıcı bir güce dönüşebileceğini anlatır. Terör ve şiddetin gençleri eğitimin gerçek amacından uzaklaştırdığı, bunun yerine ilim, hikmet ve ahlakla donanmış nesiller yetiştirmenin önemi vurgulanır. Hutbe, yeni eğitim-öğretim yılının hayırlı olması dileğiyle sona erer.",ilim; eğitim; bilgi ahlakı; okul; gençlik; medeniyet
09.10.2015,2015,NAMAZ DİRİLİŞTİR,İbadet ve Kulluk,,"Hutbe, namazın tüm peygamberlerin ortak ibadeti olduğunu ve müminin Allah'a yönelişinin en somut göstergesi olduğunu anlatır. Namazın kötülüklerden koruyan bir kalkan, arınma vesilesi ve dirilişimiz olduğu vurgulanırken, kişinin kendi namaz kılma bilincini sorgulamasına yönelik sorular yöneltilir. Hutbe, Camiler ve Din Görevlileri Haftası'nın Cami ve Namaz temasıyla kutlanacağının duyurulmasıyla sona erer.",namaz; camiler ve din görevlileri haftası; ibadet bilinci; arınma; miraç
16.10.2015,2015,MERHAMET İKSİRİNİ YUDUMLAYABİLMEK,"Kandiller, Muharrem ve Mübarek Geceler","Vatan, Millet ve Tarih","Hutbe, hicri yeni yıl ve Kerbelâ anması vesilesiyle merhametsizliğin insanı ne denli zalim kılabileceğini, yakın zamanda Ankara'da yaşanan terör saldırısının da bunun acı bir örneği olduğunu anlatır. Merhametin Allah'ın Rahman isminin bir yansıması ve Peygamberimizin en belirgin özelliği olduğu, İslam medeniyetinin bu merhamet mirasını insanlığa taşıdığı vurgulanır. Hutbe, yeni hicri yılın tebriki ve Hz. Hüseyin başta olmak üzere tüm şehitlere rahmet duasıyla sona erer.",merhamet; muharrem; kerbela; ankara terör saldırısı; vicdan; hicri yılbaşı
23.10.2015,2015,KERBELÂ’YI DOĞRU ANLAMAK,"Kandiller, Muharrem ve Mübarek Geceler",,"Hutbe, Aşure günü vesilesiyle Kerbelâ hadisesinin İslam ümmeti için ortak bir acı olduğunu, ancak bu acının sadece hüzünle değil doğru anlaşılmasıyla değerli olduğunu anlatır. Kerbelâ'yı doğru anlamanın kin ve ayrılık değil birlik, adalet ve zulme karşı duruş çıkarmak anlamına geldiği vurgulanır. Hutbe, Hz. Hüseyin'in zalimlerden beri olma duasıyla sona erer.",kerbela; hz. hüseyin; aşure günü; muharrem; zulme karşı duruş; ehl-i beyt
30.10.2015,2015,"PEYGAMBERLER, İNSANLIĞIN YOLUNU AYDINLATAN REHBERLERDİR",Peygamberimiz ve Ashab,"İman, Tevhid ve Ahiret","Hutbe, tüm peygamberlerin aynı ilahi mesajın taşıyıcısı ve insanlığın yolunu aydınlatan rehberler olduğunu, her birinin farklı bir erdemin simgesi olarak insanlığa örnek bırakıldığını anlatır. Hz. Muhammed'in nübüvvet zincirinin son halkası olduğu ve ona iman etmenin Allah'a imanla birlikte anıldığı vurgulanır. Hutbe, tüm peygamberlere salat ve selamla, onların yolundan ayrılmama duasıyla sona erer.",peygamberlere iman; nübüvvet; hz. muhammed; iman esasları; peygamber örnekliği
06.11.2015,2015,HER İNSAN ALLAH’IN BİR ÂYETİDİR!,"Toplumsal Dayanışma, Merhamet ve Kardeşlik",,"Hutbe, tüm insanların aynı özden yaratıldığını ve Allah nazarında eşit olduğunu anlatarak her insanın Allah'ın bir ayeti olarak saygın ve dokunulmaz kabul edilmesi gerektiğini vurgular. İnsan olmaktan kaynaklanan kardeşlik ile İslam kardeşliğinin farkı ele alınır; İslam kardeşliğinin iman ve takva ekseninde, çıkar gözetmeyen bir bağ olduğu belirtilir. Hutbe, kardeşlik, merhamet ve adaletin yeniden egemen kılınması dileğiyle sona erer.",insan onuru; kardeşlik; eşitlik; insan hakları; medine vesikası; yaratılış
13.11.2015,2015,ZİKİR: KALPLERE HAYAT VEREN İKSİR,"Sabır, Tevekkül ve Manevi Olgunluk","İbadet ve Kulluk; İman, Tevhid ve Ahiret","Hutbe, zikrin Allah'ı anmak, O'nun rızasını aramak ve gafletten kurtulmak anlamına geldiğini, dil, kalp ve bedenle gerçekleştirilebileceğini anlatır. Zikrin kalplere huzur verdiği, insanı yalnızlık ve umutsuzluktan koruduğu vurgulanırken, dünya meşgalesinin insanı zikirden uzaklaştırabileceği uyarısı yapılır. Hutbe, Peygamberimizin zikir ve şükür dolu bir kul olma duasıyla sona erer.",zikir; huzur; gaflet; kalp huzuru; allah'ı anmak; tefekkür
20.11.2015,2015,KÜRESEL TERÖRÜN HEDEF ALDIĞI DİN: İSLAM,"Vatan, Millet ve Tarih","Eğitim, Teknoloji, Çevre ve Toplumsal Değişim","Hutbe, İslam'ın barış, merhamet ve adalet mesajının terör örgütleri tarafından istismar edilerek dinin itibarsızlaştırıldığını anlatır. Cihadın öldürmek değil yaşatmak anlamına geldiği, terör saldırılarının faillerinin eylemlerinin İslam'la bağdaştırılamayacağı vurgulanır. Hutbe, gençlerin doğru dini bilgiyle yetiştirilmesi ve İslam'ın rahmet mesajının doğru temsili çağrısıyla sona erer.",terör; islam imajı; cihat kavramı; itibarsızlaştırma; küresel terör; dini bilgi
27.11.2015,2015,İMANI HAYAT KILABİLMEK,"Sabır, Tevekkül ve Manevi Olgunluk","Ahlak, Erdem ve Söz","Hutbe, imanın sadece kalpte tasdik ve dille ikrardan ibaret olmayıp davranışlara ve ahlaka yansıması gereken bütüncül bir gerçeklik olduğunu anlatır. Peygamberimizin örnekliğinde sadakat, samimiyet ve kardeşlik sevgisinin imanın gereği olduğu vurgulanırken, okuyucuyu kendi hayatını sorgulamaya davet eden sorular yöneltilir. Hutbe, iman ile ahlakın hayatın her kesitine yansıması gerektiği hatırlatmasıyla sona erer.",iman ve amel; ahlak; öz muhasebe; sorumluluk bilinci; salih amel
04.12.2015,2015,BEDEN ÜLKESİNİN SULTANI: KALP,"Sabır, Tevekkül ve Manevi Olgunluk","Ahlak, Erdem ve Söz; Toplumsal Dayanışma, Merhamet ve Kardeşlik","Hutbe, kalbin sadece bir organ olmadığını, iman ve istikametin merkezi olan beden ülkesinin sultanı olduğunu anlatır. Selim kalbin sevgi, tevazu ve merhametle dolu olduğu, günümüzde ise hırs ve bencilliğin kalpleri katılaştırdığı, mülteci dramlarının vicdan kaybının bir göstergesi olduğu vurgulanır. Hutbe, kalplerin Allah rızasını arayan bir merkez haline getirilmesi duasıyla sona erer.",kalp; selim kalp; vicdan; merhametsizlik; mülteci krizi; gönül terbiyesi
11.12.2015,2015,DÜNYA-AHİRET DENGESİ,"Sabır, Tevekkül ve Manevi Olgunluk",,"Hutbe, Peygamberimizin bir sahabiye öğrettiği duadan yola çıkarak dünya ve ahiret arasında dengeli, itidalli bir hayat sürmenin önemini anlatır. Ne dünyayı ahirete ne de ahireti dünyaya feda etmenin doğru olmadığı, günümüz insanının israf ve aşırılıkla bu dengeyi kaybettiği vurgulanır. Hutbe, dünya ve ahiretin hayırla birleştirilmesi duasıyla sona erer.",dünya-ahiret dengesi; itidal; israf; aşırılık; denge; ölçülü yaşam
18.12.2015,2015,RAHMET VE MERHAMET YÜKLÜ ADALET PEYGAMBERİ,"Toplumsal Dayanışma, Merhamet ve Kardeşlik",,"Hutbe, Mevlid Kandili vesilesiyle Peygamberimizin merhamet ve adalet dolu tutumlarını, Mekke fethi ve hayvanlara gösterdiği şefkat örnekleriyle anlatır. Onun mesajının zulme adalet, kine merhamet getirdiği, ancak günümüzde bu mesajlardan uzaklaşmanın İslam coğrafyasındaki acıların temel nedeni olduğu vurgulanır. Hutbe, Peygamberimizin ahlakıyla ahlaklanma temennisiyle sona erer.",mevlid kandili; merhamet; adalet; peygamber örnekliği; mekke fethi; şefkat
25.12.2015,2015,SAYILI NEFESLERİMİZİ TÜKETİRKEN…,"Sabır, Tevekkül ve Manevi Olgunluk","İman, Tevhid ve Ahiret","Hutbe, ömrün kısalığını ve ecelin ansızın gelişini anlatan bir Peygamber örneğinden yola çıkarak, hayatın her anının değerli bir sermaye olduğunu vurgular. Yıl sonunda kendini sorgulama çağrısı yapılarak, zamanın hayır ve salih amellerle mi yoksa haram ve gaflet ile mi tüketildiği sorgulanır. Hutbe, sayılı nefeslerin ebedi kurtuluşa vesile kılınması temennisiyle sona erer.",ömür; ecel; zamanın kıymeti; öz muhasebe; yıl sonu değerlendirmesi; gaflet
01.01.2016,2016,RABBİMİZ! BİZİ DOSDOĞRU YOLA İLET!,"Sabır, Tevekkül ve Manevi Olgunluk","İman, Tevhid ve Ahiret; Ahlak, Erdem ve Söz","Hutbe, Peygamberimizin çizdiği doğru yol örneğinden hareketle sırât-ı müstakimin Kur'an ve peygamberlerin yolu olduğunu, bunun dışındaki yolların şeytana açılan kapılar olduğunu anlatır. Günümüzde bu dosdoğru yoldan uzaklaşmanın dünyada acı, gözyaşı ve ayrılığa yol açtığı vurgulanır. Hutbe, Fatiha suresindeki bizi dosdoğru yola ilet duasıyla sona erer.",sırat-ı müstakim; dosdoğru yol; hidayet; fitne ve tefrika; istikamet
08.01.2016,2016,EDEP VE HAYÂ,"Ahlak, Erdem ve Söz","Eğitim, Teknoloji, Çevre ve Toplumsal Değişim","Hutbe, edep ve hayânın insanın fıtratında var olan, kendini ve haddini bilme erdemi olduğunu anlatır. Günümüzde ahlaki değerlerin yozlaşmasıyla edep ve hayânın bir eksiklik gibi algılanmaya başladığı, sosyal medyanın bu çöküşü hızlandırdığı vurgulanır. Hutbe, Peygamberimizin ahlakının örnek alınması çağrısıyla sona erer.",edep; hayâ; ahlaki çöküntü; sosyal medya; mahremiyet; ahlak
15.01.2016,2016,İMTİHANIN ADI: FİTNE,"Ahlak, Erdem ve Söz","Sabır, Tevekkül ve Manevi Olgunluk; Vatan, Millet ve Tarih","Hutbe, Kur'an'da geçen fitne kavramının hem imtihan hem de kargaşa anlamına geldiğini, fitnenin öldürmekten daha kötü kabul edildiğini anlatır. Toplumun birlik ve beraberliğini hedef alan terör saldırılarının ve asılsız iddiaların fitneye yol açtığı, bunun karşısında ıslah ve kaynaşmanın esas alınması gerektiği vurgulanır. Hutbe, milletin fitne ve musibetlerden korunması duasıyla sona erer.",fitne; imtihan; terör; toplumsal huzursuzluk; sosyal medya; dedikodu
22.01.2016,2016,SÖZ AHLAKI,"Ahlak, Erdem ve Söz",,"Hutbe, sözün insanın kişiliğini ve akıbetini belirleyen önemli bir emanet olduğunu, doğruluk ve ahlakla söylenmesi gerektiğini anlatır. Günümüzde sosyal medyada asılsız sözlerle insanların itibarının zedelendiği, imaj ve görselliğin sözün değerinin önüne geçtiği vurgulanır. Hutbe, Yunus Emre'nin söz ahlakına dair beyitiyle sona erer.",söz ahlakı; doğruluk; sosyal medya; dedikodu; iftira; dil sorumluluğu
29.01.2016,2016,EN GÜZEL İSİMLER O’NUNDUR,"Sabır, Tevekkül ve Manevi Olgunluk","İman, Tevhid ve Ahiret","Hutbe, Allah'ın doksan dokuz güzel isminin sadece ezberlenmesi değil, anlamlarının kavranıp hayata yansıtılması gerektiğini anlatır. Rahman, Rahim, Sabûr ve Rezzak gibi isimlerin müminin ahlakında nasıl karşılık bulması gerektiği örneklerle açıklanır. Hutbe, Allah'ın kulunu her an anlığıyla beraber olduğunu bildiren kutsi hadisle sona erer.",esma-i hüsna; allah'ın isimleri; rahmet; sabır; tevekkül; rızık
05.02.2016,2016,ŞİMDİ YARALARI SARMA ZAMANI!,"Vatan, Millet ve Tarih","Aile, Çocuk ve Nesil; Ekonomik Hayat: Kazanç, Zekat ve İsraf","Hutbe, İslam coğrafyasındaki çatışmaların ve ülkedeki terör olaylarının açtığı yaraları sarma zamanının geldiğini anlatır. Şehit ailelerine, terör mağdurlarına ve Bayır Bucak Türkmenlerine destek olma çağrısı yapılarak Diyanet'in başlattığı yardım kampanyası duyurulur. Hutbe, çocukların Kur'an ve Peygamberimizin hayatı derslerini seçmeye teşvik edilmesi tavsiyesiyle sona erer.",şehit aileleri; terör mağdurları; türkmen kardeşler; yardım kampanyası; dayanışma
12.02.2016,2016,PEYGAMBERE İMAN TEVHİDİN BİR GEREĞİDİR,"İman, Tevhid ve Ahiret",Peygamberimiz ve Ashab; Kur'an-ı Kerim,"Hutbe, peygambere imanın tevhidin ayrılmaz bir gereği olduğunu, Kur'an'ın ancak Peygamberimizin sünneti ışığında doğru anlaşılıp yaşanabileceğini anlatır. Bize Kur'an yeter anlayışının Kur'an'ın kendisine aykırı olduğu, ibadetlerin şeklinin Peygamberimiz tarafından öğretildiği vurgulanır. Hutbe, tüm peygamberlere salat ve selamla sona erer.",peygambere iman; sünnet; kur'an-sünnet bütünlüğü; tevhid; iman esasları
19.02.2016,2016,PEYGAMBERLER ALLAH’IN KUTLU ELÇİLERİDİR,"İman, Tevhid ve Ahiret","Peygamberimiz ve Ashab; Vatan, Millet ve Tarih","Hutbe, tüm peygamberlerin Allah'ın kutlu elçileri olduğunu ve her birinin belirli bir erdemin sembolü olarak insanlığa örnek olduğunu anlatır. Hz. Âdem'den Hz. Muhammed'e kadar peygamberlerin özellikleri sayılırken hiçbirinde ayrım yapılmaması gerektiği vurgulanır. Hutbe, Ankara'da yaşanan terör saldırısında hayatını kaybedenlere rahmet duasıyla sona erer.",peygamberlere iman; nübüvvet; peygamber örnekleri; ankara terör saldırısı; iman esasları
26.02.2016,2016,ÂHİRETE İMAN,"İman, Tevhid ve Ahiret",,"Hutbe, öldükten sonra dirilmeye ve ahiret gününe imanın dinin temel esaslarından biri olduğunu, dünyanın ahirete giden yolda geçici bir konak olduğunu anlatır. Kıyamete hazırlığın Allah ve Peygamberi sevmekten ve bu sevgi doğrultusunda yaşamaktan geçtiği vurgulanır. Hutbe, dünya ve ahirette iyilik dilenen dua ile sona erer.",ahirete iman; kıyamet; hesap günü; mizan; iman esasları; ölüm
04.03.2016,2016,KİTAPLARA İMAN,Kur'an-ı Kerim,"İman, Tevhid ve Ahiret","Hutbe, Allah'ın kitaplarına imanın bir iman esası olduğunu, Kur'an'ın önceki kitapları tasdik eden ve tahrif edilmemiş son ilahi kitap olduğunu anlatır. Kur'an'ın insanın var oluş amacını, doğru yolu ve ahlakı öğreten yaşayan bir mucize olduğu vurgulanır. Hutbe, Kur'an'ın rehberliğinden mahrum kalınmaması duasıyla sona erer.",kitaplara iman; kur'an-ı kerim; vahiy; tahrif; iman esasları
11.03.2016,2016,DÜNYAYI İYİLİK DEĞİŞTİRİR,"Ahlak, Erdem ve Söz","Toplumsal Dayanışma, Merhamet ve Kardeşlik","Hutbe, kötülüğün ancak iyilikle ortadan kaldırılabileceğini, iyiliğin İslam medeniyetinde var oluşun temel gayesi olduğunu anlatır. İyiliğin yalnızca maddi yardım değil, yetime şefkat, mülteciye ensarlık ve tebessümle gönül almak gibi geniş bir kapsamı olduğu vurgulanır. Hutbe, dünyayı değiştirenin iyilik olduğu hatırlatmasıyla sona erer.",iyilik; kötülüğe iyilikle karşılık; merhamet; yardımlaşma; mülteciler; ihsan
18.03.2016,2016,ÇANAKKALE VE BİRLİK RUHU,"Vatan, Millet ve Tarih",,"Hutbe, Çanakkale Zaferi'nin yıldönümü vesilesiyle ecdadın din, vatan ve bayrak uğruna gösterdiği fedakârlığı ve birlik ruhunu anlatır. Milletin bugün de terör tehdidi karşısında aynı kenetlenme ruhuyla hareket etmesi gerektiği, ayrılık ve fitneye fırsat verilmemesi vurgulanır. Hutbe, Ankara saldırısında hayatını kaybedenlere Fatiha ve milletin birlik içinde kalması duasıyla sona erer.",çanakkale zaferi; birlik ruhu; terör; milli birlik; şehitlik; ankara saldırısı
25.03.2016,2016,HAK VE HAKİKAT,"Sabır, Tevekkül ve Manevi Olgunluk","Toplumsal Dayanışma, Merhamet ve Kardeşlik","Hutbe, kıyamet günü asıl müflisin ibadetlerine rağmen başkalarının hakkını gasp eden kişi olduğunu anlatan hadisten yola çıkarak hak ve hakikate şahitlik etmenin önemini vurgular. Hakkı gözetmenin Allah'a, kendine ve çevreye karşı sorumluluk bilinciyle hareket etmek olduğu, her türlü haksızlığın hem Allah'ın hem kulun hakkına tecavüz olduğu belirtilir. Hutbe, hakkı hak bilip ona uyma duasıyla sona erer.",hak ve hakikat; adalet; müflis kimdir; kul hakkı; sorumluluk bilinci
01.04.2016,2016,ÖFKEYE HÂKİM OLABİLMEK,"Sabır, Tevekkül ve Manevi Olgunluk","Ramazan, Oruç ve Bayramlar; Kandiller, Muharrem ve Mübarek Geceler","Hutbe, öfkeye hâkim olmanın olgun bir mümin olmanın en önemli göstergelerinden biri olduğunu, Hz. Musa ve Hz. Yunus'un öfke anındaki tecrübelerinden örneklerle anlatır. Öfkenin insanı vicdansızlaştırdığı, aile ve toplum hayatında geri dönülmez zararlara yol açtığı vurgulanır. Hutbe, Regaib Kandili tebriki ve üç ayların hayırlı olması temennisiyle sona erer.",öfke kontrolü; sabır; hz. musa; hz. yunus; regaib kandili; üç aylar
08.04.2016,2016,"HZ. PEYGAMBER, TEVHİD VE VAHDET","Toplumsal Dayanışma, Merhamet ve Kardeşlik","İman, Tevhid ve Ahiret","Hutbe, Kutlu Doğum Haftası vesilesiyle tevhid ve vahdet kavramlarını, Peygamberimizin bu iki değeri insanlığa nasıl kazandırdığını anlatır. Tevhidin sadece inanç değil bir yaşam biçimi olduğu, vahdetin ise kardeşlik ve dayanışma anlamına geldiği vurgulanır. Hutbe, tevhid ve vahdetin İslam ümmetinin birlik ve huzuruna vesile olması temennisiyle sona erer.",kutlu doğum haftası; tevhid; vahdet; birlik; kardeşlik; ümmet
15.04.2016,2016,TEVHİD VE VAHDET MEDENİYETİ,"Toplumsal Dayanışma, Merhamet ve Kardeşlik",,"Hutbe, Habeşistan'a hicret eden sahabelerin Necaşi'ye yaptığı konuşmadan hareketle İslam medeniyetinin bir tevhid ve vahdet medeniyeti olduğunu anlatır. Bu medeniyetin insanları ırk ve coğrafyaya göre ayırmadığı, ancak günümüzde mezhepçilik ve tefrikanın bu birliği zedelediği vurgulanır. Hutbe, insanlığı diriltmek için birlik olma çağrısıyla sona erer.",tevhid ve vahdet; necaşi; hicret; islam medeniyeti; mezhepçilik; birlik
22.04.2016,2016,TEVHİD VE VAHDETİN ÖNCÜSÜ MÜMİNLER,"Toplumsal Dayanışma, Merhamet ve Kardeşlik",,"Hutbe, İslam ümmetinin tevhid ile gelen vahdetin temsilcisi olduğunu, ümmetin ilim ve hikmetten uzaklaştıkça cehalet ve zayıflığa düştüğünü anlatır. İslam coğrafyasını saran üç büyük fitnenin mezhepçilik, ırkçılık ve terör olduğu belirtilir. Hutbe, ümmetin tevhid ve vahdette birleşmesi duasıyla sona erer.",ümmet; mezhepçilik; ırkçılık; terör; tevhid ve vahdet; fitne
29.04.2016,2016,MİRAÇ KANDİLİ,"Kandiller, Muharrem ve Mübarek Geceler",İbadet ve Kulluk,"Hutbe, Miraç Kandili vesilesiyle İsra ve Miraç mucizesinin Peygamberimizin Allah'ın kudretine yaptığı en görkemli şahitlik olduğunu anlatır. Namazın bu gecede farz kılındığı, namazın her rüknünün miracın manevi bir yansıması olduğu vurgulanır. Hutbe, miraç değerlerinin hayata yansıtılması ve kandilin İslam âlemine hayır getirmesi duasıyla sona erer.",miraç kandili; isra ve miraç; namaz; kulluk; manevi yükseliş
06.05.2016,2016,O BÜYÜK GÜNE HAZIR MIYIZ?,"İman, Tevhid ve Ahiret","Sabır, Tevekkül ve Manevi Olgunluk","Hutbe, üç aylar vesilesiyle ölüm ve ahiret gerçeğinin unutulmaması, her an hesap gününe hazırlıklı olunması gerektiğini anlatır. Ahirete imanın sadece dille ikrar değil, haramlardan kaçınma ve muhtaçlara yardım etme gibi davranışlarla kendini göstermesi gerektiği vurgulanır. Hutbe, hesabını kolay verebilecek bir hayat sürme duasıyla sona erer.",ahiret; hesap günü; üç aylar; ölüm bilinci; nefis muhasebesi
13.05.2016,2016,HUZUR VE MUHABBET OCAĞI: AİLEMİZ,"Aile, Çocuk ve Nesil","Eğitim, Teknoloji, Çevre ve Toplumsal Değişim","Hutbe, ailenin sevgi, saygı ve şefkatle inşa edilen bir huzur ocağı olduğunu, Peygamberimizin Hz. Hatice'ye olan vefasının bu konuda örnek teşkil ettiğini anlatır. Anne, baba ve çocukların ailedeki rolleri anlatılırken, günümüzde sosyal medya ve gayri meşru ilişkilerin aile mahremiyetini tehdit ettiği vurgulanır. Hutbe, eşlerin ve çocukların göz aydınlığı kılınması duasıyla sona erer.",aile; hz. hatice; aile mahremiyeti; sosyal medya; ebeveynlik; aile huzuru
20.05.2016,2016,MAHREMİYETİ YİTİRMEK MAHRUMİYETTİR,"Eğitim, Teknoloji, Çevre ve Toplumsal Değişim","Ahlak, Erdem ve Söz; Aile, Çocuk ve Nesil","Hutbe, iffet, hayâ ve mahremiyetin İslam ahlakının vazgeçilmez değerleri olduğunu, mahremiyetin kişinin ve ailenin özel alanlarının korunması anlamına geldiğini anlatır. Teknoloji ve sosyal medyanın mahremiyeti hiçe sayarak toplumsal sorunlara yol açtığı, bu nedenle çocuklara mahremiyet eğitimi verilmesi gerektiği vurgulanır. Hutbe, Berat Kandili tebrikiyle sona erer.",mahremiyet; iffet; hayâ; sosyal medya; berat kandili; aile mahremiyeti
27.05.2016,2016,NAMAZ ARINMADIR,İbadet ve Kulluk,,"Hutbe, namazın günde beş kez kalpleri kötülük kirinden arındıran bir ibadet olduğunu, her rüknünün ayrı bir manevi anlam taşıdığını anlatır. Namazın insanları zengin-fakir, genç-yaşlı ayrımı olmaksızın birleştiren bir nimet olduğu vurgulanırken, namazın şekilden ibaret kılınmaması gerektiği hatırlatılır. Hutbe, namazın ihlas ve huşu ile kılınması duasıyla sona erer.",namaz; arınma; ibadet; huşu; namazın rükünleri
03.06.2016,2016,GELİN GÖNÜLLER YAPALIM,"Toplumsal Dayanışma, Merhamet ve Kardeşlik","Ramazan, Oruç ve Bayramlar","Hutbe, Ramazan ayının başlangıcı vesilesiyle Diyanet'in Gelin Gönüller Yapalım çağrısını anlatarak gönül yapmanın sevgi, merhamet ve paylaşımla mümkün olduğunu vurgular. Gönlün Allah katında bedenden daha değerli olduğu, Ramazan'ın bu değeri hatırlatan bir mektep olduğu belirtilir. Hutbe, gönül kırmama ve kırılan gönülleri onarma çağrısıyla sona erer.",ramazan; gönül yapmak; merhamet; paylaşma; gelin gönüller yapalım
10.06.2016,2016,KUR’AN AYI RAMAZAN,Kur'an-ı Kerim,"Vatan, Millet ve Tarih; Ramazan, Oruç ve Bayramlar","Hutbe, Ramazan ayının Kur'an'ın indiği ay olması nedeniyle özel bir öneme sahip olduğunu, Kur'an'ın insanlığı hakka ve adalete çağıran bir hidayet rehberi olduğunu anlatır. Kur'an ile gönül bağının bu ayda güçlendirilmesi gerektiği vurgulanırken, Ramazan'da yaşanan terör saldırılarına da değinilir. Hutbe, şehitlere rahmet ve Kur'an'ın rehberliğinden ayrılmama duasıyla sona erer.",ramazan; kur'an-ı kerim; hidayet; terör saldırısı; kur'an ayı
24.06.2016,2016,ARINMA VESİLESİ: ZEKÂT VE İNFAK,"Ekonomik Hayat: Kazanç, Zekat ve İsraf","Toplumsal Dayanışma, Merhamet ve Kardeşlik","Hutbe, zekâtın İslam'ın beş temel esasından biri olduğunu ve malı bereketlendiren, kişiyi cimrilikten arındıran bir ibadet olduğunu anlatır. Zekâtın zengin ile fakir arasında sevgi ve kardeşlik köprüleri kurduğu, günümüzde ekonomik adaletsizliğin had safhada olduğu vurgulanır. Hutbe, zekât ve fitrelerin vakit kaybetmeden verilmesi çağrısıyla sona erer.",zekât; infak; yetim; ekonomik adalet; yardımlaşma; sadaka
01.07.2016,2016,KADRİMİZİ YÜCELTEN GECE: KADİR GECESİ,"Vatan, Millet ve Tarih","Kandiller, Muharrem ve Mübarek Geceler; İman, Tevhid ve Ahiret","Hutbe, Kadir Gecesi'nin Kur'an'ın indiği, bin aydan hayırlı olan mübarek bir gece olduğunu anlatır. Bu gecenin üç önemli mesajının Kur'an'ın değerini bilmek, tövbe fırsatı ve meleklerin getirdiği barış ve esenlik olduğu vurgulanır. Hutbe, İstanbul'da yaşanan terör saldırısında hayatını kaybedenlere rahmet duasıyla sona erer.",kadir gecesi; kur'an-ı kerim; tövbe; ramazan; istanbul terör saldırısı
05.07.2016,2016,RAMAZAN BAYRAMI,"Ramazan, Oruç ve Bayramlar",,"Ramazan Bayramı vesilesiyle geçen mübarek ayın kazandırdığı sabır, şükür ve paylaşma bilincine dikkat çekilir. Terör ve şiddetin yaralarına rağmen milletin birlik ve kardeşliğini koruyarak umut olmaya devam etmesi gerektiği vurgulanır. Hutbe, dargınlıkların bırakılıp kimsesizlere, yaşlılara ve yoksullara bayram sevincinin ulaştırılması çağrısıyla sona erer.",ramazan bayramı; kardeşlik ve birlik; af ve bağışlama; yetim ve kimsesizlere yardım; terör mağduriyeti; bayram sevinci
08.07.2016,2016,RABBİMİZE YAKINLAŞMA VESİLESİ: SILA-İ RAHİM,"Toplumsal Dayanışma, Merhamet ve Kardeşlik","Sabır, Tevekkül ve Manevi Olgunluk","Hutbe, Peygamberimizin Medine'ye hicretinde akrabalık bağlarına verdiği önemden yola çıkarak sıla-i rahmin sadece görüşülenle değil, ihmal edilenle de ilişki kurmak olduğunu anlatır. Teknolojinin insanları birbirine yakınlaştırırken gönülleri uzaklaştırdığına, yalnız kalan yaşlı ve akrabaların ihmal edildiğine dikkat çekilir. Kapanışta akrabalık bağlarını koparmaktan sakınma çağrısı yapılır.",sıla-i rahim; akrabalık ilişkileri; teknoloji ve yalnızlaşma; anne-baba ziyareti; komşuluk hakları
15.07.2016,2016,HAYATIMIZI İBADET KILABİLMEK,İbadet ve Kulluk,,"Hutbe, Peygamberimizin ölçülü ibadet anlayışını örnek göstererek dinde aşırılığa kaçmamak gerektiğini vurgular. Ramazan'da kazanılan sabır, şükür ve arınma bilincinin bayramdan sonra da yıl boyunca sürdürülmesi gerektiği anlatılır. Hutbe, ibadet ve kulluk şuurunun devamlılığı için Allah'tan yardım dilenmesiyle son bulur.",ölçülü ibadet; ramazan sonrası kulluk bilinci; nefis terbiyesi; namazda huşû; israf ve aşırılıktan kaçınma
22.07.2016,2016,"GÜN, MİLLETÇE KENETLENME VE GELECEĞİMİZİ İNŞA ETME GÜNÜDÜR","Vatan, Millet ve Tarih",,"15 Temmuz darbe girişimi gecesinde yaşanan zorlu sürecin milletin birlik ve kenetlenme ruhuyla atlatıldığı anlatılır. Vatan sevgisi ve iman gücünün hiçbir zorbalığa yenilmeyeceği, dinin istismar edilerek millete kötülük yapılamayacağı vurgulanır. Hutbe, milletin bu direnişinin adalet ve hakkaniyetle zafere ulaşması için edilen dua ile sona erer.",15 temmuz darbe girişimi; milli birlik ve kenetlenme; vatan sevgisi; şehitlik; dinin istismarına karşı uyanıklık
29.07.2016,2016,"EN BÜYÜK BOZGUNCULUK, DİNİN MUAZZEZ DEĞERLERİNİ İSTİSMAR ETMEKTİR.","Vatan, Millet ve Tarih","Toplumsal Dayanışma, Merhamet ve Kardeşlik; Ahlak, Erdem ve Söz","Hz. Hatice'nin Peygamberimize verdiği güven örneği üzerinden, tarih boyunca en büyük bozgunculuğun ıslah kisvesi altında dinin değerlerini istismar etmek olduğu anlatılır. 15 Temmuz'daki onurlu duruşun milletin İslam'a ve vatanına bağlılığının bir göstergesi olduğu vurgulanır. Hutbe, milletin akıl ve iradesini başkalarına teslim etmemesi ve birlik içinde kalması için edilen dua ile biter.",dinin istismarı; 15 temmuz darbe girişimi; bozgunculuk; milli birlik; irade ve akıl bağımsızlığı
05.08.2016,2016,KULLUK SADECE ALLAH’A ÖZGÜDÜR,"İman, Tevhid ve Ahiret","İbadet ve Kulluk; Ahlak, Erdem ve Söz","Hutbe, tevhid inancının bütün peygamberlerin ortak çağrısı olduğunu ve kulluğun yalnızca Allah'a mahsus olduğunu anlatır. İnsanların nefsini veya başka otoriteleri ilahlaştırmasının tarih boyunca büyük bir sapma olduğu, gerçek kurtuluşun Kur'an ve Peygamber'in yolunda olduğu vurgulanır. Hutbe, dinin istismar edilerek fitne çıkarılmasına karşı Allah'a sığınmayla sona erer.",tevhid inancı; kulluk bilinci; kişi kültü ve ilahlaştırma; sırat-ı müstakim; fitne ve istismara karşı uyanıklık
12.08.2016,2016,SIRÂT-I MÜSTAKİM,Kur'an-ı Kerim,"İman, Tevhid ve Ahiret; Peygamberimiz ve Ashab","Hutbe, geçmiş dinlerin din adamlarını veya şahsiyetleri Allah'ın yerine koyarak nasıl saptığını anlatarak sırat-ı müstakimin yalnızca Kur'an ve sünnete dayandığını vurgular. Peygamberler dışında hiç kimsenin masum ve yanılmaz kabul edilemeyeceği, kimseye kutsallık atfedilemeyeceği belirtilir. Hutbe, herkesin ahiretteki akıbetini kendi davranışlarıyla belirleyeceği hatırlatmasıyla ve dini istismardan korunma duasıyla biter.",sırat-ı müstakim; tevhid; kişi kültünden sakınma; kur'an ve sünnetin önceliği; dini istismar
19.08.2016,2016,MÜMİN VE EMANET BİLİNCİ,"Vatan, Millet ve Tarih","Ahlak, Erdem ve Söz; Toplumsal Dayanışma, Merhamet ve Kardeşlik","Peygamberimizin güvenilirliği örnek gösterilerek imanın ve İslam'ın en büyük emanet olduğu, müminin her konuda emanete sadık kalması gerektiği anlatılır. Aile, vatan, bayrak ve ezan gibi değerlerin de birer emanet olduğu, bunlara ihanetin büyük bir zillet olacağı vurgulanır. Hutbe, terör saldırılarında şehit olanlara rahmet dilenerek ve milletin birlik ruhunun daim kılınması niyazıyla sona erer.",emanet bilinci; güvenilirlik; iman ve islam emaneti; terör saldırıları; vatan ve bayrak
26.08.2016,2016,HAYAT VEREN DİN: İSLÂM,"Vatan, Millet ve Tarih",,"Hutbe, İslam'ın hayat veren bir din olduğunu ve canlı bombalarla masumları katletmenin İslam'ın hiçbir değeriyle bağdaşmadığını vurgular. Bir masumun öldürülmesinin bütün insanlığın öldürülmesi anlamına geldiği hatırlatılarak, bu cinayetleri şehadet ve cihatla ilişkilendirmenin büyük bir ihanet olduğu anlatılır. Hutbe, terör saldırılarında hayatını kaybedenlere rahmet dilenmesiyle son bulur.",intihar saldırıları ve terör; hayat hakkının kutsallığı; cana kıymanın haramlığı; dinin istismarı; masumların katli
02.09.2016,2016,KULLUK VE SAMİMİYET BEYANI: KURBAN,"Ramazan, Oruç ve Bayramlar","İbadet ve Kulluk; Toplumsal Dayanışma, Merhamet ve Kardeşlik","Hutbe, Kurban Bayramı yaklaşırken kurbanın sadece kan akıtmaktan ibaret olmadığını, Allah'a yakınlaşma ve kulluk-samimiyet beyanı olduğunu anlatır. Hz. İbrahim ve İsmail'in sadakat ve teslimiyetinin kurbanın özünü oluşturduğu, kurbanın aynı zamanda paylaşma ve yardımlaşma vesilesi olduğu vurgulanır. Hutbe, Diyanet'in kurban yardımlarını mazlum ve mağdurlara ulaştıracağı bilgisiyle ve bayram duasıyla sona erer.",kurban ibadeti; hz. i̇brahim'in sadakati; kurban bayramı; takva; yardımlaşma ve paylaşma
09.09.2016,2016,BAYRAM VE HZ. İBRAHİM,Peygamberimiz ve Ashab,"Ramazan, Oruç ve Bayramlar; İbadet ve Kulluk","Kurban Bayramı arifesinde Hz. İbrahim'in tevhid mücadelesi, teslimiyeti ve bütün müminlere örnekliği anlatılır. Hac, kurban ve Kâbe gibi İslami değerlerin Hz. İbrahim'in mirası olduğu, onun azim ve ahlakının örnek alınması gerektiği vurgulanır. Hutbe, Hz. İbrahim'in Kur'an'da geçen dualarıyla ve gelecek nesillerin de tevhide bağlı kalması niyazıyla sona erer.",hz. i̇brahim; tevhid mücadelesi; kurban bayramı; hac ibadeti; örnek şahsiyet
12.09.2016,2016,KURBAN BAYRAMI,"Toplumsal Dayanışma, Merhamet ve Kardeşlik","Ramazan, Oruç ve Bayramlar; İbadet ve Kulluk","Kurban Bayramı hutbesinde, kurbanın Allah'a yakınlaşma ve takva beyanı olduğu, haccın ve kurbanın Hz. İbrahim ailesinin mirası olduğu anlatılır. Bayramın birlik, paylaşma ve gönül kazanma vesilesi olduğu, dargınlıkların bırakılıp yoksul ve kimsesizlere sevinç yaşatılması gerektiği vurgulanır. Hutbe, milletin ve İslam âleminin bayramının mübarek olması duasıyla sona erer.",kurban bayramı; hac ibadeti; takva; paylaşma ve gönül kazanma; birlik ve beraberlik
16.09.2016,2016,EBEDİ BAYRAMLARA BİRLİKTE YOL ALABİLMEK,İbadet ve Kulluk,"Toplumsal Dayanışma, Merhamet ve Kardeşlik; İman, Tevhid ve Ahiret","Hac, kurban ve bayram mevsiminin geride bırakılmasıyla kazanılan arınma ve kulluk bilincinin sadece o mevsimle sınırlı kalmayıp hayat boyu sürdürülmesi gerektiği anlatılır. Birlik ve kardeşlik duygusunun daim kılınması, dünyanın ahiretin tarlası olduğu bilinciyle yaşanması gerektiği vurgulanır. Hutbe, bayram dönüşü trafik kazalarına karşı dikkatli olma çağrısı ve güvenli yolculuk duasıyla sona erer.",hac ve kurban sonrası bilinç; birlik ve kardeşlik; ahiret bilinci; trafik güvenliği; kulluk şuuru
23.09.2016,2016,ALLAH’IM! İLİMLE YÜCELT BİZİ!,"Eğitim, Teknoloji, Çevre ve Toplumsal Değişim","İbadet ve Kulluk; Aile, Çocuk ve Nesil","Hutbe, İslam medeniyetinin 'Oku' emriyle başladığını, ilmin hem dini hem de kâinata dair bilgileri kapsadığını anlatır. Aile, okul ve caminin çocukların değer ve kimlik kazanmasındaki rolü vurgulanarak yeni eğitim-öğretim yılı vesilesiyle öğretmen, öğrenci ve ailelere seslenilir. Hutbe, ilmin insanlığın hayrına kullanılması ve faydalı bilgiyle donanılması duasıyla sona erer.",ilim ve okuma emri; eğitim-öğretim yılı; aile okul cami üçgeni; öğretmenlere seslenme; kur'an ve peygamber dersleri
30.09.2016,2016,CAMİ VE KİTAP MEDENİYETİ,İbadet ve Kulluk,"Kandiller, Muharrem ve Mübarek Geceler","Hutbe, hicret, Muharrem ayı ve Camiler Haftası vesilesiyle camilerin yeniden kitap ve ilim merkezleri haline getirilmesi gerektiğini anlatır. İslam medeniyetinin bir kitap medeniyeti olduğu, bilgisizlik ve taassubun bugünkü sıkıntıların temelinde yattığı vurgulanır. Hutbe, camilerde kütüphane ve ders halkaları kurularak ilim ve irfanla yücelme duasıyla sona erer.",camiler haftası; kitap medeniyeti; cami ve kütüphane; hicret; muharrem ayı
07.10.2016,2016,YÜREKLERİMİZİ SAHRÂ-I KERBELÂ’YA DÖNÜŞTÜRMEYELİM,"Kandiller, Muharrem ve Mübarek Geceler",,"Muharrem ayında Kerbelâ hadisesi hatırlatılarak Hz. Hüseyin ve Ehl-i Beyt'in şehadetinin İslam ümmetinin ortak hüznü olduğu anlatılır. Kerbelâ'nın ayrılık değil birlik bilinci aşılaması gerektiği, bugün Halep gibi yerlerde yaşanan zulümlerin de aynı acıyı tekrarladığı vurgulanır. Hutbe, Hz. Hüseyin'in duasıyla ve zalimlerden uzak kalma niyazıyla sona erer.",kerbelâ hadisesi; hz. hüseyin; muharrem ayı; halep'teki zulüm; birlik ve kardeşlik
14.10.2016,2016,HAYATA EMEKLE DOKUNMAK,"Toplumsal Dayanışma, Merhamet ve Kardeşlik","Ekonomik Hayat: Kazanç, Zekat ve İsraf","Hutbe, Peygamberimizin hizmetkarlarına gösterdiği nezaket örnek gösterilerek emek ve hizmetle hayatı kolaylaştıran işçi, temizlikçi ve hizmetlilere saygı gösterilmesi gerektiğini anlatır. Her insanın mesleği ne olursa olsun onurunun eşit ve saygın olduğu, emeğin küçümsenemeyeceği vurgulanır. Hutbe, emek sahiplerinin işlerinin kolaylaştırılması duasıyla sona erer.",emeğe saygı; hizmetkarlara nezaket; işçi hakları; insan onuru; peygamberin örnek ahlakı
21.10.2016,2016,ALLAH’A VERDİĞİ SÖZE SADIK KİMSE: MÜMİN,Peygamberimiz ve Ashab,,"Cafer-i Tayyar'ın Necaşi huzurundaki konuşması üzerinden İslam'ın cahiliye dönemindeki zulüm ve kötülükleri nasıl ortadan kaldırdığı, emanet, doğruluk ve akrabalık gibi değerleri nasıl öğrettiği anlatılır. İkinci bölümde Cibril hadisi üzerinden İslam'ın açık ve net olduğu, dinin rüya, keramet veya kıyamet senaryolarıyla istismar edilemeyeceği vurgulanır. Hutbe, kalplerin doğru yoldan saptırılmaması duasıyla sona erer.",cafer-i tayyar ve necaşi; habeşistan hicreti; cibril hadisi; i̇slam'ın şartları; dini istismara karşı uyanıklık
04.11.2016,2016,ÖRNEK ÜMMET OLABİLMEK,"Toplumsal Dayanışma, Merhamet ve Kardeşlik","İman, Tevhid ve Ahiret","Selman-ı Farisi ve Hz. Ömer'in soy sorgusuna verdiği cevaplar üzerinden İslam'da asıl değerin soy değil tevhid ve vahdet olduğu anlatılır. Ümmetin en büyük gayesinin iyiliği yaymak ve kötülüğü ortadan kaldırmak olduğu, tefrika ve şirkin en büyük günahlar olduğu vurgulanır. Hutbe, ümmetin yeniden aziz ve birlik içinde bir topluluk olması duasıyla sona erer.",tevhid ve vahdet; selman-ı farisi; ümmet bilinci; tefrika ve şirk; iyiliği emretme
11.11.2016,2016,KELİME-İ ŞEHÂDET,"İman, Tevhid ve Ahiret",,"Hutbe, kelime-i şehadetin insanı mümin ve Müslüman kılan temel bir hakikat beyanı olduğunu, doğumdan ölüme kadar hayatın bu kelimeyle çerçevelendiğini anlatır. Şehadetin iki kısmının da birlikte kabul edilmesi gerektiği, sadece birinin kabulünün yeterli olmadığı vurgulanır. Hutbe, kelime-i şehadetin bereketinden mahrum kalınmaması duasıyla sona erer.",kelime-i şehadet; tevhid inancı; iman esasları; kulluk misakı; peygamberin risaleti
18.11.2016,2016,ÜMMÜ’L-KİTAP: FATİHA,İbadet ve Kulluk,,"Hutbe, Fatiha suresinin Kur'an'ın anası olduğunu ve namazda Allah ile mümin arasında karşılıklı bir konuşma niteliği taşıdığını anlatır. Surenin her ayetinin Rabbin hamdini, kulluk ahdini ve doğru yola erişme talebini ifade ettiği vurgulanır. Hutbe, bir maden ocağı göçüğünde hayatını kaybedenlere rahmet dileği ve Fatiha'nın hakikatinden mahrum kalınmaması duasıyla sona erer.",fatiha suresi; namaz ve dua; kulluk misakı; kur'an'ın özü; maden kazası
25.11.2016,2016,HAYATIN GAYESİ,İbadet ve Kulluk,,"Hz. Muaz'la Peygamberimiz arasındaki diyalog üzerinden kulun Allah üzerindeki ve Allah'ın kul üzerindeki hakkının kulluk ve tevhid olduğu anlatılır. Hayatın gayesinin Allah'a iman etmek, yeryüzünü imar etmek ve iyiliği yaymak olduğu vurgulanır. Hutbe, ömrün Rabbin rızası doğrultusunda geçirilerek huzur içinde Rabbe dönme umuduyla sona erer.",hayatın gayesi; kulluk bilinci; yeryüzünü imar etmek; iyiliği yayma; hz. muaz kıssası
02.12.2016,2016,YERYÜZÜNÜN KÜÇÜK VE ONURLU HALİFESİ: ÇOCUK,"Aile, Çocuk ve Nesil","Toplumsal Dayanışma, Merhamet ve Kardeşlik","Peygamberimizin çocuklara gösterdiği şefkat örneği üzerinden çocuğun yeryüzünün küçük ve onurlu halifesi olduğu, her çocuğun masum ve saygın olduğu anlatılır. Dünyada pek çok çocuğun ihmal, istismar ve savaş mağduriyeti yaşadığı, Halep ve Arakan gibi bölgelerdeki çocukların acı çektiği vurgulanır. Hutbe, Aladağ'daki yurt yangınında hayatını kaybeden öğrencilere rahmet dileği ve çocuklara güvenli bir dünya bırakma duasıyla sona erer.",çocuk hakları; çocuk istismarı; halep ve arakan mağduriyeti; merhamet; aladağ yurt yangını
09.12.2016,2016,HALEP’TE İNSANLIK ÖLMESİN!,"Kandiller, Muharrem ve Mübarek Geceler",İbadet ve Kulluk,"Mevlid Kandili arifesinde Halep'te yaşanan katliam ve insanlık dramı anlatılarak kadın, çocuk ve yaşlıların bombalar altında can verdiği, hastanelerin yıkıldığı vurgulanır. Milletin tarih boyunca mazlumun sesi ve muhacirin sığınağı olduğu hatırlatılarak bu duruşun sürdürülmesi gerektiği belirtilir. Hutbe, Diyanet'in başlattığı 'Halep'te İnsanlık Ölmesin' yardım kampanyasına destek çağrısıyla sona erer.",halep katliamı; insanlık ölmesin kampanyası; mazlumlara yardım; mevlid kandili; muhacirlere ensarlık
16.12.2016,2016,HER ZORLUKLA BERABER BİR KOLAYLIK VARDIR.,"Vatan, Millet ve Tarih",,"Mevlid Kandili arifesinde yaşanan terör saldırısı sonrası, masum cana kıymanın bütün insanlığı öldürmek anlamına geldiği ve failinin ebedi cehennemle cezalandırılacağı hatırlatılır. Her zorlukla beraber bir kolaylığın geleceği inancıyla milletin birlik ve kardeşliğini koruyarak bu zorlukların üstesinden geleceği vurgulanır. Hutbe, şehitlerin değerlerine sahip çıkma ve milletin her türlü düşmandan korunması duasıyla sona erer.",terör saldırısı; cana kıymanın haramlığı; her zorlukla kolaylık; milli birlik; şehitlik
23.12.2016,2016,ALLAH’IN YARDIMI MÜMİNLERLE BERABERDİR.,"Vatan, Millet ve Tarih",,"Hutbe, ilk Müslümanların yaşadığı zorluk yıllarından yola çıkarak bugün millete ve İslam âlemine yönelik kötülüklerin ümitsizliğe düşürme, tefrikaya sevk etme ve mazlumların umudu olmaktan çıkarma amacı taşıdığını anlatır. Milletin tarih boyunca Malazgirt, Çanakkale gibi zorlukları birlik içinde aştığı, bugün de aynı kenetlenmenin gösterilmesi gerektiği vurgulanır. Hutbe, sınırda şehit olanlara rahmet dileği ve milletin metanetle mücadele etmesi duasıyla sona erer.",zorluk ve ümit; milli birlik ve tefrika; terör ve şiddet; malazgirt ve çanakkale; mazlumların umudu olmak
30.12.2016,2016,ÖMÜR NİMETİ,"Sabır, Tevekkül ve Manevi Olgunluk","İbadet ve Kulluk; Kandiller, Muharrem ve Mübarek Geceler","Yılın sonunda hutbe, ömrün, gençliğin, malın ve ilmin kıyamet gününde hesaba çekileceği beş şeyden biri olduğunu anlatır. Zamanın bir emanet olduğu, beyhude ve israfla geçirilen bir hayatın gerçek ömür sayılamayacağı vurgulanır. Hutbe, yılbaşı eğlencelerinin israfa dönüştürülmemesi uyarısı ve kalan ömrün daha hayırlı geçirilmesi duasıyla sona erer.",ömür nimeti; hesap günü; zamanın kıymeti; gençlik ve ibadet; yılbaşı israfı
06.01.2017,2017,"GÜN, TERÖRE KARŞI YEKVÜCUT OLMA GÜNÜDÜR","Ahlak, Erdem ve Söz","Toplumsal Dayanışma, Merhamet ve Kardeşlik; Vatan, Millet ve Tarih","İstanbul ve İzmir'deki terör saldırıları sonrası hutbe, her insanın hayat hakkının kutsal olduğunu ve terörün asıl amacının birlik ve kardeşliği zedelemek olduğunu anlatır. Hucurat Suresi'nden araştırma, ıslah, adalet, alay etmeme, gıybet etmeme gibi dokuz ahlaki ilke sırasıyla açıklanır. Hutbe, milletin bu ilkelere sarılarak birlik ve beraberliğini koruması duasıyla sona erer.",terör saldırıları; hucurat suresi ilkeleri; gıybet ve zan; adalet; kardeşlik ahlakı
13.01.2017,2017,ALLAH’IN SEVDİĞİ BİR KUL OLABİLMEK,"Ekonomik Hayat: Kazanç, Zekat ve İsraf","İman, Tevhid ve Ahiret; Ahlak, Erdem ve Söz","Hutbe, Kur'an ayetlerinden yola çıkarak Allah'ın sevdiği (temiz olanlar, tövbe edenler, sabredenler, adil olanlar) ve sevmediği (haddi aşanlar, zalimler, israf edenler, kibirlenenler) kul vasıflarını sırayla anlatır. Müminin bu vasıflara göre kendini yeniden gözden geçirmesi gerektiği vurgulanır. Hutbe, Halep yardım kampanyasında toplanan 133 milyon TL'lik bağışın duyurulmasıyla ve bu yardımların kabulü duasıyla sona erer.",allah'ın sevdiği kullar; tövbe ve tevekkül; israf ve kibir; adalet; halep yardım kampanyası
20.01.2017,2017,RAHMÂN’IN MÜMİN KULLARI,"Ahlak, Erdem ve Söz","Sabır, Tevekkül ve Manevi Olgunluk","Hutbe, Kur'an'ın tanıttığı ve Peygamberimizin örnek yaşantısıyla gösterdiği müminin vasıflarını -tevazu, tevekkül, sabır, doğruluk, kardeşlik- ayrıntılı biçimde anlatır. Rahmân'ın has kulu olan müminlerin kibirlenmediği, yalandan kaçındığı ve birbirine kardeş olduğu vurgulanır. Hutbe, bu vasıflara sahip olanların Allah'ın rahmet ve cennetine ulaşacağı müjdesiyle sona erer.",mümin vasıfları; tevekkül ve sabır; tevazu; kardeşlik; bal arısı benzetmesi
27.01.2017,2017,NAMAZI ZAYİ ETMEK,İbadet ve Kulluk,,"Hutbe, Meryem Suresi'nden yola çıkarak namazı zayi etmenin bir müminin en büyük kayıplarından biri olduğunu, namazın Allah'la günde beş kez gerçekleşen bir buluşma olduğunu anlatır. Namazını huşu ile kılanlarla, namazında gevşeklik gösterip riyaya kaçanlar arasındaki fark Kur'an ayetleriyle karşılaştırılır. Hutbe, namazın vaktinde ve samimiyetle kılınması gerektiği hatırlatmasıyla sona erer.",namazın önemi; huşu; namazda gevşeklik ve riya; vaktinde namaz; kur'an'da namaz uyarısı
03.02.2017,2017,"AHİT, AKİT VE MİSAK OLARAK NİKÂH","Aile, Çocuk ve Nesil",,"Hutbe, nikâhın sadece şekli bir tören değil, eşlerin Allah'ı şahit tutarak birbirine verdiği bir ahit, akit ve misak olduğunu anlatır. Ailenin temelinin sadakat, emanet bilinci, sevgi ve rahmet olduğu, günümüzde boşanma oranlarının ve aile mahremiyetinin istismarının endişe verici boyutlara ulaştığı vurgulanır. Hutbe, ailelere sevgi, sadakat ve bereket dilenmesiyle sona erer.",nikâh ve aile; sadakat; boşanma istatistikleri; aile mahremiyetinin istismarı; emanet bilinci
10.02.2017,2017,MÜMİNCE YAKARIŞIN ADI: DUA,İbadet ve Kulluk,,"Hutbe, duanın Allah'a kulluk ve teslimiyetin bir ifadesi olduğunu, ibadetin özü olarak dua etmenin önemini anlatır. Duanın sadece dille değil akıl, kalp ve azimle yapılması gerektiği, başkaları için de dua etmenin kardeşlik bilincinin bir gereği olduğu vurgulanır. Hutbe, Peygamberimizin öğrettiği dualarla ve şehitlere rahmet dileğiyle sona erer.",dua; kulluk bilinci; duanın kabulü; kardeşler için dua; ibadetin özü
17.02.2017,2017,ASR SURESİ’NİN ÖĞRETTİĞİ HAKİKATLER,"Sabır, Tevekkül ve Manevi Olgunluk",Kur'an-ı Kerim,"Hutbe, Asr Suresi'nin insanı ebedi hüsrandan kurtaracak beş hakikati -zaman bilinci, iman, salih amel, hakka çağrı ve sabır- sırayla açıklar. Zamanın en büyük nimetlerden biri olduğu ve boşa geçirilen bir ömrün en büyük ziyan olduğu vurgulanır. Hutbe, Kur'an-ı Kerim ve Peygamberimizin Hayatı derslerinin seçilmesi çağrısıyla sona erer.",asr suresi; zaman bilinci; salih amel; sabır; seçmeli din dersleri
24.02.2017,2017,ALLAH’A SIĞINMANIN EN GÜZEL İFADESİ: MUAVVİZETEYN SURESİ,İbadet ve Kulluk,"Ahlak, Erdem ve Söz","Hutbe, Felak ve Nâs surelerinin Allah'a sığınmanın en güzel ifadesi olduğunu, insanın en büyük tehlikesinin varoluş gayesini unutmak olduğunu anlatır. Bu surelerin haset, büyü, vesvese gibi her türlü şerden Allah'a sığınmayı öğrettiği, sığınmanın sadece zorlukta değil bollukta da gerekli olduğu vurgulanır. Hutbe, Peygamberimizin öğrettiği istiaze dualarıyla sona erer.",felak ve nâs sureleri; allah'a sığınma; haset ve vesvese; büyüden korunma; istiaze duaları
03.03.2017,2017,FİRDEVS CENNETİNE MİRASÇI OLMAK,"Ahlak, Erdem ve Söz",,"Hutbe, Müminûn Suresi'nin ilk on ayetinde belirtilen ve Firdevs cennetine mirasçı kılacak mümin vasıflarını -huşulu namaz, boş sözden kaçınma, zekât, iffet, emanete riayet- sırayla açıklar. Bu vasıflara sahip olanların cennetin en yüksek mertebesi olan Firdevs'e ebedi varis olacağı vurgulanır. Hutbe, müminlerin bu bahtiyar kullardan olması duasıyla sona erer.",müminûn suresi; firdevs cenneti; iffet; emanete riayet; zekât
10.03.2017,2017,KÖTÜLÜĞE ENGEL OLABİLMENİN YOLU İYİLİKTİR,"Ahlak, Erdem ve Söz",,"Hutbe, Vâbisa'nın Peygamberimize sorduğu soru üzerinden iyilik ve kötülüğün vicdanla ölçülebileceğini, iyiliğin fıtrata uygun güzellikler kötülüğün ise insanı değersizleştiren çirkinlikler olduğunu anlatır. Kur'an'da asıl iyiliğin ibadetin şekle indirgenmesi değil, iman, paylaşma, ahde vefa ve sabır olduğu vurgulanır. Hutbe, kötülüğün iyilikle savulması ve daha yaşanabilir bir dünya kurulması duasıyla sona erer.",iyilik ve kötülük; vicdan; vâbisa kıssası; asıl iyilik; kötülüğe karşı direnç
17.03.2017,2017,ŞEHADETİN DESTANLAŞTIĞI YER: ÇANAKKALE,"Vatan, Millet ve Tarih",,"Çanakkale Zaferi hutbesinde, bu savaşın imanın maddi güce karşı zaferi ve milletin Allah aşkıyla şahlandığı bir destan olduğu anlatılır. Farklı coğrafyalardan gelen askerlerin ortak değerler uğruna canlarını feda ettiği, savaşın insanlık ve ahlak dersleri de verdiği vurgulanır. Hutbe, şehitlerin mirasının nesilden nesile aktarılması ve onların değerlerine sahip çıkılması duasıyla sona erer.",çanakkale zaferi; şehadet; milli birlik; istiklal mücadelesi; vatan sevgisi
24.03.2017,2017,HİKMET YÜKLÜ ÖĞÜTLER,"Ahlak, Erdem ve Söz","Kandiller, Muharrem ve Mübarek Geceler","Hutbe, Lokman Suresi'nde anlatılan Hz. Lokman'ın oğluna verdiği tevhid, anne-babaya iyilik, namaz, iyiliği emretme, sabır ve tevazu gibi sekiz öğüdü sırayla açıklar. Bu öğütlerin bir baba-evlat ilişkisinde sevgi, hikmet ve merhamete dayalı örnek bir model sunduğu vurgulanır. Hutbe, Recep ayı ve Regaip Kandili'nin kutlanmasıyla sona erer.",lokman suresi; baba öğütleri; tevazu; anne-babaya iyilik; recep ayı ve regaip kandili
31.03.2017,2017,"RAĞBETİMİZ, RABBİMİZE OLSUN!","Kandiller, Muharrem ve Mübarek Geceler",,"Regaip Kandili ve Recep ayı vesilesiyle hutbe, İnşirah Suresi'nin zorlukla beraber kolaylığın geleceğini müjdelediğini ve kalbin ferahlamasının iki şartının çalışmak ve Allah'a yönelmek olduğunu anlatır. Müslümanların bugün de zor bir süreçten geçtiği, bu inşiraha ulaşmak için gayret ve ihlasın gerekli olduğu vurgulanır. Hutbe, gönüllere ferahlık ve ümmetin yeniden aziz kılınması duasıyla sona erer.",inşirah suresi; regaip kandili; zorlukla beraber kolaylık; allah'a rağbet; recep ayı
07.04.2017,2017,ZULÜM EBEDİ DEĞİLDİR,İslam Coğrafyası ve Küresel Meseleler,İbadet ve Kulluk,"Hutbe, Suriye İdlib'deki kimyasal silah katliamı üzerinden zulmün ebedi olmadığını, ancak insanlığın bu zulme sessiz kalmasının daha büyük bir vebal olduğunu anlatır. Zalimin zulmüne engel olmayanların da genel bir azaba uğrayacağı, mazlumun bedduasıyla Allah arasında perde olmadığı vurgulanır. Hutbe, İdlib ve dünya genelindeki mazlumlara yardım ve zulmün son bulması duasıyla sona erer.",i̇dlib kimyasal saldırısı; zulüm ve vicdan; mazlumun bedduası; suriye savaşı; insanlığın sessizliği
14.04.2017,2017,HZ. PEYGAMBER VE GÜVEN TOPLUMU,"Toplumsal Dayanışma, Merhamet ve Kardeşlik","Kandiller, Muharrem ve Mübarek Geceler","Kutlu Doğum Haftası hutbesi, Peygamberimizin güvenilirliğinden yola çıkarak iman ile emanın (güvenin) birbirinden ayrılmaz olduğunu, bugün dünyanın küresel bir güven bunalımı yaşadığını anlatır. Emin peygamberin emin ümmeti olabilmenin, güvenilir bir toplum inşa etmenin bu yılın teması olarak belirlendiği vurgulanır. Hutbe, güvenli ve huzurlu bir dünyanın inşası duasıyla sona erer.",kutlu doğum haftası; güven toplumu; emin peygamber; küresel güven bunalımı; emanet bilinci
21.04.2017,2017,MÜMİN GÜVENEN VE GÜVENİLEN İNSANDIR,"Toplumsal Dayanışma, Merhamet ve Kardeşlik","Kandiller, Muharrem ve Mübarek Geceler; İslam Coğrafyası ve Küresel Meseleler","Hutbe, güvenli bir dünya kurmanın iki şartının iman etmek ve imana zulüm bulaştırmamak olduğunu, güvenin önce Allah'a duyulan imandan beslendiğini anlatır. Hz. Yunus, İbrahim, Yusuf ve Musa gibi peygamberlerin hayatlarından güven ve emanet örnekleri verilir. Hutbe, Miraç Kandili'nin kutlanması ve Kudüs'ün yeniden güven yurduna dönüşmesi duasıyla sona erer.",güven ve iman; peygamberlerin emanet örnekleri; miraç kandili; kudüs ve mescid-i aksa; emin ümmet
28.04.2017,2017,GÜVEN VE MUHABBET KÖPRÜSÜ: SELAM,"Toplumsal Dayanışma, Merhamet ve Kardeşlik",,"Hutbe, selamın müminin şiarı olduğunu ve korku, kin ile kırgınlığı ortadan kaldıran bir güven ve muhabbet köprüsü olduğunu anlatır. Peygamberimizin selamı yaymayı, muhtaçlara ikramda bulunmayı ve akrabayı gözetmeyi emrettiği, selamın evrensel bir dil olduğu vurgulanır. Hutbe, selamın, huzurun ve güvenin bütün dünyada hâkim kılınması duasıyla sona erer.",selam; güven ve muhabbet; kardeşlik; sosyal ilişkiler; selamlaşma adabı
05.05.2017,2017,NEDAMET VE ÜMİDİN ADI: TÖVBE,"Kandiller, Muharrem ve Mübarek Geceler","Peygamberimiz ve Ashab; İman, Tevhid ve Ahiret","Berat Kandili arifesinde hutbe, tövbenin acziyetin itirafı ve yenilenme kararlılığı olduğunu, Allah'ın tövbe edenleri sevdiğini anlatır. Hz. Âdem ve Havva'nın tövbesi örnek gösterilerek, günahta ısrar etmeyip samimi bir tövbeyle Allah'ın affına sığınmak gerektiği vurgulanır. Hutbe, Berat Kandili'nde yapılacak tövbelerin geri çevrilmeyeceği müjdesiyle ve toplu tövbe çağrısıyla sona erer.",tövbe; berat kandili; hz. âdem ve havva; allah'ın affı; nedamet
12.05.2017,2017,SAMİMİYETSİZLİĞİN ADI: RİYA,"Ahlak, Erdem ve Söz","İman, Tevhid ve Ahiret","Hutbe, tüm iyilikleri boşa çıkaran gizli bir kötülük olan riyayı, yani ibadet ve amellerde samimiyetsizliği ele almaktadır. Peygamberin riyayı küçük şirk olarak nitelendirdiği hatırlatılarak namaz, oruç, kurban ve sadaka gibi ibadetlerin ancak ihlasla değer kazanacağı, gösterişin ise insani ilişkileri de zedelediği vurgulanmaktadır. Hutbe, müminlerin ikiyüzlülükten uzak durup her işte Allah rızasını gözetmesi çağrısıyla ve ihlas duasıyla sona ermektedir.",riya; samimiyet; ihlas; gösteriş; ikiyüzlülük
19.05.2017,2017,GERÇEK ÖZGÜRLÜK: ALLAH’A KULLUK,İbadet ve Kulluk,"İman, Tevhid ve Ahiret","Hutbe, gerçek özgürlüğün ancak Allah'a kulluk ile mümkün olduğunu, insanın nefsinin arzularına ve dünyevi tutkulara esir olmasının ise asıl kölelik olduğunu anlatmaktadır. Müminin imanla özgürleştiği, hiçbir güce boyun eğmediği ve hayatını Kur'an ile Peygamber örnekliğinde şekillendirdiği vurgulanarak günümüzün tüketim ve heva çağında imanın asıl sermaye olduğu belirtilmektedir. Hutbe, yurt içi ve yurt dışında inşa edilen camilere yardım çağrısıyla ve kulluğun insana değer kattığına dair bir ayet mealiyle sona ermektedir.",özgürlük; kulluk; heva ve heves; cami yardımı; iman
26.05.2017,2017,ÜZERİMİZDE HER CANIN HAKKI VARDIR,"Aile, Çocuk ve Nesil","Toplumsal Dayanışma, Merhamet ve Kardeşlik; Ramazan, Oruç ve Bayramlar","Hutbe, Ramazan'ın başlangıcı vesilesiyle insanın üzerinde anne-baba, eş, çocuk, akraba, komşu ve yetimler başta olmak üzere her canlının bir hakkı bulunduğunu anlatmaktadır. Ramazan mektebinin oruç, sahur ve iftarın ötesinde bu hakları hatırlatan ve pekiştiren bir eğitim süreci olduğu, herkesin kendi hakkını ancak başkalarının hakkına riayet ettiği ölçüde koruyabileceği vurgulanmaktadır. Hutbe, Diyanet'in bu Ramazan boyunca hak kavramına dikkat çekeceğini duyurarak haklara riayet eden kullar olma duasıyla sona ermektedir.",kul hakkı; ramazan; anne baba hakkı; yetim; komşuluk
02.06.2017,2017,ORUCUN AÇLIĞI AÇGÖZLÜLÜĞÜ TEDAVİ EDER,"Ramazan, Oruç ve Bayramlar","Sabır, Tevekkül ve Manevi Olgunluk","Hutbe, orucun insanı imsaktan iftara kadar aç bırakarak asıl tedavi ettiği şeyin açgözlülük ve tamahkârlık olduğunu, Tekâsür suresi çerçevesinde açıklamaktadır. Dünyadaki çatışmaların, çevre tahribatının ve insanlığın maruz kaldığı kötülüklerin temelinde bu açgözlülüğün yattığı, Ramazan'ın ise paylaşmayı, kanaati ve gönül tokluğunu öğrettiği vurgulanmaktadır. Hutbe, o günlerde yaşanan şehadet haberleri dolayısıyla şehitlere rahmet ve gazilere şifa duasıyla sona ermektedir.",açgözlülük; tekasür; oruç; kanaat; tamahkarlık
09.06.2017,2017,KUR’AN AYINDA KUR’AN’LA BULUŞALIM,"Aile, Çocuk ve Nesil",,"Hutbe, çocukların Allah'ın birer emaneti olduğunu ve onları küçük yaştan itibaren Kur'an ile tanıştırmanın anne-babaların en büyük görevi ve mirası olduğunu anlatmaktadır. Peygamberin torununa gösterdiği şefkatten yola çıkılarak yaz Kur'an kurslarının açılışı vesilesiyle çocukların cami, minber ve mihrapla buluşturulması gerektiği vurgulanmaktadır. Hutbe, çocukların ve eşlerin göz aydınlığı kılınması için yapılan Kur'ani dualarla sona ermektedir.",çocuk terbiyesi; kuran kursu; yaz kursu; çocuk eğitimi; ebeveynlik
16.06.2017,2017,"ZEKÂT, KAZANCI ARTIRIR; FAİZ YOK EDER","Ekonomik Hayat: Kazanç, Zekat ve İsraf",,"Hutbe, zekat ve sadaka gibi infak çeşitlerinin malı bereketlendirdiğini, buna karşılık faizin haksız kazanç olarak malı ve toplumu çürüttüğünü anlatmaktadır. Peygamberin yedi helak edici günah arasında saydığı faizin, alın terine dayanmayan kazanç olması sebebiyle Allah katında büyük bir günah olduğu vurgulanmaktadır. Hutbe, yaklaşan Kadir Gecesi'nin tebrik edilmesi ve bu gecenin bir muhasebe fırsatı olarak değerlendirilmesi çağrısıyla sona ermektedir.",zekat; faiz; infak; sadaka; kadir gecesi
23.06.2017,2017,ÖMRÜMÜZÜ RAMAZAN KILABİLMEK,"Ramazan, Oruç ve Bayramlar","Sabır, Tevekkül ve Manevi Olgunluk","Hutbe, Ramazan ayının sona ermesi vesilesiyle bu ayın oruç, teravih, sahur ve infak yoluyla müminlere kazandırdığı manevi disiplin ve kardeşlik duygusunu değerlendirmektedir. Ramazan'ın öğrettiği sabır, şükür ve paylaşma erdemlerinin sadece bu aya has kalmayıp tüm yıla yayılması gerektiği vurgulanmaktadır. Hutbe, bayram tatili dönüşü yaşanan trafik kazalarına dikkat çekilerek herkesin trafik kurallarına uyması çağrısı ve bir dua ile sona ermektedir.",ramazan sonu; veda; muhasebe; trafik kazaları; salih amel
25.06.2017,2017,RAMAZAN BAYRAMI,"Toplumsal Dayanışma, Merhamet ve Kardeşlik","Ramazan, Oruç ve Bayramlar","Hutbe, Ramazan Bayramı'nın oruç, iftar ve sahur ile geçirilen bir ayın ardından müminlere getirdiği huzur, dayanışma ve kardeşliği anlatmaktadır. Bayramın farklılıkları unutturup birlik oluşturan, fitne ve tefrikaya karşı duran bir sevinç günü olduğu; yetimlerin, gariplerin ve zor durumdaki kardeşlerin bu sevince ortak edilmesi gerektiği vurgulanmaktadır. Hutbe, şehitlerin ve geçmişlerin rahmetle anılması ve bayram sevincinin herkese ulaşması duasıyla sona ermektedir.",ramazan bayramı; kardeşlik; dayanışma; birlik; bayram sevinci
30.06.2017,2017,ALLAH’IN SIKI TUTULMASINI EMRETTİĞİ BAĞ: SILA-İ RAHİM,"Toplumsal Dayanışma, Merhamet ve Kardeşlik",,"Hutbe, akrabalık bağlarını sıkı tutmanın yani sıla-i rahmin dinî bir emir olduğunu ve Allah'ın rahmetine ulaşmanın önemli bir vesilesi olduğunu anlatmaktadır. Akrabalarla ilgilenmenin, onların sevinç ve kederini paylaşmanın karşılıksız da olsa sürdürülmesi gerektiği; asıl faziletin görmediklerimize de iyilik edebilmek olduğu vurgulanmaktadır. Hutbe, herkesin anne-baba, eş, evlat, akraba ve komşularıyla ilişkilerini ihmal etmemesi çağrısıyla sona ermektedir.",sıla-i rahim; akrabalık; komşuluk; aile bağları; merhamet
07.07.2017,2017,İMANIMIZ VE İNSANLIĞIMIZIN İMTİHANI: MÜLTECİLER,İbadet ve Kulluk,"Vatan, Millet ve Tarih; İslam Coğrafyası ve Küresel Meseleler","Hutbe, Ensar'ın Muhacirlere gösterdiği fedakarlığı örnek göstererek Türk milletinin de tarih boyunca mültecilere kucak açtığını ve bunun imanın ve insanlığın bir imtihanı olduğunu anlatmaktadır. Suriye'den kaçan sığınmacılara yönelik yürütülen olumsuz algı operasyonlarına karşı feraset ve sağduyu çağrısı yapılarak misafirperverliğin bir külfet değil rahmet vesilesi olarak görülmesi gerektiği vurgulanmaktadır. Hutbe, 15 Temmuz yıldönümü vesilesiyle şehitlere rahmet ve gazilere şifa duasıyla sona ermektedir.",mülteciler; ensar muhacir; sığınmacılar; misafirperverlik; 15 temmuz
14.07.2017,2017,SALÂLARIN ŞAHİT OLDUĞU DİRENİŞ: 15 TEMMUZ,"Vatan, Millet ve Tarih",,"Hutbe, 15 Temmuz darbe girişiminin birinci yıldönümü vesilesiyle o gece yaşanan direnişi Allah'ın millete olan yardımının bir tezahürü olarak anlatmaktadır. Halkın imanından aldığı güçle sokaklara çıkması, salâların okunması ve milletin birlik ruhuyla ihaneti püskürtmesi, tarihteki diğer zaferlerle (Malazgirt, Çanakkale) aynı ruhun devamı olarak sunulmaktadır. Hutbe, darbe girişiminin dini istismar eden bir ihanet şebekesi tarafından yapıldığı hatırlatılarak şehitlere rahmet, gazilere şifa duasıyla sona ermektedir.",15 temmuz; darbe girişimi; salâ; milli direniş; birlik ruhu
21.07.2017,2017,TÜKENMEYEN HÜZNÜMÜZ: KUDÜS VE MESCİD-İ AKSÂ,İslam Coğrafyası ve Küresel Meseleler,,"Hutbe, İslam'ın ilk kıblesi ve üç semavi dinin kutsal saydığı Kudüs ile Mescid-i Aksa'nın tarihi önemini ve bugün maruz kaldığı işgal ve baskıları anlatmaktadır. 1967'den bu yana ilk kez Mescid-i Aksa'da Cuma namazı kılınamamasının hatırlatılmasıyla mabetlere yönelik engellemenin hiçbir hukuki ve dini dayanağının olamayacağı vurgulanmaktadır. Hutbe, İslam ümmetinin birlik bilinciyle Kudüs'teki mazlumların yanında olması gerektiğine dair bir dua ile sona ermektedir.",kudüs; mescid-i aksa; işgal; filistin; ümmet bilinci
28.07.2017,2017,"YARATAN, YAŞATAN, HİDAYET VEREN ALLAH’TIR","İman, Tevhid ve Ahiret",,"Hutbe, Şuara suresindeki ayetler çerçevesinde Allah'ın yaratan, rızık veren, şifa veren, öldüren ve dirilten yegane varlık olduğunu anlatarak İhlas suresiyle tevhid inancını pekiştirmektedir. Müminlere düşen görevin doğru yolda ilerlemek, helal rızık peşinde koşmak, musibetlere sabırla göğüs germek ve son nefese kadar tövbe kapısını açık tutmak olduğu vurgulanmaktadır. Hutbe, Hz. İbrahim'in Kur'an'da geçen hikmet ve salihlik duasıyla sona ermektedir.",tevhid; ihlas suresi; rızık; şifa; tövbe
04.08.2017,2017,RAHMAN’A HAS KUL OLABİLMEK,"Ahlak, Erdem ve Söz",,"Hutbe, Kur'an'da övülen 'Rahman'ın has kulları'nın özelliklerini; tevazu, boş sözlerden kaçınma, gece ibadeti, dengeli harcama ve doğruluk gibi erdemler üzerinden anlatmaktadır. Bu kulların kibirden uzak durduğu, iffetlerini koruduğu, yalancı şahitlikten kaçındığı ve Allah'ın ayetlerine kulak verdiği vurgulanarak örnek bir mümin profili çizilmektedir. Hutbe, bu vasıflara sahip olanların cennetle müjdelendiği ifadesiyle sona ermektedir.",rahmanın kulları; tevazu; iffet; israf etmemek; dengeli yaşam
11.08.2017,2017,ÂYETE’L-KÜRSİ’DEN ÖĞRENDİĞİMİZ HAKİKATLER,"İman, Tevhid ve Ahiret","İbadet ve Kulluk; Ramazan, Oruç ve Bayramlar","Hutbe, Kur'an'ın en kapsamlı ayetlerinden Ayete'l-Kürsi üzerinden Allah'ın tekliği, ezeli-ebedi oluşu, her şeyi bilmesi ve mülkün yalnızca O'na ait olduğu hakikatlerini açıklamaktadır. Bu ayetin namazlardan sonra okunmasının tavsiye edildiği hatırlatılarak müminin görevinin bu hakikatler ışığında yaşamak, şükretmek ve hakkın yanında yer almak olduğu vurgulanmaktadır. Hutbe, Ayete'l-Kürsi'nin insanı kötülüklerden koruması dileğiyle sona ermektedir.",ayete'l-kürsi; tevhid; esma-i hüsna; allah'ın sıfatları; namaz
18.08.2017,2017,ALIŞVERİŞ VE TİCARET AHLAKI,"Ahlak, Erdem ve Söz","Ekonomik Hayat: Kazanç, Zekat ve İsraf","Hutbe, İslam'ın alışveriş ve ticarete dair getirdiği ahlaki ilkeleri; dürüstlük, ölçü-tartıda hile yapmama ve malın kusurunu gizlememe üzerinden anlatmaktadır. Peygamberin dürüst tüccarı peygamberler ve şehitlerle bir tutması hatırlatılarak kazancın helal yollardan elde edilmesi, aldatıcı reklam ve haksız rekabetten kaçınılması gerektiği vurgulanmaktadır. Hutbe, kazancın doğruluk ve samimiyet üzerine inşa edilmesi çağrısıyla sona ermektedir.",ticaret ahlakı; dürüstlük; helal kazanç; ölçü tartı; haksız rekabet
25.08.2017,2017,ALLAH’A YAKIN OLMA ARAYIŞI: KURBAN,"İman, Tevhid ve Ahiret","Vatan, Millet ve Tarih","Hutbe, Malazgirt Zaferi'nin yıldönümü münasebetiyle zaferlerin ancak iman, salih amel ve güzel ahlak sayesinde kazanılabileceğini anlatmaktadır. Bedir'den Çanakkale'ye, Malazgirt'ten 15 Temmuz'a uzanan tarihte hep aynı 'ila-yı kelimetullah' ruhunun var olduğu, asıl zaferin insanın gönlünü kazanmak olduğu vurgulanmaktadır. Hutbe, zaferden sonra şükür ve istiğfarın unutulmaması gerektiği hatırlatılarak şehitlere rahmet duasıyla sona ermektedir.",malazgirt zaferi; cihat ruhu; zafer; şükür; istiğfar
01.09.2017,2017,İMAN VE İSLAM’IN TEZAHÜRÜ: FAYDASIZ ŞEYLERDEN UZAK DURMAK,"Ramazan, Oruç ve Bayramlar","Toplumsal Dayanışma, Merhamet ve Kardeşlik","Hutbe, Kurban Bayramı'nın Allah'a yakınlaşma, teslimiyet ve paylaşma anlamını Hz. İbrahim ile Hz. İsmail'in imtihanı üzerinden anlatmaktadır. Kurbanın etinin ve kanının değil, ancak sahibinin takvasının Allah'a ulaştığı vurgulanarak bu ibadetin yoksullarla dayanışma ve kardeşlik bilincini pekiştiren özel bir ibadet olduğu belirtilmektedir. Hutbe, Diyanet'in vekaletle kurban kesim organizasyonuna dair bilgilendirme ve bayramın hayırlara vesile olması duasıyla sona ermektedir.",kurban bayramı; hz. ibrahim; teslimiyet; vekaletle kurban; paylaşma
01.09.2017,2017,KURBAN BAYRAMI,"Ramazan, Oruç ve Bayramlar","Toplumsal Dayanışma, Merhamet ve Kardeşlik","Hutbe, Kurban Bayramı'nın Allah'a yakınlaşma, teslimiyet ve paylaşma anlamını Hz. İbrahim ile Hz. İsmail'in imtihanı üzerinden anlatmaktadır. Kurbanın etinin ve kanının değil, ancak sahibinin takvasının Allah'a ulaştığı vurgulanarak bu ibadetin yoksullarla dayanışma ve kardeşlik bilincini pekiştiren özel bir ibadet olduğu belirtilmektedir. Hutbe, Diyanet'in vekaletle kurban kesim organizasyonuna dair bilgilendirme ve bayramın hayırlara vesile olması duasıyla sona ermektedir.",kurban bayramı; hz. ibrahim; teslimiyet; vekaletle kurban; paylaşma
08.09.2017,2017,MAZLUMUN YANINDA YER ALMAK,"Ramazan, Oruç ve Bayramlar","İman, Tevhid ve Ahiret; Ekonomik Hayat: Kazanç, Zekat ve İsraf","Hutbe, gıybet ve dedikodu gibi faydasız sözlerden uzak durmanın iyi bir Müslüman olmanın göstergesi olduğunu, bayram sevincinin sadece eğlence değil sorumluluk bilinciyle yaşanması gerektiğini anlatmaktadır. İnsanın ömrünü, gençliğini ve malını nasıl harcadığından hesaba çekileceği hatırlatılarak zaman ve dikkatimizi çalan faydasız (malayani) meşguliyetlerden kaçınmamız gerektiği vurgulanmaktadır. Hutbe, kalp, dil, göz ve kulağın kötülüklerinden Allah'a sığınma duasıyla sona ermektedir.",malayani; boş söz; zaman israfı; bayram; hesap günü
15.09.2017,2017,BİLENLERLE BİLMEYENLER BİR OLUR MU?,İslam Coğrafyası ve Küresel Meseleler,"Ekonomik Hayat: Kazanç, Zekat ve İsraf","Hutbe, dünyanın çeşitli yerlerinde özellikle Arakan'da yaşanan zulüm ve katliamlar karşısında müminlerin mazlumun yanında yer alması gerektiğini anlatmaktadır. Bir kötülüğe şahit olanın onu eliyle, diliyle ya da en azından kalbiyle reddetmesi gerektiği hatırlatılarak zalimlere sessiz kalmanın da bir tür zulüm ortaklığı olduğu vurgulanmaktadır. Hutbe, Arakan'daki Müslümanlar için başlatılan yardım kampanyasına destek çağrısı ve mazlumlara rahmet duasıyla sona ermektedir.",arakan; mazlum; zulüm; kötülüğe karşı durmak; yardım kampanyası
22.09.2017,2017,HİCRET: KUTLU BİR YOLCULUK,Peygamberimiz ve Ashab,"Kandiller, Muharrem ve Mübarek Geceler; İbadet ve Kulluk","Hutbe, hicri yeni yıla girilmesi vesilesiyle Peygamberin Mekke'den Medine'ye hicretinin sadece bir göç değil şiddetten merhamete, esaretten özgürlüğe uzanan kutlu bir yolculuk olduğunu anlatmaktadır. Hicretin aslında haram ve günahları terk ederek Allah'a teslim olmak anlamına geldiği, bu kavramın istismar edilerek vatana ihanet edenlerce kullanılmasının ise kabul edilemez olduğu vurgulanmaktadır. Hutbe, herkesin hakiki bir muhacir olmaya söz vermesi çağrısıyla sona ermektedir.",hicret; hicri yılbaşı; muhacir ensar; medine; yeni yıl
29.09.2017,2017,"CAMİ, ŞEHİR VE MEDENİYET",İbadet ve Kulluk,"Kandiller, Muharrem ve Mübarek Geceler","Hutbe, Camiler ve Din Görevlileri Haftası vesilesiyle caminin İslam medeniyetinin kalbi ve şehrin ruhu olduğunu, Mescid-i Nebevi'nin Medine'nin merkezi haline gelişinden yola çıkarak anlatmaktadır. Camilerin sadece ibadet mekanı değil ilim, kardeşlik ve birlik bilincinin kazanıldığı mektepler olduğu vurgulanarak bu yılki temanın 'Cami, Şehir ve Medeniyet' olarak belirlendiği duyurulmaktadır. Hutbe, Aşure günü ve Kerbela'nın da anılmasıyla, camiye hizmet edenlere rahmet duasıyla sona ermektedir.",cami; camiler haftası; aşure; kerbela; medeniyet
06.10.2017,2017,"ALLAH’I UNUTANLAR, UNUTULURLAR","İman, Tevhid ve Ahiret",İbadet ve Kulluk,"Hutbe, insanın hayat meşgalesi içinde en büyük kaybının Allah'ı ve kulluk sorumluluğunu unutması olduğunu anlatmaktadır. Kur'an'ın bir uyarıcı ve hatırlatıcı olarak gönderildiği, Allah'ı unutanları Allah'ın da kıyamette unutacağı vurgulanarak ibadetlerin bu unutkanlığa karşı bir hatırlatma vesilesi olduğu belirtilmektedir. Hutbe, Kur'an'da öğretilen affediliş ve doğru yol dualarıyla sona ermektedir.",allah'ı unutmak; gaflet; kulluk bilinci; hesap günü; zikr-i hakim
13.10.2017,2017,CENNET YOLCUSU OLABİLMEK,"İman, Tevhid ve Ahiret","Sabır, Tevekkül ve Manevi Olgunluk; Ahlak, Erdem ve Söz","Hutbe, cennete giden yolun iman, salih amel ve güzel ahlaktan geçtiğini anlatarak dünya hayatının ahirete uzanan bir imtihan sürecine karşılık geldiğini vurgulamaktadır. İyilik yolunda olmanın, yardımlaşmanın ve emanete sadakatin cennet yolcusu olmanın şartları olduğu belirtilerek her güzel işin bir ibadet sayılabileceği anlatılmaktadır. Hutbe, cenneti ve cennete yaklaştıran ameller için niyaz eden bir dua ile sona ermektedir.",cennet; salih amel; güzel ahlak; takva; iman
20.10.2017,2017,MÜMİNCE BİR DURUŞ: TEVEKKÜL,"Sabır, Tevekkül ve Manevi Olgunluk",,"Hutbe, tevekkülün gayret gösterdikten sonra sonucu Allah'a havale etmek olduğunu, Peygamberin Sevr Mağarası'ndaki 'Allah bizimledir' sözü örneğiyle anlatmaktadır. Hz. Adem'den Hz. Eyyub'e kadar peygamberlerin hayatından örneklerle gerçek tevekkülün tembellik ve tedbirsizlik anlamına gelmediği, aksine çalışkanlığı gerektirdiği vurgulanmaktadır. Hutbe, tevekkül ile ilgili bir Peygamber duasıyla sona ermektedir.",tevekkül; sevr mağarası; sabır; tedbir; peygamberler kıssası
27.10.2017,2017,ŞÜKREDEN BİR KUL OLABİLMEK,"Sabır, Tevekkül ve Manevi Olgunluk",,"Hutbe, insanın karşılaştığı her nimetin bir şükrü olduğunu, Peygamberin günahları bağışlanmış olmasına rağmen 'şükreden bir kul olmayayım mı' diyerek ibadete devam ettiğini anlatmaktadır. Şükrün sadece dille değil kalp, zihin, dil, beden ve malla ifade edilmesi gerektiği, nankörlüğün ise Allah'ın gazabına yol açacağı vurgulanmaktadır. Hutbe, Allah'a şükretmek için yardım dileyen bir Peygamber duasıyla sona ermektedir.",şükür; nimet; nankörlük; hamd; kanaat
03.11.2017,2017,SÜNNET: NEBEVİ KILAVUZ,Peygamberimiz ve Ashab,"İman, Tevhid ve Ahiret; Kur'an-ı Kerim","Hutbe, İslam'ın iki ana kaynağının Kur'an ve Peygamberin sünneti olduğunu, Peygambere iman olmadan Allah'a imanın tam olamayacağını anlatmaktadır. Sünnete tabi olmanın Kur'an'ı doğru anlamanın ve yaşamanın yolu olduğu, hiçbir kişi ya da zümrenin sünnetin tek sahibi olamayacağı vurgulanarak sünneti itibarsızlaştırma çabalarının da beyhude olduğu belirtilmektedir. Hutbe, şehitlere rahmet duasıyla sona ermektedir.",sünnet; kuran ve sünnet; peygambere iman; hadis; islam'ın kaynakları
10.11.2017,2017,ÖRNEK İNSAN: MÜMİN,"Ahlak, Erdem ve Söz","Toplumsal Dayanışma, Merhamet ve Kardeşlik","Hutbe, örnek bir müminin nasıl olması gerektiğini Peygamberin çeşitli benzetmeleri (bal arısı, hurma ağacı, altın) üzerinden anlatmaktadır. Müminin teslimiyet sahibi, güvenilir, umutsuzluğa kapılmayan, feraset ve tevazu sahibi olması gerektiği, aldatmayan ve aldanmayan bir karaktere sahip olması gerektiği vurgulanmaktadır. Hutbe, bu övgülere mazhar olanlara ne mutlu temennisiyle sona ermektedir.",örnek mümin; güvenilirlik; tevazu; bal arısı benzetmesi; ahlak
17.11.2017,2017,ALLAH KATINDA DİN İSLAM’DIR,"İman, Tevhid ve Ahiret",,"Hutbe, Allah katında tek hak dinin İslam olduğunu ve Peygamberin bu dini kemale erdiren son elçi olduğunu anlatmaktadır. Yahudi bir gencin ölüm döşeğinde İslam'ı kabul etmesi örneğiyle tüm peygamberlerin aynı tevhid davetini yaptığı, günümüzde İslamofobi'nin yaygınlaştığı vurgulanmaktadır. Hutbe, dinin sahih kaynaklarla öğrenilip yaşanması ve doğru yolda sebat için yapılan bir dua ile sona ermektedir.",islam; tevhid; islamofobi; din-i hak; kelime-i şehadet
24.11.2017,2017,MEVLİD-İ NEBİ,Peygamberimiz ve Ashab,"Kandiller, Muharrem ve Mübarek Geceler; Eğitim, Teknoloji, Çevre ve Toplumsal Değişim","Hutbe, Mevlid Kandili vesilesiyle Peygamberin insanlığa sorumluluk bilinci, hak, adalet ve merhamet kazandıran son elçi olduğunu anlatmaktadır. Peygamberi doğru tanımanın Kur'an'ı doğru anlamaktan geçtiği, onun adının bazı karanlık çevrelerce istismar edilmesinin en büyük ihanet olduğu vurgulanmaktadır. Hutbe, öğretmenler günü ve kadına yönelik şiddetle mücadele gününe atıfla, İstiklal Marşı şairinin Peygamber'e yönelik dizeleriyle sona ermektedir.",mevlid-i nebi; peygamber sevgisi; öğretmenler günü; kadına yönelik şiddet; sünnet
01.12.2017,2017,GÜNEŞİN DOĞDUĞU EN HAYIRLI GÜN: CUMA,İbadet ve Kulluk,,"Hutbe, Cuma gününün güneşin doğduğu en hayırlı gün olduğunu, haftalık bir muhasebe ve diriliş vakti olduğunu anlatmaktadır. Peygamberin Medine'ye vardığında kıldırdığı ilk Cuma namazı örnek gösterilerek Cuma'nın kulluk ahdinin yenilendiği, dünyevi kaygılardan sıyrılınan bir gün olduğu vurgulanmaktadır. Hutbe, 'Kara Cuma' gibi tüketim odaklı ifadelerin dini değerleri istismar ettiğine dikkat çekilerek sona ermektedir.",cuma günü; kara cuma; muhasebe; haftalık ibadet; tüketim kültürü
08.12.2017,2017,KAPANMAYAN YARAMIZ: KUDÜS,İslam Coğrafyası ve Küresel Meseleler,,"Hutbe, Kudüs'ün ve Mescid-i Aksa'nın İslam tarihindeki kutsallığını, Hz. Ömer'in fethiyle kazandığı adaletli yönetim dönemini anlatmaktadır. Kudüs'ün İsrail'in başkenti ilan edilmeye çalışılmasının uluslararası hukuku hiçe sayan tehlikeli bir girişim olduğu vurgulanarak bunun bölgede huzursuzluk ve çatışmayı derinleştireceği belirtilmektedir. Hutbe, mazlum kardeşlere yardım ve Kudüs'ün işgalden korunması için yapılan bir dua ile sona ermektedir.",kudüs; mescid-i aksa; işgal; filistin; uluslararası hukuk
15.12.2017,2017,KARDEŞLİĞE SAPLANAN HANÇER: GIYBET,"Ahlak, Erdem ve Söz",,"Hutbe, gıybetin bir kardeşin onurunu zedeleyen ve kardeşliğe saplanan bir hançer olduğunu, Hz. Aişe'nin bir ima üzerine Peygamber tarafından uyarılması örneğiyle anlatmaktadır. Sosyal medyada dedikodu, iftira ve yalan haberlerin bir sektör haline geldiği, Müslümanın elinden ve dilinden emin olunan kişi olması gerektiği vurgulanmaktadır. Hutbe, dil, göz ve kulağın kötülüklerinden Allah'a sığınma duasıyla sona ermektedir.",gıybet; dedikodu; sosyal medya; kul hakkı; dil kontrolü
22.12.2017,2017,HELAL HARAM DUYARLILIĞI,"Ekonomik Hayat: Kazanç, Zekat ve İsraf",,"Hutbe, helal ve haram sınırlarının insanın onurunu koruma ve ebedi kurtuluşa ulaşma amacıyla konulduğunu anlatmaktadır. Şüpheli şeylerden kaçınmanın dini ve haysiyeti koruduğu, hiç kimsenin kendi arzusuna göre helal-haram belirleme yetkisi olmadığı vurgulanarak müminin faiz, rüşvet, kumar gibi haksız kazançlardan uzak durması gerektiği belirtilmektedir. Hutbe, günahlardan arınma temennisiyle yapılan bir Peygamber duasıyla sona ermektedir.",helal haram; şüpheli şeyler; haksız kazanç; kumar; faiz
29.12.2017,2017,EŞSİZ SERMAYEMİZ: ÖMÜR,"Sabır, Tevekkül ve Manevi Olgunluk","Ekonomik Hayat: Kazanç, Zekat ve İsraf","Hutbe, yeni miladi yıla girilmesi vesilesiyle ömrün en değerli sermaye olduğunu ve zamanın Allah rızası doğrultusunda değerlendirilmesi gerektiğini anlatmaktadır. Sağlık ve boş vaktin insanların çoğunun kıymetini bilmediği iki büyük nimet olduğu hatırlatılarak yıl sonunda bir öz muhasebe yapılması, piyango ve şans oyunları gibi haksız kazanç yollarından kaçınılması gerektiği vurgulanmaktadır. Hutbe, gelecek yılın salih amellerle bereketli kılınması duasıyla sona ermektedir.",ömür; yılbaşı; muhasebe; zaman yönetimi; şans oyunları
05.01.2018,2018,DÜNYADAKİ CENNETİMİZ: AİLE,"Aile, Çocuk ve Nesil",,"Hutbe, ailenin dünyadaki cennetimiz olduğunu, evliliğin kadın ve erkeğin karşılıklı rızasına dayanan ağır bir sözleşme (misak) olduğunu anlatmaktadır. Peygamberin bir genç kızın nikahta rızasının alınması talebini desteklemesi örnek gösterilerek küçük yaşta ve zorla evlendirmenin dinen kabul edilemez olduğu vurgulanmaktadır. Hutbe, eşler arasında sevgi ve merhamet dileyen bir ayet ve hadisle sona ermektedir.",aile; evlilik; nikah; çocuk yaşta evlilik; kadının rızası
12.01.2018,2018,"HAKKIN YANINDA, BÂTILIN KARŞISINDA YER ALABİLMEK",Peygamberimiz ve Ashab,"İman, Tevhid ve Ahiret; Toplumsal Dayanışma, Merhamet ve Kardeşlik","Hutbe, hak ile batılın mücadelesini Hz. Adem'in oğulları Habil ile Kabil kıssası ve Mekke'nin fethi örneği üzerinden anlatmaktadır. Hakkın tevhid inancı ve Kur'an'ın ilkeleri, batılın ise şirk ve zulüm olduğu vurgulanarak şartlar ne olursa olsun hakkın yanında yer alınması gerektiği belirtilmektedir. Hutbe, İstiklal şairinin 'hakkı tutar kaldırırım' dizeleri ve bir Peygamber duasıyla sona ermektedir.",hak ve batıl; habil kabil; mekke'nin fethi; adalet; istiklal marşı
19.01.2018,2018,ÖNCE KENDİMİZDEN SORUMLUYUZ,"Sabır, Tevekkül ve Manevi Olgunluk",,"Hutbe, her insanın öncelikle kendi imtihanından ve kendi sorumluluklarından sorumlu olduğunu, Peygamberin kızı Hz. Fatıma'ya bile 'hesap günü sana faydam dokunmaz' demesi örneğiyle anlatmaktadır. Kendini kusursuz görmemenin, başkalarının hatasını değil önce kendi hatalarını düzeltmenin sorumluluk bilincinin gereği olduğu vurgulanmaktadır. Hutbe, önce kendimize sonra çevremize sorumluluk aşılama çağrısıyla sona ermektedir.",sorumluluk; kendini sorgulama; hz. fatıma; muhasebe; kibir
26.01.2018,2018,BİRLİK VE BERABERLİK RUHU,"Vatan, Millet ve Tarih",,"Hutbe, milletin Çanakkale'den 15 Temmuz'a uzanan tarihsel imtihanlarında birlik ve beraberlik ruhuyla ayakta kaldığını anlatmaktadır. Terör ve fitne ile milleti bölmeye çalışanların karşısında imandan gelen gücün, vatan ve bağımsızlık aşkının en büyük kalkan olduğu vurgulanmaktadır. Hutbe, İstiklal şairinin dizeleriyle desteklenerek ordunun zaferi ve şehitlerin rahmeti için yapılan bir dua ile sona ermektedir.",birlik ve beraberlik; 15 temmuz; çanakkale; terör; vatan sevgisi
02.02.2018,2018,İSLAM’IN İKİ ANA KAYNAĞI: KUR’AN VE SÜNNET,Kur'an-ı Kerim,"Eğitim, Teknoloji, Çevre ve Toplumsal Değişim; Peygamberimiz ve Ashab","Hutbe, İslam'ın iki ana kaynağının Kur'an ve Peygamberin sünneti olduğunu, Kur'an'ın ancak Peygamberin örnekliğinde anlaşılıp yaşanabilir hale geldiğini anlatmaktadır. Bu iki kaynağa bağlılığın zayıfladığı dönemlerde milletin güç kaybettiği vurgulanarak yeni nesillerin Kur'an ve sünnet bilinciyle yetiştirilmesi gerektiği belirtilmektedir. Hutbe, okullardaki seçmeli din derslerine dikkat çekilerek çocuklara dair bir dua ile sona ermektedir.",kuran ve sünnet; din eğitimi; seçmeli dersler; islam'ın kaynakları; nesil yetiştirme
09.02.2018,2018,"İSRAF, DİNÎ VE AHLAKÎ BİR İFLASTIR","Ekonomik Hayat: Kazanç, Zekat ve İsraf",,"Hutbe, israfın dini ve ahlaki bir iflas olduğunu, Peygamberin kıtlık zamanında bile nimetlerin hesabını hatırlatmasından yola çıkarak anlatmaktadır. İsrafın sadece yiyecek israfı değil zaman, sağlık, bilgi ve tabiat israfını da kapsadığı, ülkede her gün milyonlarca ekmeğin çöpe atıldığı somut verilerle vurgulanmaktadır. Hutbe, israfla mücadele seferberliğine destek çağrısı ve bir Peygamber duasıyla sona ermektedir.",israf; tüketim; ekmek israfı; tasarruf; nimetin kıymeti
16.02.2018,2018,CİHÂD: ALLAH YOLUNDA CANLA VE MALLA MÜCADELE,"Vatan, Millet ve Tarih",,"Hutbe, cihadın masum canlara saldırmak değil, Allah yolunda can ve malla mücadele etmek, önce nefisle sonra zulümle savaşmak olduğunu anlatmaktadır. Terör örgütlerinin cihat kavramını istismar ederek yaptığı saldırıların İslam'ın cihat anlayışıyla hiçbir ilgisinin olmadığı vurgulanarak Çanakkale örneğiyle asıl cihadın vatan savunması olduğu belirtilmektedir. Hutbe, orduya zafer ve şehitlere rahmet dileyen bir dua ile sona ermektedir.",cihad; terör; nefisle mücadele; çanakkale; vatan savunması
23.02.2018,2018,BAĞIMLILIK BİR TUZAKTIR,"Afet, Kriz ve Sağlık","Aile, Çocuk ve Nesil","Hutbe, alkol, uyuşturucu, kumar, internet ve akıllı telefon gibi bağımlılıkların birer tuzak olduğunu ve insanın aklını, sağlığını ve ailesini tahrip ettiğini anlatmaktadır. Ailesinden yeterli ilgi göremeyen gençlerin kötü alışkanlıklara ve zararlı şebekelere kolay av olduğu vurgulanarak ebeveynlerin çocuklarına manevi rehberlik etmesi gerektiği belirtilmektedir. Hutbe, sağlık ve boş vaktin kıymetini bilme çağrısı ve bir Peygamber hadisiyle sona ermektedir.",bağımlılık; internet bağımlılığı; uyuşturucu; gençlik; aile rehberliği
02.03.2018,2018,İSLAM’DA TİCARET AHLAKI,"Ahlak, Erdem ve Söz","Ekonomik Hayat: Kazanç, Zekat ve İsraf; Aile, Çocuk ve Nesil","Bu kayıt iki ayrı hutbe metnini bir arada içermektedir: ilk bölüm İslam'da ticaret ahlakını, ikinci bölüm ise kadının İslam'daki konumunu ele almaktadır. Ticaret bölümünde dürüstlük, ölçü-tartıda hile yapmama ve helal kazanç vurgulanırken; kadın bölümünde Hz. Hatice, Hz. Aişe gibi örnek kadınlar üzerinden kadının erkekle aynı şerefi paylaştığı, kız çocuklarının ve kadına şiddetin önemsenmesi gerektiği anlatılmaktadır. Hutbe, her iki bölümde de Allah'ın rızasına uygun, hakkaniyetli bir yaşam çağrısı ve dua ile sona ermektedir.",ticaret ahlakı; helal kazanç; kadın hakları; kadına şiddet; dürüstlük
16.03.2018,2018,MİLLETİMİZİN VAROLUŞ MÜCADELESİ: ÇANAKKALE ZAFERİ,"Vatan, Millet ve Tarih",,"Hutbe, Çanakkale Zaferi'ni milletin bir varoluş mücadelesi olarak anlatarak vatan sevgisinin Allah'ın kalplere nakşettiği bir duygu olduğunu vurgulamaktadır. Mehmetçiğin 'ölürsem şehit kalırsam gazi' inancıyla verdiği mücadelenin, farklı coğrafyalardan gelen milletin aynı dava etrafında birleşmesinin ve savaş ahlakının örneği olduğu belirtilmektedir. Hutbe, üç ayların ve Regaib Kandili'nin yaklaşması vesilesiyle cami yardım kampanyası duyurusu ve şehitlere rahmet duasıyla sona ermektedir.",çanakkale zaferi; şehitlik; vatan sevgisi; mehmetçik; üç aylar
23.03.2018,2018,İBADET HAYATIMIZ VE GÖNÜL DÜNYAMIZ,İbadet ve Kulluk,,"Hutbe, ibadetin sadece namaz gibi belirli görevlerle sınırlı olmayıp insanı kötülüklerden koruyan, Allah'a kulluk bilinciyle yaşanan bütün güzel davranışları kapsadığını anlatır. Muâz b. Cebel kıssası üzerinden Allah'ın kulları üzerindeki hakkının ibadet, kulların Allah üzerindeki hakkının ise bağışlanma olduğu vurgulanır ve ibadetin samimi, gösterişsiz ve devamlı olması gerektiği öğütlenir. Hutbe, mübarek üç ayları fırsat bilip namaz, Kur'an ve hayırda kararlılıkla devam etme çağrısı ve Peygamberimizin ibadet duasıyla sona erer.",ibadet bilinci; kulluk şuuru; muaz b. cebel; üç aylar; namazın huşusu; kararlılık ve istikrar
06.04.2018,2018,İYİLİK: PAYLAŞILDIKÇA ARTAN DEĞER,"Ahlak, Erdem ve Söz",,"Hutbe, iyiliğin yaratılışın temel gayesi olduğunu ve insanın iyi, hayırlı işler yapmak için var olduğunu anlatır; iyiliğin tebessümden sadakaya, mültecilere kucak açmaktan hayvanlara şefkate kadar geniş bir eylemler bütünü olduğu vurgulanır. Günümüzde kötülüğün iyilikten daha çok gündeme geldiği, insanların vicdan ve merhamet gibi değerleri yitirdiği eleştirilir. Hutbe, kalpler arasında iyilik ve merhamet köprüsü kurulması için Allah'a yakarışla sona erer.",iyilik; güzel ahlak; merhamet; mülteciye yardım; vicdan kaybı; kötülüğe karşı iyilik
20.04.2018,2018,YARINLARIMIZIN ÜMİDİ ÇOCUKLARIMIZ,"Aile, Çocuk ve Nesil",,"Hutbe, Peygamberimizin çocuklara gösterdiği değeri ve saygıyı Abdullah b. Abbas kıssasıyla anlatarak çocukların 'küçük' görülüp haklarının hafife alınamayacağını vurgular. Çocuğa güzel isim koymak, adil davranmak, helal ve sağlıklı beslemek, manevi ve sosyal gelişimine önem vermek ebeveynlerin temel sorumlulukları olarak sıralanır; ihmal, şiddet ve aşağılamanın çocuğun geleceğini olumsuz etkilediği belirtilir. Hutbe, Peygamberimizin eğitim metodunu örnek alma çağrısı ve çocukların hayırlı nesiller olması için edilen dua ile bitirilir.",çocuk hakları; çocuk eğitimi; ebeveyn sorumluluğu; güzel isim; adalet ilkesi; çocuğa şiddet
27.04.2018,2018,"AF, ARINMA VE KURTULUŞ VESİLESİ: BERAT GECESİ","Kandiller, Muharrem ve Mübarek Geceler","İman, Tevhid ve Ahiret; Sabır, Tevekkül ve Manevi Olgunluk","Hutbe, yaklaşan Berat gecesinin af, arınma ve mağfiret vesilesi olduğunu, Allah'ın rahmetinden asla ümit kesilmemesi gerektiğini anlatır. Berat gecesinin aynı zamanda insanları affedici olmaya, kırgınlıkları ve kin duygularını terk etmeye çağıran bir muhasebe ve tövbe fırsatı olduğu vurgulanır. Hutbe, ihmal edilen sorumlulukların hatırlanması ve günahlardan dönüş niyetiyle edilen dua ile sona erer.",berat gecesi; tövbe; af ve mağfiret; muhasebe; affedicilik; şaban ayı
04.05.2018,2018,KESİNTİSİZ HAYIR ÇEŞMESİ: VAKIFLAR,"Ekonomik Hayat: Kazanç, Zekat ve İsraf",,"Hutbe, Hz. Ömer'in hurma bahçesini vakfetmesi kıssasıyla vakıf geleneğinin İslam medeniyetindeki köklerini anlatır ve vakfın, malın kalıcı bir hayra dönüştürülerek Allah rızası için harcanması olduğunu vurgular. Ecdadın kurduğu cami, çeşme, kütüphane gibi vakıf eserlerinin günümüze kadar hizmet vermeye devam ettiği belirtilirken, Diyanet Vakfı'nın yurt içi ve yurt dışı cami inşa faaliyetleri ve ""Bir Tuğla da Benim Olsun"" kampanyası tanıtılır. Hutbe, sadaka-i câriyenin öldükten sonra da sevabı kesilmeyen bir amel olduğunu hatırlatan hadisle bitirilir.",vakıf; sadaka-i câriye; hz. ömer; bir tuğla da benim olsun; cami inşası; hayır kurumları
11.05.2018,2018,ADALET VE İHSAN YUVASI: AİLE,"Toplumsal Dayanışma, Merhamet ve Kardeşlik","Aile, Çocuk ve Nesil","Hutbe, ailenin Allah'ın en güzel nimetlerinden biri olduğunu ve huzurun, sevginin ve güvenin kaynağı olduğunu anlatarak İslam'ın ailede ideal olarak adalet ve ihsan ahlakını gösterdiğini vurgular. Eşler arası karşılıklı güven, istişare, sorumluluk paylaşımı ve çocuklar arasında ayrım yapmadan adil davranmanın önemine değinilir; ayrıca Engelliler Haftası vesilesiyle engelliliğin asıl anlamının şefkate kapalı olmak olduğu belirtilir. Hutbe, yaklaşan Ramazan ayının aileye, millete ve İslam alemine huzur getirmesi duasıyla sona erer.",aile; adalet ve ihsan; eşler arası ilişki; çocuklar arasında adalet; engelliler haftası; aile içi istişare
18.05.2018,2018,DİNMEYEN YARAMIZ: KUDÜS,İslam Coğrafyası ve Küresel Meseleler,,"Hutbe, Kudüs ve Mescid-i Aksa'nın İslam tarihindeki kutsallığını, ilk kıble ve Miraç'ın uğrağı olma özelliğini vurgulayarak bu şehrin tüm Müslümanların ortak değeri olduğunu anlatır. Gazze'de Ramazan arifesinde yaşanan katliam sert bir dille kınanır ve zulme karşı sessiz kalmamanın, mazlumun yanında yer almanın imani bir sorumluluk olduğu belirtilir. Hutbe, Gazze şehitlerine rahmet ve Mescid-i Aksa'nın işgalden korunması için edilen dua ile sona erer.",kudüs; mescid-i aksa; gazze; zulüm ve işgal; mazlumun yanında olmak; filistin
25.05.2018,2018,ORUÇ VE KUR’ÂN AYI RAMAZAN,"Ramazan, Oruç ve Bayramlar","Toplumsal Dayanışma, Merhamet ve Kardeşlik; Sabır, Tevekkül ve Manevi Olgunluk","Hutbe, Ramazan ayının oruç ve Kur'an ayı olarak manevi hayattaki özel yerini anlatarak orucun sabır, irade ve merhamet eğitimi olduğunu, insanı kötülüklerden koruyan bir kalkan işlevi gördüğünü vurgular. Ramazan'ın aynı zamanda kardeşlik, dayanışma ve paylaşma ayı olduğu, yoksulun halini anlamaya ve nimetlerin kıymetini bilmeye vesile olduğu belirtilir. Hutbe, Kur'an'ı daha çok okuma çağrısı ve Diyanet Vakfı'nın eğitim burs faaliyetlerine destek talebiyle sona erer.",ramazan ayı; oruç; kur'an ayı; sabır eğitimi; kardeşlik ve paylaşma; diyanet vakfı bursları
01.06.2018,2018,MEŞRU OLMAYAN KAZANÇ: FAİZ,"Ekonomik Hayat: Kazanç, Zekat ve İsraf",,"Hutbe, faizin emeksiz ve haksız bir kazanç yolu olduğunu, İslam'ın hak ve adalet ilkelerine aykırı düştüğünü anlatarak faizin bireyi ve toplumu iflasa, güvensizliğe ve manevi çöküşe sürüklediğini vurgular. Alışverişin emek ve risk içermesi bakımından faizden temelden farklı olduğu, faizin malın bereketini yok ederken sadakanın onu artırdığı hatırlatılır. Hutbe, her türlü faizli ve haram kazançtan sakınma, ticaret ahlakını koruma çağrısıyla sona erer.",faiz; haram kazanç; helal ticaret; alın teri; ekonomik ahlak; kul hakkı
08.06.2018,2018,"AFİYET OLSUN, İSRAF OLMASIN","Ekonomik Hayat: Kazanç, Zekat ve İsraf","Sabır, Tevekkül ve Manevi Olgunluk; Kandiller, Muharrem ve Mübarek Geceler","Hutbe, Sa'd b. Ebi Vakkas'ın abdestte bile israfın olabileceğini öğrenmesi kıssasıyla israfın sadece yiyecek içecekle sınırlı olmayıp her türlü nimeti ölçüsüzce tüketmek olduğunu anlatır. Günümüzde tüketim çılgınlığının ve gösteriş harcamalarının yaygınlaştığı, oysa Kur'an'ın orta yolu ve dengeyi öğütlediği vurgulanır. Hutbe, nimetleri israf etmeme çağrısı ve yaklaşan Kadir gecesini fırsat bilme tavsiyesiyle sona erer.",israf; tüketim ahlakı; denge ve itidal; kadir gecesi; nimetlerin kıymeti; gösteriş harcaması
15.06.2018,2018,RAMAZAN BAYRAMI,"Ramazan, Oruç ve Bayramlar","Toplumsal Dayanışma, Merhamet ve Kardeşlik; İbadet ve Kulluk","Hutbe, Ramazan'ın bitişiyle kavuşulan bayramın hem bir hüzün hem de sevinç anı olduğunu, oruç ve ibadetle geçirilen ayın ardından şükür ve paylaşım zamanı olduğunu anlatır. Bayramın küskünlükleri sona erdirme, akraba ve komşuları ziyaret etme, yetim ve muhtaçları sevindirme vesilesi olduğu vurgulanır. Hutbe, İslam aleminin birlik ve kardeşliğinin pekişmesi, zulüm altındaki Müslümanların kurtuluşu için dua ile sona erer.",ramazan bayramı; kardeşlik ve birlik; sıla-i rahim; küskünlüklerin bitmesi; bayram namazı; paylaşma
15.06.2018,2018,KULLUK BİLİNCİYLE BİR ÖMÜR GEÇİRMEK,"Ramazan, Oruç ve Bayramlar","Toplumsal Dayanışma, Merhamet ve Kardeşlik; İbadet ve Kulluk","Hutbe, Ramazan'ın bitişiyle kavuşulan bayramın hem bir hüzün hem de sevinç anı olduğunu, oruç ve ibadetle geçirilen ayın ardından şükür ve paylaşım zamanı olduğunu anlatır. Bayramın küskünlükleri sona erdirme, akraba ve komşuları ziyaret etme, yetim ve muhtaçları sevindirme vesilesi olduğu vurgulanır. Hutbe, İslam aleminin birlik ve kardeşliğinin pekişmesi, zulüm altındaki Müslümanların kurtuluşu için dua ile sona erer.",ramazan bayramı; kardeşlik ve birlik; sıla-i rahim; küskünlüklerin bitmesi; bayram namazı; paylaşma
22.06.2018,2018,YAZ KUR’AN KURSLARI VE ÖNEMİ,Kur'an-ı Kerim,,"Hutbe, Kur'an-ı Kerim'in insanlığa rehber ve hidayet kaynağı olduğunu anlatarak çocuklara Kur'an ve İslam ahlakını öğretmenin ebeveynlerin en önemli görevi olduğunu vurgular. Yaz Kur'an kurslarının başlayacağını duyurarak ""Camide Çocuk Sesi, Vatanımın Neşesi"" temasıyla çocukların bu kurslara katılımının teşvik edilmesi istenir. Hutbe, en hayırlı insanın Kur'an'ı öğrenen ve öğreten olduğunu bildiren hadisle sona erer.",yaz kur'an kursları; çocuk eğitimi; kur'an öğretimi; cami ve çocuk; ahlaki terbiye; kur'an kursu öğreticileri
29.06.2018,2018,EVLADIN ANNE-BABA ÜZERİNDEKİ HAKLARINDAN BİRİ: GÜZEL İSİM,"Aile, Çocuk ve Nesil","Ahlak, Erdem ve Söz; Vatan, Millet ve Tarih","Hutbe, Peygamberimizin torunlarına Hasan ve Hüseyin adlarını koyarken gösterdiği hassasiyeti örnek göstererek çocuğa güzel isim vermenin ebeveynin en temel görevlerinden biri olduğunu anlatır. İsmin kişinin kimliğini ve manevi yönünü yansıttığı, kötü ve anlamsız isimler vermenin ya da kötü lakapla çağırmanın dinen yasaklandığı vurgulanır. Hutbe, çocuklara dini ve milli değerlere uygun, anlamlı isimler verme çağrısıyla sona erer.",güzel isim; hasan ve hüseyin; çocuk hakları; kötü lakap yasağı; isim ve kimlik; ebeveyn sorumluluğu
06.07.2018,2018,ALLAH’IN RIZASINA ULAŞTIRAN SALİH AMELLER,"İman, Tevhid ve Ahiret","Sabır, Tevekkül ve Manevi Olgunluk; Ahlak, Erdem ve Söz","Hutbe, Hz. Ebu Bekir'in oruç, cenazeye katılma, fakiri doyurma ve hasta ziyareti gibi davranışları bir arada yapması örneğiyle salih amellerin cennete giden yolun ikinci adımı olduğunu anlatır. İman ve salih amelin yanında güzel ahlakın imanı kemale erdiren asıl unsur olduğu vurgulanır. Hutbe, herkesin kendi hayatını sorgulaması için sorular sorarak ve altı davranışı garanti edene cennetin garanti edildiğini bildiren hadisle sona erer.",salih amel; hz. ebu bekir; iman-amel bütünlüğü; güzel ahlak; cennet yolu; özeleştiri ve muhasebe
13.07.2018,2018,MİLLETÇE YENİDEN DOĞUŞ: 15 TEMMUZ,"Vatan, Millet ve Tarih",,"Hutbe, 15 Temmuz darbe girişiminin din kisvesine bürünerek FETÖ tarafından gerçekleştirildiğini, milletin iman ve vatan sevgisiyle bu hain saldırıya karşı koyduğunu anlatır. Dini değerlerin şahıslar üzerine bina edilmemesi, İslam'ın sahih kaynaklardan öğrenilmesi gerektiği vurgulanır ve Anadolu irfanına sahip çıkma çağrısı yapılır. Hutbe, şehit ve gazilere rahmet ve şifa dileği, milletin birlik ve beraberliğinin korunması duasıyla sona erer.",15 temmuz; feto; milli birlik; din istismarı; şehitler ve gaziler; vatan sevgisi
20.07.2018,2018,DÜĞÜN ÂDÂBI,"Aile, Çocuk ve Nesil",,"Hutbe, Hz. Fatıma ile Hz. Ali'nin sade düğününü örnek göstererek düğünlerin gösterişten uzak, mütevazı ve dengeli yapılması gerektiğini anlatır. Aşırı düğün masraflarının gençleri evlilikten uzaklaştırdığı ve aileleri borca soktuğu, İslam'ın esas aldığının evliliği kolaylaştırmak olduğu vurgulanır. Hutbe, düğünlerde israf, alkol ve haramlardan kaçınma çağrısıyla sona erer.",düğün adabı; israf; sade evlilik; evlilik masrafları; helal eğlence; hz. fatıma'nın düğünü
27.07.2018,2018,İMAN-AMEL İLİŞKİSİ,"İman, Tevhid ve Ahiret","Sabır, Tevekkül ve Manevi Olgunluk; Ahlak, Erdem ve Söz","Hutbe, imanın Allah'a, meleklere, kitaplara, peygamberlere ve ahirete gönülden inanmak olduğunu, Muâz b. Cebel hadisi üzerinden imanın kalple tasdik ve dille ikrarla tamamlandığını anlatır. İmanın salih amelle diri tutulduğu, güzel ahlakla kemale erdiği vurgulanır ve iman esaslarından birini bile reddetmenin inançsızlık anlamına geldiği belirtilir. Hutbe, imanın kalplere sevdirilmesi için edilen dua ile sona erer.",iman esasları; muaz b. cebel; iman-amel ilişkisi; güzel ahlak; istikamet; fıtrat
03.08.2018,2018,CAMİ VE CEMAAT ADABI,İbadet ve Kulluk,,"Hutbe, Peygamberimizin vefatına yakın hasta yatağından ashabının cemaatle namaz kılışını izleyip sevinmesi kıssasıyla caminin ve cemaat olmanın İslam'daki önemini anlatır. Cemaat kavramının bazı örgütler tarafından istismar edilerek ayrışma aracına dönüştürüldüğü eleştirilir; camiye giderken temizlik, kıyafet ve hutbe dinleme adabına dikkat çekilir. Hutbe, ailece camiye devam etme ve çocukları camiye alıştırma çağrısıyla sona erer.",cami adabı; cemaatle namaz; hutbe dinleme adabı; cemaat kavramının istismarı; çocukları camiye alıştırmak; temizlik ve kıyafet
10.08.2018,2018,"KURBAN, ALLAH’A YAKINLAŞMA VESİLESİDİR","Ramazan, Oruç ve Bayramlar",,"Hutbe, kurbanın Hz. İbrahim ve Hz. İsmail'in Allah'a teslimiyetinin hatırası olduğunu, sadece hayvan kesmek değil Allah'a yakınlaşma ve fedakarlık ibadeti olduğunu anlatır. Kurbanın paylaşma alışkanlığı kazandırdığı, muhtaçları ve uzaktaki din kardeşlerini birbirine bağladığı vurgulanır; Diyanet'in vekaletle kurban organizasyonu tanıtılır. Hutbe, ""Kurbanını Paylaş, Kardeşinle Yakınlaş"" çağrısı ve muhtaçlara destek olma duasıyla sona erer.",kurban ibadeti; hz. i̇brahim ve i̇smail; vekaletle kurban; paylaşma ve dayanışma; kurban bayramı hazırlığı; muhtaçlara yardım
17.08.2018,2018,SADAKA-İ CÂRİYE,"Ekonomik Hayat: Kazanç, Zekat ve İsraf",,"Hutbe, sadaka-i câriyenin ölümden sonra da sevabı devam eden kalıcı bir hayır olduğunu, malı ibadete dönüştürmenin bir yolu olduğunu anlatır. Ecdadın inşa ettiği cami, çeşme, hastane gibi eserlerin bugün hâlâ hayır ürettiği, milletin bu geleneği yaşattığı vurgulanır. Hutbe, cami inşa çalışmalarına destek çağrısı ve Allah rızası için mescit yapanın cennette ev kazanacağını bildiren hadisle sona erer.",sadaka-i câriye; vakıf geleneği; cami inşası; kalıcı hayır; infak; ecdat yadigarı eserler
21.08.2018,2018,KURBAN BAYRAMI,"Ramazan, Oruç ve Bayramlar",,"Hutbe, Peygamberimizin ilk Kurban Bayramı'nı ashabıyla birlikte idrak edişini anlatarak bayramın iman kardeşliğinin zirveye ulaştığı mübarek bir gün olduğunu vurgular. Kurbanın ihlas ve samimiyetle kesilmesi, teşrik tekbirlerinin ihmal edilmemesi, kesim sırasında hayvana ve çevreye özen gösterilmesi gerektiği hatırlatılır. Hutbe, bayramın sıla-i rahim, affetme ve yenilenme vesilesi olması dileğiyle ve mazlum kardeşlere umut olma çağrısıyla sona erer.",kurban bayramı; teşrik tekbirleri; kurban kesim adabı; sıla-i rahim; hz. i̇brahim'in teslimiyeti; bayram sevinci
24.08.2018,2018,"GAYRET MÜMİNLERDEN, ZAFER ALLAH’TANDIR","Vatan, Millet ve Tarih",,"Hutbe, vatanın ecdat emaneti olduğunu ve Malazgirt'ten Büyük Taarruz'a kadar tarih boyunca kazanılan zaferlerin 'gayret müminlerden, zafer Allah'tandır' ilkesini kanıtladığını anlatır. Günümüzde ülkenin ekonomik ve teknolojik saldırılarla kuşatılmaya çalışıldığı, buna karşı zafer bilinciyle sabır, birlik ve tutumlu yaşamanın gerekli olduğu vurgulanır. Hutbe, milletin birlik içinde kenetlenmesi ve zorlukların aşılması için edilen dua ile sona erer.",zafer bilinci; vatan sevgisi; tarihi zaferler; ekonomik kuşatma; tutumluluk; milli birlik ve beraberlik
31.08.2018,2018,"ÇALIŞMAK, HAYATIMIZA BEREKET GETİRİR","Ekonomik Hayat: Kazanç, Zekat ve İsraf","Sabır, Tevekkül ve Manevi Olgunluk","Hutbe, çalışmanın hayata bereket getirdiğini ve helal yoldan rızık kazanmanın peygamberlerin de sünneti olduğunu anlatarak insanın en hayırlı kazancının kendi el emeği olduğunu vurgular. Rüşvet, tefecilik, stokçuluk gibi haksız kazanç yollarının dinen yasak olduğu, çalışırken dünya ile ahiret dengesinin gözetilmesi gerektiği belirtilir. Hutbe, ticarette Allah'ı unutmayan müminlerin övüldüğü ayetle sona erer.",çalışma ahlakı; helal kazanç; el emeği; haksız kazanç yolları; dünya-ahiret dengesi; rüşvet ve stokçuluk
07.09.2018,2018,HİCRET,Peygamberimiz ve Ashab,,"Hutbe, Peygamberimizin Mekke'den Medine'ye hicretinin sadece tarihi bir göç değil, hakkın yeryüzünde hakim olması için bir fedakarlık ve teslimiyet örneği olduğunu anlatır. Hicretin günümüzde de zulümden kaçan mültecilerin yaşadığı bir gerçeklik olduğu, asıl hicretin kötülükten iyiliğe yönelmek olduğu vurgulanır. Hutbe, yeni hicri yıla girerken muhasebe yapma ve mültecilere ensar olma çağrısıyla sona erer.",hicret; muhacir ve ensar; hicri yılbaşı; mültecilere yardım; manevi hicret; hz. ebu bekir
14.09.2018,2018,MUHARREM AYI VE ÂŞÛRÂ GÜNÜ,"Kandiller, Muharrem ve Mübarek Geceler",,"Hutbe, Muharrem ayının kıymetini ve Âşûrâ gününün faziletini anlatırken Hz. Hüseyin'in Kerbelâ'da şehit edilişinin tüm Müslümanların ortak acısı olduğunu vurgular. Hz. Hüseyin'in zulme boyun eğmeyen duruşunun günümüz haksızlıkları karşısında da örnek alınması gerektiği belirtilir. Hutbe, mezhep ayrımı yapmadan kardeşlik çağrısı ve yeni eğitim öğretim yılının hayırlı olması duasıyla sona erer.",muharrem ayı; aşure günü; kerbela; hz. hüseyin; mezhep kardeşliği; yeni eğitim öğretim yılı
21.09.2018,2018,ALLAH’IN GÜZEL İSİMLERİNDEN MÜMİNLERE MESAJLAR,"İman, Tevhid ve Ahiret","Ahlak, Erdem ve Söz","Hutbe, Haşr sûresinin son üç ayetinde geçen Allah'ın güzel isimlerini (Melik, Kuddûs, Selâm, Mü'min, Aziz, Hâlik vb.) açıklayarak bu isimlerin müminlere nasıl bir hayat mesajı verdiğini anlatır. Müminin bu isimlerin anlamını idrak ederek emanete riayet etmesi, huzur ve güven yayması, tevazu içinde yaşaması gerektiği vurgulanır. Hutbe, şehit ve gazilere dua ile sona erer.",esma-i hüsna; haşr suresi; allah'ın isimleri; tevhid; emanet bilinci; şehit ve gazilere dua
28.09.2018,2018,CAMİLER VE DİN HİZMETİNE ADANMIŞ ÖMÜRLER,İbadet ve Kulluk,Kur'an-ı Kerim,"Hutbe, Mescid-i Nebevî örneğinden yola çıkarak camilerin hem ibadet hem ilim mekanı olduğunu, imam, müezzin, vaiz ve Kur'an kursu öğreticilerinin 'hademe-i hayrat' olarak adlandırıldığını anlatır. Din görevlilerinin toplumun hayatında doğumdan ölüme kadar hep yanında olduğu, Camiler ve Din Görevlileri Haftası'nın bu yıl 'Din Hizmetine Adanmış Ömürler' temasıyla kutlanacağı belirtilir. Hutbe, vefat eden din görevlilerine rahmet dileğiyle sona erer.",camiler ve din görevlileri haftası; hademe-i hayrat; imam ve müezzin; mescid-i nebevi; din hizmeti; kur'an kursu öğreticileri
05.10.2018,2018,CENAZE ÂDÂBI: AHİRET YOLCUSUNA,"İman, Tevhid ve Ahiret","Toplumsal Dayanışma, Merhamet ve Kardeşlik; Sabır, Tevekkül ve Manevi Olgunluk","Hutbe, ölümün kaçınılmaz bir hakikat olduğunu ve Müslümanların cenaze karşısında yerine getirmesi gereken dini ve insani vazifeleri -kelime-i tevhid telkini, yıkama, kefenleme, cenaze namazı, taziye- ayrıntılı biçimde anlatır. Ölüme sabırla ve Allah'ın takdirine rızayla yaklaşmanın, ölenin iyiliklerini anıp kötülüklerinden söz etmemenin önemi vurgulanır. Hutbe, ölümün müminler için sonsuz barış yurduna açılan bir kapı olduğu hatırlatmasıyla sona erer.",cenaze adabı; ölüm gerçeği; taziye; kelime-i tevhid telkini; cenaze namazı; sabır ve rıza
12.10.2018,2018,"CENÂB-I HAK, HER HAK SAHİBİNE HAKKINI VERMİŞTİR","Toplumsal Dayanışma, Merhamet ve Kardeşlik",,"Hutbe, Selmân-ı Fârisî'nin Ebu'd-Derdâ'yı uyarması kıssasıyla her hak sahibine hakkının verilmesi gerektiğini; Allah, anne-baba, çocuk, hayvanlar ve toplum üzerindeki hakların gözetilmesi gerektiğini anlatır. Can güvenliğinin, mal ve mülk haklarının, kamu hakkının ihlalinin büyük vebal olduğu vurgulanır. Hutbe, kul hakkına girmekten sakınma ve hak sahiplerine adaletle davranma çağrısıyla sona erer.",hak ve hukuk; selman-ı farisi; anne baba hakkı; hayvan hakları; kul hakkı; kamu hakkı
19.10.2018,2018,MADDİ VE MANEVİ ARINMA: TEMİZLİK,"İman, Tevhid ve Ahiret","Eğitim, Teknoloji, Çevre ve Toplumsal Değişim; Ahlak, Erdem ve Söz","Hutbe, temizliğin hem maddi hem manevi arınma anlamına geldiğini, İslam'ın beden, elbise ve çevre temizliğine büyük önem verdiğini anlatır. Manevi temizliğin ise kalbi kibir, riya ve hasetten arındırmak, dili yalan ve kötü sözden korumak olduğu vurgulanır. Hutbe, temizliğin imanın bir göstergesi olduğu hatırlatmasıyla ve cami inşasına destek çağrısıyla sona erer.",temizlik; maddi ve manevi arınma; çevre temizliği; beden ve elbise temizliği; gönül temizliği; misvak
26.10.2018,2018,AİLEDE ŞEFKAT VE NEZAKET DİLİ,"Aile, Çocuk ve Nesil","Toplumsal Dayanışma, Merhamet ve Kardeşlik","Hutbe, ailede en güzel sözün ve nezaketin öncelikle eşlere ve çocuklara gösterilmesi gerektiğini, Peygamberimizin kendi ailesine karşı örnek davranışını anlatır. Huzurlu ailenin sevgi, fedakarlık, adalet ve şefkatle inşa edildiği, öfkeyle davranışların aileyi yıprattığı vurgulanır. Hutbe, eşlere ve çocuklara müşfik ve nazik olma çağrısı ve Kur'an'daki aile duasıyla sona erer.",aile içi iletişim; şefkat ve nezaket; eşler arası ilişki; güzel söz; peygamberin aile hayatı; hoşgörü
02.11.2018,2018,TEMİZ GIDA TEMİZ NESİL,"Sabır, Tevekkül ve Manevi Olgunluk","Eğitim, Teknoloji, Çevre ve Toplumsal Değişim","Hutbe, Allah'ın ancak temiz olanı kabul ettiğini, haram gıda ile beslenen birinin duasının kabul olmayacağını anlatan hadisle helal ve temiz gıdanın önemini vurgular. İnsanların doğayı kirletmesinin, genetiği bozulmuş ve kimyasal ürünlerin toplumda ahlaki bir çözülmeye yol açtığı, temiz gıdanın sağlıklı nesil yetiştirmenin temeli olduğu belirtilir. Hutbe, helal kazanç, temiz üretim ve dengeli tüketim çağrısıyla sona erer.",helal gıda; temiz nesil; çevre kirliliği; genetiği değiştirilmiş ürünler; haram lokma; dengeli tüketim
09.11.2018,2018,SAĞLIK: DÜNYALARA DEĞER NİMET,"Toplumsal Dayanışma, Merhamet ve Kardeşlik","Sabır, Tevekkül ve Manevi Olgunluk","Hutbe, sağlığın dünyalara değer bir nimet olduğunu ve insanların çoğu zaman bu nimetin kıymetini bilmediğini anlatır. Hastalandığında tedavi olmanın, başkalarının sağlığına da özen göstermenin, organ bağışının insani bir davranış olduğu vurgulanır. Hutbe, Peygamberimizin gençliğin, sağlığın ve zenginliğin değerini vaktinde bilme tavsiyesiyle sona erer.",sağlık nimeti; tedavi olma; organ bağışı; hasta ziyareti; zararlı alışkanlıklar; vaktin kıymeti
16.11.2018,2018,MEVLİD-İ NEBİ,Peygamberimiz ve Ashab,,"Hutbe, Mevlid-i Nebi haftası vesilesiyle Peygamberimizin insanlığa şahit, müjdeleyici ve uyarıcı olarak gönderildiğini, en güzel örnek (üsve-i hasene) olduğunu anlatır. Peygamberimizin gençlerle ilişkisi, onlara güvenmesi ve sorumluluk vermesi vurgulanarak bu yılki haftanın temasının 'Peygamberimiz ve Gençlik' olduğu belirtilir. Hutbe, gençlere Peygamberi örnek alma ve imanlarına güvenme çağrısıyla sona erer.",mevlid-i nebi; peygamberimiz ve gençlik; üsve-i hasene; genç sahabiler; muhammedü'l-emin; rol model
23.11.2018,2018,EN BÜYÜK ZENGİNLİĞİMİZ GENÇLERİMİZ,"Aile, Çocuk ve Nesil","Eğitim, Teknoloji, Çevre ve Toplumsal Değişim; Afet, Kriz ve Sağlık","Hutbe, Ashab-ı Kehf, Hz. İbrahim, Hz. İsmail, Hz. Yusuf ve Hz. Meryem gibi Kur'an'da anlatılan genç örnekleri üzerinden gençliğin imtihan ve fırsatlarla dolu en değerli çağ olduğunu anlatır. Gençleri tehdit eden dijital bağımlılık, zararlı akımlar, aileden kopma ve istismarcı örgütlerin tuzaklarına dikkat çekilir. Hutbe, gençlere sahip çıkma, onları anlama ve doğru dini bilgiyle donatma çağrısıyla sona erer.",gençlik; ashab-ı kehf; dijital bağımlılık; gençlerin istismarı; aileden kopma; rol model olma
30.11.2018,2018,NEFİS: İYİ VE KÖTÜNÜN MÜCADELE ALANI,"Sabır, Tevekkül ve Manevi Olgunluk",,"Hutbe, nefsin insanın içindeki kötülüğe meyilli yönü olduğunu, Hz. Yusuf'un nefsini temize çıkarmama sözü üzerinden nefis mücadelesinin insanın en büyük imtihanı olduğunu anlatır. Kabil, Yakub'un oğulları, Firavun gibi nefsine yenik düşen örnekler üzerinden nefsi terbiye etmenin ve arındırmanın kurtuluşa vesile olduğu vurgulanır. Hutbe, Peygamberimizin nefsin arındırılması için ettiği dua ile sona erer.",nefis mücadelesi; nefis terbiyesi; hz. yusuf kıssası; kabil ve habil; irade ve sabır; kötülüğe meyil
07.12.2018,2018,SELÂM: İSLÂM’IN GÜVEN VE BARIŞ ÇAĞRISI,"Toplumsal Dayanışma, Merhamet ve Kardeşlik",Peygamberimiz ve Ashab,"Hutbe, selamın Allah'ın güzel isimlerinden biri olduğunu ve İslam'ın barış ve güven dini olduğunu, Peygamberimizin Medine'ye hicretinde ilk sözünün selamı yaymak olduğunu anlatır. Selamın insanlar arasında kaynaşma, kardeşlik ve güven sağlayan bir iyilik şiarı olduğu vurgulanır. Hutbe, selamı yayma ve dünyayı barış yurduna dönüştürme çağrısıyla sona erer.",selam; barış ve güven; esma-i hüsna; hicret; kardeşlik bağı; güler yüz
14.12.2018,2018,RAHMET VE MAĞFİRET KAPISI: TEVBE,"İman, Tevhid ve Ahiret",Peygamberimiz ve Ashab,"Hutbe, Hz. Âdem ve Havva'nın tövbesini örnek göstererek tevbenin Allah'ın kullarına lütfettiği bir arınma ve kurtuluş müjdesi olduğunu anlatır. Tevbenin samimiyet, pişmanlık ve günaha bir daha dönmeme kararlılığıyla gerçekleşen bir yakarış olduğu vurgulanır. Hutbe, tevbe kapısının son nefese kadar açık olduğu hatırlatmasıyla ve Peygamberimizin istiğfar duasıyla sona erer.",tevbe; hz. adem ve havva; pişmanlık; af ve mağfiret; günahtan dönüş; istiğfar
21.12.2018,2018,VARLIĞIN İLAHİ MAYASI MERHAMET,"Toplumsal Dayanışma, Merhamet ve Kardeşlik",,"Hutbe, Peygamberimizin torununun ölümü karşısında gözyaşı dökmesi kıssasıyla merhametin varlığın ilahi mayası olduğunu, tüm canlılara şefkatle yaklaşmayı gerektirdiğini anlatır. Günümüzde dünyanın merhamet ve vicdana her zamankinden çok muhtaç olduğu, zulüm ve şiddetin masumları etkilediği vurgulanır. Hutbe, merhameti yeniden asrın vicdanına aşılama çağrısıyla sona erer.",merhamet; şefkat; hayvanlara merhamet; zulüm ve şiddet; yetim ve yoksula yardım; vicdan
28.12.2018,2018,BİR ÖMÜR SORUMLULUK BİLİNCİYLE YAŞAMAK,"İman, Tevhid ve Ahiret","Sabır, Tevekkül ve Manevi Olgunluk","Hutbe, yılın sonunda ölümün kaçınılmazlığını hatırlatarak ömrün Allah'ın bir emaneti olduğunu ve nasıl geçirildiğinden sorumlu olunacağını anlatır. Yeni yıla girerken geçmişin muhasebesinin yapılması, hataların gözden geçirilmesi ve iman, ahlak ile ilgili sorgulayıcı sorular sorulması gerektiği vurgulanır. Hutbe, kalan ömrü hayırla değerlendirme kararlılığı çağrısıyla sona erer.",yıl sonu muhasebesi; sorumluluk bilinci; ömrün kıymeti; iç sorgulama; hesap günü; tövbe kararlılığı
04.01.2019,2019,ÖZÜ SÖZÜ DOĞRU OLMAK,"Ahlak, Erdem ve Söz",,"Hutbe, doğruluğun İslam'da imanın ve güzel ahlakın temel şartı olduğunu, yalanın ise kötülüğe ve cehenneme götüren bir davranış olduğunu anlatır. Ailede, ticarette ve toplumda güvenin ancak doğrulukla kazanılacağı, Peygamberimizin çocuklara bile yalan söylemeyi yasakladığı vurgulanır. Hutbe, doğrulanmamış haberleri yaymamaya dikkat çekerek özü ve sözü doğru olma çağrısıyla sona erer.",doğruluk; yalan; güven; dedikodu ve asılsız haber; ticaret ahlakı; sözünde durmak
11.01.2019,2019,"İNSANIN KEMAL YOLCULUĞU: İSLAM, İMAN VE İHSAN",İbadet ve Kulluk,"Peygamberimiz ve Ashab; Sabır, Tevekkül ve Manevi Olgunluk","Hutbe, Cibril hadisi üzerinden İslam, iman ve ihsan kavramlarını açıklayarak imanın kalple tasdik, İslam'ın yaşanan bir teslimiyet, ihsanın ise Allah'ı görüyormuşçasına kulluk bilinci olduğunu anlatır. Bu üç unsurun birbirini tamamlayan basamaklar olduğu, ibadeti ahlakla taçlandırmayan kişinin ziyanda olduğu vurgulanır. Hutbe, Peygamberimizin en güzel amel ve ahlaka kavuşma duasıyla sona erer.",cibril hadisi; islam iman ihsan; kulluk bilinci; ihsan şuuru; ahlak ve ibadet bütünlüğü; hz. ömer
18.01.2019,2019,MÜSLÜMANLAR İLİM VE MEDENİYETİN ÖNCÜLERİDİR,"Eğitim, Teknoloji, Çevre ve Toplumsal Değişim",,"Hutbe, ilk vahiy olan 'Oku' emrini hatırlatarak Müslümanların tarih boyunca tefsir, tıp, astronomi, cebir gibi alanlarda ilim ve medeniyetin öncüsü olduğunu anlatır. Günümüzde İslam dünyasının bilgiyi ihmal etmenin bedelini acı şekilde ödediği, bu geri kalmışlığın ancak bilgiye sarılmakla aşılabileceği vurgulanır. Hutbe, gençlere İslam medeniyetinin ilim mirasını öğretme çağrısı ve yeni cami açılışlarının duyurulmasıyla sona erer.",ilim ve medeniyet; oku ayeti; islam bilim tarihi; ilim ahlakı; cehalet; yeni cami açılışları
25.01.2019,2019,İSLAM AHLÂKININ ÖZÜ HAYÂDIR,"Ahlak, Erdem ve Söz",,"Hutbe, hayânın İslam ahlakının özü olduğunu, kişinin mahremiyet sınırlarını bilmesini sağlayan fıtri bir duygu olduğunu anlatır. İffetin korunmasının hem erkek hem kadın müminler için bir sorumluluk olduğu, zinanın aile kurumunu ve nesli tehdit eden büyük bir günah olduğu vurgulanır. Hutbe, hayâ ve iffeti kuşanma, ahlaki yozlaşmaya sebep olacak küçük yanlışlardan bile kaçınma çağrısıyla sona erer.",hayâ; iffet; zina yasağı; mahremiyet; ahlaki yozlaşma; namus
01.02.2019,2019,RIFK: ALLAH HER İŞTE ZERAFETİ SEVER,"Sabır, Tevekkül ve Manevi Olgunluk",,"Hutbe, rıfkın güler yüzlü, yumuşak huylu ve sabırlı olmak anlamına geldiğini, Peygamberimizin bütün ilişkilerinde bu zerafeti örnek gösterdiğini anlatır. Öfkeye yenik düşmemenin, affedici olmanın Allah'ın sevdiği bir erdem olduğu, şiddetin hiçbir referansının İslami olmadığı vurgulanır. Hutbe, öfke anında bile sabırlı olma ve Allah'ın rıfkı sevdiğini hatırlatan hadisle sona erer.",rıfk; yumuşak huyluluk; öfke kontrolü; affedicilik; şiddetten uzak durma; sabır
08.02.2019,2019,İBADET: KUL OLMA ŞUURU,İbadet ve Kulluk,"Ramazan, Oruç ve Bayramlar","Hutbe, ibadetin sadece namaz oruç gibi farzlarla sınırlı olmadığını, Allah rızası gözetilerek yapılan her iyi işin de birer ibadet sayıldığını anlatır. Namaz, oruç, hac, zekât gibi ibadetlerin insana kazandırdığı erdemler ve bunların insanı kötülüklerden koruyan işlevi vurgulanır. Sonunda müminler, kulluk şuurunu bir ömür boyu canlı tutmaya ve hayatlarını salih amellerle süslemeye çağrılır.",ibadet; kulluk şuuru; namaz; oruç; zekât ve sadaka; hac ve umre; kurban
15.02.2019,2019,HAYATI YAŞANILIR KILMANIN YOLU: DİN VE MANEVİYAT,"Sabır, Tevekkül ve Manevi Olgunluk","Ekonomik Hayat: Kazanç, Zekat ve İsraf; İman, Tevhid ve Ahiret","Hutbe, insanın maddi ihtiyaçları kadar manevi ihtiyaçlarının da olduğunu, günümüzde yalnızlaşma ve tüketim kültürü yüzünden manevi desteğe olan ihtiyacın arttığını anlatır. Dinin ve maneviyatın insana huzur, umut ve dayanıklılık kazandırdığı, din görevlilerinin bu konuda topluma rehberlik ettiği vurgulanır. Kapanışta İnşirah suresi hatırlatılarak zorlukla beraber kolaylığın da geldiği mesajı verilir.",maneviyat; manevi rehberlik; yalnızlaşma; aile bağlarının zayıflaması; tüketim kültürü; kalb-i selim
22.02.2019,2019,"YAŞLILARA HÜRMET, ÖMRÜMÜZE BEREKET","Aile, Çocuk ve Nesil","Toplumsal Dayanışma, Merhamet ve Kardeşlik","Hutbe, yaşlılığın bilgelik ve olgunluk dönemi olduğunu, yaşlılara saygı göstermenin hem dini hem toplumsal bir sorumluluk olduğunu anlatır. Anne babaya şefkatle davranmanın Allah rızasına vesile olacağı, onları ihmal etmenin ise büyük bir vefasızlık olduğu vurgulanır. Kapanışta gençlerin yaşlılara gösterdiği hürmetin kendilerine de bereket olarak döneceği hatırlatılır.",yaşlılara hürmet; anne baba hakkı; yaşlılık; aile bağları; kuşaklar arası saygı
01.03.2019,2019,BEREKET MEVSİMİ: ÜÇ AYLAR,"Ramazan, Oruç ve Bayramlar","Kandiller, Muharrem ve Mübarek Geceler; Toplumsal Dayanışma, Merhamet ve Kardeşlik","Hutbe, üç ayların rahmet ve mağfiret iklimi olduğunu, Regâib gecesiyle başlayıp Ramazan bayramıyla taçlandığını anlatır. Bu mübarek dönemde iyiliğin çoğaltılması, infak ve yardımlaşmanın önemi, organ bağışı gibi örneklerle vurgulanır. Kapanışta üç ayların insanlığın hidayetine ve barışına vesile olması niyaz edilir.",üç aylar; regaib gecesi; kandiller; infak; organ bağışı; ramazan hazırlığı
08.03.2019,2019,İYİLİK PAYLAŞTIKÇA ÇOĞALIR,"Ahlak, Erdem ve Söz",,"Hutbe, iyiliğin insanın gönlünü huzura kavuşturan ve içine sinen bir davranış olduğunu, kötülüğün ise huzursuzluk verdiğini anlatır. İyiliğin küçük büyük her hâliyle değerli olduğu, kötülüğe karşı sabır ve iyilikle mücadele edilmesi gerektiği, özellikle mazlum kadın ve çocuklara duyarlılık vurgulanır. Kapanışta Allah'ın iyilik için çalışanları hiçbir zaman yalnız bırakmayacağı hatırlatılır.",iyilik; kötülükle mücadele; infak; mazlum kadın ve çocuklar; merhamet; vicdan
15.03.2019,2019,ÇANAKKALE ZAFERİ VE BİRLİK RUHU,"Vatan, Millet ve Tarih",,"Hutbe, vatan ve şehitlik kavramlarını işleyerek Çanakkale Zaferi'ni milletin iman ve birlik ruhuyla kazandığı bir destan olarak anlatır. Ecdadın vatan uğruna gösterdiği fedakârlığın bugün de birlik ve beraberlik şuuruyla yaşatılması gerektiği vurgulanır. Kapanışta Yeni Zelanda'daki cami saldırısı kınanarak şehitlere rahmet, yaralılara şifa dilenir.",çanakkale zaferi; şehitlik; vatan sevgisi; birlik ruhu; yeni zelanda cami saldırısı
22.03.2019,2019,KUR’AN VE SÜNNET BİR BÜTÜNDÜR,Peygamberimiz ve Ashab,Kur'an-ı Kerim,"Hutbe, Kur'an ve sünnetin ayrılmaz bir bütün olduğunu, Peygamberimizin hayatının Kur'an'ı açıklayan en güzel örnek olduğunu anlatır. Sünneti hafife alan veya hadis külliyatını güvenilmez sayan yaklaşımların dine büyük bir zarar verdiği vurgulanır. Kapanışta cami inşaatlarına destek çağrısı yapılır.",kur'an ve sünnet; hadis; din istismarı; sünnetin önemi; cami yardımları
29.03.2019,2019,MİRAÇ GECESİ,İbadet ve Kulluk,"İslam Coğrafyası ve Küresel Meseleler; Kandiller, Muharrem ve Mübarek Geceler","Hutbe, Peygamberimizin en zor günlerinde yaşadığı İsrâ ve Miraç mucizesini, bu yolculuğun ümmete namaz, Bakara suresinin son ayetleri ve bağışlanma müjdesi gibi hediyeler bıraktığını anlatır. Mescid-i Aksa ve Kudüs'ün bugün maruz kaldığı zulme değinilerek Yeni Zelanda'daki cami saldırısı da hatırlatılır. Kapanışta Miraç gecesinin İslam âleminin birliğine vesile olması niyaz edilir.",miraç gecesi; israa; mescid-i aksa; kudüs; namaz; beş vakit namaz
05.04.2019,2019,MÜSLÜMAN HAYIRLI BİR KOMŞUDUR,"Toplumsal Dayanışma, Merhamet ve Kardeşlik",,"Hutbe, komşuluk ilişkilerinin İslam'da çok önemli bir yeri olduğunu, komşuya iyilik yapmanın mümin olmanın gereği sayıldığını anlatır. Günümüzde komşuluk bağlarının zayıflamasından, insanların birbirini tanımaz hale gelmesinden yakınılır. Kapanışta komşulara sıcak selam vermek ve onların dertleriyle ilgilenmek tavsiye edilir.",komşuluk; komşu hakkı; sosyal ilişkiler; selam; toplumsal dayanışma
12.04.2019,2019,İMANIN HAYATIMIZDAKİ YANSIMALARI,"İman, Tevhid ve Ahiret","Sabır, Tevekkül ve Manevi Olgunluk","Hutbe, imanın sadece bir söz değil, gönülde başlayıp bütün hayata yayılan bir güç olduğunu, peygamber kıssalarındaki sabır ve teslimiyet örnekleriyle anlatır. İmanın kişinin söz, davranış ve yüzüne yansıyarak bereket ve mutluluk getirdiği vurgulanır. Kapanışta iman edip salih amel işleyenlere Allah'ın güzel bir hayat vaat ettiği hatırlatılır.",iman; salih amel; peygamber kıssaları; sabır; teslimiyet; güzel ahlak
19.04.2019,2019,BERÂT GECESİ,"İman, Tevhid ve Ahiret","Kandiller, Muharrem ve Mübarek Geceler; Sabır, Tevekkül ve Manevi Olgunluk","Hutbe, zamanın Allah'ın en büyük nimetlerinden biri olduğunu ve Berât gecesinin af ile mağfiret için eşsiz bir fırsat sunduğunu anlatır. Bu gecede nefis muhasebesi yapmanın, tövbe etmenin ve Rabbe yönelmenin önemi vurgulanır. Kapanışta Berât gecesinin millete ve İslam âlemine hayır getirmesi niyaz edilir.",berat gecesi; tövbe; mağfiret; üç aylar; nefis muhasebesi
26.04.2019,2019,TİCARET HAYATININ BEREKETİ: İŞ AHLAKI,"Ekonomik Hayat: Kazanç, Zekat ve İsraf",,"Hutbe, ticaret hayatında iş ahlakının önemini, işveren ile işçi arasındaki ilişkinin bir kardeşlik bağı olarak görülmesi gerektiğini anlatır. İşverenin işçisinin haklarını gözetmesi, işçinin de emeğini dürüstçe ortaya koyması gerektiği vurgulanır. Kapanışta işçisinin hakkını vermeyenlerin kıyamette hesap vereceği hatırlatılır.",iş ahlakı; işçi işveren ilişkisi; helal kazanç; kul hakkı; ticaret
03.05.2019,2019,HOŞ GELDİN YA ŞEHR-İ RAMAZAN,İbadet ve Kulluk,"Ramazan, Oruç ve Bayramlar","Hutbe, Ramazan ayının rahmet, mağfiret ve Kur'an ayı olduğunu, bu ayın imanı ve ümmet bilincini pekiştiren müstesna bir zaman olduğunu anlatır. Camilerin Ramazan'daki merkezi rolüne değinilerek Çamlıca Camii'nin açılışına atıf yapılır. Kapanışta Ramazan'ın bereketinden istifade edip zekât ve sadakalarla ihtiyaç sahiplerinin gözetilmesi tavsiye edilir.",ramazan ayı; oruç; çamlıca camii; teravih; mukabele; cami
10.05.2019,2019,RAMAZAN VE İNFAK,"Ekonomik Hayat: Kazanç, Zekat ve İsraf","Toplumsal Dayanışma, Merhamet ve Kardeşlik","Hutbe, infakın Allah rızası için yapılan bir paylaşma eylemi olduğunu, insanın malına karşı dengeli bir tavır almasını sağladığını anlatır. Günümüzde dünyevileşme ve bencilliğin yaygınlaştığı, buna karşı infak ve yardımlaşma bilincinin şart olduğu vurgulanır. Kapanışta Diyanet'in o yılki Ramazan temasının Ramazan ve İnfak olarak belirlendiği duyurulur.",infak; zekât; sadaka; yardımlaşma; dünyevileşme; cömertlik
17.05.2019,2019,PEYGAMBERİMİZİN TARİFİYLE HAYIRLI MÜSLÜMAN,"Ahlak, Erdem ve Söz",,"Hutbe, hayırlı bir Müslümanın iman, ibadet ve güzel ahlakla tanımlandığını, Peygamberimizin hadislerinden yola çıkarak bir Müslümanın nasıl davranması gerektiğini anlatır. Doğruluk, emanete riayet, cömertlik ve şiddetten uzak durmanın hayırlı Müslüman olmanın gerekleri olduğu vurgulanır. Kapanışta Diyanet Vakfı'nın eğitim ve yardım faaliyetlerine destek çağrısı yapılır.",hayırlı müslüman; güzel ahlak; iman ve ibadet; doğruluk; diyanet vakfı yardımları
24.05.2019,2019,KARDEŞLİĞİMİZ ZEKÂT VE FITIR SADAKASIYLA BEREKETLENSİN,"Ramazan, Oruç ve Bayramlar","Toplumsal Dayanışma, Merhamet ve Kardeşlik; Ekonomik Hayat: Kazanç, Zekat ve İsraf","Hutbe, zekât ve fıtır sadakasının İslam'ın temel esaslarından olduğunu, zengin ile fakir arasında kardeşlik ve dayanışma bağı kurduğunu anlatır. Zekâtı ihmal etmenin büyük bir vebal olduğu, fıtır sadakasının ise bayram öncesi ihtiyaç sahiplerine ulaştırılması gerektiği vurgulanır. Kapanışta Diyanet'in Kardeşliğimiz Zekâtla Bereketlensin kampanyasına katılım çağrısı yapılır.",zekât; fıtır sadakası; kardeşlik; yardımlaşma; diyanet kampanyası; bayram
04.06.2019,2019,RAMAZAN BAYRAMI,"Ramazan, Oruç ve Bayramlar","Toplumsal Dayanışma, Merhamet ve Kardeşlik","Hutbe, Ramazan ayını geride bırakmanın hüznü ile bayrama kavuşmanın sevincini bir arada anlatır. Bayramın küskünlüklere son verme, akraba ve komşuları ziyaret etme, yetim ve muhtaçları sevindirme zamanı olduğu vurgulanır. Kapanışta Ramazan'da kazanılan manevi kazanımların yıl boyu sürdürülmesi ve bayramın birlik, beraberlik ve kardeşliğe vesile olması niyaz edilir.",ramazan bayramı; bayramlaşma; sıla-i rahim; kardeşlik; küskünlüklerin bitirilmesi
07.06.2019,2019,"AİLE OLMAK, AİLE KALMAK","Aile, Çocuk ve Nesil","Toplumsal Dayanışma, Merhamet ve Kardeşlik","Hutbe, aile kurmanın fıtrata uygun ve Peygamberimizin sünneti olduğunu, aile olmanın sadece aynı çatı altında yaşamak değil ortak bir duygu ve ideal birlikteliği olduğunu anlatır. Aileyi korumanın hoşgörü, sabır ve karşılıklı hak gözetmekle mümkün olduğu vurgulanır. Kapanışta ailenin Allah'ın bir emaneti olduğu ve bundan hesaba çekileceğimiz hatırlatılır.",aile; evlilik; nikah; aile içi sevgi; engelliler haftası; karşılıklı haklar
14.06.2019,2019,"CAMİLER ÇOCUK DOLSUN, AHLAKI KUR’AN OLSUN","Eğitim, Teknoloji, Çevre ve Toplumsal Değişim","Kur'an-ı Kerim; Ahlak, Erdem ve Söz","Hutbe, çocukların fıtratının saf ve temiz olduğunu, anne babanın bu fıtratı koruyup Kur'an ve güzel ahlakla beslemekle yükümlü olduğunu anlatır. Yaz Kur'an kurslarının çocuklara iman, ibadet ve ahlak kazandırma fırsatı sunduğu, teknoloji bağımlılığına karşı da bir alternatif olduğu vurgulanır. Kapanışta ailelerin çocuklarını Camiler Çocuk Dolsun Ahlakı Kur'an Olsun sloganıyla başlayan kurslara yönlendirmesi istenir.",yaz kur'an kursları; çocuk eğitimi; güzel ahlak; teknoloji bağımlılığı; fıtrat
21.06.2019,2019,ALLAH’A İMAN,"İman, Tevhid ve Ahiret",,"Hutbe, Allah'a imanın İslam'ın temel şartı olduğunu, tevhid inancının müminin bütün hayatına yön verdiğini anlatır. Allah'a iman eden insanın merhametli, adaletli, istikrarlı ve vatanına bağlı olacağı vurgulanır. Kapanışta Hz. İbrahim'in Kur'an'daki duasıyla Allah'a olan bağlılık dile getirilir.",allah'a iman; tevhid; ihlas suresi; iman esasları; kulluk bilinci
28.06.2019,2019,BİR MUKADDES YOLCULUK: HAC,İbadet ve Kulluk,"Ramazan, Oruç ve Bayramlar; Peygamberimiz ve Ashab","Hutbe, haccın İslam'ın beş temel esasından biri olduğunu, Kâbe'yi ziyaret eden müminlerin dünyanın dört bir yanından gelerek din kardeşliğini yaşadığını anlatır. Hac menasikinin (ihram, tavaf, Arafat, Müzdelife, Mina, şeytan taşlama) sembolik anlamları detaylandırılır. Kapanışta hacca gidecek olan cemaatin haclarının kabul olması niyaz edilir.",hac; kâbe; arafat; tavaf; telbiye; kurban; hz. ibrahim
05.07.2019,2019,"NESLİN KORUNMASI: ERDEMLİ BİR NESİL, HUZURLU BİR GELECEK","Aile, Çocuk ve Nesil",,"Hutbe, insanın kadın ve erkek olarak yaratılmasının Allah'ın takdiri olduğunu, neslin korunmasının can ve mal güvenliği kadar önemli olduğunu anlatır. Aile kurumunun toplumun temel taşı olduğu, evlilik dışı birliktelikler ile cinsiyetin sorgulanmasının fıtrata aykırı olduğu vurgulanır. Kapanışta çocukların sapkın anlayışlara karşı bilinçlendirilmesi gerektiği hatırlatılır.",neslin korunması; aile kurumu; nikah; cinsiyet; iffet; hz. lut kıssası
12.07.2019,2019,"15 TEMMUZ’U ANMAK, İHANETİ ANLAMAK","Vatan, Millet ve Tarih",,"Hutbe, 15 Temmuz darbe girişiminin din kisvesine bürünmüş FETÖ tarafından yapılan bir ihanet olduğunu, milletin iman ve birlik ruhuyla bu tuzağı bozduğunu anlatır. Dini istismar eden yapıların gerçek İslam'la bağdaşmadığı, aklın ve iradenin başkasına teslim edilmemesi gerektiği vurgulanır. Kapanışta şehit ve gazilere minnet ve şükran ifade edilir.",15 temmuz; fetö; din istismarı; vatan savunması; milli birlik; ihanet
19.07.2019,2019,CUMA NAMAZI VE ADABI,İbadet ve Kulluk,,"Hutbe, Cuma gününün haftanın en hayırlı ve bereketli günü olduğunu, Cuma namazının farz kılındığını ve hutbenin de namazın bir parçası olduğunu anlatır. Cuma namazına hazırlık adabı, hutbe dinlerken sessiz ve saygılı olmanın önemi vurgulanır. Kapanışta duaların kabul olduğu icabet vaktinde Allah'a yönelme çağrısı yapılır.",cuma namazı; cuma hutbesi; namaz adabı; hutbe dinleme adabı; icabet vakti
26.07.2019,2019,BEDEN MAHREMİYETİ VE TESETTÜR,"Ahlak, Erdem ve Söz","Eğitim, Teknoloji, Çevre ve Toplumsal Değişim","Hutbe, bedenin Allah'ın bir emaneti olduğunu, örtünmenin dini bir yükümlülük olmasının yanı sıra hayâ ve öz saygının da bir göstergesi olduğunu anlatır. Hem erkeğin hem kadının mahremiyetine saygı göstermesi, bakışları haramdan sakınması gerektiği vurgulanır. Kapanışta çocuklara küçük yaştan itibaren mahremiyet bilinci aşılanması tavsiye edilir.",tesettür; mahremiyet; hayâ; iffet; bakışların korunması
02.08.2019,2019,RABBİN İÇİN KURBAN KES,"Ramazan, Oruç ve Bayramlar",,"Hutbe, kurban ibadetinin Allah'a yakınlaşma ve teslimiyetin bir göstergesi olduğunu, Hz. İbrahim ile Hz. İsmail'in bu ibadetteki örnekliğini anlatır. Kurbanın etinden çok kesenin takvasının Allah katında değerli olduğu, kurban etinin paylaşılmasının kardeşlik bağlarını güçlendirdiği vurgulanır. Kapanışta Diyanet'in vekâleten kurban kesim kampanyasına katılım çağrısı yapılır.",kurban; kurban bayramı hazırlığı; hz. ibrahim ve hz. ismail; vekaleten kurban; takva; paylaşma
09.08.2019,2019,MÜMİN: HUZURLU TOPLUMUN TEMİNATI,"Toplumsal Dayanışma, Merhamet ve Kardeşlik","Ahlak, Erdem ve Söz","Hutbe, huzurlu bir toplumun adalet, güven, doğruluk ve iyi niyet üzerine kurulduğunu, sû-i zan ve gıybetin toplumsal bağları zedelediğini anlatır. Doğrulanmamış haberleri yaymanın yalan ve iftiraya alet olmak anlamına geldiği, sosyal medyada paylaşılan asılsız bilgilere itibar edilmemesi gerektiği vurgulanır. Kapanışta bayram trafiğinde dikkatli olma uyarısı yapılır.",sû-i zan; gıybet; toplumsal güven; adalet; asılsız haberler; kardeşlik
11.08.2019,2019,KURBAN BAYRAMI,"Ramazan, Oruç ve Bayramlar",,"Hutbe, Kurban Bayramı'nın Allah'a kulluğun ve şükrün ifade edildiği mübarek bir gün olduğunu, Peygamberimizin bayram namazı ve kurban kesme sünnetini anlatır. Kurban etinin temiz şekilde kesilip paylaşılması, hijyen kurallarına dikkat edilmesi gerektiği vurgulanır. Kapanışta bayramın affetme, kucaklaşma ve akraba ziyaretleriyle geçirilmesi tavsiye edilir.",kurban bayramı; bayram namazı; kurban kesimi; sıla-i rahim; teşrik tekbirleri
16.08.2019,2019,GÜVENLİ BİR HAYAT İÇİN AFETLERE HAZIR OLALIM,"Afet, Kriz ve Sağlık","Sabır, Tevekkül ve Manevi Olgunluk","Hutbe, doğal afetlerin insan kaynaklı hataların da bir sonucu olabileceğini, Müslümanın hem kadere hem de sebep-sonuç ilişkisine inanarak tedbir alması gerektiğini anlatır. Deprem ve sel riskine karşı bilinçli olmanın, AFAD gibi kurumlardan bilgi almanın önemi vurgulanır. Kapanışta Marmara depreminin yıl dönümünde hayatını kaybedenlere rahmet dilenir.",doğal afetler; deprem; afad; tedbir alma; tevekkül; marmara depremi
23.08.2019,2019,FAİZİN TOPLUMSAL ZARARLARI,"Ekonomik Hayat: Kazanç, Zekat ve İsraf",,"Hutbe, faizin haksız ve emeksiz bir kazanç yolu olduğunu, Peygamberimizin Veda Hutbesi'nde faizi kesin olarak yasakladığını anlatır. Faizin bireysel iflaslara, aile parçalanmalarına ve toplumsal eşitsizliğe yol açtığı, ticaret ile faizin birbirinden tamamen farklı olduğu vurgulanır. Kapanışta müminlerin faizli işlemlerden tövbe edip vazgeçmesi çağrısı yapılır.",faiz; veda hutbesi; helal kazanç; toplumsal eşitsizlik; haram kazanç
30.08.2019,2019,VATAN BİZE EMANETTİR,"Vatan, Millet ve Tarih",,"Hutbe, vatanın bir toprak parçasından öte, şehitlerin emaneti olan mukaddes bir değer olduğunu anlatır. Malazgirt'ten Büyük Taarruz'a kadar kazanılan zaferlerin Allah'ın yardımı ve milletin birlik ruhuyla mümkün olduğu vurgulanır. Kapanışta milletin birlik ve beraberliğini bozmak isteyenlere fırsat verilmemesi çağrısı yapılır.",vatan sevgisi; cihad; malazgirt; büyük taarruz; milli birlik; zafer
06.09.2019,2019,MUHARREM AYI VE ÂŞÛRÂ GÜNÜ,"Kandiller, Muharrem ve Mübarek Geceler",,"Hutbe, Muharrem ayının hem âşûrâ günüyle birlik ve paylaşmayı simgelediğini hem de Kerbelâ hadisesinin yaşandığı acı bir ay olduğunu anlatır. Hz. Hüseyin'in zulme karşı duruşunun hak ve adalet mücadelesinin bir örneği olduğu, bu hadiseden kardeşlik ve birlik dersleri çıkarılması gerektiği vurgulanır. Kapanışta yeni eğitim öğretim yılına hayırlı bir başlangıç dilenir.",muharrem ayı; aşure; kerbela; hz. hüseyin; birlik ve dirlik; eğitim öğretim yılı
13.09.2019,2019,HER CAN DOKUNULMAZDIR,"Aile, Çocuk ve Nesil",,"Hutbe, İslam'da her insanın canının din, dil, ırk ayrımı olmaksızın dokunulmaz olduğunu, cana kıymanın büyük bir zulüm sayıldığını anlatır. Kürtaj, namus cinayetleri, kan davası ve intihar gibi konularda hayatın kutsallığına vurgu yapılır. Kapanışta öfke anında kendine hâkim olabilmenin gerçek güç olduğu hatırlatılır.",can dokunulmazlığı; şiddet; namus cinayetleri; kürtaj; intihar; merhamet
20.09.2019,2019,TEVAZU İNSANI YÜCELTİR,"Ahlak, Erdem ve Söz",,"Hutbe, tevazuun Allah katında insanı yücelten bir erdem olduğunu, Peygamberimizin sade yaşayışının en güzel örnek olduğunu anlatır. Kibrin hakikati inkâr etmek ve insanları küçümsemek anlamına geldiği, mütevazı olmanın aşırıya kaçmadan onur ve haysiyeti de koruması gerektiği vurgulanır. Kapanışta kibirden ve gururdan sakınma çağrısı yapılır.",tevazu; kibir; alçakgönüllülük; güzel ahlak; haysiyet
27.09.2019,2019,CAMİ VE HAYAT,İbadet ve Kulluk,,"Hutbe, camilerin İslam medeniyetinin merkezi olduğunu, Peygamberimizin Mescid-i Nebevî'yi inşa ederek cami merkezli bir hayat modeli kurduğunu anlatır. Camilerin sadece ibadet değil, kardeşliği pekiştiren ve toplumsal hayatı canlandıran mekanlar olduğu, günümüzde bu merkezi konumunu kaybettiği vurgulanır. Kapanışta Camiler ve Din Görevlileri Haftası dolayısıyla camilerin yeniden hayatın merkezine alınması çağrısı yapılır.",cami; mescid-i nebevi; din görevlileri haftası; toplumsal hayat; cemaat
04.10.2019,2019,DÜNYA EVİMİZ BİZE EMANETTİR,"Ekonomik Hayat: Kazanç, Zekat ve İsraf","Eğitim, Teknoloji, Çevre ve Toplumsal Değişim","Hutbe, dünyadaki tüm varlıkların Allah'ın bir emaneti olduğunu, insanın yeryüzünün sahibi değil koruyucusu olarak halife kılındığını anlatır. Ormanların yakılması, gıda israfı ve çevre kirliliği gibi insan kaynaklı tahribata dikkat çekilir. Kapanışta Camiler ve Din Görevlileri Haftası kapsamında fidan dikimi etkinliğine davet yapılır.",çevre bilinci; israf; halifelik; doğanın korunması; fidan dikimi; gıda israfı
11.10.2019,2019,GÜN BİRLİK VE DAYANIŞMA GÜNÜDÜR,"Vatan, Millet ve Tarih","Toplumsal Dayanışma, Merhamet ve Kardeşlik","Hutbe, milletin tarih boyunca birçok badireden Allah'a olan imanı ve birlik ruhuyla geçtiğini, vatan ve bağımsızlığa yönelik saldırılara asla rıza gösterilmediğini anlatır. Terör ve fitne hareketlerinin milleti bölmeye çalıştığı, buna karşı kardeşlik bağlarının güçlendirilmesi gerektiği vurgulanır. Kapanışta askerler için yardım ve zafer duası edilir.",milli birlik; terörle mücadele; vatan savunması; cihad; asker duası
18.10.2019,2019,KUL VE KAMU HAKKI,"Toplumsal Dayanışma, Merhamet ve Kardeşlik",,"Hutbe, İslam'ın hak ve hukuk dini olduğunu, kul hakkının ve kamu hakkının ihlalinin büyük bir vebal taşıdığını anlatır. Müflis kıssasıyla ahirette gerçek iflasın maddi değil kul hakkı ihlalinden kaynaklandığı gösterilir. Kapanışta kamu görevinin ağır bir emanet olduğu ve hakkaniyetin dünyada huzura vesile olacağı hatırlatılır.",kul hakkı; kamu hakkı; adalet; emanete riayet; müflis kıssası; haksız kazanç
25.10.2019,2019,DUALARIMIZ MEHMETÇİĞİMİZ İÇİN,"Vatan, Millet ve Tarih",,"Hutbe, edebi ve duygusal bir üslupla Mehmetçiğin vatan sevgisini ve Barış Pınarı Harekâtı'ndaki fedakârlığını anlatır. Askerin cephede insanlık ve barış için mücadele ettiği, iman ve vatan aşkının bu mücadelenin temeli olduğu vurgulanır. Kapanışta Mehmetçik ve orduya zafer ve esenlik dileyen uzun bir dua yer alır.",mehmetçik; barış pınarı harekatı; asker duası; vatan sevgisi; cihad
01.11.2019,2019,DÜNYEVİLEŞMEK: GEÇİCİ OLANA GÖNÜL VERMEK,"Sabır, Tevekkül ve Manevi Olgunluk","İman, Tevhid ve Ahiret; Eğitim, Teknoloji, Çevre ve Toplumsal Değişim","Hutbe, dünyevileşmenin insanın Allah'ı ve ahireti unutarak dünya hırsına kapılması olduğunu, bilinçsiz tüketimin insani değerleri aşındırdığını anlatır. Peygamberimizin ashabını dünya nimetlerine karşı uyardığı örnek verilerek dünya-ahiret dengesinin korunması gerektiği vurgulanır. Kapanışta sade ve gösterişsiz bir hayat sürme çağrısı yapılır.",dünyevileşmek; bilinçsiz tüketim; israf; dünya ahiret dengesi; materyalizm
08.11.2019,2019,MEVLİD-İ NEBİ,Peygamberimiz ve Ashab,"Toplumsal Dayanışma, Merhamet ve Kardeşlik","Hutbe, Mevlid-i Nebi vesilesiyle Peygamberimizin insanlığa merhamet, adalet ve güzel ahlak konusunda eşsiz bir örnek olduğunu anlatır. Onun mütevazı yaşayışı ve insanlar arasında eşitlik ilkesi vurgulanarak sünnetinin hayatın her alanında rehber alınması gerektiği belirtilir. Kapanışta o yılki Mevlid-i Nebi Haftası temasının Peygamberimiz ve Aile olduğu duyurulur.",mevlid-i nebi; peygamber sevgisi; güzel ahlak; örnek şahsiyet; eşitlik
15.11.2019,2019,PEYGAMBERİMİZ VE AİLE,"Aile, Çocuk ve Nesil","Peygamberimiz ve Ashab; Toplumsal Dayanışma, Merhamet ve Kardeşlik","Hutbe, Peygamberimizin aile hayatını güven, istişare, şefkat ve sevgi üzerine kurduğunu, Hz. Hatice ile olan ilişkisinin bir vefa örneği olduğunu anlatır. Ailede istişarenin sorunları şiddetsiz çözmeyi sağladığı, eşler ve çocuklara karşı merhametli davranmanın önemi vurgulanır. Kapanışta huzurlu bir aile için Kur'an'daki dua ile Allah'a yakarılır.",peygamberimiz ve aile; hz. hatice; istişare; aile içi şefkat; aile huzuru
22.11.2019,2019,MUSİBETLER KARŞISINDA MÜMİNİN TAVRI,"Sabır, Tevekkül ve Manevi Olgunluk",,"Hutbe, dünyanın bir imtihan yeri olduğunu, Peygamberimizin hayatındaki büyük kayıplara rağmen sabır ve merhametten ayrılmadığını anlatır. Musibetler karşısında isyan yerine sabır göstermenin, zorlukları şiddete değil çözüme dönüştürmenin önemi vurgulanır; kadına şiddetin hiçbir mazeretinin olamayacağı özellikle belirtilir. Kapanışta musibet anında edilecek dua ile hutbe tamamlanır.",sabır; musibet; kadına şiddet; imtihan; tevekkül; merhamet
29.11.2019,2019,DİNİN ÖZÜ SAMİMİYETTİR,"Ahlak, Erdem ve Söz",,"Hutbe, dinin özünün samimiyet olduğunu, söz ve davranışların Allah katında değer kazanmasının ihlasa bağlı bulunduğunu anlatır. Samimiyetin Allah'a, Kitab'a, Peygambere, yöneticilere ve tüm Müslümanlara karşı gösterilmesi gerektiği, riya ve gösterişin samimiyeti gölgelediği vurgulanır. Kapanışta ihlaslı bir hayat için Peygamberimizin duası okunur.",samimiyet; ihlas; riya; din nasihattir; dürüstlük
06.12.2019,2019,BATIL İNANÇ VE HURAFELER,"Sabır, Tevekkül ve Manevi Olgunluk","Eğitim, Teknoloji, Çevre ve Toplumsal Değişim; İman, Tevhid ve Ahiret","Hutbe, İslam'ın batıl inanç ve hurafeleri kesinlikle reddettiğini, falcılık, büyücülük ve medyumluğun dinin özüne aykırı olduğunu anlatır. Gaybın bilgisinin yalnızca Allah'a ait olduğu, umut tacirlerine kanmadan sebeplere sarılıp Allah'a tevekkül edilmesi gerektiği vurgulanır. Kapanışta huzurlu bir hayat için helal yoldan çalışma ve dua etme çağrısı yapılır.",batıl inanç; hurafe; falcılık; büyü; tevekkül; gayb bilgisi
13.12.2019,2019,NAMAZ: RABBİMİZE YAKIN OLMA ÇABAMIZ,İbadet ve Kulluk,,"Hutbe, Peygamberimizin evinin önünden akan bir nehirde günde beş kez yıkanma benzetmesiyle namazın günahları temizleyen etkisini anlatır. Namazın İslam'ın beş temel şartından biri ve mümin ile Rabbi arasındaki en köklü bağ olduğu vurgulanır. Vaktinde ve huşû ile kılınan namazın kişiyi kötülüklerden alıkoyup cennete vesile olacağı hatırlatılarak hutbe tamamlanır.",namaz; huşu; abdest; beş vakit; ibadet; Allah'a yakınlık
20.12.2019,2019,TAKVA: EN HAYIRLI AZIĞIMIZ,"Ahlak, Erdem ve Söz","Sabır, Tevekkül ve Manevi Olgunluk","Hutbe, Peygamberimizin Muâz b. Cebel'i Yemen'e gönderirken yaptığı nasihatler üzerinden takva kavramını işler. Nerede olursa olsun Allah'tan korkmanın, kötülüğün ardından iyilik yapmanın ve insanlara güzel ahlakla davranmanın mümince bir tutum olduğu anlatılır. Takvanın ahiret için en hayırlı azık olduğu vurgulanarak hutbe sona erer.",takva; Muâz b. Cebel; güzel ahlak; kötülükten sakınma; azık; nasihat
27.12.2019,2019,TEFEKKÜR İLE BİR ÖMÜR GEÇİRMEK,"İman, Tevhid ve Ahiret","Sabır, Tevekkül ve Manevi Olgunluk","Hutbe, dünya hayatının bir oyun ve eğlenceden ibaret olduğunu, asıl hayatın ahiret yurdunda olduğunu bildiren ayet ve hadisle başlar. Ömrün sayılı günlerden ibaret olduğu, insanın bu dünyada bir yolcu gibi yaşaması gerektiği tefekkürle birlikte ele alınır. Ömrün kıymetinin bilinip her günün iyilik ve tefekkürle geçirilmesi öğütlenerek hutbe tamamlanır.",tefekkür; ömür; ahiret; dünya hayatı; yolcu bilinci; zamanın kıymeti
03.01.2020,2020,"İNSAN, İMAN VE HAYAT","Ekonomik Hayat: Kazanç, Zekat ve İsraf","İman, Tevhid ve Ahiret; Sabır, Tevekkül ve Manevi Olgunluk","Hutbe, insanın en güzel biçimde yaratıldığını ancak iman ve salih amel olmadan alçalacağını bildiren ayetlerle insan-iman ilişkisini işler. İmanın tadını almanın Allah'ı Rab, İslam'ı din, Muhammed'i peygamber olarak benimsemekle mümkün olduğu anlatılır. Hutbe, bir yardım kampanyasına (YARDIM yazıp 5601'e SMS) destek çağrısıyla sona erer.",iman; insanın yaratılışı; salih amel; yardım kampanyası; infak; kulluk bilinci
10.01.2020,2020,PEYGAMBERİMİZİN DİLİNDEN DUALAR,"Sabır, Tevekkül ve Manevi Olgunluk",İbadet ve Kulluk,"Hutbe, dua kavramını hayatın her anında Allah'a sığınma ve tevekkül aracı olarak tanıtır. Peygamberimizin sıkıntı, hidayet, afiyet ve gönül zenginliği için öğrettiği çeşitli dualar sıralanır. Hutbe, Peygamberimizin hidayet, takva, iffet ve gönül zenginliği dilediği bir dua ile bitirilir.",dua; tevekkül; hidayet; takva; Peygamberin duaları; sabır
17.01.2020,2020,TEKNOLOJİ BAĞIMLILIĞI VE SOSYAL MEDYA AHLAKI,"Eğitim, Teknoloji, Çevre ve Toplumsal Değişim","Aile, Çocuk ve Nesil; Toplumsal Dayanışma, Merhamet ve Kardeşlik","Hutbe, İslam'ın can, mal, akıl, ırz ve inancı koruma gayesinin teknoloji ve sosyal medya kullanımında da geçerli olduğunu anlatır. Teknoloji bağımlılığının ve sosyal medyadaki ahlaki savrulmaların aile ve gençlik üzerindeki olumsuz etkilerine dikkat çekilir. Ailelerin çocuklarını bilinçli teknoloji kullanımı ve cami çevresinde yetiştirmeye davet edilmesiyle hutbe sona erer.",teknoloji bağımlılığı; sosyal medya ahlakı; gençlik; aile; internet; dijital güvenlik
24.01.2020,2020,SORUMLULUK SAHİBİ BİR BABA OLABİLMEK,"Toplumsal Dayanışma, Merhamet ve Kardeşlik","Aile, Çocuk ve Nesil","Hutbe, ailenin güven ve dayanak kaynağı olduğunu, çocuğun karakterinin aile ocağında şekillendiğini anlatarak babalık sorumluluğuna odaklanır. Kur'an'daki peygamber kıssalarından örneklerle babanın çocuğuna iman, ahlak ve şefkatle rehberlik etmesi gerektiği vurgulanır. Babaların çocuklarını sevgi, ilgi ve duadan mahrum bırakmaması öğütlenerek hutbe tamamlanır.",babalık; aile; çocuk terbiyesi; sorumluluk; ahlak eğitimi; şefkat
31.01.2020,2020,AFETLERE KARŞI BİLİNÇLİ OLALIM,"Afet, Kriz ve Sağlık","Toplumsal Dayanışma, Merhamet ve Kardeşlik","Hutbe, ülkede yaşanan büyük bir depremin ardından afet gerçeğiyle yeniden yüzleşilmesi vesilesiyle afetlere karşı bilinçli olma çağrısı yapar. Depremde hayatını kaybedenlere rahmet, yaralılara şifa dilenir ve milletin dayanışmasına vurgu yapılır. Hutbe, kardeşine yardım eden kişiye Allah'ın da yardımcı olacağını bildiren hadisle bitirilir.",deprem; afet bilinci; dayanışma; sabır; yardımlaşma; rahmet duası
07.02.2020,2020,KUDÜS İSLAM YURDUDUR,İslam Coğrafyası ve Küresel Meseleler,"Afet, Kriz ve Sağlık","Hutbe, Hz. Meymûne ile Peygamberimiz arasındaki bir diyalog üzerinden Kudüs ve Mescid-i Aksâ'nın İslam'daki önemini anlatır. Kudüs'ün mahşer ve diriliş yeri olarak kutsallığına, oradaki namazın faziletine değinilir. Hutbe, aynı hafta yaşanan bir maden faciasında hayatını kaybedenlere rahmet ve yaralılara şifa dilekleriyle tamamlanır.",Kudüs; Mescid-i Aksa; kutsal mekanlar; maden kazası; şehit; rahmet
14.02.2020,2020,ALLAH İLE KUL ARASINDAKİ BAĞ,"İman, Tevhid ve Ahiret",,"Hutbe, kulun kendini Allah'a teslim etmesinin en sağlam kulpa tutunmak olduğunu bildiren ayetle Allah-kul bağını işler. Allah'a kavuşmayı arzu edenin Allah tarafından da arzu edileceği hadisiyle bu bağın karşılıklı sevgi temelli olduğu anlatılır. Bu bağdan uzaklaşanların dünya ve ahirette büyük bir azaba uğrayacağı hatırlatılarak hutbe sona erer.",Allah-kul ilişkisi; teslimiyet; kulluk bilinci; tevekkül; iman; ahiret azabı
21.02.2020,2020,ÜÇ AYLARIN MANEVİ İKLİMİNE YAKLAŞIRKEN,"Kandiller, Muharrem ve Mübarek Geceler","Ramazan, Oruç ve Bayramlar","Hutbe, Recep ve Şaban aylarının başlamasıyla üç ayların manevi ikliminin yaklaştığını, bu dönemde af ve mağfiret için dua etmenin önemini anlatır. Allah'ın affediciliğine sığınan ayet ve dualarla üç ayların bereketine dikkat çekilir. Recep ve Regaib gecesinin ümmete hayır getirmesi ve Ramazan'a ulaşma temennisiyle hutbe tamamlanır.",üç aylar; Recep; Regaib gecesi; mağfiret; dua; Ramazan'a hazırlık
28.02.2020,2020,"HAK UĞRUNDA MÜCADELEMİZ, BİRLİK VE BERABERLİK RUHUMUZ","Vatan, Millet ve Tarih",,"Hutbe, Allah'a verdikleri sözde sadık kalan müminleri öven ayetle milletin hak uğrundaki mücadelesini ve birlik ruhunu işler. Sınır ötesinde şehit olan askerlere değinilerek milletin birlik ve beraberlik içinde mücadeleye devam etmesi gerektiği vurgulanır. Hutbe, birlik, sabır ve zafer dileyen bir dua ile sona erer.",şehitlik; birlik ve beraberlik; vatan mücadelesi; sınır ötesi operasyon; sabır; dua
06.03.2020,2020,"ALLAH TEMİZDİR, TEMİZLİĞİ SEVER",İbadet ve Kulluk,"Peygamberimiz ve Ashab; Vatan, Millet ve Tarih","Hutbe, Peygamberimize ilk vahyin gelişi ve Hz. Hatice'nin ona destek olması kıssasıyla başlayarak temizliğin dindeki yerini anlatır. Allah'ın temiz olanı ve temizlenenleri sevdiği vurgulanarak maddi-manevi temizliğin önemine değinilir. Hutbe, sınır ötesindeki askerlere zafer dileyen bir dua ile tamamlanır.",temizlik; ilk vahiy; Hz. Hatice; manevi arınma; hijyen; asker duası
13.03.2020,2020,TEDBİR MÜMİN’DEN TAKDİR ALLAH’TANDIR,"Afet, Kriz ve Sağlık","Sabır, Tevekkül ve Manevi Olgunluk","Hutbe, hastalığın dünya imtihanlarından biri olduğunu ve Allah'ın indirdiği her derde şifa da verdiğini bildiren hadisle başlayarak yeni ortaya çıkan Koronavirüs salgınını ele alır. Tedbirin müminden, takdirin ise Allah'tan olduğu, salgınla mücadelede panik yapmadan akıl ve bilgiyle hareket edilmesi gerektiği anlatılır. Hutbe, tedbir ve tevekkülü bir arada tutma çağrısıyla sona erer.",koronavirüs; salgın hastalık; tedbir; tevekkül; şifa; panik yapmama
27.03.2020,2020,ZORLUKLAR KARŞISINDA MÜMİN,"Afet, Kriz ve Sağlık","Sabır, Tevekkül ve Manevi Olgunluk","Hutbe, dünyanın çaresiz kaldığı bir salgın hastalıkla mücadele edilen zor bir dönemde vefat edenlere rahmet, hastalara şifa dileyerek başlar. Zorluklar karşısında müminleri ayakta tutan sabır, dua ve Allah'a tevekkülün önemi anlatılır. Salgından bir an önce kurtuluş dileğiyle hutbe tamamlanır.",salgın hastalık; sabır; tevekkül; zorluklarla mücadele; dua; şifa
03.04.2020,2020,BERAT GECESİ: AF VE ARINMA VESİLESİ,"Kandiller, Muharrem ve Mübarek Geceler","İbadet ve Kulluk; İman, Tevhid ve Ahiret","Hutbe, Allah'ın günahta haddi aşan kullarını dahi affedeceğini bildiren ayetle Berat Gecesi'nin af ve arınma vesilesi olduğunu anlatır. Şaban ayının on beşinci gecesinin ibadetle ihya edilmesi gerektiği hadisle desteklenir. Hutbe, salgın hastalardan şifa dileyen bir dua ile tamamlanır.",berat gecesi; af ve mağfiret; şaban ayı; ibadet; tövbe; dua
10.04.2020,2020,"İNSAN, SORUMLULUK SAHİBİDİR","Sabır, Tevekkül ve Manevi Olgunluk","İbadet ve Kulluk; İman, Tevhid ve Ahiret","Hutbe, insanın akıl ve irade ile donatılarak sorumluluk sahibi kılındığını, başıboş bırakılmadığını bildiren ayetle insanın sorumluluk bilincini işler. Nimetlerin karşılığında sorumluluğun da geldiği, her davranışın hesabının verileceği anlatılır. Hutbe, gücün yetmediği yükün yüklenmemesi için yapılan bir dua ile sona erer.",sorumluluk bilinci; akıl ve irade; hesap günü; nimet; kulluk; dua
17.04.2020,2020,AİLE: HUZUR VE GÜVEN KAYNAĞI,"Ramazan, Oruç ve Bayramlar","Sabır, Tevekkül ve Manevi Olgunluk; Peygamberimiz ve Ashab","Hutbe, Hz. Âdem ve Hz. Havva'nın ilk aileyi oluşturmasından yola çıkarak ailenin insan için huzur ve güven kaynağı olduğunu anlatır. Ramazan ayının başlangıcına da değinilerek oruç ve sorumluluk bilinci ailenin manevi atmosferiyle ilişkilendirilir. Hutbe, “Allah indinde din İslam’dır” ayetinin tekrarıyla tamamlanır.",aile; huzur ve güven; Ramazan; oruç; Hz. Âdem ve Havva; sorumluluk bilinci
01.05.2020,2020,RAMAZAN VE SORUMLULUK BİLİNCİ,"Sabır, Tevekkül ve Manevi Olgunluk","Ramazan, Oruç ve Bayramlar","Hutbe, Ramazan ayında rükû, secde ve ibadetle kurtuluşa erilebileceğini bildiren ayetle Ramazan'ın sorumluluk bilincini artırdığını anlatır. Akıllı insanın kendini hesaba çeken ve ahiret için çalışan kişi olduğu hadisle vurgulanır. Ramazan'ın salih amellerle değerlendirilmesi öğütlenerek hutbe sona erer.",Ramazan; sorumluluk bilinci; salih amel; hesaba çekme; ibadet; kurtuluş
08.05.2020,2020,"RAMAZAN: İNFAK, YARDIMLAŞMA VE PAYLAŞMA AYI","Toplumsal Dayanışma, Merhamet ve Kardeşlik","Ekonomik Hayat: Kazanç, Zekat ve İsraf","Hutbe, İslam'ın toplumda huzur için yardımlaşma ve paylaşmayı emrettiğini, cimriliği yasakladığını anlatarak Ramazan'ı infak ayı olarak tanıtır. Rızkın insanlar arasında derece derece paylaştırıldığını bildiren ayetle infakın toplumsal dayanışmadaki rolü işlenir. Hutbe, ölüm gelmeden infak etme çağrısı yapan bir ayetle tamamlanır.",infak; Ramazan; yardımlaşma; paylaşma; zekât; dayanışma
15.05.2020,2020,KUR’AN’LA YAŞAMAK,"Kandiller, Muharrem ve Mübarek Geceler","Ramazan, Oruç ve Bayramlar; Kur'an-ı Kerim","Hutbe, Kur'an'ın Kadir Gecesi'nde indirildiğini ve bu gecenin bin aydan hayırlı olduğunu bildiren ayetlerle Kur'an'la yaşamanın önemini anlatır. Kadir gecesini inanarak ihya edenlerin günahlarının bağışlanacağı müjdesi verilir. Hutbe, salgından kurtuluş dileğiyle sona erer.",Kadir gecesi; Kur'an; Ramazan; ibadet; mağfiret; salgından kurtuluş
22.05.2020,2020,BİR ÖMRÜ RAMAZAN GİBİ YAŞAMAK,"İman, Tevhid ve Ahiret","İbadet ve Kulluk; Ramazan, Oruç ve Bayramlar","Hutbe, Ramazan'ın bereket ve rahmetiyle geçen bir ay boyunca müminleri manevi olarak eğittiğini, şimdi ise bu aya veda edilme hüznünün yaşandığını anlatır. Ramazan'ın son günlerinde bağışlanmışlık dileğiyle hayatın tamamının Ramazan bilinciyle yaşanması öğütlenir. Hutbe, Peygamberimizin ahiret hayatı için hayır dileyen bir duasıyla tamamlanır.",Ramazan'a veda; bereket; mağfiret; manevi eğitim; dua; ahiret
29.05.2020,2020,HAMDOLSUN RABBİMİZE,İbadet ve Kulluk,"Afet, Kriz ve Sağlık","Hutbe, cuma gününün bereketine ve cemaat olmanın coşkusuna hamd ederek başlar, temizlik ve tezkiyenin Peygamberimiz tarafından öğretilen bir değer olduğunu anlatır. Manevi ve maddi kirden uzak durmanın müminin vasfı olduğu vurgulanır. Hutbe, salgından kurtuluş ve ibadetlerin kabulü için yapılan bir dua ile sona erer.",cuma günü; hamd ve şükür; temizlik ve tezkiye; cemaat; salgın; dua
05.06.2020,2020,AHİRETE İNANAN MÜMİN,"İman, Tevhid ve Ahiret",,"Hutbe, ahireti isteyip onun için gereği gibi çalışanların karşılığını alacağını bildiren ayetle ahirete iman esasını işler. Akıllı kişinin kendini hesaba çeken ve ölüm sonrası için çalışan kişi olduğu hadisle desteklenir. Hutbe, zerre kadar hayır ve şerrin karşılığının görüleceğini bildiren ayetle tamamlanır.",ahirete iman; hesap günü; salih amel; ölüme hazırlık; zerre kadar hayır; iman esasları
12.06.2020,2020,"MÜSTAKİM OL, EMİN OL HER TASADAN!","İman, Tevhid ve Ahiret","Peygamberimiz ve Ashab; Sabır, Tevekkül ve Manevi Olgunluk","Hutbe, bir sahabinin Peygamberimizden istediği kısa ama kapsamlı nasihat üzerinden “Allah’a inandım de, sonra dosdoğru ol” hadisini işler. İmanın gönülden benimsenip dosdoğru bir hayatla desteklenmesi gerektiği anlatılır. Hutbe, dosdoğru olanlara korku ve üzüntü olmayacağını müjdeleyen ayetle sona erer.",istikamet; iman; dosdoğru olmak; sahabi kıssası; nasihat; müjde
19.06.2020,2020,HALİS NİYET VE SAMİMİYET,İbadet ve Kulluk,"İman, Tevhid ve Ahiret","Hutbe, iman, ibadet ve güzel davranışların kabulünün halis niyet ve samimiyete bağlı olduğunu anlatır. Niyetin her işin başı, samimiyetin ise iç ve dışın bir olması anlamına geldiği vurgulanır. Hutbe, Peygamberimizin samimiyet dileyen bir duasıyla tamamlanır.",niyet; samimiyet; ihlas; ibadetlerin kabulü; kulluk; dua
26.06.2020,2020,YUVALARIMIZ KUR’AN İLE AYDINLANSIN,"Aile, Çocuk ve Nesil","Eğitim, Teknoloji, Çevre ve Toplumsal Değişim; Kur'an-ı Kerim","Hutbe, çocukların Allah'ın birer emaneti olduğunu, onları iyi bir Müslüman olarak yetiştirmenin ebeveynlerin temel sorumluluğu olduğunu anlatır. Çocuklara Kur'an ve Peygamber sevgisinin küçük yaşta aşılanması gerektiği vurgulanır. Hutbe, üniversite sınavına girecek gençlere başarı dileyerek tamamlanır.",çocuk terbiyesi; Kur'an eğitimi; aile; emanet; gençlik; üniversite sınavı
03.07.2020,2020,SABRIN SONU SELAMETTİR,"Sabır, Tevekkül ve Manevi Olgunluk",,"Hutbe, dünya hayatının bir yolculuk olduğunu, bu yolculukta sabrın müminlere bahşedilen eşsiz bir nimet olduğunu anlatır. Sabrın zillet veya çaresizlik olmadığı, aksine güçlü bir duruş olduğu vurgulanır. Hutbe, sabredenlerin mükâfatının zayi olmayacağını bildiren ayetle sona erer.",sabır; dünya hayatı; yolculuk; imtihan; mükâfat; tevekkül
10.07.2020,2020,15 TEMMUZ VE BİRLİK RUHU,"Vatan, Millet ve Tarih",,"Hutbe, 15 Temmuz darbe girişiminin milletin imanına ve birlik ruhuna yönelik bir ihanet olduğunu, Allah'ın haini ve nankörü sevmediğini bildiren ayetle anlatır. Müslümanların birbirine kardeş olup ihanet etmemesi gerektiği hadisle desteklenir. Hutbe, şehit ve gazilerin rahmet ve minnetle anılmasıyla tamamlanır.",15 Temmuz; darbe girişimi; ihanet; birlik ve beraberlik; şehitlik; vatan sevgisi
17.07.2020,2020,"KURBANINI PAYLAŞ, KARDEŞİNLE YAKINLAŞ","Ramazan, Oruç ve Bayramlar","Toplumsal Dayanışma, Merhamet ve Kardeşlik","Hutbe, her ümmet için kurban kesmenin meşru kılındığını bildiren ayetle Kurban Bayramı'nın anlamını ve kardeşlik boyutunu işler. Kurban kesmenin Allah katında en güzel amellerden biri olduğu hadisle vurgulanır. Kurbanın paylaşılarak kardeşlik bağlarının güçlendirilmesi öğütlenerek hutbe sona erer.",kurban bayramı; kurban kesmek; paylaşma; kardeşlik; ibadet; dayanışma
24.07.2020,2020,"AYASOFYA: FETHİN NİŞANESİ, FATİH’İN EMANETİ",İbadet ve Kulluk,"Vatan, Millet ve Tarih","Hutbe, Ayasofya Camii'nin yeniden ibadete açılmasını Fatih'in emaneti ve fethin nişanesi olarak coşkuyla anlatır. Konstantiniyye'nin fethedileceğini müjdeleyen hadisle tarihi bağ kurulur. Hutbe, camilere sahip çıkmanın inanç, azim ve özveri gerektirdiği vurgusuyla tamamlanır.",Ayasofya; fetih; Fatih Sultan Mehmet; cami; tarih bilinci; müjde hadisi
31.07.2020,2020,KURBAN BAYRAMI: TAKVA YOLCULUĞU,"Ramazan, Oruç ve Bayramlar",,"Hutbe, Kevser suresinde bildirilen namaz ve kurban emriyle Kurban Bayramı'nın takva yolculuğu olduğunu anlatır. Bayram namazından sonra kurban kesmenin sünnete uygunluğu hadisle desteklenir. Hutbe, salgın ve savaşlardan korunma dileğiyle bayram tebrikinde bulunularak sona erer.",kurban bayramı; Kevser suresi; bayram namazı; takva; sünnet; bayram tebriği
31.07.2020,2020,VEDA HUTBESİ: ÇAĞLARI AŞAN NEBEVİ VASİYET,"Ramazan, Oruç ve Bayramlar",,"Hutbe, Kevser suresinde bildirilen namaz ve kurban emriyle Kurban Bayramı'nın takva yolculuğu olduğunu anlatır. Bayram namazından sonra kurban kesmenin sünnete uygunluğu hadisle desteklenir. Hutbe, salgın ve savaşlardan korunma dileğiyle bayram tebrikinde bulunularak sona erer.",kurban bayramı; Kevser suresi; bayram namazı; takva; sünnet; bayram tebriği
07.08.2020,2020,"MÜMİNCE BİR DUYARLILIK: İYİLİĞİ EMRETMEK, KÖTÜLÜKTEN SAKINDIRMAK","Toplumsal Dayanışma, Merhamet ve Kardeşlik","Sabır, Tevekkül ve Manevi Olgunluk; Afet, Kriz ve Sağlık","Hutbe, iyiliğin kâinatın yaratılışındaki asıl gaye olduğunu, İslam'ın da iyiliğin hakim olmasını amaçladığını anlatarak emr-i bi'l-maruf nehy-i ani'l-münker kavramını işler. Müslümanın hem kendi iyiliğini hem toplumsal iyiliği gözetmekle sorumlu olduğu vurgulanır. Hutbe, salgınla mücadele eden görevlilerin işini zorlaştırmama çağrısıyla tamamlanır.",iyiliği emretmek; kötülükten sakındırmak; toplumsal sorumluluk; salgın tedbirleri; ahlak; dayanışma
14.08.2020,2020,ŞÜKREDEN HUZUR BULUR,"Sabır, Tevekkül ve Manevi Olgunluk","İman, Tevhid ve Ahiret","Hutbe, Peygamberimizin günahları affedildiği halde şükür için ağladığını anlatan Hz. Âişe rivayetiyle şükür kavramını işler. Şükrün nimetin kıymetini bilmek ve iyiliğe iyilikle karşılık vermek olduğu vurgulanır. Hutbe, şükredenlere nimetin artırılacağını bildiren ayetle tamamlanır.",şükür; nimet; Hz. Âişe; huzur; kulluk; nankörlük
21.08.2020,2020,"MÜMİN: HAKKIN TEMSİLCİSİ, HAKİKATİN DAVETÇİSİ","Sabır, Tevekkül ve Manevi Olgunluk",Kur'an-ı Kerim,"Hutbe, ilk vahiyle Peygamberimize verilen “kalk ve uyar” emrinin tebliğ görevinin başlangıcı olduğunu anlatır. Müminin hakkın temsilcisi ve hakikatin davetçisi olarak topluma iyiliği emretme sorumluluğu taşıdığı vurgulanır. Hutbe, salgın konusunda ihmalkarlığın hem Allah katında vebal hem kul hakkı olduğu uyarısıyla sona erer.",tebliğ; emr-i bi'l-maruf; ilk vahiy; sorumluluk; salgın tedbirleri; hakikat
28.08.2020,2020,ALLAH’IN DİNİNİ YÜCELTME GAYRETİ,"Vatan, Millet ve Tarih",,"Hutbe, Allah'ın yardımı ve yakın fethi müjdeleyen ayetle Ağustos ayının zaferlerle dolu tarihini anlatır. Milletin hakkı hâkim kılma yolunda gösterdiği mücadele Kurtuluş Savaşı zaferleriyle ilişkilendirilir. Hutbe, 30 Ağustos şehit ve gazilerinin rahmet ve minnetle anılmasıyla tamamlanır.",30 ağustos; zafer bayramı; Kurtuluş Savaşı; şehitlik; vatan; tarih bilinci
04.09.2020,2020,"İSLAM, TEMİZLİĞİ EMREDER","Afet, Kriz ve Sağlık","İman, Tevhid ve Ahiret","Hutbe, Allah'ın tövbe edenleri ve temiz olanları sevdiğini bildiren ayetle temizliğin İslam'daki önemini anlatır. Temizliğin imanın yarısı olduğu hadisle desteklenerek maddi-manevi temizlik bir bütün olarak ele alınır. Hutbe, salgın döneminde maske ve mesafeye uyarak toplum sağlığını gözetme çağrısıyla sona erer.",temizlik; iman; hijyen; salgın tedbirleri; maske; toplum sağlığı
11.09.2020,2020,DİN İSTİSMARINA KARŞI FERASETLİ VE BASİRETLİ OLALIM,Kur'an-ı Kerim,"Peygamberimiz ve Ashab; Toplumsal Dayanışma, Merhamet ve Kardeşlik","Hutbe, dosdoğru yoldan sapmamayı emreden ayetle dinin istismara karşı feraset ve basiretle korunması gerektiğini anlatır. Sözlerin en doğrusunun Kur'an, rehberliğin en güzelinin Peygamberimizin sünneti olduğu hadisle vurgulanır. Hutbe, dini bilginin uzman ve güvenilir kaynaklardan öğrenilmesi öğüdüyle tamamlanır.",din istismarı; feraset; Kur'an ve Sünnet; güvenilir kaynak; basiret; dini bilgi
18.09.2020,2020,BEREKET: MANEVİ BOLLUK,"Sabır, Tevekkül ve Manevi Olgunluk",,"Hutbe, iman edip günahtan sakınan toplumlara gökten ve yerden bereket kapıları açılacağını bildiren ayetle bereket kavramını manevi bolluk olarak tanımlar. Cömert bir gönülle malı kullananın bereketleneceği, hırsla isteyenin ise bereketten mahrum kalacağı hadisle anlatılır. Hutbe, niyetin Allah rızasına bağlanmasının bereket kapılarını açacağı vurgusuyla sona erer.",bereket; manevi bolluk; cömertlik; niyet; rızık; hırs
25.09.2020,2020,CAMİ VE İLİM,İbadet ve Kulluk,"Eğitim, Teknoloji, Çevre ve Toplumsal Değişim; Peygamberimiz ve Ashab","Hutbe, Peygamberimizin Medine'ye hicretinde ilk iş olarak mescit inşa ettirmesi ve ilim ile ibadeti bir arada yürütmesi üzerinden cami-ilim ilişkisini anlatır. İlk vahyin ""oku"" emriyle başlaması, ilmin İslam'daki merkezi konumunu gösterir. Hutbe, Camiler ve Din Görevlileri Haftası vesilesiyle düzenlenecek bir sempozyuma değinilerek tamamlanır.",cami; ilim; Mescid-i Nebevi; hicret; Camiler Haftası; eğitim
02.10.2020,2020,MURAKABE VE MUHASEBE BİLİNCİ,"Sabır, Tevekkül ve Manevi Olgunluk","Afet, Kriz ve Sağlık","Hutbe, Allah'ın her nerede olursak olalım bizimle beraber olduğunu bildiren ayetle murakabe ve muhasebe bilincini işler. İhsanın Allah'ı görüyormuşçasına kulluk etmek olduğu hadisle desteklenir. Hutbe, salgında vefat eden sağlık çalışanlarına rahmet, hastalara şifa dileğiyle tamamlanır.",murakabe; muhasebe; ihsan; Allah'ın gözetimi; salgın; sağlık çalışanları
09.10.2020,2020,MÜMİNİN YUMUŞAK HUYLULUĞU,"Toplumsal Dayanışma, Merhamet ve Kardeşlik","Ahlak, Erdem ve Söz; Vatan, Millet ve Tarih","Hutbe, iman-ibadet-ahlak bütünlüğü içinde müminin yumuşak huylu ve güler yüzlü olması gerektiğini anlatır. Aile, komşuluk ve arkadaşlık ilişkilerinde merhamet ve hakkaniyetin esas alınması öğütlenir. Hutbe, Azerbaycanlı şehitlere rahmet ve yaralılara şifa dileğiyle tamamlanır.",güzel ahlak; yumuşak huyluluk; komşuluk; merhamet; Azerbaycan; şehitlik
16.10.2020,2020,"CAMİ: ALLAH’IN EVİ, MÜMİNLERİN ESERİ",İbadet ve Kulluk,"İman, Tevhid ve Ahiret","Hutbe, Allah'ın mescitlerini ancak iman eden ve namaz kılanların imar edebileceğini bildiren ayetle caminin önemini anlatır. Allah için bir mescit inşa edenin cennette bir köşke sahip olacağı müjdesi hadisle verilir. Hutbe, camilere hizmet eden vefat etmiş kardeşlere rahmet dileğiyle tamamlanır.",cami; mescit imarı; namaz; hayır hizmeti; cennet müjdesi; hizmet
23.10.2020,2020,MEVLİD-İ NEBİ,Peygamberimiz ve Ashab,"Kandiller, Muharrem ve Mübarek Geceler","Hutbe, Allah'ın müminlere kendi içlerinden bir peygamber göndererek büyük bir lütufta bulunduğunu anlatan ayetle Mevlid-i Nebi'yi kutlar. Peygambere itaatin Allah'a itaat anlamına geldiği hadisle vurgulanır. Hutbe, çocuklarla iletişimin Peygamberimiz örnekliğinde yeniden hatırlanması çağrısıyla sona erer.",Mevlid-i Nebi; Peygamber sevgisi; itaat; örnek şahsiyet; çocukla iletişim; doğum haftası
30.10.2020,2020,PEYGAMBERİMİZ VE ÇOCUK,"Aile, Çocuk ve Nesil","Toplumsal Dayanışma, Merhamet ve Kardeşlik; Sabır, Tevekkül ve Manevi Olgunluk","Hutbe, servet ve evlatların dünya hayatının süsü olduğunu, kalıcı olanın ise salih amel olduğunu bildiren ayetle çocuk sevgisini ve Peygamberimizin çocuklara olan şefkatini anlatır. Çocukların maddi ihtiyaçları kadar manevi ihtiyaçlarının da gözetilmesi gerektiği vurgulanır. Hutbe, çocuğa gösterilen sevginin dünya ve ahiret için en hayırlı yatırım olduğu mesajıyla tamamlanır.",çocuk sevgisi; Peygamberimiz ve çocuk; ahlak eğitimi; salih amel; şefkat; aile
06.11.2020,2020,MÜMİN SORUMLULUK SAHİBİDİR,"İman, Tevhid ve Ahiret","Sabır, Tevekkül ve Manevi Olgunluk; İbadet ve Kulluk","Hutbe, Allah’ın insanı akıllı, saygıdeğer ve sorumluluk sahibi bir varlık olarak yarattığını, doğuştan kazanılan haklar kadar üstlenilmesi gereken sorumlulukların da olduğunu anlatır. İmanla başlayan sorumluluklara riayet edenlerin dünya ve ahiret mutluluğu ile müjdelendiği vurgulanır. Hutbe, orman işletmelerince bedelsiz fidan dağıtımı ve ağaçlandırma kampanyasına katılım çağrısıyla tamamlanır.",sorumluluk bilinci; kulluk; ağaçlandırma; çevre; fidan kampanyası; haklar ve ödevler
13.11.2020,2020,"ABDEST: BEDENİMİZE SAĞLIK, RUHUMUZA HUZUR",İbadet ve Kulluk,"Ramazan, Oruç ve Bayramlar","Hutbe, abdestin namazın anahtarı olduğunu bildiren hadisle temizliğin bedensel ve ruhsal huzur kaynağı olduğunu anlatır. Abdest alırken yapılan yıkama ve mesh hareketlerinin ayette detaylandırıldığı hatırlatılır. Hutbe, Allah’ın tövbe edenleri ve temiz olanları sevdiğini bildiren ayetle sona erer.",abdest; temizlik; namaz; hijyen; ruh sağlığı; ibadet
20.11.2020,2020,CENNET: MÜMİNLERİ BEKLEYEN SONSUZ NİMET,"Sabır, Tevekkül ve Manevi Olgunluk","İman, Tevhid ve Ahiret","Hutbe, iman edip salih amel işleyenler için ebedi Naîm cennetlerinin hazırlandığını bildiren ayetle cenneti müminleri bekleyen sonsuz nimet olarak tanıtır. Dünyanın bir imtihan durağı olduğu, yapılan amellerin ahirette karşılık bulacağı anlatılır. Hutbe, salgın tedbirlerine uyulması çağrısıyla ve mükâfata nail olma temennisiyle tamamlanır.",cennet; salih amel; imtihan; ahiret; ibadet; salgın tedbirleri
27.11.2020,2020,FAYDASIZ İŞLERİ TERK ETMEK KULLUĞUN GÜZELLİĞİNDENDİR,"Ekonomik Hayat: Kazanç, Zekat ve İsraf",,"Hutbe, müminlerin boş sözden yüz çevirdiğini bildiren ayet ve faydasız işleri terk etmenin iyi Müslümanlığın alameti olduğunu bildiren hadisle vakit ve söz israfına dikkat çeker. Gereksiz meşguliyetlerden uzaklaşmanın kulluğu güzelleştireceği vurgulanır. Hutbe, başkalarının kusuruyla değil kendi kusuruyla meşgul olanlara övgüyle sona erer.",faydasız işler; zaman yönetimi; kulluğun güzelliği; söz israfı; özeleştiri; ahlak
04.12.2020,2020,ENGELLİLİK: CENNETE KAVUŞTURAN İMTİHAN,"Toplumsal Dayanışma, Merhamet ve Kardeşlik","Sabır, Tevekkül ve Manevi Olgunluk","Hutbe, Allah katında değerin takva olduğunu, görünüşe veya mala değil kalbe ve amele bakıldığını bildiren ayet ve hadisle engelliliğin cennete kavuşturan bir imtihan olduğunu anlatır. Engelli bireylere karşı toplumsal duyarlılık ve destek gerekliliği vurgulanır. Hutbe, Karabağ şehitlerinin rahmetle anılmasıyla tamamlanır.",engellilik; takva; imtihan; toplumsal duyarlılık; Karabağ şehitleri; merhamet
11.12.2020,2020,SU: HAYAT VE ŞİFA KAYNAĞIMIZ,"Afet, Kriz ve Sağlık","İbadet ve Kulluk; İman, Tevhid ve Ahiret","Hutbe, her canlının sudan yaratıldığını bildiren ayetle suyun hayat ve şifa kaynağı olduğunu anlatır. İslam’ın suyu ölçülü kullanmayı emrettiği, israfın yasaklandığı vurgulanır. Hutbe, kuraklık nedeniyle cuma namazı sonrası yapılacak yağmur duasına davetle tamamlanır.",su; israf; şükür; yağmur duası; kuraklık; nimet
18.12.2020,2020,MÜMİN HER İŞİNDE MUTEDİLDİR,"Sabır, Tevekkül ve Manevi Olgunluk",,"Hutbe, ahiret yurdunu kazanırken dünyadaki nasibi de unutmamayı öğütleyen ayetle müminin her işte mutedil olması gerektiğini anlatır. Orta yolu tutmanın Peygamberimizin tavsiyesi olduğu hadisle desteklenir. Hutbe, aşırılıklardan uzak durup istikametini koruyanlara övgüyle tamamlanır.",itidal; denge; orta yol; aşırılıktan kaçınma; dünya-ahiret dengesi; istikamet
25.12.2020,2020,İÇKİ: KÖTÜLÜĞÜN ZEHİRLİ ARKADAŞI,"Ekonomik Hayat: Kazanç, Zekat ve İsraf","Vatan, Millet ve Tarih; Afet, Kriz ve Sağlık","Hutbe, İslam’ın can, mal, akıl, inanç ve nesil güvenliğini koruduğunu, içkinin bu değerlere zarar verdiği için haram kılındığını anlatır. Sarhoş edici şeylerin yasaklandığını bildiren hadis ve ayetle bu yasak temellendirilir. Hutbe, içkinin toplumu esir almasına izin vermeme çağrısıyla tamamlanır.",içki; haram; zararlı alışkanlıklar; sağlık; toplumsal zarar; koruyucu ilkeler
01.01.2021,2021,"GEÇMİŞİN MUHASEBESİ, GELECEĞİN İMARI","İman, Tevhid ve Ahiret","Kandiller, Muharrem ve Mübarek Geceler; Toplumsal Dayanışma, Merhamet ve Kardeşlik","Hutbe, ömür takviminden her gün bir yaprağın eksildiğini, her yılın hesap gününe yaklaştırdığını anlatarak yeni yıl vesilesiyle geçmişin muhasebesini yapma çağrısı yapar. Nefsi hesaba çekip tövbe etmenin geleceği imar edeceği vurgulanır. Hutbe, salgın döneminde umut ve dayanışmanın canlı tutulması temennisiyle tamamlanır.",yeni yıl; muhasebe; tövbe; hesap günü; umut; dayanışma
08.01.2021,2021,FÂTİHA SÛRESİ: KUR’AN’IN MUKADDİMESİ,İbadet ve Kulluk,"Eğitim, Teknoloji, Çevre ve Toplumsal Değişim; Kur'an-ı Kerim","Hutbe, Peygamberimizin Ebû Saîd b. Muallâ’ya Kur’an’daki en büyük sure olarak Fâtiha’yı bildirdiği kıssayla Fâtiha suresinin Kur’an’ın mukaddimesi olduğunu anlatır. Fâtiha’nın namazlarda tekrar tekrar okunan yedi ayetten oluştuğu vurgulanır. Hutbe, okullarda seçmeli din derslerine çocukların yönlendirilmesi çağrısıyla tamamlanır.",Fâtiha suresi; Kur’an; namaz; din eğitimi; seçmeli dersler; dua
15.01.2021,2021,MİRAS: HER HAK SAHİBİNE HAKKINI VERMEK,"Toplumsal Dayanışma, Merhamet ve Kardeşlik","Aile, Çocuk ve Nesil","Hutbe, anne-baba ve yakınlardan kalan mirastan erkek ve kadına belirli paylar verildiğini bildiren ayetle miras hukukunu ve hak sahibine hakkını verme ilkesini anlatır. Geride mal bırakanın mirasçılarına ait olduğunu bildiren hadisle miras taksiminin önemi vurgulanır. Hutbe, miras paylaşımında merhamet, insaf ve adaletin elden bırakılmaması öğüdüyle tamamlanır.",miras; hak sahibi; adalet; aile hukuku; paylaşım; insaf
22.01.2021,2021,AKLIN İBADETİ: TEFEKKÜR,İbadet ve Kulluk,"İman, Tevhid ve Ahiret","Hutbe, Allah’ı ayakta, otururken ve yatarken zikredip göklerin yaratılışını düşünen müminleri anlatan ayetle tefekkürü aklın ibadeti olarak tanıtır. Aklın hakkı batıldan, doğruyu yanlıştan ayırt etme yeteneği olduğu vurgulanır. Hutbe, dünyayı ahiretin tarlası görüp hazırlık yapanlara övgüyle sona erer.",tefekkür; akıl; ibadet; hakikat arayışı; ahirete hazırlık; zikir
29.01.2021,2021,HAYVANLARA MERHAMET: DİNÎ VE İNSANÎ SORUMLULUĞUMUZ,"Ahlak, Erdem ve Söz","Toplumsal Dayanışma, Merhamet ve Kardeşlik; Sabır, Tevekkül ve Manevi Olgunluk","Hutbe, susuz kalan bir köpeğe su veren adamın Allah’ın rızasını kazandığını anlatan hadisle hayvanlara merhameti dini ve insani bir sorumluluk olarak işler. Her canlıya yapılan iyilikte sevap olduğu vurgulanır. Hutbe, özellikle kış şartlarında hayvanlara duyarlı olma çağrısıyla tamamlanır.",hayvan hakları; merhamet; hayvanlara iyilik; dini sorumluluk; kış şartları; vicdan
05.02.2021,2021,GENÇLERİMİZ: EN BÜYÜK İMKÂN VE ZENGİNLİĞİMİZ,"İman, Tevhid ve Ahiret","Peygamberimiz ve Ashab; Aile, Çocuk ve Nesil","Hutbe, gençliğin insan ömrünün baharı olduğunu, iyi değerlendirildiğinde dünya ve ahiret saadetine vesile olacağını anlatır. Gençliğin kıymetinin ihtiyarlık gelmeden bilinmesi gerektiği hadisle vurgulanır. Hutbe, Ashâb-ı Kehf kıssasındaki genç yiğitlere atıfla gençlerin hidayet ve rehberlik ihtiyacına dikkat çekilerek tamamlanır.",gençlik; kıymet bilme; Ashâb-ı Kehf; rehberlik; potansiyel; ahiret saadeti
12.02.2021,2021,MANEVÎ HUZUR İKLİMİNE GİRERKEN,"Ramazan, Oruç ve Bayramlar","Kandiller, Muharrem ve Mübarek Geceler; Sabır, Tevekkül ve Manevi Olgunluk","Hutbe, Receb ayının ve üç ayların manevi ikliminin başlamasıyla bu rahmet ve mağfiret mevsimine kavuşmanın heyecanını anlatır. Regâib Gecesi’nin de bu mübarek dönemde yaşanacağı hatırlatılır. Hutbe, Recep ve Şaban aylarının mübarek kılınıp Ramazan’a ulaştırılması dileğiyle sona erer.",üç aylar; Receb ayı; Regâib gecesi; mağfiret; manevi iklim; Ramazan’a hazırlık
19.02.2021,2021,İMANIN TADINA ERMEK: ALLAH VE RESÛLÜ’NÜ SEVMEK,"Vatan, Millet ve Tarih","Peygamberimiz ve Ashab; İman, Tevhid ve Ahiret","Hutbe, sevginin Allah’ın varlık âlemine ve insan ruhuna nakşettiği en nadide duygu olduğunu, Allah’ı ve Resûlünü sevmenin imanın tadına ermek anlamına geldiğini anlatır. Allah’ın Vedûd ismiyle sevgiyi yaratan ve öğreten olduğu vurgulanır. Hutbe, bir olayda şehit olanlara rahmet ve ailelerine baş sağlığı dileğiyle tamamlanır.",sevgi; iman; Allah ve Resul sevgisi; Vedûd; şehitlik; gönül bağı
26.02.2021,2021,ZOR ZAMANLARDA MANEVİYATIMIZDAN DESTEK ALMAK,"Sabır, Tevekkül ve Manevi Olgunluk",İbadet ve Kulluk,"Hutbe, sabır ve namazla Allah’tan yardım istemeyi bildiren ayetle zor zamanlarda maneviyattan destek almanın önemini anlatır. Rahat zamanında çokça dua edenin zor zamanda duasının kabul edileceği hadisle vurgulanır. Hutbe, ibadet, dua, tefekkür ve tevekkülle maneviyatı canlı tutma çağrısıyla sona erer.",sabır; dua; tevekkül; zorluklarla mücadele; maneviyat; tefekkür
05.03.2021,2021,İSRÂ VE MİRAÇ,"Vatan, Millet ve Tarih","İslam Coğrafyası ve Küresel Meseleler; Kandiller, Muharrem ve Mübarek Geceler","Hutbe, İsrâ suresinin ilk ayetiyle Peygamberimizin Mescid-i Haram’dan Mescid-i Aksâ’ya gece yürüyüşünü anlatan İsrâ ve Miraç mucizesini işler. Miraç Gecesi’nin ümmete sağlık, huzur ve afiyet getirmesi dileği vurgulanır. Hutbe, bir helikopter kazasında şehit olan askerlere rahmet dileğiyle tamamlanır.",İsrâ ve Miraç; mucize; Mescid-i Aksa; manevi gece; şehitlik; dua
12.03.2021,2021,İSTİKLÂL MARŞI: HAKKIDIR HAKKA TAPAN MİLLETİMİN İSTİKLÂL!,"Vatan, Millet ve Tarih",,"Hutbe, Allah yardım ederse hiç kimsenin galip gelemeyeceğini bildiren ayetle İstiklal Marşı’nın kabulünün yıl dönümü vesilesiyle milli bağımsızlık ruhunu anlatır. Milletin Allah’a güvenerek kazandığı zaferler hatırlatılır. Hutbe, vatan uğruna şehit olanların rahmet ve minnetle anılmasıyla tamamlanır.",İstiklal Marşı; bağımsızlık; milli mücadele; şehitlik; vatan sevgisi; zafer
19.03.2021,2021,"ANNE-BABA RIZASI, RABBİMİZİN RIZASINA VESİLEDİR","Aile, Çocuk ve Nesil","Peygamberimiz ve Ashab; Toplumsal Dayanışma, Merhamet ve Kardeşlik","Hutbe, anne-babanın çocuğunun yetişmesi için yıllarca emek verdiğini, dinin onlarla iyi geçinmeyi emrettiğini anlatır. Anne-baba rızasının Allah’ın rızasına vesile olduğu, özellikle yaşlılıklarında onlara destek olunması gerektiği vurgulanır. Hutbe, Rabbin hoşnutluğunun anne-babanın hoşnutluğunda olduğunu bildiren hadisle tamamlanır.",anne baba hakkı; aile; saygı; vefa; Allah rızası; yaşlılara bakım
26.03.2021,2021,BERAT GECESİ: AF VE MAĞFİRET GECESİ,"Afet, Kriz ve Sağlık","Kandiller, Muharrem ve Mübarek Geceler","Hutbe, Ramazan’ın müjdecisi olan Berat Gecesi’nin af ve mağfiret gecesi olduğunu anlatır. Hz. Âişe’nin Peygamberimizi ararken yaşadığı olayla bu gecenin özel önemine değinilir. Hutbe, salgın tedbirlerine devam edilmesi ve salgından kurtuluş dileğiyle tamamlanır.",berat gecesi; af ve mağfiret; Hz. Âişe; Ramazan’a hazırlık; dua; salgın
02.04.2021,2021,BİRBİRİMİZİN FARKINDA OLALIM,"Toplumsal Dayanışma, Merhamet ve Kardeşlik",,"Hutbe, herkesin bir imtihanda olduğunu, hastalık, down sendromu ve otizm gibi farklılıklarla da sınandığımızı anlatarak birbirinin farkında olma çağrısı yapar. Yaşanan her zorluğun öğretici ve geliştirici bir yönü olduğu vurgulanır. Hutbe, müminlerin birbirine kenetlenmiş tuğlalar gibi olduğunu bildiren hadisle tamamlanır.",engellilik farkındalığı; otizm; down sendromu; empati; imtihan; dayanışma
09.04.2021,2021,RAMAZAN: KUTLU MİSAFİR,"Ramazan, Oruç ve Bayramlar","İman, Tevhid ve Ahiret; Afet, Kriz ve Sağlık","Hutbe, Ramazan ayının insanlar için hidayet rehberi ve Kur’an’ın indirildiği ay olduğunu bildiren ayetle Ramazan’ı kutlu bir misafir olarak tanıtır. Ramazan geldiğinde cennet kapılarının açıldığı hadisle desteklenir. Hutbe, Ramazan’ın salgından kurtuluşa vesile olması dileğiyle tamamlanır.",Ramazan; oruç; hidayet; Kur’an ayı; cennet kapıları; salgından kurtuluş
16.04.2021,2021,ŞİFA AYI RAMAZAN,"Ramazan, Oruç ve Bayramlar",İbadet ve Kulluk,"Hutbe, sahurla berekete, oruçla sıhhate, Kur’an’la şifaya kavuşulan Ramazan ayını şifa ayı olarak tanıtır. Orucun sabır ve iradeyle takvaya ulaştıran bir emanet olduğu vurgulanır. Hutbe, rükû ve secdeyle kurtuluşa erme çağrısı yapan ayetle tamamlanır.",Ramazan; oruç; şifa; takva; sahur; ibadet
23.04.2021,2021,YETİM: CENÂB-I HAKK’IN İNSANLIĞA EMANETİ,"Toplumsal Dayanışma, Merhamet ve Kardeşlik","Aile, Çocuk ve Nesil; Ahlak, Erdem ve Söz","Hutbe, Uhud savaşında babası şehit olan bir çocuğu Peygamberimizin teselli edip kendisinin baba olacağını söylemesi kıssasıyla yetimlere sahip çıkmanın önemini anlatır. Yetimin Allah’ın insanlığa emaneti olduğu vurgulanır. Hutbe, yetimlere maddi ve manevi destek olma çağrısıyla tamamlanır.",yetim; Uhud savaşı; merhamet; emanet; sosyal sorumluluk; şefkat
30.04.2021,2021,İNFAK TOPLUMUN ŞİFASIDIR,"Ekonomik Hayat: Kazanç, Zekat ve İsraf","Toplumsal Dayanışma, Merhamet ve Kardeşlik","Hutbe, ölüm gelmeden önce infak etmeyi öğütleyen ayetle infakın toplumun şifası olduğunu anlatır. İnfak edenin Allah tarafından da rızıklandırılacağı hadis-i kutsî ile vurgulanır. Hutbe, cuma namazı sonrası yardım kampanyasına katılım çağrısıyla tamamlanır.",infak; sadaka; yardımlaşma; toplumsal şifa; zekât; dayanışma
07.05.2021,2021,KADİR GECESİ: BİN AYDAN HAYIRLI GECE,İbadet ve Kulluk,"Ramazan, Oruç ve Bayramlar; Kandiller, Muharrem ve Mübarek Geceler","Hutbe, Ramazan’ın son günlerine yaklaşırken Kadir Gecesi’ne kavuşmanın heyecanını anlatarak bu gecenin bin aydan hayırlı olduğunu bildiren ayete değinir. Salgının buruk geçirdiği günlerde bu gecenin inşirah ve huzur vesilesi olacağı vurgulanır. Hutbe, Peygamberimizin affetmeyi seven Allah’a sığınma duasıyla tamamlanır.",Kadir gecesi; Ramazan; mağfiret; dua; salgın; ibadet
13.05.2021,2021,KUDÜS’ÜN ÖZGÜR OLDUĞU BAYRAMLARA,"Toplumsal Dayanışma, Merhamet ve Kardeşlik","Ramazan, Oruç ve Bayramlar; İslam Coğrafyası ve Küresel Meseleler","Hutbe, salgının gölgesinde geçirilen bir bayram sevincini anlatarak zorlukla beraber kolaylığın geldiğini bildiren ayetle umut mesajı verir. Kudüs’ün özgür olduğu bayramlara duyulan özlem dile getirilir. Hutbe, müminlerin bir beden gibi birbirinin acısını paylaştığını bildiren hadisle tamamlanır.",Kudüs; bayram; salgın; umut; kardeşlik; dayanışma
14.05.2021,2021,VAKIF: ŞEFKAT VE MERHAMET MEDENİYETİ,"Ekonomik Hayat: Kazanç, Zekat ve İsraf",,"Hutbe, ölen insanın sadaka-i câriye, faydalı ilim ve hayırlı evlat dışında amellerinin kesileceğini bildiren hadisle vakıf kurumunu şefkat ve merhamet medeniyetinin simgesi olarak tanıtır. Vakıfların İslam medeniyetindeki köklü yerine değinilir. Hutbe, mazlum Müslümanlara ve vatana kurtuluş dileyen bir dua ile tamamlanır.",vakıf; sadaka-i câriye; hayır kurumları; İslam medeniyeti; hizmet; kalıcı hayır
21.05.2021,2021,ZULÜM CEZASIZ KALMAZ,İslam Coğrafyası ve Küresel Meseleler,,"Hutbe, Allah’ın zalimlerin yaptıklarından habersiz olmadığını, cezalarını erteleyerek büyük bir güne bıraktığını bildiren ayetle zulmün cezasız kalmayacağını anlatır. Zalimlerin dünyada rezillik, ahirette azap göreceği vurgulanır. Hutbe, Filistinli kardeşlere yardım çağrısıyla tamamlanır.",zulüm; adalet; Filistin; mazlumlara destek; ilahi ceza; umut
28.05.2021,2021,"YÜCE ALLAH, MÜMİNLERİN YARDIMCISIDIR","Sabır, Tevekkül ve Manevi Olgunluk",Kur'an-ı Kerim,"Hutbe, Hendek Savaşı’nda müminlerin karşılaştığı büyük bir kayanın Peygamberimizin duasıyla parçalanması kıssasıyla Allah’ın müminlerin yardımcısı olduğunu anlatır. Zorluklar karşısında Allah’a güvenin ve istişarenin önemi vurgulanır. Hutbe, yardımın Allah’tan geldiğini bildiren ayetle tamamlanır.",Hendek Savaşı; Allah’ın yardımı; istişare; tevekkül; mucize; sabır
04.06.2021,2021,İSLAM ZARARLI ALIŞKANLIKLARI YASAKLAR,"Aile, Çocuk ve Nesil","Sabır, Tevekkül ve Manevi Olgunluk; Afet, Kriz ve Sağlık","Hutbe, İslam’ın can, mal, akıl, din ve nesil korunmasını emrettiğini, zararlı alışkanlıkların bu değerlere zarar verdiği için yasaklandığını anlatır. Sağlıklı ve huzurlu bir hayat için helal ve haram ayrımının önemine değinilir. Hutbe, çocuk ve gençlerin zararlı alışkanlık tuzaklarından korunması çağrısıyla tamamlanır.",zararlı alışkanlıklar; helal-haram; sağlık; gençlik; koruyucu tedbir; aile bilinci
11.06.2021,2021,AİLEMDE MERHAMET VE HUZUR VAR,"Toplumsal Dayanışma, Merhamet ve Kardeşlik","Aile, Çocuk ve Nesil","Hutbe, eşler arasında huzur, muhabbet ve rahmet var edildiğini bildiren ayetle ailede merhamet ve huzurun önemini anlatır. Merhamet edene Rahmân’ın da merhamet edeceği hadisle desteklenir. Hutbe, aileden başlayıp topluma yayılan bir merhamet medeniyeti inşa etme çağrısıyla tamamlanır.",aile; merhamet; huzur; eşler arası sevgi; Rahmân’ın merhameti; toplumsal ahlak
18.06.2021,2021,MÜSLÜMAN ŞAHSİYETİ,"Ahlak, Erdem ve Söz","Vatan, Millet ve Tarih; Eğitim, Teknoloji, Çevre ve Toplumsal Değişim","Hutbe, İslam’ın insanı şahsiyetiyle inşa eden bir din olduğunu, duygu, düşünce ve davranışları olgunlaştırdığını anlatır. Hayatın anlamı ve gayesine dair soruların cevabının Müslüman şahsiyetinde bulunduğu vurgulanır. Hutbe, dosdoğru olanlara meleklerin müjde vereceğini bildiren ayetle tamamlanır.",Müslüman şahsiyeti; kimlik inşası; ahlak; değerler; istikamet; kişilik gelişimi
25.06.2021,2021,KUR’AN’IN MANEVÎ İKLİMİYLE BULUŞALIM,Kur'an-ı Kerim,"Sabır, Tevekkül ve Manevi Olgunluk","Hutbe, Peygamberimizin Abdullah b. Mesûd’dan kendisine Kur’an okumasını istediği kıssayla Kur’an’ın manevi iklimiyle buluşmanın önemini anlatır. Peygamberimizin Kur’an’ı başkasından dinlemeyi sevdiği vurgulanır. Hutbe, Kur’an’ı öğrenen ve öğretenin en hayırlı olduğunu bildiren hadisle tamamlanır.",Kur’an; Abdullah b. Mesûd; Kur’an tilaveti; manevi iklim; öğrenme ve öğretme; ibadet
02.07.2021,2021,DÜĞÜNLERİMİZDE NEBEVÎ ÖLÇÜYE RİAYET EDELİM,"Aile, Çocuk ve Nesil",,"Hutbe, Hz. Fâtıma ile Hz. Ali’nin sade düğününü örnek göstererek düğünlerde nebevi ölçüye riayet edilmesi gerektiğini anlatır. Evliliğin Allah’ın emri ve Peygamberimizin sünneti olduğu vurgulanır. Hutbe, eşler arasındaki sevgi ve rahmet bağı için şükür çağrısıyla tamamlanır.",düğün; evlilik; israf; sadelik; Hz. Fâtıma ve Hz. Ali; nebevi ölçü
09.07.2021,2021,"İHANETE KARŞI SADAKATE, CESARETE VE ŞEHADETE ŞAHİDİZ","Vatan, Millet ve Tarih","Ekonomik Hayat: Kazanç, Zekat ve İsraf","Hutbe, Medine’de münafıkların Müslümanlara zarar vermek için inşa ettiği Mescid-i Dırâr kıssasıyla ihanete karşı sadakat, cesaret ve şehadeti işler. Münafıkların bozgunculuk faaliyetlerinin akim kaldığı anlatılır. Hutbe, vatan uğruna canını feda eden şehit ve gazilere rahmet dileğiyle tamamlanır.",ihanet; Mescid-i Dırâr; sadakat; münafıklık; şehitlik; vatan
16.07.2021,2021,"KURBAN: TEVHİDİN SEMBOLÜ, İSLAM’IN ŞİARI","Ramazan, Oruç ve Bayramlar",İbadet ve Kulluk,"Hutbe, Peygamberimizin Medine’de bayram sabahı kestiği kurbanlar üzerinden kurbanın tevhidin sembolü ve İslam’ın şiarı olduğunu anlatır. Kurban ibadetinin bayram namazından sonra eda edildiği hatırlatılır. Hutbe, herkesin sağlık ve afiyet içinde bayrama ulaşması dileğiyle tamamlanır.",kurban; tevhid; bayram namazı; İslam’ın şiarı; ibadet; paylaşma
20.07.2021,2021,KURBAN BAYRAMI,"Ramazan, Oruç ve Bayramlar",,"Hutbe, Zilhicce ayının onuncu gününün Allah katında günlerin en değerlisi olduğunu bildiren hadisle Kurban Bayramı’nın önemini anlatır. Kurbanla Allah’a yaklaşmanın ve zikir ile şükrün bir arada yaşandığı vurgulanır. Hutbe, milletin ve İslam âleminin bayramını tebrik ederek tamamlanır.",kurban bayramı; Zilhicce; şükür; ibadet; bayram tebriği; kulluk
23.07.2021,2021,MÜSLÜMAN’IN MÜSLÜMAN ÜZERİNDEKİ HAKLARI,"Toplumsal Dayanışma, Merhamet ve Kardeşlik",,"Hutbe, Kurban Bayramı’nın birlik ve kardeşliği pekiştiren bir vesile olduğunu anlatarak Müslüman’ın Müslüman üzerindeki haklarını işler. Selamlaşmak, hasta ziyareti ve cenazeye katılmak gibi karşılıklı hakların önemi vurgulanır. Hutbe, müminler arasında kin tutulmaması için yapılan bir dua ile tamamlanır.",Müslüman kardeşliği; hukuk-u İslam; selamlaşma; hasta ziyareti; birlik; dayanışma
30.07.2021,2021,AFETLERE KARŞI SORUMLULUĞUMUZUN İDRAKİNDE OLALIM,"Afet, Kriz ve Sağlık","Ahlak, Erdem ve Söz; Toplumsal Dayanışma, Merhamet ve Kardeşlik","Hutbe, insanın bir çevre içinde ve çevreye muhtaç yaratıldığını, kâinatın Allah’ın insana emaneti olduğunu anlatarak afetlere karşı sorumluluk bilincini işler. İnsanın yeryüzünün halifesi olarak tüm mahlûkata karşı şefkatli olması gerektiği vurgulanır. Hutbe, afetlerde hayatını kaybedenlere rahmet dileğiyle tamamlanır.",afet bilinci; çevre; emanet; halifelik; doğa koruma; şefkat
06.08.2021,2021,ZORLUKLAR BİRLİKTE AŞILIR,"Afet, Kriz ve Sağlık","Toplumsal Dayanışma, Merhamet ve Kardeşlik; Sabır, Tevekkül ve Manevi Olgunluk","Hutbe, orman yangınları felaketinin ardından zorlukların birlikte aşılabileceğini anlatarak dayanışma çağrısı yapar. Yangınların çoğunun söndürüldüğü, bazı bölgelerde çalışmaların devam ettiği belirtilir. Hutbe, afetle mücadele eden görevlilere kolaylık ve yardım dileğiyle tamamlanır.",orman yangını; afet; dayanışma; çevre felaketi; gönüllülük; sabır
13.08.2021,2021,KERBELÂ’YI İBRET NAZARIYLA OKUYALIM,"Kandiller, Muharrem ve Mübarek Geceler",,"Hutbe, yeni hicri yıla girilmesi vesilesiyle Kerbelâ hadisesini ibret nazarıyla okuma çağrısı yapar. Hicretin bir mekândan diğerine yolculuktan öte kötülükten iyiliğe geçiş olduğu anlatılır. Hutbe, sabredenlerin Allah ile beraber olacağını bildiren ayetle tamamlanır.",Kerbelâ; Muharrem; hicri yıl; hicret; sabır; ibret
20.08.2021,2021,MÜSLÜMAN İŞİNİ SAĞLAM VE GÜZEL YAPAR,"Ekonomik Hayat: Kazanç, Zekat ve İsraf","Ahlak, Erdem ve Söz","Hutbe, yapılan işi güzel yapanları Allah’ın sevdiğini bildiren ayetle Müslüman’ın işini sağlam ve güzel yapması gerektiğini anlatır. Allah’ın işini en iyi şekilde yapandan memnun kaldığı hadisle desteklenir. Hutbe, güzel iş yapanların ecrinin zayi olmayacağını bildiren ayetle tamamlanır.",iş ahlakı; kalite; özen; emek; ihsan; çalışma bilinci
27.08.2021,2021,ALLAH’IN YARDIM ETTİĞİNE MAĞLUBİYET YOKTUR,"Vatan, Millet ve Tarih",,"Hutbe, Allah yardım ederse hiç kimsenin galip gelemeyeceğini bildiren ayetle Allah’ın yardım ettiğine mağlubiyet olmadığını anlatır. Allah’tan başka ilah olmadığını bildiren tevhid ifadesiyle tekbir vurgulanır. Hutbe, vatan uğruna şehit olanların rahmetle anılmasıyla tamamlanır.",Allah’ın yardımı; tevhid; zafer; şehitlik; tevekkül; 30 ağustos
03.09.2021,2021,ALLAH İLİM YOLCUSUNA CENNETİ KOLAYLAŞTIRIR,"Eğitim, Teknoloji, Çevre ve Toplumsal Değişim",,"Hutbe, ilim öğrenmenin İslam'daki değerini ve insanı Allah'a yaklaştıran bilginin önemini ele alır. İlmin ancak amele dönüştüğünde ve Allah rızası gözetilerek elde edildiğinde kıymetli olduğu vurgulanır. Hutbe, yeni eğitim öğretim yılına başlayan öğrencilere başarı ve salgından korunma temennisiyle sona erer.",ilim; eğitim öğretim; âlim; faydalı bilgi; okullar; salgın tedbiri
10.09.2021,2021,CUMA NAMAZI: HAFTALIK BULUŞMAMIZ,İbadet ve Kulluk,,"Hutbe, Cuma namazının Hz. Peygamber'in hicreti sırasında kılınmasıyla başlayan tarihini ve bu günün müminler için haftalık bir buluşma ve diriliş vesilesi olduğunu anlatır. Cuma namazına hazırlığın edepleri, hutbeyi dinlerken dikkat edilmesi gereken kurallar ve namazı ihmal etmenin ağır sonuçları hatırlatılır. Hutbe, ailece camiye devam çağrısıyla ve günahların affına vesile olacağı müjdesiyle tamamlanır.",cuma namazı; hutbe adabı; cuma günü; cemaatle ibadet; gusül ve temizlik
17.09.2021,2021,TİCARET HAYATINDA HELAL HARAM BİLİNCİ,"Ekonomik Hayat: Kazanç, Zekat ve İsraf",,"Hutbe, Hz. Peygamber'in ticarette dürüstlüğü teşvik eden bir olayından yola çıkarak İslam'ın helal kazanç ve ahlaklı alışverişe verdiği önemi işler. Hile, aldatma, karaborsacılık ve fahiş fiyat gibi haksız kazanç yollarının yasak olduğu vurgulanır. Hutbe, Ahilik geleneğinin ahlaki öğütleriyle helal ve bereketli bir ticaret hayatına davetle sona erer.",ticaret ahlakı; helal kazanç; dürüstlük; ahilik; karaborsacılık; ölçü tartı
24.09.2021,2021,TAKVA: RABBİMİZİN RIZASINI DİRİ TUTMA BİLİNCİ,"İman, Tevhid ve Ahiret","Sabır, Tevekkül ve Manevi Olgunluk","Hutbe, takvayı Allah'ın rızasını sürekli gözetme ve günahlardan sakınma bilinci olarak tanımlar; takvanın kelime-i tevhitten başlayıp Allah'a itaate ve kalbin arınmasına uzanan derecelerini anlatır. Takva sahibi müminin ibadetlerini eksiksiz yerine getirdiği, kul hakkına riayet ettiği ve helal kazanca özen gösterdiği vurgulanır. Hutbe, Allah katındaki asıl değerin mal değil takva olduğunu hatırlatarak takvaya bürünme çağrısıyla biter.",takva; kelime-i tevhid; allah'a itaat; kalbin arınması; muttakiler
01.10.2021,2021,MÜMİN CAMİYE VEFALIDIR,İbadet ve Kulluk,,"Hutbe, camilerin İslam'daki merkezi konumunu ve Hz. Peygamber'in cami ile ilgilenenlere gösterdiği vefayı anlatan bir kıssayla başlar. Cami ve mescitlerin sadece inşa edilmesinin değil, cemaatle şenlendirilip gönüllerle imar edilmesinin asıl önemli olduğu vurgulanır. Hutbe, Camiler ve Din Görevlileri Haftası vesilesiyle din hizmetine emek verenleri anma ve camilere sahip çıkma çağrısıyla sona erer.",cami; mescit; camiler ve din görevlileri haftası; din görevlileri; cemaat
08.10.2021,2021,SONSUZ HAYAT AHİRET,"İman, Tevhid ve Ahiret",,"Hutbe, kıyametin vaktini soran bir sahabiye Hz. Peygamber'in ahirete hazırlığı hatırlattığı kıssayla dünyanın geçici, ahiretin ise asıl ve kalıcı yurt olduğunu anlatır. Ahirete iman etmenin insana sorumluluk bilinci, sabır ve tevekkül kazandırdığı, her amelin karşılığının mutlaka görüleceği vurgulanır. Hutbe, mahşer günü için şimdiden hazırlanma ve Allah'a karşı gelmekten sakınma çağrısıyla sona erer.",ahiret; hesap günü; ölüm ve diriliş; amel defteri; dünya hayatının geçiciliği
15.10.2021,2021,MÜBAREK GECE MEVLİD-İ NEBİ,Peygamberimiz ve Ashab,,"Hutbe, Mevlid-i Nebi gecesi vesilesiyle Hz. Peygamber'in insanlığa rehberliğini ve getirdiği rahmet, adalet ve ahlak mesajını anlatır. Peygamberimizin sünnetine sarılmanın ve onu örnek almanın toplumu yeniden asr-ı saadet ruhuna kavuşturacağı vurgulanır. Hutbe, bu yılki Mevlid-i Nebi Haftası temasının Peygamberimiz ve Vefa Toplumu olduğunu duyurarak tebrik ve dua ile sona erer.",mevlid-i nebi; peygamberimiz ve vefa toplumu; hz. muhammed; sünnet; mevlid kandili
22.10.2021,2021,"ONUN BİZE MİRASI, EŞSİZ VEFASI","Aile, Çocuk ve Nesil",Peygamberimiz ve Ashab,"Hutbe, Mevlid-i Nebi Haftası temasına uygun olarak Hz. Peygamber'in Allah'a, insanlara, ailesine, verdiği söze ve çevreye gösterdiği vefa örneklerini sıralar. Peygamberimizin hem ibadetteki şükrünü hem de eşine, çocuğuna ve doğaya karşı duyduğu sorumluluğu somut olaylarla anlatılır. Hutbe, vefalı olmanın imandan geldiğini hatırlatarak bu örnekliği hayata taşıma çağrısıyla biter.",vefa; peygamberimiz ve vefa toplumu; ahde vefa; hz. hatice; çevreye vefa
29.10.2021,2021,"YAŞLILARIMIZA VEFA, RAHMET VE MAĞFİRET VESİLEMİZDİR",İbadet ve Kulluk,"Aile, Çocuk ve Nesil; Vatan, Millet ve Tarih","Hutbe, Hz. Ebubekir'in yaşlı babasına gösterdiği tevazu ve Hz. Peygamber'in yaşlılara verdiği değeri anlatan bir kıssayla başlar. Yaşlıların toplumun manevi köprüleri ve rahmet vesilesi olduğu, onlara hürmetin Allah'ın rızasına vesile olduğu vurgulanır. Hutbe, Cumhuriyetin ilan yıl dönümü vesilesiyle şehit ve gazileri anma duasıyla sona erer.",yaşlılara vefa; hürmet; büyüklere saygı; cumhuriyet bayramı; dua
05.11.2021,2021,İNSAN İMANLA YÜCELİR,"İman, Tevhid ve Ahiret","Sabır, Tevekkül ve Manevi Olgunluk","Hutbe, imanın insana kazandırdığı huzur ve yüceliği anlatarak imanın altı esasını ve bunların hayata yansımasını açıklar. İman edip salih amel işleyenlerin kurtuluşa ereceği, inkâr edenlerin ise dünya ve ahirette hüsrana uğrayacağı vurgulanır. Hutbe, iman esaslarını hayata geçirme ve güzel ahlaktan taviz vermeme çağrısıyla biter.",iman; iman esasları; kader; salih amel; amentü
12.11.2021,2021,İBADET: ALLAH İLE KUL ARASINDAKİ KUTLU BAĞ,"İman, Tevhid ve Ahiret",İbadet ve Kulluk,"Hutbe, Hz. Peygamber'in Safa tepesinde insanları İslam'a davet ettiği kıssasıyla ibadetin Allah'a kulluk çağrısı olduğunu anlatır. İbadetin insanın yaratılış gayesi olduğu, Allah'ın kulları üzerindeki hakkının O'na ibadet edip şirk koşmamak olduğu vurgulanır. Hutbe, ibadetleri ihlasla ve aksatmadan yerine getirme çağrısıyla sona erer.",ibadet; kulluk; şirk; muaz b. cebel; ihlas
19.11.2021,2021,ŞİDDET İNSAN ONURUYLA ASLA BAĞDAŞMAZ,"Aile, Çocuk ve Nesil","Toplumsal Dayanışma, Merhamet ve Kardeşlik; Peygamberimiz ve Ashab","Hutbe, Veda Hutbesi'nden alıntıyla can, mal ve namusun dokunulmazlığını hatırlatarak şiddetin insan onuruyla asla bağdaşmayacağını vurgular. Özellikle kadına yönelik şiddetin arttığına dikkat çekilerek şiddetin hiçbir gerekçesinin olamayacağı, dinimizde asıl olanın merhamet ve şefkat olduğu anlatılır. Hutbe, şiddet mağduru kardeşlere rahmet duasıyla ve merhametin yeryüzüne hâkim olması niyazıyla sona erer.",şiddet; kadına yönelik şiddet; veda hutbesi; can dokunulmazlığı; merhamet
26.11.2021,2021,MÜMİN FAYDASIZ SÖZLERDEN VE LÜZUMSUZ İŞLERDEN UZAK DURUR,"İman, Tevhid ve Ahiret","Ekonomik Hayat: Kazanç, Zekat ve İsraf","Hutbe, müminin faydasız söz ve davranışlardan uzak durmasının kurtuluşa erdirici bir vasıf olduğunu ayet ve hadislerle anlatır. Vakit ve emek israfına yol açan, toplumsal huzuru bozan söz ve eylemlerden kaçınmanın önemi vurgulanır. Hutbe, ömrü hayırla değerlendirme ve mahşer gününe hazırlanma çağrısıyla, Peygamberimizin faydasız ilimden sığınma duasıyla sona erer.",faydasız söz ve davranış; vakit israfı; mahşer; amel defteri; hesap günü
03.12.2021,2021,ENGELLERİ HEP BİRLİKTE VE SEVGİYLE AŞALIM,"Toplumsal Dayanışma, Merhamet ve Kardeşlik",,"Hutbe, insanın Allah katındaki değerinin engelli ya da engelsiz oluşuyla değil kalbiyle ölçüldüğünü, Hz. Peygamber'in engelli sahabilere gösterdiği özel ilgiyle örneklendirir. Engelliliğin bir eksiklik olmadığı, sabırla karşılandığında cennete vesile olabileceği anlatılır. Hutbe, engelli kardeşleri anlama, saygı gösterme ve hayatlarını kolaylaştırma çağrısıyla sona erer.",engelliler; abdullah b. ümmi mektum; sadaka; hayatı kolaylaştırmak; saygı
10.12.2021,2021,MÜMİN CANA YAKINDIR,"Sabır, Tevekkül ve Manevi Olgunluk","Toplumsal Dayanışma, Merhamet ve Kardeşlik","Hutbe, bir sahabinin yalnız yaşama isteğine Hz. Peygamber'in toplum içinde mücadelenin daha faziletli olduğunu söylemesinden yola çıkarak modern çağda bireyselleşme ve dijital yalnızlaşmayı eleştirir. İnsanların komşuluk, dostluk ve akrabalık bağlarından uzaklaşarak sanal âleme hapsolduğu vurgulanır. Hutbe, Peygamberimizin şefkat ve cana yakınlık ahlakını örnek alma çağrısıyla sona erer.",cana yakınlık; bireyselleşme; dijital bağımlılık; komşuluk; yalnızlaşma
17.12.2021,2021,"MÜSLÜMAN, DİNÎ VE AHLAKİ DEĞERLERİYLE YAŞAR","Ahlak, Erdem ve Söz","Ekonomik Hayat: Kazanç, Zekat ve İsraf; Vatan, Millet ve Tarih","Hutbe, en hayırlı ümmet olma vasfının ancak dini ve ahlaki değerlere sahip çıkmakla korunabileceğini anlatır. Popüler kültürü bilinçsizce taklit etmenin, başka toplumlara benzemeye çalışmanın Müslüman kimliğini zedeleyeceği vurgulanır. Hutbe, Kur'an ve sünnete sımsıkı sarılarak dini ve ahlaki değerlerle yaşama çağrısıyla sona erer.",dini ve ahlaki değerler; popüler kültür; kimlik; taklit; helal kazanç
24.12.2021,2021,AHİRET DAHA HAYIRLI VE SÜREKLİDİR,"İman, Tevhid ve Ahiret",,"Hutbe, Hz. Peygamber'in bir cenazede gözyaşı dökerek ölüme hazırlık çağrısı yapmasından yola çıkarak ölümün ve ahiretin gerçekliğini hatırlatır. Salgında kaybedilen canlara duyarsızlaşmanın eleştirildiği hutbede, ahirete imanın hayata anlam ve istikamet kazandırdığı vurgulanır. Hutbe, amel defterini salih amellerle doldurma ve ahireti dünyaya tercih etmeme çağrısıyla sona erer.",ahiret; ölüme hazırlık; hesap günü; salgın; amel defteri
31.12.2021,2021,"GEÇMİŞİMİZİ MUHASEBE EDELİM, GELECEĞİMİZE YÖN VERELİM","Sabır, Tevekkül ve Manevi Olgunluk","İman, Tevhid ve Ahiret; İbadet ve Kulluk","Hutbe, Hz. Ömer'in kendini hesaba çekme öğüdünden hareketle yıl sonunda geçmişi muhasebe etme ve geleceğe yön verme çağrısı yapar. Muhasebenin, kişinin kendini tanıyıp günahlardan tövbe etmesi ve kulluk ahdine sadık kalması olduğu anlatılır. Hutbe, geçen yılın kıymetini sorgulayan sorularla ve akıllı kişinin ahiret için hazırlananlar olduğunu hatırlatan hadisle sona erer.",yıl sonu muhasebesi; nefis muhasebesi; hz. ömer; tövbe; kulluk ahdi
07.01.2022,2022,TÖVBE: GÜNAHLARDAN ARINMA İRADESİ,"İman, Tevhid ve Ahiret",,"Hutbe, tövbenin Allah'ın kullarına lütfettiği bir rahmet ve umut kapısı olduğunu, günahlardan içtenlikle pişmanlık duyup bir daha dönmemeye karar vermek olduğunu anlatır. Yalan, gıybet, harama uzanan eller ve kalbi kirleten kötü huylar için tövbe edilmesi gerektiği vurgulanır. Hutbe, Peygamberimizin öğrettiği tövbe-istiğfar duasıyla sona erer.",tövbe; istiğfar; günahlardan arınma; pişmanlık; nasuh tövbesi
14.01.2022,2022,KELİME-İ ŞEHÂDET: İMANIN ÖZÜ,"İman, Tevhid ve Ahiret",Peygamberimiz ve Ashab,"Hutbe, kelime-i şehadetin imanın özü ve İslam'ın ilk şartı olduğunu, Allah ve Peygamber ile aramızda bir sözleşme niteliği taşıdığını anlatır. Bu tevhid beyanının kişiyi iman halkasına dahil ederek dünya ve ahiret saadetine kavuşturduğu vurgulanır. Hutbe, koronavirüsün yeni varyantlarına karşı tedbirlere uyma çağrısıyla sona erer.",kelime-i şehadet; tevhid; iman; muaz b. cebel; koronavirüs tedbirleri
21.01.2022,2022,İSLAM: ALLAH KATINDA YEGÂNE DİN,"İman, Tevhid ve Ahiret","Sabır, Tevekkül ve Manevi Olgunluk; Kur'an-ı Kerim","Hutbe, İslam'ın Allah katında yegâne hak din olduğunu, Hz. Âdem'den beri gelen vahyin Hz. Muhammed ile kemale erdiğini anlatır. İslam'ın canı, malı, aklı, dini ve nesli koruyan; tevhit, samimiyet ve istikamet üzerine kurulu bir hayat nizamı olduğu vurgulanır. Hutbe, İslam'ın dosdoğru yolundan ayrılmama çağrısıyla sona erer.",islam; tevhid; hak din; istikamet; vahiy
28.01.2022,2022,ÜÇ AYLAR: RAHMET VE MAĞFİRET VESİLEMİZ,"Ramazan, Oruç ve Bayramlar","Kandiller, Muharrem ve Mübarek Geceler; İman, Tevhid ve Ahiret","Hutbe, üç ayların ve Regaib Gecesi'nin rahmet, mağfiret ve bereket vesilesi olduğunu anlatır. Regaib Gecesi'nin kendini sorgulama, günahlardan tövbe etme ve Ramazan'a hazırlanma fırsatı sunduğu vurgulanır. Hutbe, kulluğun sadece belirli vakitlere mahsus olmadığını hatırlatarak Asr suresiyle sona erer.",üç aylar; regaib gecesi; receb ayı; rahmet ve mağfiret; ramazana hazırlık
04.02.2022,2022,SÖZ VE DAVRANIŞLARIMIZDA DOĞRU OLALIM,"Ahlak, Erdem ve Söz",,"Hutbe, doğruluğun imanın özü ve müminin şiarı olduğunu, yalanın ise toplumu ve aileyi çürüten bir hastalık olduğunu anlatır. Özellikle sosyal medyada doğrulanmamış haberlerin yayılmasının büyük bir vebal olduğu vurgulanır. Hutbe, doğru kimselerle beraber olma ve haberleri araştırmadan paylaşmama çağrısıyla sona erer.",doğruluk; yalan; sosyal medya; dedikodu; haber doğrulama
11.02.2022,2022,İSLAM’I TEMSİL SORUMLULUĞUMUZ,"Ahlak, Erdem ve Söz",,"Hutbe, Hz. Peygamber'in Hz. Ali'ye İslam'ı davet konusundaki nasihatinden yola çıkarak Müslümanların İslam'ı sözleriyle değil yaşayışlarıyla temsil etmesi gerektiğini anlatır. İslamiyet'in farklı coğrafyalara yayılmasında müminlerin örnek hayatlarının etkili olduğu vurgulanır. Hutbe, İslam'ı hakkıyla temsil edemeyen her Müslümanın dine zarar verdiğini hatırlatarak örnek davranış çağrısıyla sona erer.",islam'ı temsil; örnek olmak; davet; hz. ali; ahlaklı yaşayış
18.02.2022,2022,PEYGAMBERİMİZİN AHLAKI KUR’AN’DI,Peygamberimiz ve Ashab,"Ahlak, Erdem ve Söz; Kur'an-ı Kerim","Hutbe, Hz. Âişe'nin Onun ahlakı Kur'an'dı sözünden hareketle Hz. Peygamber'in ahlakının Kur'an'ın canlı bir tefsiri olduğunu anlatır. Peygamberimizin Kur'an'ın emirlerini birebir hayatına yansıttığı ve güzel ahlakı tamamlamak için gönderildiği vurgulanır. Hutbe, Peygamberimizin ahlakıyla ahlaklanma ahdini tazeleme çağrısıyla sona erer.",peygamberimizin ahlakı; hz. aişe; güzel ahlak; kur'an; örnek şahsiyet
25.02.2022,2022,MÜMİNİN MİRACI NAMAZ,İbadet ve Kulluk,"Kandiller, Muharrem ve Mübarek Geceler","Hutbe, Miraç Gecesi vesilesiyle namazın müminin miracı ve Allah'la buluşma vesilesi olduğunu anlatır. Namazın kıyamet günü ilk hesaba çekilecek amel olduğu, mümini kötülükten alıkoyan manevi bir zırh işlevi gördüğü vurgulanır. Hutbe, namazları samimiyetle eda etme ve aileyi namazla buluşturma çağrısıyla sona erer.",miraç gecesi; namaz; beş vakit namaz; namazın fazileti; kandil
04.03.2022,2022,BAĞIMLILIK: İNSAN ONURUYLA BAĞDAŞMAYAN HASTALIK,"Afet, Kriz ve Sağlık",,"Hutbe, insanın Allah tarafından şerefli yaratıldığını ancak bağımlılığın bu onuru zedeleyen bir hastalık olduğunu anlatır. Alkol, uyuşturucu, kumar ve dijital bağımlılığın aileleri dağıttığı, gençleri ve toplumu tehdit ettiği vurgulanır. Hutbe, bağımlılıklara karşı uyanık olma ve bağımlı kişileri tedavi merkezlerine yönlendirme çağrısıyla sona erer.",bağımlılık; uyuşturucu; kumar; dijital bağımlılık; alkol; gençlik
11.03.2022,2022,DÜNYA HAYATI BİR İYİLİK YOLCULUĞUDUR,"Ahlak, Erdem ve Söz","Kandiller, Muharrem ve Mübarek Geceler","Hutbe, dünya hayatının bir iyilik yolculuğu olduğunu ve iyiliğin insanı insan yapan temel değer olduğunu anlatır. İyiliğin iman etmek, ihtiyaç sahiplerine yardım etmek, güler yüzlü ve affedici olmak gibi geniş bir alanı kapsadığı vurgulanır. Hutbe, Berat Gecesi'nin yaklaştığını hatırlatarak iyilikleri çoğaltma çağrısı ve tebrikle sona erer.",iyilik; berat gecesi; güzel ahlak; yardımlaşma; sadaka
18.03.2022,2022,ÇANAKKALE ZAFERİ: BİR MİLLETİN YENİDEN DİRİLİŞİ,"Vatan, Millet ve Tarih",,"Hutbe, Çanakkale Zaferi'ni milletin iman, cesaret ve fedakârlığının bir destanı olarak anlatarak bu zaferin İslam'ın izzeti ve bağımsızlık mücadelesi anlamına geldiğini vurgular. Şehitlerin ve gazilerin fedakârlığının ümmet olma şuurunu ve savaş ahlakını simgelediği belirtilir. Hutbe, Çanakkale ruhunu gelecek nesillere aktarma çağrısı ve şehitleri anma şiiriyle sona erer.",çanakkale zaferi; şehitlik; gaziler; vatan sevgisi; istiklal mücadelesi
25.03.2022,2022,"AİLEMİZ: SEVGİ, RAHMET VE GÜVEN İKLİMİMİZ","Aile, Çocuk ve Nesil",,"Hutbe, ailenin Allah'ın bir nimeti ve toplumun temel çekirdeği olduğunu, eşler arasındaki sevgi ve rahmetin ayetle temellendirildiğini anlatır. Ailenin erdemlerin öğrenildiği bir mektep ve maddi manevi tehlikelere karşı bir kale olduğu vurgulanır. Hutbe, aile kurumunun itibarsızlaştırıldığı günümüzde ailenin kıymetini bilme çağrısıyla sona erer.",aile; eşler arası sevgi ve rahmet; anne baba; aile kurumu; huzurlu yuva
01.04.2022,2022,MERHABA YA ŞEHR-İ RAMAZAN,"Ramazan, Oruç ve Bayramlar",İbadet ve Kulluk,"Hutbe, edebi bir üslupla Ramazan ayının gelişini karşılama coşkusunu anlatarak bu ayın rahmet, bereket ve hidayet ayı olduğunu vurgular. Oruç, iftar, teravih, Kur'an tilaveti ve infakın Ramazan'ın ruhunu oluşturduğu belirtilir. Hutbe, Ramazan'ın hastalara şifa ve herkese mübareklik getirmesi duasıyla sona erer.",ramazan; oruç; iftar; teravih; kur'an ayı; bereket
08.04.2022,2022,RAMAZAN VE DOĞRULUK,"Ahlak, Erdem ve Söz",,"Hutbe, doğruluğun İslam'ın özü olduğunu ve dosdoğru olmanın hem ailede hem ticarette hem de sanal âlemde gözetilmesi gerektiğini anlatır. Ramazan'ın doğruluğu hayata hâkim kılmak için bir fırsat olduğu, yalanın iyiliği ortadan kaldırdığı vurgulanır. Hutbe, her söz ve işte dosdoğru olmanın cennete götüreceği hatırlatmasıyla sona erer.",doğruluk; ramazan; dürüstlük; aile içi güven; sanal âlemde dürüstlük
15.04.2022,2022,ZEKÂT VE İNFAK: İSLAM’IN KARDEŞLİK KÖPRÜSÜ,"Ekonomik Hayat: Kazanç, Zekat ve İsraf",,"Hutbe, zekât ve infakın Allah'ın emanet ettiği malı ihtiyaç sahipleriyle paylaşmak ve zenginle fakir arasında kardeşlik köprüsü kurmak olduğunu anlatır. Zekâtın cimrilik hastalığından koruyup cömertlik erdemi kazandırdığı, malın gerçek sahibinin Allah olduğu bilincini pekiştirdiği vurgulanır. Hutbe, Türkiye Diyanet Vakfı aracılığıyla zekât ve infakların ihtiyaç sahiplerine ulaştırıldığını hatırlatarak sona erer.",zekât; infak; sadaka; kardeşlik köprüsü; türkiye diyanet vakfı
22.04.2022,2022,LEYLETÜ’L-KADR: İLAHİ LÜTUF VE İKRAM GECESİ,"Kandiller, Muharrem ve Mübarek Geceler","İbadet ve Kulluk; Ramazan, Oruç ve Bayramlar","Hutbe, Kadir gecesinin Kur'an'ın indirildiği, bin aydan daha hayırlı olan eşsiz bir gece olduğunu anlatır. Bu gecede Kur'an'a yönelmenin ve itikâfla nefis muhasebesi yapmanın önemi vurgulanır. Hutbe, Ramazan'ın son günlerini ilahi bir lütuf bilerek değerlendirme çağrısı ve affedilme duasıyla sona erer.",kadir gecesi; kur'an; itikaf; ramazan'ın son on günü; af ve mağfiret
29.04.2022,2022,HAYATI HELAL KILABİLMEK,"Ekonomik Hayat: Kazanç, Zekat ve İsraf","Ramazan, Oruç ve Bayramlar; Toplumsal Dayanışma, Merhamet ve Kardeşlik","Hutbe, helal ve haram kavramlarının sadece yeme içmeyle sınırlı olmadığını, hayatın her alanını kuşatan bir bilinç olduğunu anlatır. Helalin fıtratı koruyan, haramın ise fıtratı bozan ve Allah'ın gazabını celbeden şeyler olduğu vurgulanır. Hutbe, bayram öncesi trafik güvenliği uyarısıyla ve helal-haram sınırına riayet çağrısıyla sona erer.",helal ve haram; şüpheli şeyler; israf; bayram; trafik güvenliği
02.05.2022,2022,"BAYRAMIMIZ KUTLU, GÖNLÜMÜZ İMAN VE NEŞE DOLU OLSUN","Ramazan, Oruç ve Bayramlar","İman, Tevhid ve Ahiret; Toplumsal Dayanışma, Merhamet ve Kardeşlik","Hutbe, bayramların fıtratla buluşma, kardeşliği pekiştirme ve şükür vesilesi olan günler olduğunu şiirsel bir üslupla anlatır. Bayramlarda akraba ziyareti, hasta ve yetimleri sevindirme, küskünlükleri bırakma gibi güzelliklerin öne çıkarılması gerektiği vurgulanır. Hutbe, milletin ve İslam âleminin bayramını tebrik ederek dua ile sona erer.",ramazan bayramı; bayram ziyaretleri; kardeşlik; barışma; şükür
06.05.2022,2022,ŞÜKÜR SANA EY ŞEKÛR,"İman, Tevhid ve Ahiret","Sabır, Tevekkül ve Manevi Olgunluk; İbadet ve Kulluk","Hutbe, Allah'ın insana bahşettiği sayısız nimeti -gökyüzü, denizler, hayvanlar, akıl ve duyular- tefekkür ederek şükrün önemini anlatır. Şükrün sadece dille değil kalp, akıl ve bedenle de gerçekleştirilen bütünsel bir kulluk hali olduğu vurgulanır. Hutbe, şükrün nimetleri artıracağı hatırlatmasıyla ve Peygamberimizin şükür duasıyla sona erer.",şükür; nimetler; kulluk; hamd; nankörlük
13.05.2022,2022,İŞ VE ÇALIŞMA AHLAKI,"Ekonomik Hayat: Kazanç, Zekat ve İsraf",,"Hutbe, İslam'ın helal kazanç ve çalışma hayatında dürüstlüğü emrettiğini, iş ve ticaret ahlakının temelinin doğruluk ve emeğe saygı olduğunu anlatır. İşverenin çalışana ücretini zamanında ödemesi ve güvenli çalışma ortamı sağlaması, işçinin de işini sağlam yapması gerektiği vurgulanır. Hutbe, iş ahlakına riayet edenlerin hem helal rızık hem de Allah'ın rızasını kazanacağı hatırlatmasıyla sona erer.",iş ve çalışma ahlakı; işçi işveren ilişkisi; emeğin karşılığı; iş güvenliği; helal kazanç
20.05.2022,2022,DİJİTAL DÜNYADA DEĞERLERİYLE AİLE OLMAK,"Aile, Çocuk ve Nesil","Toplumsal Dayanışma, Merhamet ve Kardeşlik; Vatan, Millet ve Tarih","Hutbe, ailenin sevgi, merhamet ve güven üzerine kurulan İslami bir kurum olduğunu, dijital dünyanın ise bu değerleri aşındırma riski taşıdığını anlatır. Sanal âlemin cazibesine kapılıp aile içi iletişimin zayıflamasının ciddi bir tehlike olduğu vurgulanır. Hutbe, dijital çağda milli ve manevi değerlere sahip çıkarak aile olma çağrısıyla sona erer.",dijital dünya; aile; sanal âlem; aile içi iletişim; milli ve manevi değerler
27.05.2022,2022,ALLAH’IN KİTABINA VE PEYGAMBERİNİN SÜNNETİNE BAĞLILIK,"Vatan, Millet ve Tarih",Peygamberimiz ve Ashab; Kur'an-ı Kerim,"Hutbe, Kur'an ve sünnetin Müslümanlar için iki temel hayat rehberi olduğunu, sünnetin Kur'an'daki hakikatleri açıklayıp hayata geçirdiğini anlatır. Kur'an ve sünnete bağlı bir müminin adaletli, dürüst ve cana yakın olacağı vurgulanır. Hutbe, sınırdaki askerlere zafer ve şehit-gazilere rahmet duasıyla sona erer.",kur'an ve sünnet; sünnete bağlılık; hidayet; mehmetçik; şehit ve gaziler
03.06.2022,2022,ÇEVREYE VEFA MÜMİNİN ŞİARIDIR,"Eğitim, Teknoloji, Çevre ve Toplumsal Değişim",,"Hutbe, Hz. Peygamber'in doğaya, suya ve hayvanlara gösterdiği duyarlılığı örnek göstererek çevrenin İslami bir sorumluluk alanı olduğunu anlatır. İnsanlığın israf ve açgözlülükle doğal dengeyi bozduğu, bunun sonuçlarının kirlenme ve iklim sorunları olarak ortaya çıktığı vurgulanır. Hutbe, dünyanın emanet olduğu bilinciyle çevreyi koruma çağrısıyla sona erer.",çevre; israf; doğal denge; su tasarrufu; çevre kirliliği
10.06.2022,2022,BİR YUVA KURALIM,"Aile, Çocuk ve Nesil",,"Hutbe, nikâhın Allah'ın emri ve peygamberin sünneti olduğunu, sağlam bir yuva kurmanın anne-babalar ve gençler için ortak bir sorumluluk olduğunu anlatır. Evlilikte kolaylaştırıcı olma, düğünlerde israf ve helal-haram sınırlarına dikkat etme gereği vurgulanır. Hutbe, sade ve mütevazı düğünlerle huzurlu bir yuva kurma duasıyla sona erer.",nikâh; evlilik; düğün israfı; gençlere nasihat; aile kurmak
17.06.2022,2022,"HAYDİ KOŞ GEL, CAMİLER SENİNLE GÜZEL","Aile, Çocuk ve Nesil",,"Hutbe, çocukların Allah'ın emaneti ve ailelerin en değerli nimeti olduğunu, onları iyi bir Müslüman olarak yetiştirmenin ebeveyn sorumluluğu olduğunu anlatır. Çocuklara güzel terbiye vermenin en kıymetli miras olduğu vurgulanır. Hutbe, yaz Kur'an kurslarının başladığını duyurarak çocukları camiye teşvik çağrısıyla sona erer.",çocuk terbiyesi; yaz kur'an kursları; ebeveyn sorumluluğu; çocuk eğitimi; cami
24.06.2022,2022,KURBAN: TAKVAYA ULAŞMA ARZUSU,"Ramazan, Oruç ve Bayramlar",,"Hutbe, kurban ibadetinin Allah'a yakınlaşma, sadakat ve şükür ifadesi olduğunu, kurbanın etinden çok kulun takvasının önemli olduğunu anlatır. Kurbanlık hayvanın şartları, kesim usulleri ve vekâlet yoluyla kurban kestirmenin caiz olduğu detaylı olarak açıklanır. Hutbe, Türkiye Diyanet Vakfı aracılığıyla kurban etinin ihtiyaç sahiplerine ulaştırılacağı duyurusuyla sona erer.",kurban; takva; kurban bayramı; vekâlet yoluyla kurban; türkiye diyanet vakfı; zilhicce
01.07.2022,2022,AHİRET GÜNÜ VE HESAP VERME BİLİNCİ,"İman, Tevhid ve Ahiret",,"Hutbe, ölümün bir yok oluş değil ebedi hayata açılan bir geçiş kapısı olduğunu, ahiret gününde herkesin yaptıklarının hesabını vereceğini anlatır. Kıyamet ve mahşer gününün gerçekliği ayetlerle desteklenerek, o gün organların bile şahitlik edeceği vurgulanır. Hutbe, ölüm gelmeden önce kendini hesaba çekme ve dünyaya aldanmama çağrısıyla sona erer.",ahiret günü; hesap verme bilinci; kıyamet; mahşer; ölüm
08.07.2022,2022,HAC: İLÂHİ DAVET,İbadet ve Kulluk,"Ramazan, Oruç ve Bayramlar","Hutbe, Arefe ve Arafat gününde dünyanın dört bir yanından gelen hacı adaylarının buluşmasını anlatarak haccın ilahi bir davet olduğunu vurgular. Hacca gidemeyenlerin de dua ile hacılara ortak olması öğütlenir. Hutbe, bayram yolculuğunda dikkatli ve sabırlı olma çağrısıyla tamamlanır.",hac; Arefe; Arafat; dua; kurban bayramı; yolculuk güvenliği
09.07.2022,2022,KURBAN BAYRAMI: ALLAH’A YAKLAŞMA SEVİNCİMİZ,"Ramazan, Oruç ve Bayramlar",Peygamberimiz ve Ashab,"Hutbe, Peygamberimizin hicretin ikinci yılında ilk kurban bayramını ashabıyla idrak etmesi kıssasıyla kurbanın Allah’a yaklaşma sevinci olduğunu anlatır. Bayram namazından sonra kurban kesmenin sünnete uygunluğu vurgulanır. Hutbe, bayramın huzur ve bereket getirmesi dileğiyle tamamlanır.",kurban bayramı; bayram namazı; sünnet; Allah’a yakınlık; paylaşma; hamd
15.07.2022,2022,15 TEMMUZ: BİRLİK VE BERABERLİĞİN ZAFERİ,"Vatan, Millet ve Tarih","Toplumsal Dayanışma, Merhamet ve Kardeşlik","Hutbe, Allah’ın ipine sımsıkı sarılıp bölünmemeyi emreden ayetle 15 Temmuz darbe girişiminin milletin birlik ve beraberlik ruhuyla nasıl bertaraf edildiğini anlatır. Müslüman kardeşliğinin ihanete izin vermeyeceği hadisle vurgulanır. Hutbe, şehit ve gazilerin rahmet ve minnetle anılmasıyla tamamlanır.",15 Temmuz; darbe girişimi; birlik ve beraberlik; şehitlik; vatan; kardeşlik
22.07.2022,2022,HER CAN MUKADDESTİR,"Toplumsal Dayanışma, Merhamet ve Kardeşlik",,"Hutbe, insanın eşref-i mahlûk olarak yaratıldığını ve yeryüzünün halifesi kılındığını anlatarak her canın mukaddes ve dokunulmaz olduğunu vurgular. Bir cana kıymanın tüm insanlığa kıymak gibi olduğu ayetle desteklenir. Hutbe, müminin elinden ve dilinden başkalarının güvende olduğu kişi olduğunu bildiren hadisle tamamlanır.",can güvenliği; insan onuru; yaşam hakkı; halifelik; güvenilirlik; ahlak
29.07.2022,2022,HİCRETİMİZ RABBİMİZE OLSUN,Peygamberimiz ve Ashab,,"Hutbe, Mekkeli müşriklerin baskı ve zulmüne rağmen Peygamberimizin hicret ederek Allah’a yönelişini anlatarak hicretin özünde bir Rabbe yöneliş olduğunu vurgular. Hicretin sadece mekân değişikliği değil kötülükten iyiliğe geçiş olduğu anlatılır. Hutbe, Allah yolunda mal ve canıyla cihad edenlerin yüksek mertebede olacağını bildiren ayetle tamamlanır.",hicret; Mekke’den Medine’ye; zulme direniş; Allah’a yöneliş; iman mücadelesi; sabır
05.08.2022,2022,MUHARREM AYI VE KERBELÂ,"Kandiller, Muharrem ve Mübarek Geceler",,"Hutbe, Muharrem ayının hürmete şayan bir ay olduğunu ve Âşûrâ gününün özel bir öneme sahip olduğunu anlatarak Kerbelâ hadisesine değinir. Muharrem orucunun Ramazan’dan sonra en faziletli oruç olduğu hadisle vurgulanır. Hutbe, din ve vatan uğruna şehit olanların rahmetle anılmasıyla tamamlanır.",Muharrem ayı; Kerbelâ; Âşûrâ; hicri yıl; oruç; şehitlik
12.08.2022,2022,"İMAN, SALİH AMEL VE GÜZEL AHLAKLA KEMALE ERER","Sabır, Tevekkül ve Manevi Olgunluk","Ahlak, Erdem ve Söz","Hutbe, sadece iman ettik demekle imtihanın bitmeyeceğini bildiren ayetle imanın salih amel ve güzel ahlakla kemale ereceğini anlatır. Nerede olunursa olunsun Allah’a karşı sorumluluk bilincinin taşınması gerektiği hadisle vurgulanır. Hutbe, kötü ahlaktan korunma dileyen bir dua ile tamamlanır.",iman; salih amel; güzel ahlak; sorumluluk bilinci; kemal; dua
19.08.2022,2022,ARŞIN GÖLGESİNDE KORUNMAKLA MÜJDELENEN GENÇ,İbadet ve Kulluk,"Peygamberimiz ve Ashab; Ramazan, Oruç ve Bayramlar","Hutbe, gençliğin insanın en verimli dönemi olduğunu, gencin hayata dair her şeyi sorguladığını anlatarak arşın gölgesinde korunacak yedi sınıf içinde gençliğini ibadetle geçirenin de olduğunu hatırlatır. Gençlerin hidayet ve doğru rehberliğe ihtiyacı vurgulanır. Hutbe, Ashâb-ı Kehf’teki genç yiğitlere övgüyle tamamlanır.",gençlik; arşın gölgesi; ibadet; Ashâb-ı Kehf; kimlik arayışı; rehberlik
26.08.2022,2022,ZAFERLERİMİZİN ARDINDAKİ RUH VE MANA,"Vatan, Millet ve Tarih",,"Hutbe, Allah’ın dinine yardım edenlere Allah’ın da yardım edeceğini bildiren ayetle Ağustos ayının zaferlerin ardındaki ruh ve manasını anlatır. Zaferlerin sadece askeri güçle değil imanla kazanıldığı vurgulanır. Hutbe, Hz. Âdem’den günümüze şehitlerin rahmetle anılmasıyla tamamlanır.",30 ağustos; zafer; Kurtuluş Savaşı; iman; şehitlik; tarih bilinci
02.09.2022,2022,ANNE BABA: CENNETİ KAZANMA VESİLESİ,"Aile, Çocuk ve Nesil","İman, Tevhid ve Ahiret; Peygamberimiz ve Ashab","Hutbe, anne babasını ağlatarak yanlarından ayrılan bir gence Peygamberimizin geri dönüp onları güldürmesini emrettiği kıssayla anne-baba hakkının cenneti kazanma vesilesi olduğunu anlatır. Anne-babaya iyilik yapmanın Allah’a kulluktan sonra gelen bir görev olduğu vurgulanır. Hutbe, anne-babanın cennete girmeye vesile en yüce kapılardan biri olduğunu bildiren hadisle tamamlanır.",anne baba hakkı; vefa; cennet; aile; itaat; kulluk
09.09.2022,2022,İLİM BİR NURDUR,"Eğitim, Teknoloji, Çevre ve Toplumsal Değişim","İman, Tevhid ve Ahiret","Hutbe, Peygamberimizin Mescid-i Nebevî’de ilimle meşgul olanların yanına oturup kendisinin bir muallim olarak gönderildiğini söylemesi kıssasıyla ilmin bir nur olduğunu anlatır. İslam’ın ilme ve hikmete büyük önem verdiği vurgulanır. Hutbe, ilim öğrenmek için yola çıkanın cennete giden yolunun kolaylaştırılacağı müjdesiyle tamamlanır.",ilim; eğitim; Mescid-i Nebevî; hikmet; öğrenme; müjde
16.09.2022,2022,"TAKVA, HAYÂ VE TESETTÜR","Ahlak, Erdem ve Söz","Vatan, Millet ve Tarih; İslam Coğrafyası ve Küresel Meseleler","Hutbe, Allah’ın insana mahrem yerleri örten giysi verdiğini bildiren ayetle takva, hayâ ve tesettür kavramlarını birlikte işler. Giyinmenin hem bir ihtiyaç hem güzellik ve zarafet gereği olduğu vurgulanır. Hutbe, Azerbaycan sınırında şehit olan askerlere rahmet dileğiyle tamamlanır.",tesettür; hayâ; takva; giyim ahlakı; Azerbaycan; şehitlik
23.09.2022,2022,HELAL KAZANÇ VE ALIN TERİ,"Ekonomik Hayat: Kazanç, Zekat ve İsraf","Ahlak, Erdem ve Söz","Hutbe, Allah’ın verdiği helal ve temiz rızıklardan yenmesini emreden ayetle helal kazanç ve alın terinin önemini anlatır. Dürüst ve güvenilir tüccarın peygamberler ve şehitlerle beraber olacağı hadisle vurgulanır. Hutbe, Kur’an kursu kayıtlarına duyuru ve teşvik çağrısıyla tamamlanır.",helal kazanç; alın teri; ticaret ahlakı; dürüstlük; rızık; Kur’an kursu
30.09.2022,2022,ONUN (S.A.S) ÇAĞRISI,İbadet ve Kulluk,"Sabır, Tevekkül ve Manevi Olgunluk; İman, Tevhid ve Ahiret","Hutbe, Allah’ın insanı en güzel şekilde yaratıp vahyin muhatabı kıldığını anlatarak tüm peygamberlerin ortak çağrısının hakikate davet olduğunu işler. Bu ilahi çağrının insanlığın ebedi kurtuluşu için geldiği vurgulanır. Hutbe, camilerde düzenlenecek faaliyetlere katılım çağrısıyla tamamlanır.",peygamberlik; ilahi davet; hakikat; kulluk; vahiy; tebliğ
07.10.2022,2022,ÂLEMLERE RAHMET HZ. MUHAMMED (S.A.S),Peygamberimiz ve Ashab,,"Hutbe, Peygamberimizin şahit, müjdeleyici, uyarıcı ve aydınlatıcı bir kandil olarak gönderildiğini bildiren ayetle Hz. Muhammed’in âlemlere rahmet oluşunu anlatır. Kur’an ve sünnete sımsıkı sarılanların yolunu şaşırmayacağı hadisle vurgulanır. Hutbe, Mevlid-i Nebi kutlamasıyla tamamlanır.",Mevlid-i Nebi; Hz. Muhammed; rahmet; Kur’an ve Sünnet; örnek şahsiyet; rehberlik
14.10.2022,2022,KUL VE KAMU HAKKI,"Toplumsal Dayanışma, Merhamet ve Kardeşlik",,"Hutbe, İslam’ın din, dil, ırk ve cinsiyet ayrımı gözetmeksizin tüm insan haklarını kutsal saydığını anlatarak kul ve kamu hakkına riayeti işler. Adaletli olmanın ve haksızlığa karşı durmanın emredildiği vurgulanır. Hutbe, herkesin amellerinin karşılığını tastamam alacağını bildiren ayetle tamamlanır.",kul hakkı; kamu hakkı; adalet; haklar; dürüstlük; hesap günü
21.10.2022,2022,KOMŞULUK HUKUKU,"Toplumsal Dayanışma, Merhamet ve Kardeşlik",,"Hutbe, Allah’a kulluk edip anne baba, akraba, yetim, yoksul ve komşuya iyi davranmayı emreden ayetle komşuluk hukukunu anlatır. Komşusu açken tok yatanın gerçek mümin olamayacağı hadisle vurgulanır. Hutbe, bir olayda yaralananlara şifa dileğiyle tamamlanır.",komşuluk hukuku; iyi komşuluk; sosyal ilişkiler; paylaşma; ahlak; şefkat
28.10.2022,2022,AİLE OLMAK: İLAHİ LÜTUF,"Aile, Çocuk ve Nesil","Toplumsal Dayanışma, Merhamet ve Kardeşlik","Hutbe, Allah’ın insanları kadın ve erkek yaratıp aile olmayı bahşettiğini anlatarak ailenin ilahi bir lütuf olduğunu vurgular. Ailenin temiz nesil ve güvenli toplumun temeli olduğu belirtilir. Hutbe, eş ve çocukların göz aydınlığı kılınması için yapılan bir dua ile tamamlanır.",aile; evlilik; huzur; nesil; sekinet; dua
04.11.2022,2022,HAYAT REHBERİMİZ KUR’AN,"İman, Tevhid ve Ahiret",Kur'an-ı Kerim; Peygamberimiz ve Ashab,"Hutbe, Kur’an’ın en doğru olana ilettiğini bildiren ayetle Kur’an’ın hayat rehberi olduğunu anlatır. Sözlerin en doğrusunun Allah’ın Kitabı olduğu hadisle desteklenir. Hutbe, gelecek nesillerin de Kur’an’dan mahrum kalmaması dileğiyle tamamlanır.",Kur’an; hayat rehberi; hidayet; din eğitimi; nesillere aktarım; iman
11.11.2022,2022,ÖNCE TEDBİR SONRA TEVEKKÜL,"Afet, Kriz ve Sağlık","Sabır, Tevekkül ve Manevi Olgunluk","Hutbe, kâinatın bir ahenk ve düzen içinde yaratıldığını anlatarak önce tedbir sonra tevekkül ilkesini işler. Sebep-sonuç ilişkisine uygun davranmanın sünnetullaha uyum olduğu vurgulanır. Hutbe, bir afette vefat edenlere rahmet dileğiyle tamamlanır.",tedbir; tevekkül; sünnetullah; sebep-sonuç; afet; dua
18.11.2022,2022,İMAN VE İSTİKAMET,Peygamberimiz ve Ashab,"İman, Tevhid ve Ahiret; Sabır, Tevekkül ve Manevi Olgunluk","Hutbe, bir sahabinin Peygamberimizden istediği kısa nasihat üzerinden Allah’a iman edip istikamet üzere olmanın önemini anlatır. İmanın istikametle tamamlanacağı vurgulanır. Hutbe, bir olayda yaralananlara şifa ve milletin ihanet ve şerlerden korunması dileğiyle tamamlanır.",istikamet; iman; doğruluk; nasihat; sahabi kıssası; dua
25.11.2022,2022,MERHAMET TOPLUMU,"Toplumsal Dayanışma, Merhamet ve Kardeşlik",,"Hutbe, merhametin Allah’ın Rahmân isminin bir tecellisi olduğunu, kalp inceliği ve gönül yumuşaklığı anlamına geldiğini anlatarak merhamet toplumu olma çağrısı yapar. Merhametin her canlıya, hatta hayvanlara bile gösterilmesi gerektiği vurgulanır. Hutbe, merhamet edenlere göktekilerin de merhamet edeceğini bildiren hadisle tamamlanır.",merhamet; şefkat; Rahmân; toplumsal ahlak; hayvan hakları; gönül yumuşaklığı
02.12.2022,2022,"ENGEL OLMA, FARKINDA OL","Toplumsal Dayanışma, Merhamet ve Kardeşlik",,"Hutbe, insanın en güzel biçimde ve şerefli yaratıldığını bildiren ayetlerle engelli bireylere karşı farkındalık ve duyarlılık çağrısı yapar. Herkesin bir imtihan içinde olduğu, engellilerin de saygın bir yere sahip olduğu vurgulanır. Hutbe, engelliye yol göstermenin ve yardım etmenin sadaka olduğunu bildiren hadisle tamamlanır.",engellilik farkındalığı; insan onuru; sadaka; yardımlaşma; toplumsal duyarlılık; empati
09.12.2022,2022,HAYDİ NAMAZA! HAYDİ KURTULUŞA!,İbadet ve Kulluk,,"Hutbe, ezandaki 'haydi namaza, haydi kurtuluşa' nidasının camiye ve Allah’ın huzuruna bir davet olduğunu anlatarak namazın dinin direği olduğunu vurgular. Namazın kişiyi kötülükten alıkoyduğu hadisle desteklenir. Hutbe, namazla dirilişin önemi vurgulanarak tamamlanır.",namaz; ezan; ibadet; dinin direği; kurtuluş; cami
16.12.2022,2022,ÇOCUK: RABBİMİZİN KIYMETLİ EMANETİ,"Aile, Çocuk ve Nesil",,"Hutbe, malların ve çocukların birer imtihan sebebi olduğunu bildiren ayetle çocuğun Rabbimizin kıymetli emaneti olduğunu anlatır. Çocuğun ebeveyni üzerinde hakkı olduğu hadisle vurgulanır. Hutbe, eş ve çocukların göz aydınlığı kılınması için yapılan dua ile tamamlanır.",çocuk; emanet; ebeveyn sorumluluğu; imtihan; aile; dua
23.12.2022,2022,BİZİ BİZ YAPAN DEĞERLERE SAHİP ÇIKALIM,"Eğitim, Teknoloji, Çevre ve Toplumsal Değişim","Ahlak, Erdem ve Söz; Ekonomik Hayat: Kazanç, Zekat ve İsraf","Hutbe, İslam’ın hedefinin Kur’an ve sünnet çerçevesinde bir Müslüman kimliği inşa etmek olduğunu anlatarak bizi biz yapan değerlere sahip çıkma çağrısı yapar. Ahlaki ilkelerin İslam kültür ve medeniyetinin temelini oluşturduğu vurgulanır. Hutbe, gerçek dostların Allah, Resulü ve müminler olduğunu bildiren ayetle tamamlanır.",kimlik; değerler; İslam medeniyeti; ahlak; kültür; âdâb-ı muaşeret
30.12.2022,2022,HAYATIN TEKRARI YOK,"İman, Tevhid ve Ahiret",,"Hutbe, hesap gününün yaklaştığını ama insanların gaflet içinde olduğunu bildiren ayetle hayatın tekrarı olmadığını anlatır. Dünyada bir garip veya yolcu gibi olmanın öğütlendiği hadisle desteklenir. Hutbe, herkesin kıyamet için ne hazırladığına bakması gerektiğini bildiren ayetle tamamlanır.",hesap günü; yılbaşı; zamanın kıymeti; ahiret; gaflet; hazırlık
06.01.2023,2023,BESMELE: BEREKETE AÇILAN KAPI,İbadet ve Kulluk,"Afet, Kriz ve Sağlık","Hutbe, Mevlid-i Şerif geleneğinden mısralarla başlayarak besmelenin bereke ve kapı açan bir zikir olduğunu anlatır. Peygamberimizin her işe Allah’ın adıyla başlanmasını öğrettiği vurgulanır. Hutbe, kuraklık için yağmur ve bereket dileyen bir dua ile tamamlanır.",besmele; Mevlid-i Şerif; bereket; zikir; dua; yağmur duası
13.01.2023,2023,EN GÜZEL İSİMLER ALLAH’A AİTTİR,"İman, Tevhid ve Ahiret","Eğitim, Teknoloji, Çevre ve Toplumsal Değişim; İbadet ve Kulluk","Hutbe, İhlâs suresinde Allah’ın kendini Samed ve tek olarak tanıttığını anlatarak en güzel isimlerin (Esmâ-i Hüsnâ) Allah’a ait olduğunu işler. Allah’ın Vedûd, Rahmân gibi isimlerinin insana verdiği mesajlar vurgulanır. Hutbe, çocuklara dini bilgi öğretmenin önemine değinilerek tamamlanır.",Esmâ-i Hüsnâ; İhlâs suresi; Allah’ın isimleri; tevhid; din eğitimi; zikir
20.01.2023,2023,ALLAH’IM! ÜÇ AYLARI BİZE BEREKETLİ KIL,"Ramazan, Oruç ve Bayramlar","İbadet ve Kulluk; Kandiller, Muharrem ve Mübarek Geceler","Hutbe, üç ayların yaklaşmasıyla Recep ayının müjdesine kavuşmanın heyecanını anlatarak bu ayların bereketli kılınması için dua eder. Üç ayların manevi hayatı yeniden canlandırdığı vurgulanır. Hutbe, Recep ve Şaban aylarının mübarek kılınıp Ramazan’a ulaştırılması dileğiyle tamamlanır.",üç aylar; Recep ayı; bereket; dua; manevi iklim; Ramazan’a hazırlık
27.01.2023,2023,EN BÜYÜK MUCİZE KUR’AN-I KERİM,Kur'an-ı Kerim,,"Hutbe, Kur’an’ın insanları karanlıklardan aydınlığa çıkardığını bildiren ayetle Kur’an-ı Kerim’in en büyük mucize olduğunu anlatır. Sözlerin en doğrusunun Allah’ın kitabı olduğu hadisle vurgulanır. Hutbe, Allah’ın nurunu tamamlayacağını bildiren ayetle tamamlanır.",Kur’an-ı Kerim; mucize; hidayet; vahiy; tilavet; nur
03.02.2023,2023,İMANIN GEREĞİ: SALİH AMEL VE GÜZEL AHLAK,"Ahlak, Erdem ve Söz","İbadet ve Kulluk; İman, Tevhid ve Ahiret","Hutbe, ebedi kurtuluşun temel şartının iman olduğunu anlatarak imanın salih amel ve güzel ahlakla tamamlanacağını işler. İmanın Allah’a samimiyet ve sadakat sözü olduğu vurgulanır. Hutbe, sağlam bir iman ve ebedi kurtuluş için yapılan bir dua ile tamamlanır.",iman; salih amel; güzel ahlak; samimiyet; kulluk; dua
10.02.2023,2023,"GÜN, MİLLETÇE KENETLENME GÜNÜDÜR","Toplumsal Dayanışma, Merhamet ve Kardeşlik","Afet, Kriz ve Sağlık","Hutbe, büyük depremlerin milleti derinden sarstığını, herkesin canını kurtarmak ve yardım etmek için seferber olduğunu anlatarak deprem sonrası milletçe kenetlenme çağrısı yapar. Müminlerin birbirine merhamet ve şefkat göstermesi gerektiği hadisle vurgulanır. Hutbe, deprem yardımlarına katılım çağrısıyla tamamlanır.",deprem; kenetlenme; dayanışma; yardım kampanyası; merhamet; afet
17.02.2023,2023,MİRAÇ GECEMİZ: İLÂHÎ RAHMET VE SEKÎNET VESİLEMİZ,"Afet, Kriz ve Sağlık","Kandiller, Muharrem ve Mübarek Geceler; Toplumsal Dayanışma, Merhamet ve Kardeşlik","Hutbe, yaşanan büyük deprem felaketinin ardından milletin yeniden kenetlendiğini anlatarak Miraç Gecesi'nin ilahi rahmet ve sekinet vesilesi olduğunu işler. Uluslararası dayanışma ve yardımların takdire şayan olduğu vurgulanır. Hutbe, depremzedelere şifa ve millete metanet dileğiyle tamamlanır.",deprem; Miraç gecesi; dayanışma; rahmet; sekinet; afet
24.02.2023,2023,"KARDEŞLİK, DAYANIŞMA VE DUA VAKTİ","Toplumsal Dayanışma, Merhamet ve Kardeşlik","Afet, Kriz ve Sağlık","Hutbe, Allah'ın ipine sımsıkı sarılıp bölünmemeyi emreden ayetle deprem sonrası kardeşlik, dayanışma ve dua vaktinin önemini anlatır. Kardeşinin ihtiyacını gideren kişinin ihtiyacının da Allah tarafından giderileceği hadisle vurgulanır. Hutbe, depremzedelere rahmet ve şifa dileğiyle tamamlanır.",deprem; kardeşlik; dayanışma; dua; yardımlaşma; afet
03.03.2023,2023,MÜSLÜMANLAR BİRBİRİNİN UMUDUDUR,İbadet ve Kulluk,"Ramazan, Oruç ve Bayramlar; Kandiller, Muharrem ve Mübarek Geceler","Hutbe, üç ayların ve yaklaşan Berat gecesinin manevi önemini anlatarak Müslümanların birbirinin umudu olduğunu vurgular. Berat gecesinin hatalardan arınma fırsatı olduğu belirtilir. Hutbe, Allah'a tevekkül ve sığınma duasıyla tamamlanır.",Berat gecesi; üç aylar; umut; tevekkül; kardeşlik; dua
10.03.2023,2023,MÜMİN GÜVENEN VE GÜVENİLEN KİŞİDİR,"Toplumsal Dayanışma, Merhamet ve Kardeşlik","Peygamberimiz ve Ashab; Ahlak, Erdem ve Söz","Hutbe, Allah'ın müminlerin kalplerine huzur ve güven verdiğini bildiren ayetle müminin güvenen ve güvenilen kişi olduğunu anlatır. En hayırlı insanın kendisinden hayır umulan ve kötülük beklenmeyen kişi olduğu hadisle vurgulanır. Hutbe, mağarada Allah'ın güven duygusu indirdiğini anlatan ayetle tamamlanır.",güven; emniyet; ahlak; toplumsal huzur; dürüstlük; iman
17.03.2023,2023,RAMAZAN: RAHMET VE MAĞFİRET AYI,"Ramazan, Oruç ve Bayramlar","Vatan, Millet ve Tarih; Afet, Kriz ve Sağlık","Hutbe, Ramazan ayının hidayet rehberi ve Kur'an'ın indirildiği ay olduğunu bildiren ayetle Ramazan'ın rahmet ve mağfiret ayı olduğunu anlatır. Ramazan'ı inanarak ihya edenin günahlarının bağışlanacağı hadisle vurgulanır. Hutbe, deprem şehitlerine ve vefat edenlere rahmet dileğiyle tamamlanır.",Ramazan; rahmet; mağfiret; oruç; deprem şehitleri; dua
24.03.2023,2023,RAMAZAN VE DAYANIŞMA,"Toplumsal Dayanışma, Merhamet ve Kardeşlik",,"Hutbe, mümin erkek ve kadınların birbirinin yardımcısı olduğunu bildiren ayetle Ramazan ve dayanışma ilişkisini anlatır. Bir Müslüman'ın sıkıntısını gideren kişinin Allah tarafından da desteğe kavuşacağı hadisle vurgulanır. Hutbe, kardeşlik ve yardımlaşma ruhunun daim kılınması dileğiyle tamamlanır.",Ramazan; dayanışma; yardımlaşma; kardeşlik; sıkıntı giderme; toplumsal destek
31.03.2023,2023,ZEKÂT: İSLAM’IN DAYANIŞMA KÖPRÜSÜ,"Ekonomik Hayat: Kazanç, Zekat ve İsraf",,"Hutbe, nimetlerin şükrünün farklı biçimlerde ifa edildiğini, malın şükrünün zekât olduğunu anlatarak zekâtı İslam'ın dayanışma köprüsü olarak tanıtır. Zekâtın İslam'ın beş temel esasından biri olduğu vurgulanır. Hutbe, yardımların eğitim hizmetlerinde kullanılacağı duyurusuyla tamamlanır.",zekât; dayanışma; şükür; sadaka; İslam'ın şartları; yardım kampanyası
07.04.2023,2023,İHSAN BİLİNCİ: KULLUĞUN ZİRVESİ,İbadet ve Kulluk,"Sabır, Tevekkül ve Manevi Olgunluk","Hutbe, ihsan üzere Allah'a kulluk edenin mükâfatlandırılacağını bildiren ayetle ihsan bilincinin kulluğun zirvesi olduğunu anlatır. Allah'ın her şeyin en güzel şekilde yapılmasını emrettiği hadisle vurgulanır. Hutbe, Mescid-i Aksâ'nın yanında olma kararlılığıyla tamamlanır.",ihsan; kulluk; Mescid-i Aksâ; mükemmellik; ibadet bilinci; dayanışma
14.04.2023,2023,KADİR GECESİ: BİR ÖMRE BEDEL GECE,"Ramazan, Oruç ve Bayramlar","Kandiller, Muharrem ve Mübarek Geceler","Hutbe, Ramazan'ın son günlerinde bayrama sayılı gün kaldığını anlatarak Kadir Gecesi'nin bir ömre bedel olduğunu vurgular. Bu gecenin bin aydan hayırlı kılındığı ayetle desteklenir. Hutbe, bağışlanmış bir kul olarak bayrama ulaşma dileğiyle tamamlanır.",Kadir gecesi; Ramazan; itikaf; sadaka-i fıtır; mağfiret; bayrama hazırlık
21.04.2023,2023,"RAMAZAN BAYRAMI: NEŞE, HUZUR VE KARDEŞLİK GÜNLERİ","Ramazan, Oruç ve Bayramlar",,"Hutbe, Ramazan bayramının neşe, huzur ve kardeşliğin doruğa çıktığı bir gün olduğunu anlatarak bayramların sevgi ve saygıyı pekiştirdiğini vurgular. Ramazan'ın bereket ve mağfiretinin bayrama yansıdığı belirtilir. Hutbe, Ramazan ve bayram güzelliklerinin hayata yayılması dileğiyle tamamlanır.",ramazan bayramı; kardeşlik; neşe; bayram tebriği; mağfiret; toplumsal birlik
21.04.2023,2023,HAYATI RAMAZAN BİLİNCİYLE YAŞAMAK,"Ramazan, Oruç ve Bayramlar",,"Hutbe, Ramazan bayramının neşe, huzur ve kardeşliğin doruğa çıktığı bir gün olduğunu anlatarak bayramların sevgi ve saygıyı pekiştirdiğini vurgular. Ramazan'ın bereket ve mağfiretinin bayrama yansıdığı belirtilir. Hutbe, Ramazan ve bayram güzelliklerinin hayata yayılması dileğiyle tamamlanır.",ramazan bayramı; kardeşlik; neşe; bayram tebriği; mağfiret; toplumsal birlik
28.04.2023,2023,İŞ AHLAKI: TOPLUMSAL HUZURUN KAYNAĞI,"Ahlak, Erdem ve Söz","Ekonomik Hayat: Kazanç, Zekat ve İsraf","Hutbe, insan için ancak çalıştığının karşılığı olduğunu bildiren ayetle iş ahlakının toplumsal huzurun kaynağı olduğunu anlatır. Allah'ın işini en güzel şekilde yapandan memnun kaldığı hadisle desteklenir. Hutbe, İslam ahlakını her işte kuşanma çağrısıyla tamamlanır.",iş ahlakı; emek; dürüstlük; toplumsal huzur; kalite; çalışma bilinci
05.05.2023,2023,İSRAF: TÜKETİRKEN TÜKENMEK,"Ahlak, Erdem ve Söz","Ekonomik Hayat: Kazanç, Zekat ve İsraf; Sabır, Tevekkül ve Manevi Olgunluk","Hutbe, insanın yaratılmışların en üstünü kılındığını ve nimetlerin emanet olarak verildiğini anlatarak israfın tüketirken tükenmek olduğunu vurgular. Dengeli olmanın ve iktisatlı yaşamanın önemine değinilir. Hutbe, kişinin malını nereden kazanıp nereye harcadığından hesaba çekileceğini bildiren hadisle tamamlanır.",israf; iktisat; denge; tüketim ahlakı; emanet bilinci; hesap günü
12.05.2023,2023,"KADIN VE ERKEK: HÜRMETE LAYIK, SAYGIN VARLIK","Aile, Çocuk ve Nesil",,"Hutbe, ailenin kadın ve erkeğin şeref ve haysiyetini koruyan, İslam'ın en önemli kurumu olduğunu; annenin merhamet ve şefkatin, babanın ise adalet ve güvenin sembolü olduğunu anlatır. Zina ve nikahsız birlikteliklerin aile yapısını tehdit ettiği, fıtrata aykırı akımlara karşı uyanık olunması gerektiği vurgulanır. Hutbe, eşlerin ve çocukların birbirine göz aydınlığı olması için edilen bir dua ile sona erer.",aile; uluslararası aile günü; nikah; zina; anne baba sorumluluğu; fıtrat; kadın erkek eşitliği
19.05.2023,2023,"GENÇLERİMİZ, MİLLİ VE MANEVİ DEĞERLERİMİZİN EMANETÇİSİDİR","Aile, Çocuk ve Nesil",,"Hutbe, gençliğin karakter ve kişiliğin şekillendiği önemli bir dönem olduğunu, gençlerin milli ve manevi değerlerin emanetçisi olduğunu vurgular. Anne babalardan gençleri dinlemeleri, güvenmeleri ve onlara güvenli bir sığınak olmaları istenir; Hz. İbrahim, Hz. Yusuf, Hz. Meryem ve Ashab-ı Kehf gibi örnekler gençlere model olarak sunulur. Hutbe, gençlerin ilim ve irfan sahibi, barışsever bireyler olarak yetiştirilmesi temennisiyle ve şehit ile gazilerin anılmasıyla tamamlanır.",gençlik; ahlak eğitimi; anne baba sorumluluğu; milli manevi değerler; örnek şahsiyetler; gençlik günü
26.05.2023,2023,BİRLİK VE BERABERLİK RUHU,"Toplumsal Dayanışma, Merhamet ve Kardeşlik","Vatan, Millet ve Tarih","Hutbe, İslam'ın birlik, beraberlik ve kardeşlik dini olduğunu; Müslümanların akrabalık ya da menfaat gözetmeksizin sadece Allah rızası için birbirini sevmesi gerektiğini anlatır. Farklılıkların zenginlik sayılması, tefrikadan kaçınılması ve vatan-bayrak gibi ortak değerlere sımsıkı sarılması gerektiği vurgulanır. Hutbe, İstanbul'un fethinin yıl dönümü vesilesiyle ecdadın ve şehitlerin anılmasıyla ve sabır çağrısıyla sona erer.",birlik ve beraberlik; kardeşlik; istanbul'un fethi; tefrika; vatan sevgisi; ecdat
02.06.2023,2023,KALPLER ALLAH’I ZİKRETMEKLE HUZURA KAVUŞUR,İbadet ve Kulluk,"İman, Tevhid ve Ahiret; Sabır, Tevekkül ve Manevi Olgunluk","Hutbe, zikrin Allah'a kulluğun ifadesi, kalplerin huzur kaynağı ve gafletten uyanışın vesilesi olduğunu anlatır. Peygamberimizin hayatının her anını zikirle süslediği, müminin de söz ve davranışlarıyla Allah'ın rızasını gözetmesi gerektiği vurgulanır. Hutbe, malların ve evlatların zikri unutturmaması uyarısıyla ve şükür-zikir konusunda yardım dilenen bir dua ile sona erer.",zikir; kalp huzuru; namaz; esma-i hüsna; kur'an okumak; gaflet
09.06.2023,2023,RABBİMİZ ÇEVRE İLE BİZLERE NE ÖĞRETİR?,"Eğitim, Teknoloji, Çevre ve Toplumsal Değişim",,"Hutbe, kâinatın Allah'ın insana emanet ettiği bir nimet olduğunu, insanların kendi elleriyle sebep olduğu çevre felaketlerinin ayet ile haber verildiğini anlatır. Ormanların yok olması, su kaynaklarının tükenmesi gibi sorunların ihmalkarlıktan kaynaklandığı, her varlığın Allah katında değerli olduğu vurgulanır. Hutbe, kaynakların israf edilmeden kullanılması ve çevrenin gelecek nesillere emanet olarak bırakılması çağrısıyla sona erer.",çevre bilinci; israf; doğal denge; çevre kirliliği; emanet bilinci; hayvan hakları
16.06.2023,2023,İSLAM’IN İKİ ŞİÂRI: EZAN VE KURBAN,"Ramazan, Oruç ve Bayramlar",,"Hutbe, ezan ve kurbanın İslam'ın önemli şiârları olduğunu; ezanın tevhidin ve bağımsızlığın nişanesi, kurbanın ise Allah'a yakınlaşma, teslimiyet ve paylaşma vesilesi olduğunu anlatır. Ezanın aslına uygun okunması gerektiği ve kurbanın kardeşlik bağlarını güçlendirdiği vurgulanır. Hutbe, vekaletle kurban kesimi imkânı ve Türkiye Diyanet Vakfı aracılığıyla ihtiyaç sahiplerine ulaştırılacağı bilgisiyle sona erer.",ezan; kurban bayramı; vekaletle kurban; kurbiyyet; istiklal marşı; diyanet vakfı
23.06.2023,2023,BABA: CENNETE AÇILAN KAPI,"Aile, Çocuk ve Nesil","Toplumsal Dayanışma, Merhamet ve Kardeşlik","Hutbe, babanın ailenin en önemli direklerinden biri olduğunu, güven veren bir kalkan ve doğru yolu gösteren bir rehber olduğunu anlatır. Hz. Nuh, Hz. İbrahim ve Lokman (a.s) gibi örnekler üzerinden baba olmanın çocukları iyi birer mümin olarak yetiştirmek anlamına geldiği vurgulanır. Hutbe, Kurban Bayramı öncesi trafik güvenliği uyarısı ve bayramın sağlıkla idrak edilmesi duasıyla sona erer.",baba; aile; anne baba hakkı; trafik güvenliği; kurban bayramı; çocuk eğitimi
28.06.2023,2023,KURBAN BAYRAMI: KARDEŞLİK VE YARDIMLAŞMA GÜNLERİ,"Ramazan, Oruç ve Bayramlar","Toplumsal Dayanışma, Merhamet ve Kardeşlik","Hutbe, Kurban Bayramı sabahının huzur ve mutluluk günü olduğunu, kurbanın Allah'a yakınlaşma ve takva kazanma vesilesi olduğunu anlatır. Bayramın sıla-i rahim, affetme, yetim ve yaşlıları ziyaret etme ve kardeşlik bağlarını güçlendirme fırsatı olduğu vurgulanır. Hutbe, kurbanların ehil kişilerce kesilmesi ve çevre temizliğine dikkat edilmesi tavsiyesiyle sona erer.",kurban bayramı; bayram namazı; sıla-i rahim; teşrik tekbirleri; kardeşlik; kurban kesimi
30.06.2023,2023,ÇOCUKLARIMIZIN ÜZERİMİZDE HAKKI,"Aile, Çocuk ve Nesil",Kur'an-ı Kerim,"Hutbe, çocukların anne babalar üzerinde hakkı olduğunu, onlara helal lokma yedirmenin, iyi eğitim vermenin ve İslam ahlakıyla yetiştirmenin öncelikli görev olduğunu anlatır. Yaz Kur'an kurslarının çocukların tatilini faydalı geçirmesi için önemli bir fırsat sunduğu vurgulanır. Hutbe, çocukların yaz Kur'an kurslarına davet edilmesiyle ve Kur'an öğrenmenin faziletini bildiren bir hadisle sona erer.",çocuk hakları; yaz kur'an kursu; çocuk eğitimi; fıtrat; anne baba sorumluluğu; kur'an öğrenimi
07.07.2023,2023,EVLİLİKLERİMİZ KOLAY OLSUN,"Aile, Çocuk ve Nesil",,"Hutbe, evliliğin Peygamberimizin sünneti ve toplumun temeli olduğunu, külfet değil bereket taşıdığını anlatır. Günümüzde düğünlerde yapılan aşırı harcamaların aileleri borca soktuğu, oysa asıl olanın tevazu ve sadelik olduğu vurgulanır. Hutbe, vekaletle kurban kesim organizasyonunun başarısı ve yaz Kur'an kurslarının başladığı bilgisiyle sona erer.",evlilik; nikah; düğün israfı; aile kurumu; mahremiyet; vekaletle kurban
14.07.2023,2023,"DİN SAMİMİYETTİR, İSTİSMAR İHANETTİR","Ahlak, Erdem ve Söz","Vatan, Millet ve Tarih; Kandiller, Muharrem ve Mübarek Geceler","Hutbe, dinin özünün samimiyet olduğunu, istismarın ise insanların inanç ve duygularını çıkar için kullanmak anlamına gelen bir ihanet olduğunu anlatır. İstismarcıların kendilerini hakkın temsilcisi gibi göstererek toplumu ifsat ettiği, 15 Temmuz FETÖ darbe girişiminin bu istismarın acı bir örneği olduğu vurgulanır. Hutbe, dini sahih kaynaklardan öğrenme çağrısı ve hicri yılbaşının ümmetin birliğine vesile olması duasıyla sona erer.",samimiyet; istismar; 15 temmuz; fetö; hicri yılbaşı; din istismarı
21.07.2023,2023,HİCRET: İDEALLER UĞRUNA ÇIKILAN KUTLU BİR SEFER,Peygamberimiz ve Ashab,"Sabır, Tevekkül ve Manevi Olgunluk; Afet, Kriz ve Sağlık","Hutbe, hicretin sıradan bir göç olmadığını, Allah rızası uğruna dünyevi beklentileri terk ederek çıkılan kutlu bir yolculuk olduğunu anlatır. Hicretin amacının erdemli, huzurlu ve barış içinde yaşayan bir toplum inşa etmek olduğu vurgulanır. Hutbe, orman yangınlarına karşı dikkatli olma uyarısı ve fidan dikme çağrısıyla sona erer.",hicret; hicri yılbaşı; orman yangınları; çevre bilinci; hz. ömer; istikamet
28.07.2023,2023,MUHARREM AYININ ÖNEMİ VE EHL-İ BEYT-İ MUSTAFA,"Kandiller, Muharrem ve Mübarek Geceler",,"Hutbe, Muharrem ayının faziletini ve bu ayda yaşanan Kerbelâ hadisesinin İslam tarihindeki hüzünlü yerini anlatır. Kerbelâ'nın adaletsizliğe karşı onurlu bir duruşun sembolü olduğu, Hz. Hüseyin ve Ehl-i Beyt'in temsil ettiği değerlerin kin değil birlik ve kardeşliğe vesile kılınması gerektiği vurgulanır. Hutbe, Kerbelâ şehitlerinin ve tüm şehitlerin rahmetle anılmasıyla sona erer.",muharrem ayı; aşure günü; kerbela; ehl-i beyt; hz. hüseyin; mezhep birliği
04.08.2023,2023,CUMA: HAFTALIK BAYRAM GÜNÜMÜZ,İbadet ve Kulluk,,"Hutbe, Cuma gününün müminlerin haftalık bayramı olduğunu, ezan okunduktan sonra alışverişin bırakılıp namaza koşulması gerektiğini anlatır. Cuma namazını kasıtlı olarak terk etmenin kalbin mühürlenmesine sebep olacağı, hutbe dinlerken sessiz kalmanın adap olduğu vurgulanır. Hutbe, iş yerlerinde ve okullarda Cuma vaktine göre düzenleme yapılması çağrısıyla sona erer.",cuma namazı; hutbe adabı; ibadet özgürlüğü; haftalık bayram; namaz vakti düzenlemesi
11.08.2023,2023,SILA-İ RAHİM: RAHMET VE BEREKET VESİLEMİZ,"Toplumsal Dayanışma, Merhamet ve Kardeşlik","Aile, Çocuk ve Nesil","Hutbe, sıla-i rahimin ailemiz, akrabalarımız ve komşularımızla ilişkilerimizi canlı tutmak, aramayanı arayıp gelmeyene gitmek anlamına geldiğini anlatır. Teknolojinin gelişmesine rağmen insanların birbirinden uzaklaştığı, yalnız kalan anne babaların ve akrabaların ihmal edildiği vurgulanır. Hutbe, sıla-i rahimin Allah ile bağ kurmanın bir yolu olduğunu bildiren bir hadisle sona erer.",sıla-i rahim; akrabalık bağları; yalnızlık; anne baba hakkı; komşuluk; dijital çağda ilişkiler
18.08.2023,2023,AHİRET: EBEDİ YURDUMUZ,"İman, Tevhid ve Ahiret",,"Hutbe, dünyanın geçici, ahiretin ise ebedi yurdumuz olduğunu; kıyamet gününde amellerin mizanda tartılacağını anlatır. Ahirete iman eden müminin komşusuna eziyet etmediği, misafirine ikramda bulunduğu ve kul hakkından sakındığı vurgulanır. Hutbe, dünya hayatının aldatıcılığına karşı uyarı ve ahiret için hazırlık yapma çağrısıyla sona erer.",ahiret inancı; hesap günü; mizan; amel defteri; dünya hayatının geçiciliği; kul hakkı
25.08.2023,2023,ALLAH’IN YARDIMI AZİZ MİLLETİMİZLE BERABERDİR,"Vatan, Millet ve Tarih",,"Hutbe, Allah'ın yardımının tarih boyunca hakkı ve adaleti savunan aziz millete eşlik ettiğini; Malazgirt, Çanakkale, Milli Mücadele ve Büyük Taarruz zaferlerinin bunun şahidi olduğunu anlatır. Vatan sevgisiyle dolu, şehadete hazır nesiller yetiştirmenin en büyük ideal olduğu vurgulanır. Hutbe, şehit ve gazilerin rahmetle anılması, ordu ve güvenlik güçlerine dua edilmesiyle sona erer.",malazgirt zaferi; çanakkale zaferi; milli mücadele; büyük taarruz; vatan sevgisi; şehitlik
01.09.2023,2023,SAKIN İNCİTME BİR CÂNI!,"Toplumsal Dayanışma, Merhamet ve Kardeşlik",,"Hutbe, İslam'a göre ırk, renk ve cinsiyet farkı gözetmeksizin her insanın değerli ve hürmete layık olduğunu, üstünlüğün sadece takvada olduğunu anlatır. Bilal-i Habeşî ile Ebû Zer arasındaki olay üzerinden ayrımcılığın cahiliye izi taşıdığı, suçun şahsiliği ilkesinin gözetilmesi gerektiği vurgulanır. Hutbe, birbirimizin hak ve hukukuna saygı gösterme ve kardeşlik çağrısıyla sona erer.",ırkçılık karşıtlığı; insan onuru; eşitlik; bilal-i habeşi; ayrımcılık; suçun şahsiliği
08.09.2023,2023,"İLİM YOLU, CENNET YOLUDUR","Eğitim, Teknoloji, Çevre ve Toplumsal Değişim",,"Hutbe, ilim öğrenmenin her Müslüman'a farz olduğunu, ilmin insanlığın faydasına ve Allah'ın rızasına yönelik olduğunda değer kazandığını anlatır. Cehaletin İslam'ın en büyük düşmanı olduğu, ilim yolunun cennet yolu olduğu vurgulanır. Hutbe, yeni eğitim öğretim yılının ve Kur'an kurslarının başlaması vesilesiyle öğrencilere ve öğretmenlere hayır duasıyla sona erer.",ilim; eğitim öğretim yılı; kur'an kursu; cehalet; alak suresi; öğretmenlik
15.09.2023,2023,AHÎLİK: DÜRÜSTLÜK VE MERHAMETİ TİCARETE HÂKİM KILMAK,"Ekonomik Hayat: Kazanç, Zekat ve İsraf",,"Hutbe, İslam'ın ticaret hayatında helal-haram duyarlılığı, doğruluk ve merhameti şart koştuğunu; karaborsacılık, fırsatçılık ve aldatmanın haram olduğunu anlatır. Ahîlik teşkilatının eline, diline ve beline sahip olma ilkesiyle dürüstlüğü ticarete hakim kıldığı vurgulanır. Hutbe, 2024 yılı Hac ön kayıtlarının başladığı bilgisiyle sona erer.",ahilik; helal kazanç; ticaret ahlakı; aldatma; karaborsacılık; hac ön kayıt
22.09.2023,2023,MEVLİD-İ NEBİ,Peygamberimiz ve Ashab,"Kandiller, Muharrem ve Mübarek Geceler","Hutbe, Mevlid Gecesi'nin Peygamberimizin dünyaya teşrifinin yıl dönümü olduğunu, onun şefkat ve merhametin çekildiği bir dönemde insanlığa rehber olarak geldiğini anlatır. Kur'an ve sünnetin birbirinden ayrılmaz bir bütün olduğu, Allah'a itaatin Peygambere tabi olmaktan geçtiği vurgulanır. Hutbe, Mevlid-i Nebi Haftası'nın Peygamberimiz, İman ve İstikamet temasıyla kutlanacağı bilgisiyle sona erer.",mevlid-i nebi; hz. muhammed; mevlid kandili; sünnet; peygamber sevgisi
29.09.2023,2023,"PEYGAMBERİMİZ, İMAN VE İSTİKAMET","Ahlak, Erdem ve Söz",Peygamberimiz ve Ashab,"Hutbe, İslam'ın gönderiliş gayesinin erdemli bir toplum inşa etmek olduğunu, imanın insanı özgürleştirdiğini ve istikametin özle sözün bir olması anlamına geldiğini anlatır. İmanda, ibadette ve ahlakta istikametin Peygamberimizin örnekliğinde hayata geçirilmesi gerektiği vurgulanır. Hutbe, istikamet sahibi müminlere korku ve hüzün olmayacağını bildiren bir ayetle sona erer.",istikamet; iman; ahlak; samimiyet; kul hakkı; riyasızlık
06.10.2023,2023,"CAMİLER  VE DİN GÖREVLİLERİ: HAYRIN ANAHTARI, ŞERRİN KİLİDİ",İbadet ve Kulluk,,"Hutbe, camilerin Allah'ın evleri ve İslam medeniyetinin simgesi olduğunu, din görevlilerinin ise Kur'an'ı ve Peygamberimizin ahlakını topluma aktaran kişiler olduğunu anlatır. Diyanet İşleri Başkanlığı'nın cami merkezli hizmetle hastanelerden yurtlara kadar geniş bir alanda faaliyet gösterdiği vurgulanır. Hutbe, Camiler ve Din Görevlileri Haftası ile Hac ön kayıt hatırlatmasıyla sona erer.",camiler; din görevlileri haftası; diyanet işleri başkanlığı; din hizmetleri; hac ön kayıt
13.10.2023,2023,ZULÜMLE ÂBÂD OLUNMAZ,İslam Coğrafyası ve Küresel Meseleler,,"Hutbe, İslam'ın adalet ve merhamet dini olduğunu, savaşta dahi kadın, çocuk ve yaşlılara zarar verilmemesi gerektiğini anlatırken Gazze'de yaşanan zulmü gündeme getirir. İsrail'in Filistin topraklarında yıllardır süregelen işgal ve ablukasının masum sivillere büyük acılar yaşattığı, zulmün ebedi olamayacağı vurgulanır. Hutbe, Filistinli kardeşlere destek olma çağrısı ve mazlumlar için edilen dua ile sona erer.",filistin; gazze; zulüm; işgal; mescid-i aksa; mazlumlara destek
20.10.2023,2023,RAHMET VE SEKİNET MÜJDESİ: İNŞİRÂH SURESİ,İslam Coğrafyası ve Küresel Meseleler,,"Hutbe, İnşirâh suresinin Peygamberimize zorluk zamanında müjde ve ferahlık getirdiğini, her zorluğun ardından mutlaka bir kolaylık geleceğini anlatır. Bugün Gazze'de yaşanan büyük zulmün de bu ilahi müjdeyle birlikte değerlendirilmesi, müminlerin tembellik ve rehavete kapılmadan çalışması gerektiği vurgulanır. Hutbe, Allah'ın yardımının müminlerle beraber olduğu ayetiyle sona erer.",inşirah suresi; gazze; filistin; sabır; zorluk sonrası kolaylık; soykırım
27.10.2023,2023,VATAN MİLLET SEVDASIYLA NİCE YÜZYILLARA,"Vatan, Millet ve Tarih",,"Hutbe, Cumhuriyetin 100. yıl dönümü vesilesiyle milli mücadelenin imanla ve birlik ruhuyla kazanıldığını, vatanın şehitlerin emaneti olduğunu anlatır. Filistin'de yaşanan zulmün, yüz yıl önce milli mücadelede yaşanan acılara benzediği, zalime destek olmaktan kaçınılması gerektiği vurgulanır. Hutbe, Filistinli kardeşlere Cuma namazı sonrası yardım toplanacağı duyurusu ve şehitlerin anılmasıyla sona erer.",cumhuriyetin 100. yılı; milli mücadele; vatan sevgisi; filistin; istiklal marşı; birlik beraberlik
03.11.2023,2023,ZULME RIZA GÖSTERMEK ZULÜMDÜR,İslam Coğrafyası ve Küresel Meseleler,"Toplumsal Dayanışma, Merhamet ve Kardeşlik","Hutbe, Gazze'de yaşanan soykırıma dünyanın sessiz kalmasının zulme rıza göstermek anlamına geldiğini, bunun da bizzat zulüm sayıldığını anlatır. Ümmetin dağınıklığının zalimlere cesaret verdiği, herkesin elinden geldiğince kötülüğe engel olma sorumluluğu taşıdığı vurgulanır. Hutbe, sabır ve zafer dileyen bir dua ile sona erer.",zulme rıza; gazze; filistin; ümmet birliği; soykırım; kötülüğe engel olma
10.11.2023,2023,AZİM VE GAYRET SAHİBİ BİR MÜMİN OLABİLMEK,"Ahlak, Erdem ve Söz",,"Hutbe, Peygamberimizin davasından hiçbir zaman vazgeçmediğini, müminlerin de azim ve gayret sahibi olması gerektiğini anlatır. Azmin davaya bağlı kalma kararlılığı, gayretin ise bu azmi hayata geçirme çabası olduğu; tembellik ve gevşekliğin mümine yakışmadığı vurgulanır. Hutbe, azim ve gayretle çalışanların emeğinin zayi olmayacağını bildiren bir ayetle sona erer.",azim ve gayret; çalışma ahlakı; tembellik; sorumluluk bilinci; filistin
17.11.2023,2023,"İMAN, İBADET VE AHLAK BÜTÜNLÜĞÜ","Ahlak, Erdem ve Söz","İman, Tevhid ve Ahiret; İbadet ve Kulluk","Hutbe, İslam'ın iman, ibadet ve ahlaktan oluşan bir bütün olduğunu, bu üçünün birbirini tamamladığını bir ağaç benzetmesiyle anlatır. İmanın sadece söz değil sorumluluk bilinciyle yaşanan bir hal olduğu, ibadetlerin imanın hayata yansıması, ahlakın ise imanı kemale erdiren unsur olduğu vurgulanır. Hutbe, güzel ahlakla süslenmiş sağlam bir iman dileyen bir dua ile sona erer.",iman ibadet ahlak; kul hakkı; salih amel; ahlak bütünlüğü; şükür
24.11.2023,2023,"İSLAM, ŞEFKAT VE MERHAMETİ EMREDER","Toplumsal Dayanışma, Merhamet ve Kardeşlik","İslam Coğrafyası ve Küresel Meseleler; Aile, Çocuk ve Nesil","Hutbe, İslam'ın şefkat ve merhamet dini olduğunu, Peygamberimizin şiddetin yerine şefkati inşa ettiğini anlatır. Günümüzde ailede, işte ve trafikte şiddetin arttığı, özellikle kadın, çocuk ve yaşlıların bundan etkilendiği; Gazze'deki soykırımın da bu şiddetin en acı örneği olduğu vurgulanır. Hutbe, öğretmenlerin şefkat aşılama rolüne dikkat çekilip anılmasıyla sona erer.",şefkat ve merhamet; aile içi şiddet; gazze; öğretmenler günü; kul hakkı ihlali
01.12.2023,2023,"İNSAN, ÖZÜ İTİBARİYLE DEĞERLİDİR","Toplumsal Dayanışma, Merhamet ve Kardeşlik",İslam Coğrafyası ve Küresel Meseleler,"Hutbe, insanın değerinin dış görünüşünde değil akıl, irade ve kalbinde olduğunu, Peygamberimizin engelli sahabilere de önemli görevler verdiğini anlatır. Asıl engelliliğin hakkı görmemek ve duymamak olduğu, engelli bireylerin ve ailelerinin desteklenmesi gerektiği vurgulanır. Hutbe, Gazze'deki soykırıma karşı dua çağrısıyla sona erer.",engelli hakları; insan onuru; eşitlik; abdullah b. ümmü mektum; gazze; kolaylaştırma
08.12.2023,2023,"BİZ, TEK BİR ÜMMETİZ","Toplumsal Dayanışma, Merhamet ve Kardeşlik",,"Hutbe, Selmân-ı Fârisî ve Hz. Ömer örneği üzerinden üstünlüğün soyda değil takvada olduğunu, ümmet-i Muhammed'in tek bir ümmet olduğunu anlatır. Ümmetin bugün parçalanmış olmasının zalimlere cesaret verdiği, Filistin'de yaşanan zulmün ümmetin dağınıklığından beslendiği vurgulanır. Hutbe, İslam kardeşliğinin esas alınması çağrısıyla sona erer.",ümmet birliği; selman-ı farisi; ırkçılık karşıtlığı; filistin; kardeşlik; tefrika
15.12.2023,2023,ADALET: HER HAK SAHİBİNE HAKKINI VERMEK,"Toplumsal Dayanışma, Merhamet ve Kardeşlik","İslam Coğrafyası ve Küresel Meseleler; İman, Tevhid ve Ahiret","Hutbe, adaletin her hak sahibine hakkını vermek olduğunu, Allah'ın el-Adl isminin bu değerin kaynağı olduğunu anlatır. Adaletin aile, ticaret ve toplumsal ilişkilerde gözetilmesi gerektiği, bugün zalimlerin adalet iddiasıyla zulüm yaydığı, özellikle Gazze örneğinde bunun görüldüğü vurgulanır. Hutbe, kıyamet gününde kurulacak adalet terazisini bildiren bir ayetle sona erer.",adalet; el-adl; gazze; ticaret ahlakı; aile içi adalet; mizan
22.12.2023,2023,MÜMİNLERİN EBEDİ YURDU: CENNET,"Sabır, Tevekkül ve Manevi Olgunluk","Ahlak, Erdem ve Söz; İman, Tevhid ve Ahiret","Hutbe, cennetin müminlerin ebedi yurdu ve dünya imtihanını sabırla aşanları bekleyen huzur yeri olduğunu anlatır. Cennete girmenin doğruluk, emanete riayet, iffet ve güzel ahlak gibi erdemlerle mümkün olduğu; küçük iyiliklerin dahi cennete vesile olabileceği vurgulanır. Hutbe, cenneti ve ona yaklaştıracak amelleri isteyen bir dua ile sona erer.",cennet; ahiret; salih amel; güzel ahlak; iyilik; sabır
29.12.2023,2023,MUHASEBE BİLİNCİYLE BİR ÖMÜR GEÇİRMEK,"İman, Tevhid ve Ahiret","Vatan, Millet ve Tarih; Ekonomik Hayat: Kazanç, Zekat ve İsraf","Hutbe, yılın sonunda insanın kendini hesaba çekmesi gerektiğini, ömür defterinin her sayfasının iyilik veya kötülükle dolduğunu anlatır. Yılbaşı eğlenceleri, alkol ve kumar gibi dinimizde yeri olmayan alışkanlıklardan uzak durulması gerektiği, yakın zamanda yaşanan terör saldırısı vesilesiyle şehitlerin anılması vurgulanır. Hutbe, şehitlere rahmet ve millete sabır dileyen bir dua ile sona erer.",muhasebe bilinci; yılbaşı kutlamaları; hesap günü; terör saldırısı; alkol ve kumar; tövbe
05.01.2024,2024,RAHMET VE MAĞFİRET İKLİMİ: ÜÇ AYLAR,"Kandiller, Muharrem ve Mübarek Geceler","İman, Tevhid ve Ahiret","Hutbe, üç ayların Allah'ın rahmet ve mağfiretini müminlere sağanak sağanak yağdırdığı mübarek bir zaman dilimi olduğunu anlatır. Bu ayların tövbe, muhasebe ve kulluk ahdini yenileme fırsatı sunduğu, ibadetlerin belli günlere hasredilmemesi gerektiği vurgulanır. Hutbe, Sarıkamış şehitlerinin anılması ve milletin bahtiyar olması duasıyla sona erer.",üç aylar; recep ayı; regaib gecesi; tövbe; sarıkamış şehitleri; mağfiret
12.01.2024,2024,ALLAH’IN RAHMET VE İNAYETİNE SIĞINMANIN ADI: EÛZÜ-BESMELE,İbadet ve Kulluk,"Kandiller, Muharrem ve Mübarek Geceler; Vatan, Millet ve Tarih","Hutbe, Eûzü-Besmele'nin şeytanın şerrinden Allah'a sığınma ve işlere Allah'ın adıyla başlama anlamı taşıdığını anlatır. Peygamberimizin hayatının her anında bu sığınmayı örnek aldığı, besmelesiz başlanan işlerin bereketsiz kalacağı vurgulanır. Hutbe, Peygamberimizin sığındığı şeylerden sığınma ve istediklerini isteme duasıyla sona erer.",eûzü besmele; recep ayı; şeytandan sığınma; bereket; dua
19.01.2024,2024,"BİZİ GÜÇLÜ KILAN, BİRLİK VE BERABERLİĞİMİZDİR","Vatan, Millet ve Tarih","Ahlak, Erdem ve Söz; Toplumsal Dayanışma, Merhamet ve Kardeşlik","Hutbe, farklı coğrafya ve dillere rağmen tüm Müslümanların kardeş olduğunu, birlik ve beraberliğin gücün kaynağı olduğunu anlatır. Fitne çıkarmak isteyenlere karşı din, vatan ve mukaddesat etrafında kenetlenilmesi gerektiği, yakın zamanda yaşanan terör saldırısında şehit olanların anılması vurgulanır. Hutbe, hakkın geldiği bâtılın yok olduğunu bildiren bir ayetle ve şehitlere dua ile sona erer.",birlik ve beraberlik; terör saldırısı; kardeşlik; filistin; şehitlik; fitne
26.01.2024,2024,MÜLK SÛRESİNDEN MESAJLAR,İslam Coğrafyası ve Küresel Meseleler,"Sabır, Tevekkül ve Manevi Olgunluk; İman, Tevhid ve Ahiret","Hutbe, Mülk suresinin Allah'ın mutlak kudretini, dünyanın bir imtihan yurdu olduğunu ve kâinatın eşsiz düzeninin O'nun varlığına delil olduğunu anlattığını aktarır. Surenin müminlere büyük bir mükâfat vaat ettiği, mazlumların çığlıklarına seyirci kalınmaması gerektiği vurgulanır. Hutbe, Allah'ın kudretiyle yaşadığımızı ifade eden bir dua ile sona erer.",mülk suresi; imtihan; kudret; gazze; boykot; ölüm ve hayat
02.02.2024,2024,"RABBİMİZ, MÜMİNLERİ YALNIZ VE YARDIMSIZ BIRAKMAZ",İslam Coğrafyası ve Küresel Meseleler,"Afet, Kriz ve Sağlık; Kandiller, Muharrem ve Mübarek Geceler","Hutbe, Kahramanmaraş depremlerinin yıl dönümü vesilesiyle milletin dayanışma göstererek büyük bir kardeşlik destanı yazdığını, deprem kuşağında yaşamanın tedbir alma sorumluluğu yüklediğini anlatır. Aynı hafta idrak edilecek Miraç Gecesi'nin ve işgal altındaki Mescid-i Aksâ'nın öneminin hatırlatıldığı, Gazze'deki zulmün sürdüğü vurgulanır. Hutbe, Amenerrasûlü ayetlerindeki dualarla sona erer.",kahramanmaraş depremi; miraç kandili; mescid-i aksa; deprem tedbirleri; gazze; dayanışma
09.02.2024,2024,HAYATI DEĞERLİ KILAN ÖLÇÜ: İMAN,"Vatan, Millet ve Tarih","Peygamberimiz ve Ashab; İman, Tevhid ve Ahiret","Hutbe, imanın Allah'a, meleklere, kitaplara, peygamberlere ve ahirete inanmak olduğunu, davranışlara yansıdığında gerçek anlamına ulaştığını anlatır. İmanın dile zikir, göze iffet, aileye sevgi olarak yansıdığı; Çanakkale ve Kurtuluş Savaşı'nda olduğu gibi bugün Gazze'de direnenlerin de imandan güç aldığı vurgulanır. Hutbe, iman ile ilgili bir Kur'an duasıyla sona erer.",iman; çanakkale zaferi; kurtuluş savaşı; gazze direnişi; ahlak; salih amel
16.02.2024,2024,DÜNYAYI BARIŞ VE İTİDALE ÇAĞIRIYORUZ,İslam Coğrafyası ve Küresel Meseleler,"Toplumsal Dayanışma, Merhamet ve Kardeşlik","Hutbe, İslam'ın barış dini olduğunu, Allah'ın es-Selâm isminin barışın kaynağı olduğunu anlatır. Müslümanın zulme rıza gösteremeyeceği, Gazze ve Refah'ta yaşanan katliamların insanlığın izzetini çiğnediği, Doğu Türkistan'da da zulmün sürdüğü vurgulanır. Hutbe, Erzincan'daki göçük kazası için dua edilmesi ve barışın yeniden hakim olması temennisiyle sona erer.",barış; gazze; refah; doğu türkistan; erzincan göçük; zulme rıza
23.02.2024,2024,BERAT GECESİ: GÜNAHLARDAN ARINMA VESİLESİ,İslam Coğrafyası ve Küresel Meseleler,"İman, Tevhid ve Ahiret; Kandiller, Muharrem ve Mübarek Geceler","Hutbe, Berat Gecesi'nin ömür muhasebesi yapmayı, kin ve nefretten arınmayı hatırlatan bir gece olduğunu anlatır. Bu gecenin tövbe ve dua gecesi olduğu, Allah'ın kullarının tövbesine büyük bir sevinçle karşılık verdiği vurgulanır. Hutbe, Gazze ve Doğu Türkistan başta olmak üzere tüm mazlumlar için edilen dua ile sona erer.",berat gecesi; tövbe; dua; af ve mağfiret; gazze; doğu türkistan
01.03.2024,2024,ZARARLI ALIŞKANLIKLARIN ESİRİ OLMAYALIM,"Afet, Kriz ve Sağlık","Ekonomik Hayat: Kazanç, Zekat ve İsraf","Hutbe, İslam'ın din, can, akıl, nesil ve mal emniyetini korumayı emrettiğini, alkol, kumar ve uyuşturucunun bu emniyeti zedeleyen zararlı alışkanlıklar olduğunu anlatır. Gençlerin özenti ve arkadaş çevresi yoluyla madde bağımlılığına sürüklendiği, dijital bağımlılığın da mahremiyeti ve kul hakkını zedelediği vurgulanır. Hutbe, Ramazan öncesi Gazze ve Doğu Türkistan için dua çağrısıyla sona erer.",alkol; kumar; uyuşturucu bağımlılığı; dijital bağımlılık; zararlı alışkanlıklar; gençlik
08.03.2024,2024,RAMAZAN GELİYOR! HAZIR MIYIZ?,"Ramazan, Oruç ve Bayramlar","İslam Coğrafyası ve Küresel Meseleler; Ekonomik Hayat: Kazanç, Zekat ve İsraf","Hutbe, Ramazan'ın Kur'an, oruç ve yardımlaşma ayı olduğunu, müminlerin bu mübarek aya hazır olup olmadıklarını sorgulamaya çağırdığını anlatır. Ramazan'ın kavgadan, kin ve nefretten arınma, zekat ve sadakayla paylaşma vesilesi olduğu, ancak Kudüs, Gazze ve Doğu Türkistan'da zulmün sürdüğü vurgulanır. Hutbe, Ramazan'da oruç tutup teravih kılanların günahlarından arınacağını bildiren bir hadisle sona erer.",ramazan ayı; oruç; teravih; zekat ve sadaka; gazze; kur'an ayı
15.03.2024,2024,"ORUÇ, BEDENİMİZE SIHHAT, GÖNLÜMÜZE SEKİNET VERİR",İslam Coğrafyası ve Küresel Meseleler,"Ramazan, Oruç ve Bayramlar; Vatan, Millet ve Tarih","Bu hutbe, orucun sadece açlık-susuzluk olmayıp akıl, kalp, dil, el ve ayağı da kapsayan bütünsel bir arınma ibadeti olduğunu anlatır. Orucun; iftar-sahur sofralarını ihtiyaç sahiplerine açmayı ve Gazze ile Doğu Türkistan'daki mazlumların acısını hissetmeyi de gerektirdiği vurgulanır. Hutbe, Çanakkale Zaferi'nin yıl dönümü vesilesiyle şehit ve gazilerin anılmasıyla ve devlet-millet için dua ile sona erer.",oruç; ramazan; sekinet; gazze; doğu türkistan; çanakkale zaferi; helal kazanç
22.03.2024,2024,RAMAZAN VE AHİRET BİLİNCİ,"İman, Tevhid ve Ahiret",,"Hutbe, dünya hayatının geçiciliğine karşın ahiretin ebedi oluşuna dikkat çekerek ahiret bilincinin Müslümanın hayatına yön veren temel unsur olduğunu işler. Ahiret bilincine sahip bir müminin dengeli, güvenilir, dürüst ve zulme rıza göstermeyen bir kişilik sergileyeceği anlatılır. Kapanışta Allah'ın uyarısı hatırlatılarak dünya hayatının aldatıcılığına karşı uyanık olunması istenir.",ahiret bilinci; iman; hesap günü; itidal; dürüstlük; zulme rıza göstermemek
29.03.2024,2024,KARDEŞLİĞİMİZ ZEKÂTLA BEREKETLENSİN,"Ekonomik Hayat: Kazanç, Zekat ve İsraf",,"Bu hutbe zekâtın İslam'ın beş esasından biri olarak zenginler için bir mecburiyet olduğunu ve toplumsal kardeşliği pekiştiren bir ibadet olduğunu anlatır. Zekâtın hem malı bereketlendirdiği hem de mazlum ve muhtaçlara umut taşıdığı vurgulanarak Türkiye Diyanet Vakfı'nın zekât toplama kampanyasına dikkat çekilir. Hutbe, hayır yolunda vefat edenlere rahmet ve yaşayanlara bereketli bir ömür dileğiyle biter.",zekât; kardeşlik; türkiye diyanet vakfı; infak; yoksula yardım; bereket
05.04.2024,2024,KADİR GECESİ: KUR’AN’LA AYDINLANAN GECE,İslam Coğrafyası ve Küresel Meseleler,"Afet, Kriz ve Sağlık; İbadet ve Kulluk","Kadir Gecesi'nin Kur'an'ın indirilmeye başladığı, bin aydan hayırlı bir gece olduğu anlatılan bu hutbede Kur'an'ın Burhan, Hakîm, Furkân, Zikir ve Mübîn gibi isimleri üzerinden taşıdığı anlamlar işlenir. Kadir Gecesi'nin bir fırsat bilinerek Kur'an'ın hayata yansıtılması ve çocuklara öğretilmesi öğütlenir. Hutbe, bayram namazına ve Gazzeli mazlumlar için duaya davetle, ayrıca trafik güvenliği uyarısıyla sona erer.",kadir gecesi; kur'an; ramazan bayramı; gazze; trafik güvenliği; dua
10.04.2024,2024,"RAMAZAN BAYRAMI: BİRLİK, BERABERLİK VE KARDEŞLİK GÜNLERİ","Aile, Çocuk ve Nesil","Ahlak, Erdem ve Söz; Ramazan, Oruç ve Bayramlar","Ramazan Bayramı'nın birlik, kardeşlik ve dayanışma vesilesi olduğu anlatılan bu hutbede bayramın gerçek anlamını bulmasının ailevi bağları güçlendirmek, büyükleri ve yetimleri gözetmek, dargınlıkları bitirmekle mümkün olduğu vurgulanır. Aynı zamanda Gazze'deki mazlumların bayram sevincinden mahrum kaldığı hatırlatılarak onların acısına dikkat çekilir. Hutbe, bütün Müslümanların bayramının tebrik edilmesi ve insanlığa hayırlı olması duasıyla biter.",ramazan bayramı; kardeşlik; gazze; aile bağları; yetim; dargınlıkların bitirilmesi
12.04.2024,2024,GÖZÜMÜZÜN NURU: NAMAZ,İbadet ve Kulluk,,"Namazın İslam'ın beş esasından biri olduğu ve dinin direği, gözün nuru olarak nitelendiği bu hutbede namazın abdestten selama kadar her rüknünün sembolik anlamları açıklanır. Namazın kişiyi kötülükten alıkoyduğu, birlik ve kardeşliği pekiştirdiği vurgulanarak ailece cemaatle namaz kılmanın önemine değinilir. Hutbe, namaza devam edenlerin cennete gireceğine dair Peygamber müjdesiyle sona erer.",namaz; abdest; cemaatle namaz; ibadet; cennet müjdesi; çocuklara namaz alıştırma
19.04.2024,2024,HAYATIN HER ALANINDA ÖFKEMİZE HÂKİM OLALIM,"Sabır, Tevekkül ve Manevi Olgunluk","Aile, Çocuk ve Nesil","Bu hutbe öfke duygusunun yerinde kullanılırsa faydalı, esir olunursa yıkıcı olduğunu, günümüzde aile içi şiddet ve trafik gibi alanlarda öfkenin ciddi zararlara yol açtığını anlatır. Müminin öfkesinin haktan yana, mazlumun dostu olması gerektiği, öfke anında sabır, af ve Allah'a sığınmanın çözüm olduğu vurgulanır. Hutbe, öfkesini yenip affedenleri öven bir ayet mealiyle sona erer.",öfke kontrolü; sabır; affetme; aile içi şiddet; trafik; merhamet
26.04.2024,2024,HER İŞİN BİR AHLAKI VARDIR,"Ekonomik Hayat: Kazanç, Zekat ve İsraf","Ahlak, Erdem ve Söz","Bu hutbe İslam'ın iş hayatına dair getirdiği ahlaki ölçüleri; doğruluk, dürüstlük, helal kazanç ve kul hakkına riayeti işler. İşçi, işveren ve kamu görevlisi olarak herkesin üstlendiği sorumluluklar ayrı ayrı ele alınarak ücretin zamanında ödenmesi ve emanete hıyanet etmemenin önemi vurgulanır. Hutbe, güzel iş yapanların ecrinin zayi olmayacağına dair ayet mealiyle biter.",iş ahlakı; helal kazanç; işçi hakları; kamu görevi; emanete riayet; kul hakkı
03.05.2024,2024,DUA: RABBİMİZE SIĞINMANIN SÖZLÜ İFADESİ,Peygamberimiz ve Ashab,İbadet ve Kulluk; İslam Coğrafyası ve Küresel Meseleler,"Dua'nın Allah'a imanın ve kulluğun sözlü ifadesi olduğu anlatılan bu hutbede Hz. Âdem, Hz. İbrahim, Hz. Eyyûb, Hz. Yûsuf, Hz. Mûsâ ve Hz. Îsâ'nın Kur'an'daki dua örnekleri üzerinden duanın farklı boyutları (pişmanlık, teslimiyet, sabır, umut) işlenir. Peygamberimizin dualarının da hayata rehberlik ettiği vurgulanır. Hutbe, Gazze'deki mazlumlar için de dua çağrısıyla ve Bakara suresinin son ayetindeki dua ile sona erer.",dua; peygamberlerin duaları; hz. âdem; hz. eyyûb; gazze; sabır
10.05.2024,2024,"MEDENİYETİMİZ, VAKIF MEDENİYETİDİR","Ekonomik Hayat: Kazanç, Zekat ve İsraf",,"Bu hutbe vakıf müessesesinin İslam medeniyetinin temel taşlarından biri olduğunu, tarih boyunca yetim, öksüz ve muhtaçların sığınağı olan hayır kurumları inşa edildiğini anlatır. Türkiye Diyanet Vakfı'nın bu geleneği sürdürerek yurt içi ve yurt dışında yardım faaliyetleri yürüttüğü vurgulanır. Hutbe, Gazzeli mazlumlar için elden gelen yardımın seferber edilmesi çağrısıyla ve zalime engel olmama uyarısıyla sona erer.",vakıf; hayır kurumu; türkiye diyanet vakfı; sadaka-i câriye; gazze; yardımlaşma
17.05.2024,2024,AİLEMİZ: HUZUR VE GÜVEN KAYNAĞIMIZ,"Aile, Çocuk ve Nesil","Sabır, Tevekkül ve Manevi Olgunluk","Aile kurumunun huzur ve güven kaynağı olduğu, kadın-erkeğin birbirine sığınak olmak üzere yaratıldığı anlatılan bu hutbede ailenin günümüzde fıtrata aykırı tehditler altında olduğuna dikkat çekilir. Gençlerin huzurlu bir aile ortamında yetişmesinin geleceğin teminatı olduğu vurgulanır. Hutbe, Gazze'de dağılan aileler için dua çağrısıyla ve Kur'an'daki bir dua ile sona erer.",aile; evlilik; gençlik; bireysellik; fıtrat; gazze
24.05.2024,2024,İSLAM MEFKÛRESİNİ DİRİ TUTALIM,"Vatan, Millet ve Tarih",,"Bu hutbe İslam'ın i'lâ-yi kelimetullah idealinin Peygamberimizden günümüze Müslümanları harekete geçiren bir mefkûre olduğunu, ecdadın Malazgirt, İstanbul'un fethi ve Çanakkale gibi zaferlerle bu idealin taşıyıcısı olduğunu anlatır. Bugün de bu ülkünün birlik, adalet ve iyilik olarak yaşatılması gerektiği vurgulanır. Hutbe, mazlumların zafere, zalimlerin ise zilletine ulaşacağını haber veren bir hadisle sona erer.",islam mefkûresi; çanakkale; istanbul'un fethi; malazgirt; milli mücadele; gazze
31.05.2024,2024,HARAM: ALLAH İLE KUL ARASINDAKİ EN BÜYÜK ENGEL,"Ekonomik Hayat: Kazanç, Zekat ve İsraf",,"Bu hutbe helal ve haramı belirleme yetkisinin yalnızca Allah ve Resûlüne ait olduğunu, şirk, cana kıymak, faiz, rüşvet ve zina gibi haramların Allah ile kul arasındaki en büyük engel olduğunu anlatır. Gazze'deki katliamların da bu büyük günahlardan biri olarak kınandığı vurgulanır. Hutbe, helal-haram duyarlılığının aileye kazandırılması gerektiği hatırlatmasıyla ve sınava girecek öğrencilere dua ile sona erer.",helal haram; faiz; şirk; gazze soykırımı; haksız kazanç; mahremiyet
07.06.2024,2024,KURBAN: RABBİMİZE VE KARDEŞLERİMİZE YAKINLAŞMANIN VESİLESİ,"Ramazan, Oruç ve Bayramlar",,"Kurban ibadetinin Allah'a yakınlaşma ve şükür ifadesi olduğu anlatılan bu hutbede kurbanın etinin değil takvanın Allah'a ulaştığı vurgulanarak kesim şartları ve vekâletle kesim usulleri açıklanır. Türkiye Diyanet Vakfı'nın vekâletle kurban organizasyonuyla deprem bölgesi ve dünya genelindeki mazlumlara ulaşacağı belirtilir. Hutbe, Gazzeli kardeşlerin bayram sabahına güvenle ulaşması ve sınava girecek gençlere başarı duasıyla sona erer.",kurban bayramı; vekâletle kurban; türkiye diyanet vakfı; takva; deprem bölgesi; gazze
14.06.2024,2024,"İNSANI İHYA, TOPLUMU İNŞA EDEN İBADET: HAC",İbadet ve Kulluk,"Ramazan, Oruç ve Bayramlar","Hac ibadetinin insanı ihya eden, toplumu inşa eden bir kıyam ve diriliş olduğu anlatılan bu hutbede ihram, Arafat, tavaf ve sa'y gibi rükünlerin sembolik anlamları açıklanır. Arafat'ın ümmet bilincini ve tevhid inancını pekiştirdiği vurgulanır. Hutbe, bayram yolculuğunda dikkatli olma uyarısı ve Gazzeli mazlumların kurtuluşu için dua ile sona erer.",hac; ihram; arafat; tavaf; ümmet bilinci; kurban bayramı
16.06.2024,2024,KURBAN BAYRAMI,"Ramazan, Oruç ve Bayramlar",,"Kurban Bayramı vesilesiyle verilen bu hutbede kurbanın sadakat, fedakârlık ve teslimiyetin nişanesi olduğu, bayramların akraba ve komşu ziyaretleriyle, yetim ve yaşlıları gözetmekle anlam kazandığı anlatılır. Kurban kesiminde şefkatli davranmak ve eti ihtiyaç sahipleriyle paylaşmak öğütlenir. Hutbe, Gazzeli kardeşlerin bu bayramda da mahzun olduğu hatırlatılarak onların kurtuluşu için dua ile sona erer.",kurban bayramı; akraba ziyareti; yetim; bayram sevinci; gazze; kurban kesimi
21.06.2024,2024,YAZA KUR’AN’LA MERHABA,"Eğitim, Teknoloji, Çevre ve Toplumsal Değişim","Kur'an-ı Kerim; Aile, Çocuk ve Nesil","Bu hutbe çocukların anne-babaya emanet olduğunu, yaz tatilinde onların dijital alışkanlıklar yerine yaz Kur'an kurslarıyla buluşturulması gerektiğini anlatır. Kur'an kurslarının çocuklara ibadetleri, ahlaki değerleri ve sahih dini bilgiyi öğreteceği vurgulanır. Hutbe, Yaza Kur'an'la Merhaba çağrısıyla ve çocuklar için yapılan bir dua ile sona erer.",yaz kur'an kursu; çocuk eğitimi; dijital bağımlılık; aile; ahlak eğitimi; tatil
28.06.2024,2024,"İSLAM, İNANDIĞIMIZ GİBİ YAŞAMAYI BİZE EMREDER","Ekonomik Hayat: Kazanç, Zekat ve İsraf","Aile, Çocuk ve Nesil; Peygamberimiz ve Ashab","Bu hutbe İslam'da hüküm koyma yetkisinin yalnızca Allah ve Resûlüne ait olduğunu, Müslümanın hayatının her alanında -aile, ticaret, giyim- İslam ahlakına uygun yaşaması gerektiğini anlatır. Faiz, karaborsacılık, yalan ve kibir gibi kötülüklerden kaçınmanın önemi vurgulanır. Hutbe, kalbin din üzere sabit kılınması için yapılan Peygamber duasıyla sona erer.",kur'an ve sünnet; helal ticaret; faiz; ahlak; aile hukuku; kul hakkı
05.07.2024,2024,ZARÛRÂT-I HAMSEYİ MUHAFAZA EDELİM,"Toplumsal Dayanışma, Merhamet ve Kardeşlik","Kandiller, Muharrem ve Mübarek Geceler","Bu hutbe İslam'ın can, din, mal, akıl ve neslin korunmasını emreden zarûrât-ı hamse ilkesini işler ve güvenilir bir toplum inşasının bu beş temel hakka riayetle mümkün olduğunu anlatır. Peygamberimizin mümin arı benzetmesi üzerinden güvenilirlik vurgulanır. Hutbe, yaklaşan hicri yılbaşı ve Muharrem ayının faziletine değinerek birlik ve kardeşlik duasıyla sona erer.",zarûrât-ı hamse; can güvenliği; güvenilirlik; muharrem ayı; hicri yılbaşı; toplumsal huzur
12.07.2024,2024,15 TEMMUZ: MİLLETİMİZİN DESTANSI ZAFERİ,"Vatan, Millet ve Tarih",,"15 Temmuz darbe girişiminin sekizinci yıl dönümü vesilesiyle verilen bu hutbe, milletin FETÖ'ye karşı gösterdiği direnişin destansı bir zafer olduğunu ve bu ihanetin dini değerleri istismar ettiğini anlatır. Aynı hafta idrak edilecek Aşûrâ günü ve Kerbelâ hadisesine de değinilerek fitne ve fesada karşı uyanık olunması istenir. Hutbe, şehit ve gazilerin anılması ile devlet ve millet için dua ile sona erer.",15 temmuz; fetö; aşûrâ; kerbelâ; milli birlik; hainlik
19.07.2024,2024,MÜSLÜMAN TAKVA SAHİBİDİR,"Aile, Çocuk ve Nesil",,"Takvanın Allah'tan hakkıyla sakınmak ve hayatın her alanında -giyim, düğün, sosyal ilişkiler- İslami ölçülere uymak olduğu anlatılan bu hutbede tesettürün kişisel tercih değil ilahi bir emir olduğu vurgulanır. Aşırı düğün masraflarının gençlerin evliliğini geciktirdiğine dikkat çekilerek sade nikâhın bereketi anlatılır. Hutbe, Peygamberimizin hidayet, takva ve iffet duasıyla sona erer.",takva; tesettür; düğün israfı; mahremiyet; nikâh; iffet
26.07.2024,2024,"CENNET VESİLEMİZ, AİLE BÜYÜKLERİMİZ","Aile, Çocuk ve Nesil","Sabır, Tevekkül ve Manevi Olgunluk; Toplumsal Dayanışma, Merhamet ve Kardeşlik","Bu hutbe aile büyüklerinin cennet vesilesi olduğunu, onlara saygı ve hizmetin ailedeki birlik ve bereketin kaynağı olduğunu anlatır. Günümüzde yaşlıların yalnızlığa terk edilmesinin ve bireyselleşmenin eleştirildiği hutbede büyüklere karşı sorumlulukların hatırlatılması amaçlanır. Hutbe, gençlerin yaşlılara hürmet etmesi durumunda kendilerinin de aynı hürmeti göreceğine dair bir hadisle sona erer.",aile büyükleri; yaşlılara saygı; anne baba hakkı; bireyselleşme; akraba ziyareti; huzurevi
02.08.2024,2024,TEBBET SÛRESİNDEN MESAJLAR,İslam Coğrafyası ve Küresel Meseleler,,"Bu hutbe Tebbet suresi üzerinden Ebû Leheb örneğiyle Allah ve Resûlüne düşmanlık edenlerin ve zulme destek verenlerin ibretlik akıbetini anlatır. Günümüzdeki zalimlerin de -özellikle Gazze'deki soykırımı gerçekleştirenlerin- aynı sona uğrayacağı vurgulanır. Hutbe, zulme karşı durmanın ve Müslümanların birlik içinde hareket etmesinin önemine değinilerek kâfirlerin mağlup olacağına dair ayetle sona erer.",tebbet sûresi; ebû leheb; zulüm; gazze soykırımı; zalime destek; birlik beraberlik
09.08.2024,2024,VEHEN: BİRLİK VE BERABERLİĞİMİZİN ÖNÜNDEKİ BÜYÜK ENGEL,İbadet ve Kulluk,"Ahlak, Erdem ve Söz; Eğitim, Teknoloji, Çevre ve Toplumsal Değişim","Bu hutbe 'vehen' kavramı üzerinden Müslümanların dünya sevgisi ve ölüm korkusu yüzünden zillete düşme tehlikesini anlatır. Müslümanların güçlerini kaybetmesinin sebebinin zalimlerin gücünden çok kendi tembellik ve dünyevileşmelerinden kaynaklandığı vurgulanır. Hutbe, birlik ve sorumluluk çağrısıyla ve 2025 hac kayıtlarına dair bir duyuruyla sona erer.",vehen; dünya sevgisi; tembellik; dünyevileşme; hac ön kayıt; birlik beraberlik
16.08.2024,2024,ÇEVREMİZ BİZE EMANETTİR,"Eğitim, Teknoloji, Çevre ve Toplumsal Değişim","Ekonomik Hayat: Kazanç, Zekat ve İsraf","Çevrenin Allah'ın bir emaneti olduğu anlatılan bu hutbede insanın hırs ve tüketim çılgınlığıyla doğal dengeyi bozduğu, özellikle su israfı ve orman yangınlarının ciddi bir tehdit oluşturduğu vurgulanır. Zalimlerin savaşlarla doğal hayatı da tahrip ettiği belirtilir. Hutbe, temizliğin imanın yarısı olduğu hatırlatmasıyla ve çevre bilinci çağrısıyla sona erer.",çevre bilinci; israf; su tasarrufu; orman yangınları; doğal denge; temizlik
23.08.2024,2024,ÂDÂB-I MUÂŞERETTE DE REHBERİMİZ ALLAH RESÛLÜ (S.A.S)’DİR,"Vatan, Millet ve Tarih","Eğitim, Teknoloji, Çevre ve Toplumsal Değişim; Ahlak, Erdem ve Söz","Bu hutbe Peygamberimizin sadece ibadetlerde değil sosyal ilişkilerde de (âdâb-ı muâşerette) örnek olduğunu, selamlaşma, ziyaret adabı ve nezaket kurallarının İslami bir gereklilik olduğunu anlatır. Sosyal medyada da bu adaba uyulması gerektiği vurgulanır. Hutbe, Zafer Haftası'nda şehit ve gazilerin anılması ile orman yangınlarına karşı dikkat çağrısıyla sona erer.",âdâb-ı muâşeret; selamlaşma; sosyal medya ahlakı; ziyaret adabı; zafer haftası; nezaket
30.08.2024,2024,"BİZİ BİZ YAPAN, BİZİ MİLLET KILAN RUH","Vatan, Millet ve Tarih",,"Bu hutbe vatan sevgisinin ve millet olma ruhunun İslam imanından beslendiğini, ecdadın bu ruhla Malazgirt'ten Çanakkale'ye kadar zaferler kazandığını anlatır. 30 Ağustos Zafer Bayramı vesilesiyle bu ruhun gelecek nesillere aktarılması gerektiği vurgulanır. Hutbe, İstiklal Marşı'ndan bir mısra ile ve şehit-gazilerin anılmasıyla sona erer.",30 ağustos zaferi; vatan sevgisi; istiklal marşı; millet ruhu; şehitlik; malazgirt
06.09.2024,2024,"İLİM VE EĞİTİM, AHLAKLA YÜCELİR","Eğitim, Teknoloji, Çevre ve Toplumsal Değişim",,"İlim ve eğitimin ahlakla yücelmesi gerektiği anlatılan bu hutbede ilmin amacının güzel ahlak ve salih amel olduğu, teknoloji ve bilimin insanlığın hayrına kullanılmadığında Gazze'deki gibi soykırımlara alet olabileceği vurgulanır. Okulların açılması vesilesiyle öğretmenlik mesleğinin önemine değinilir. Hutbe, Kur'an kursu kayıtlarının duyurulması ve öğrenim yılı için dua ile sona erer.",ilim ve eğitim; ahlak; öğretmenlik; okulların açılması; kur'an kursu; gazze
13.09.2024,2024,MEVLİD-İ NEBİ,Peygamberimiz ve Ashab,,"Mevlid-i Nebi haftası vesilesiyle verilen bu hutbe Peygamberimizin güzel ahlakı tamamlamak için gönderildiğini ve iman-amel-ahlakın birbirinden ayrılamayacağını anlatır. Onu anmanın sadece mevlid kutlamakla değil sünnetine sarılıp Gazze gibi mazlum coğrafyalara sahip çıkmakla mümkün olduğu vurgulanır. Hutbe, Mevlid-i Nebi Haftası'nın Peygamberimiz ve Şahsiyet İnşası temasıyla kutlanacağının duyurulmasıyla sona erer.",mevlid-i nebi; peygamberimizin ahlakı; şahsiyet inşası; gazze; sünnete bağlılık; yetim hakları
20.09.2024,2024,PEYGAMBERİMİZ (S.A.S) VE ŞAHSİYET İNŞASI,İbadet ve Kulluk,"Ahlak, Erdem ve Söz; İman, Tevhid ve Ahiret","Bu hutbe Müslümanın şahsiyetinin iman, ibadet ve güzel ahlak üçlüsüyle inşa edildiğini, Peygamberimizin bu konuda en güzel örnek olduğunu anlatır. Günümüzde bireysellik, bencillik ve dünyevileşmenin bu şahsiyet inşasını tehdit ettiği vurgulanır. Hutbe, iyiliği yayıp kötülüğe engel olma çağrısı ve 2025 hac kayıt süresinin uzatıldığına dair duyuruyla sona erer.",şahsiyet inşası; iman; güzel ahlak; bireysellik; dünyevileşme; hac kaydı
27.09.2024,2024,ŞAHSİYETİMİZİ İMAR EDEN KUTLU MEKÂN: CAMİ,İbadet ve Kulluk,,"Camilerin sadece ibadet mekânı değil, ilim, irfan ve şahsiyet inşasının merkezi olduğu anlatılan bu hutbede cami merkezli medeniyetin dürüstlük, ahilik ve dayanışma değerlerini barındırdığı vurgulanır. Camilere ve mescitlere zarar vermenin büyük bir zulüm olduğu, Gazze'de yıkılan camilerin buna örnek olduğu belirtilir. Hutbe, Camiler ve Din Görevlileri Haftası'nın anılmasıyla ve din görevlilerine dua ile sona erer.",cami; din görevlileri haftası; ahilik; cemaatle ibadet; gazze; şahsiyet inşası
04.10.2024,2024,ZULÜM ASLA PAYİDAR OLMAZ,"Toplumsal Dayanışma, Merhamet ve Kardeşlik",İslam Coğrafyası ve Küresel Meseleler,"Bu hutbe zulmün İslam'da haram kılınan büyük günahlardan biri olduğunu ve zulme rıza göstermenin de aynı derecede vebal olduğunu anlatır. Filistin'deki bir yıllık soykırımın Müslümanlar arasındaki ümmet bilincinin zayıflamasından güç aldığı vurgulanarak birlik ve hazırlıklı olma çağrısı yapılır. Hutbe, kötülüğe karşı elle, dille veya kalple durma gerekliliğini bildiren hadisle sona erer.",zulüm; gazze soykırımı; ümmet bilinci; birlik beraberlik; mazluma destek; hazırlıklı olmak
11.10.2024,2024,KÖTÜLÜĞE İYİLİKLE ENGEL OLALIM,"Ahlak, Erdem ve Söz",,"Bu hutbe emr-i bi'l-ma'rûf nehy-i ani'l-münker ilkesi çerçevesinde iyiliğin yayılması ve kötülüğün önlenmesinin İslam'ın temel gayelerinden biri olduğunu anlatır. Günümüzde kötülüğün, sapkın ideolojilerin ve zararlı akımların gençleri ve çocukları tehdit ettiği vurgulanır. Hutbe, iyilikte yarışma çağrısıyla ve iyilerin dünyayı yaşanılır kılacağı vurgusuyla sona erer.",emr-i bi'l-ma'rûf; iyilik; kötülükten sakındırma; sapkın ideolojiler; gençlik; toplumsal ahlak
18.10.2024,2024,"ALLAH’I, ÖLÜMÜ VE AHİRETİ UNUTMADAN BİR ÖMÜR SÜRELİM","İman, Tevhid ve Ahiret",,"Bu hutbe insanın unutkan bir varlık olduğunu ancak Allah'ı, ölümü ve ahireti unutmanın en büyük gaflet olduğunu anlatır. Gazze'de soykırım uygulayan zalimlerin ve dijital ortamda harama teşvik edenlerin ahiret bilincini yitirmiş kişiler olduğu vurgulanır. Hutbe, ölümü çokça hatırlamanın öneminin hatırlatılmasıyla ve ahiret bilinciyle yaşama çağrısıyla sona erer.",ahiret bilinci; ölümü hatırlamak; gaflet; gazze soykırımı; dijital mecralarda haram; gençlik
25.10.2024,2024,VATAN MÜDAFAASI MUKADDESTİR,"Vatan, Millet ve Tarih",,"Vatan müdafaasının sadece toprak savunması değil din, can, mal, namus ve neslin korunması anlamına geldiği anlatılan bu hutbede ecdadın Malazgirt, Çanakkale ve Milli Mücadele'de gösterdiği direniş örnek gösterilir. Ülkeye karşı kurulan iç ve dış tuzaklara karşı uyanık olunması gerektiği vurgulanır. Hutbe, Ankara'daki terör saldırısında şehit olanlara rahmet ve sabır dileğiyle sona erer.",vatan müdafaası; milli mücadele; çanakkale; terör saldırısı; birlik beraberlik; ankara saldırısı
01.11.2024,2024,HER CANIN DOKUNULMAZLIĞI VARDIR,"Aile, Çocuk ve Nesil",İslam Coğrafyası ve Küresel Meseleler; Peygamberimiz ve Ashab,"Veda Hutbesi'nden hareketle her canın, malın ve namusun dokunulmazlığının İslam'ın temel ilkesi olduğu anlatılan bu hutbede kürtaj, intihar, töre cinayeti gibi cana kastetme biçimlerinin haram olduğu vurgulanır. Gazze'deki soykırımın ve toplumdaki artan şiddet olaylarının bu ilkenin ihlali olduğu belirtilir. Hutbe, kısasın hayat kaynağı olduğuna dair ayet ve merhamet çağrısıyla sona erer.",can dokunulmazlığı; veda hutbesi; kürtaj; töre cinayeti; gazze soykırımı; şiddet
08.11.2024,2024,MERHAMET EDEN MERHAMET BULUR,"Toplumsal Dayanışma, Merhamet ve Kardeşlik",,"Merhametin Allah'ın Rahmân ve Rahîm isimlerinin gönüllerdeki tecellisi olduğu anlatılan bu hutbede merhametin sadece maddi yardım değil, zihinleri ilimle, kalpleri şefkatle doldurmak olduğu vurgulanır. Günümüzde artan şiddet ve merhametsizliğin aile içi kavgalara ve cinayetlere yol açtığına dikkat çekilir. Hutbe, merhamet edenin merhamet bulacağına dair hadisle ve bir Kur'an duasıyla sona erer.",merhamet; şefkat; aile içi şiddet; kin ve nefret; toplumsal huzur; affetmek
15.11.2024,2024,ÂDÂB VE ERKÂNIYLA CUMA NAMAZI,İbadet ve Kulluk,,"Cuma namazının ve hutbenin âdâb ve erkânının anlatıldığı bu hutbede Cuma gününün Müslümanlar için haftalık bir bayram olduğu, hutbe dinlerken konuşmama ve telefonla meşgul olmama gibi kuralların önemi vurgulanır. Cuma namazının farz olduğu ve önemsemeyerek terk etmenin büyük bir günah olduğu hatırlatılır. Hutbe, Cuma'yı önemsemeyerek terk edenlerin kalbinin mühürleneceğine dair hadisle sona erer.",cuma namazı; hutbe adabı; cami adabı; ibadet disiplinini; farz ibadetler; cep telefonu
22.11.2024,2024,"İLİM İZZETE, ŞİDDET ZİLLETE GÖTÜRÜR","Aile, Çocuk ve Nesil","Eğitim, Teknoloji, Çevre ve Toplumsal Değişim","Bu hutbe ilmin izzete, şiddetin ise zillete götürdüğünü, öğretmenlerin şahsiyet inşasında ailenin ardından en önemli role sahip olduğunu anlatır. Günümüzde artan kadına, çocuğa ve yaşlıya yönelik şiddetin İslam'da haram ve büyük bir kul hakkı ihlali olduğu vurgulanır. Hutbe, öğretmenlere ve din görevlilerine dua ile sona erer.",ilim; şiddet; öğretmenlik; kadına yönelik şiddet; eğitim; kul hakkı
29.11.2024,2024,MADDİ VE MANEVİ TÜKENİŞ: KUMAR,"Ekonomik Hayat: Kazanç, Zekat ve İsraf","Aile, Çocuk ve Nesil","Kumarın İslam'da kesin olarak haram kılındığı, gerçek hayatta ya da dijital ortamda oynanan bahis, şans oyunu ve piyangonun tamamının bu kapsama girdiği anlatılan bu hutbede kumarın aile huzurunu ve akıl sağlığını tahrip ettiği vurgulanır. Sosyal medya fenomenlerinin gençleri sanal kumara özendirmesi eleştirilir. Hutbe, en hayırlı rızkın elin emeğiyle kazanılan olduğuna dair hadisle sona erer.",kumar; bahis; şans oyunları; dijital bağımlılık; haksız kazanç; gençlik
06.12.2024,2024,MİRAS: SINIRLARINI ALLAH’IN BELİRLEDİĞİ HAK,"Toplumsal Dayanışma, Merhamet ve Kardeşlik","Aile, Çocuk ve Nesil","Miras taksiminin Allah'ın Kur'an'da belirlediği kesin sınırlar (hudûdullah) çerçevesinde yapılması gerektiği anlatılan bu hutbede kız çocuklarının mirastan mahrum bırakılmasının büyük bir zulüm olduğu vurgulanır. Aile içi anlaşmazlıkların çoğu zaman haksız miras paylaşımından kaynaklandığına dikkat çekilir. Hutbe, haksız yere toprak alanların kıyamette cezalandırılacağına dair hadisle sona erer.",miras; hudûdullah; kız çocuklarının hakkı; adalet; aile içi anlaşmazlık; kul hakkı
13.12.2024,2024,HER ZORLUKTAN SONRA KOLAYLIK VARDIR,İslam Coğrafyası ve Küresel Meseleler,İbadet ve Kulluk; Peygamberimiz ve Ashab,"Mekke'nin fethi anlatılan bu hutbede Peygamberimizin fetih sonrası düşmanlarını affetmesi örnek gösterilerek her zorluğun ardından bir kolaylığın geleceği vurgulanır. Zulmün asla kalıcı olmayacağı ve mazlumun bedduasından sakınılması gerektiği hatırlatılır. Hutbe, mazlumlara destek olma çağrısı ve Nasr suresinin mealiyle sona erer.",mekke'nin fethi; af ve bağışlama; zorluktan sonra kolaylık; mazlumun bedduası; zulmün sonu; tevekkül
20.12.2024,2024,MİLLİ VE MANEVİ DEĞERLERİMİZİ MUHAFAZA EDELİM,"Kandiller, Muharrem ve Mübarek Geceler","Vatan, Millet ve Tarih; Ekonomik Hayat: Kazanç, Zekat ve İsraf","Bu hutbe milli ve manevi değerlere bağlılığın milletleri ayakta tuttuğunu, yılbaşı gibi İslam'a yabancı kutlamaların ve sembollerin benimsenmesinin inanca aykırı olduğunu anlatır. Hz. Îsâ'ya iman edilmekle birlikte ona atfedilen batıl inanç ve sembollerin kabul edilemeyeceği vurgulanır. Hutbe, doğru yolun ancak Allah'ın yolu olduğuna dair ayetle sona erer.",milli ve manevi değerler; yılbaşı kutlaması; hz. îsâ; batıl inançlar; kültürel yozlaşma; kumar ve alkol
27.12.2024,2024,"HATA YAPANLARIN EN HAYIRLISI, HATASINA TÖVBE EDENDİR","Kandiller, Muharrem ve Mübarek Geceler","İman, Tevhid ve Ahiret; Ramazan, Oruç ve Bayramlar","Yeni miladi yıl ve Recep ayı arifesinde verilen bu hutbe tövbenin insanlık tarihi boyunca var olan bir ibadet olduğunu, hata yapanların en hayırlısının tövbe edenler olduğunu anlatır. Aile, dil, kalp ve kazançla ilgili işlenen hatalardan örnekler verilerek vakit kaybetmeden tövbe edilmesi öğütlenir. Hutbe, bilmeyerek günah işleyip çabucak tövbe edenlerin tövbesinin makbul olduğuna dair ayetle sona erer.",tövbe; recep ayı; üç aylar; muhasebe; hata ve günah; af dileme
03.01.2025,2025,MÜMİNİN HAYATINDA UMUTSUZLUĞA YER YOKTUR,Peygamberimiz ve Ashab,"Sabır, Tevekkül ve Manevi Olgunluk; İslam Coğrafyası ve Küresel Meseleler","Umudun Allah'ın fıtratımıza yerleştirdiği ilahi bir güç olduğu, müminin en zor imtihanlarda dahi umutsuzluğa düşmemesi gerektiği anlatılan bu hutbede Hz. Âdem, Hz. Nûh ve Hz. Eyyûb'un umut örnekleri hatırlatılır. Gazze'deki zalimlerin insanlığın umudunu yok etmeye çalıştığı ancak Allah'ın tuzaklarını bozacağı vurgulanır. Hutbe, umut ve teslimiyetle Allah'a sığınmayı öğütleyen bir Peygamber duasıyla sona erer.",umut; umutsuzluk; hz. eyyûb; hz. nûh; gazze; tevekkül
10.01.2025,2025,"FITRATI KORUMAK, AİLEYİ KORUMAKTIR","Aile, Çocuk ve Nesil","Eğitim, Teknoloji, Çevre ve Toplumsal Değişim; Sabır, Tevekkül ve Manevi Olgunluk","Hutbe, Allah'ın insanı kadın ve erkek olarak farklı ama tamamlayıcı bir fıtratla yarattığını, günümüzde bu fıtratı bozmaya çalışan cinsiyetsizleştirme akımlarının büyük bir tehdit oluşturduğunu anlatır. Aileyi bu tehdide karşı en güçlü kale olarak tanımlayıp, çocukların fıtrî kimliklerine uygun yetiştirilmesi, mahremiyet bilinci kazandırılması ve sanal ortamların tehlikelerinden korunması gerektiğini vurgular. Hutbe, şeytanın adımlarını takip etmeme çağrısıyla ve ilgili ayet mealiyle sona erer.",fıtrat; cinsiyetsizleştirme; aile; mahremiyet bilinci; nikahsız birliktelik; nesil koruma; dijital tehlikeler
17.01.2025,2025,"İSLAM, VARLIK SEBEBİMİZDİR",Kur'an-ı Kerim,"Peygamberimiz ve Ashab; Sabır, Tevekkül ve Manevi Olgunluk","Hutbe, İslam'ın Allah katında kemale eren tek din olduğunu, insanlığı cahiliye karanlığından kurtarıp kadına, mazluma ve zayıfa hak ettiği değeri verdiğini anlatır. Üstünlüğün ırk, servet ya da makamda değil takvada olduğunu vurgulayarak, günümüzde kimliğine yabancılaşan Müslümanların İslam'ı Kur'an ve sünnete uygun şekilde yaşaması gerektiğini öğütler. Kapanışta, İslam'ı en güzel şekilde yaşayarak örnek olmanın önemine değinilir ve Veda Hutbesi'ndeki vasiyetle hutbe tamamlanır.",islamın üstünlüğü; cahiliye; takva; kimliğe yabancılaşma; örnek müslüman; kur'an ve sünnet
24.01.2025,2025,"MİRACIN HEDİYESİ, DİNİMİZİN DİREĞİ NAMAZ",İbadet ve Kulluk,,"Miraç kandili vesilesiyle namazın İslam'ın direği ve mirac hediyesi olduğu, beş vakit namazın ihmal edilemeyecek, ertelenemeyecek bir ibadet olduğu anlatılır. Namazın insanı hayâsızlıktan ve kötülükten alıkoyması gerektiği, aksi halde hayatın Kur'an ve sünnete göre yeniden gözden geçirilmesi gerektiği vurgulanır. Hutbe, ailece namaza devam çağrısı ve Bolu'daki yangında vefat edenlere rahmet duasıyla sona erer.",miraç; namaz; dinin direği; huşu; cemaatle namaz; bolu yangını
31.01.2025,2025,EBEDİYET YOLCUSUNU UĞURLARKEN,"Toplumsal Dayanışma, Merhamet ve Kardeşlik","İman, Tevhid ve Ahiret; Aile, Çocuk ve Nesil","Hutbe, İslam'da ölümün bir yok oluş değil ebedi hayatın başlangıcı olduğunu, cenazenin yıkanması, kefenlenmesi, namazının kılınması ve taziyenin dinî usullere uygun yapılması gerektiğini anlatır. Günümüzde cenaze adabından uzaklaşıldığına, ölüm karşısında duyarsızlaşıldığına dikkat çekilerek vefat edenleri hayırla anmanın önemi vurgulanır. Kapanışta deprem felaketinde hayatını kaybedenlere rahmet dilenir ve ilgili ayet mealiyle hutbe bitirilir.",cenaze adabı; taziye; ölüm; kefenleme; deprem; vefat
07.02.2025,2025,"DİL, İNSANIN YA CENNETİ YA DA CEHENNEMİDİR","Ahlak, Erdem ve Söz",,"Hutbe, dilin insan için hem cennete hem cehenneme vesile olabilecek büyük bir nimet ve imtihan olduğunu, güzel sözün gönülleri birleştirirken kötü sözün yaralar açtığını anlatır. Dedikodu, iftira, yalan ve hakaretin hem gerçek hayatta hem dijital ortamlarda aynı derecede haram ve kul hakkı ihlali olduğu vurgulanır. Kapanışta dilin kontrol altına alınması çağrısı yapılır ve yaklaşan Berat Gecesi'nin hayırlı olması dilenir.",dilin afetleri; gıybet; yalan haber; dijital mecralarda söz; kul hakkı; berat gecesi
14.02.2025,2025,"MAHREMİYET, İNSANI SAYGIN KILAR","Eğitim, Teknoloji, Çevre ve Toplumsal Değişim","Aile, Çocuk ve Nesil","Hutbe, bedenin, evin, kişisel bilgilerin ve ailenin mahremiyetinin İslam'da dokunulmaz bir hak olduğunu, bu sınırların Kur'an ve sünnetle belirlendiğini anlatır. Medya ve dijital mecralarda mahremiyetin ihlal edilmesinin aile kurumuna büyük zarar verdiği, özellikle eşler ve çocuklar arası mahremiyetin paylaşılmasının ağır bir günah olduğu vurgulanır. Kapanışta herkesin mahremiyete duyarlı olması ve gıybetten kaçınılması çağrısı yapılır.",mahremiyet; aile mahremiyeti; dijital paylaşım; medya ve mahremiyet; gıybet; eş mahremiyeti
21.02.2025,2025,GAYBIN BİLGİSİ YALNIZCA ALLAH’A AİTTİR,"Eğitim, Teknoloji, Çevre ve Toplumsal Değişim",,"Hutbe, sihir, büyü, falcılık ve medyumluğun İslam'da büyük günah ve kul hakkı ihlali sayıldığını, gaybın bilgisinin yalnızca Allah'a ait olduğunu anlatır. Cinlerin de insanlar gibi gaybı bilemeyeceği, bu tür istismarcı faaliyetlerin sahih dini bilgi eksikliğinden beslendiği vurgulanır. Kapanışta bu istismarcılara karşı uyanık olunması ve yalnızca Allah'a tevekkül edilmesi öğütlenir.",sihir ve büyü; fal; medyumluk; gayb bilgisi; hurafe; sahih dini bilgi; din istismarı
28.02.2025,2025,RAHMET VE MAĞFİRET MEVSİMİNE GİRERKEN,İbadet ve Kulluk,"Ramazan, Oruç ve Bayramlar; Kur'an-ı Kerim","Ramazan ayının başlangıcı vesilesiyle teravih namazının, sahurun ve orucun fazileti anlatılır; Ramazan'ın aynı zamanda Kur'an ayı olduğu, hayatın her alanına İslami değerlerin taşınması gerektiği vurgulanır. İsraftan uzak durulması, muhtaçların gözetilmesi ve zalimlere destek verenlerin ürünlerinden kaçınılması öğütlenir. Hutbe, Ramazan'ın millete ve tüm insanlığa hayırlı olması duasıyla sona erer.",ramazan; teravih; sahur; oruç; kur'an ayı; israf; iftar sofrası
07.03.2025,2025,İYİLİK AYI RAMAZAN,"Ahlak, Erdem ve Söz",,"Hutbe, iyiliğin gösterişten uzak, ihlasla yapılan ve imanın gereği olan bir erdem olduğunu, Bakara suresindeki ayete dayanarak gerçek iyiliğin kapsamını anlatır. Kötülüğün yaygınlaştığı, Gazze başta olmak üzere zulmün arttığı bir dönemde iyilikte ve takvada yardımlaşmanın önemi vurgulanır. Kapanışta ailede iyilik tohumları ekme çağrısı ve Peygamberimizin iyiliği artırma duasıyla hutbe bitirilir.",iyilik; güzel ahlak; yardımlaşma; gazze; takva; iyilik ayı ramazan
14.03.2025,2025,İYİLİK KÖPRÜSÜ: ZEKÂT VE FITIR SADAKASI,"Ekonomik Hayat: Kazanç, Zekat ve İsraf",,"Hutbe, zekât ve fitre sadakasının paylaşma ve dayanışma bilincini güçlendiren ibadetler olduğunu, bunların nakdi ya da ayni verilebileceğini ama gerçek ihtiyaç sahibine ulaştırılması gerektiğini anlatır. Zalimleri destekleyenlerin ürünlerinin zekât olarak dağıtılmaması gerektiği ve Türkiye Diyanet Vakfı aracılığıyla vekâleten zekât/fitre verilebileceği vurgulanır. Kapanışta İyilik Haftası ve Çanakkale Zaferi anılarak şehitlere rahmet dilenir.",zekat; fıtır sadakası; iyilik haftası; diyanet vakfı; çanakkale zaferi; vekaleten zekat
21.03.2025,2025,İNFAK VE KUR’AN AYI RAMAZAN,"Ramazan, Oruç ve Bayramlar","Kandiller, Muharrem ve Mübarek Geceler; Ekonomik Hayat: Kazanç, Zekat ve İsraf","Ramazan'ın son on gününde itikâf ve infak kavramları ele alınır; infakın sadece mal paylaşmak değil, aile içinde sevgi göstermek, borçluya yardım etmek ve mazlumlara (özellikle Gazze'ye) destek olmak anlamına geldiği anlatılır. Dünyevileşme ve tüketim çağında malın Allah'ın emaneti olduğu bilinciyle infak etmenin önemi vurgulanır. Hutbe, yaklaşan Kadir Gecesi'nin önemine değinilerek ve tebrik dileğiyle sona erer.",itikaf; infak; kadir gecesi; gazze desteği; borç yardımı; ramazanın son on günü
28.03.2025,2025,RAMAZAN’A VEDA EDERKEN,"Ramazan, Oruç ve Bayramlar",İbadet ve Kulluk,"Ramazan ayına veda edilirken, bu ayda kazanılan ibadet alışkanlıklarının (namaz, sabır, iyilik) yıl boyunca sürdürülmesi gerektiği anlatılır. Ramazan'ın bir eğitim mektebi olduğu, kulluğun tek bir aya mahsus olmadığı vurgulanır. Kapanışta bayram yolculuğunda trafik güvenliğine dikkat çekilir ve Ramazan Bayramı tebrik edilir.",ramazana veda; ibadet alışkanlığı; sabır; trafik güvenliği; ramazan bayramı; iyilik
30.03.2025,2025,RAMAZAN BAYRAMI: SEVİNÇ VE KARDEŞLİK GÜNLERİ,"Ramazan, Oruç ve Bayramlar","Toplumsal Dayanışma, Merhamet ve Kardeşlik; Ahlak, Erdem ve Söz","Ramazan Bayramı hutbesi, bayramın sevinç, kardeşlik, sıla-i rahim ve dargınlıkları bitirme günü olduğunu anlatır; anne-babaya, akrabalara, yetim ve muhtaçlara vakit ayırmanın önemi vurgulanır. Bayram sevincinin yaşandığı günlerde Gazze'deki zulme dikkat çekilerek zalimlerin er ya da geç mağlup olacağı hatırlatılır. Hutbe, İslam âleminin bayramının tebrik edilmesi ve Gazze'nin kurtuluşu duasıyla sona erer.",ramazan bayramı; sıla-i rahim; kardeşlik; gazze; dargınlıkları bitirme; bayram sevinci
04.04.2025,2025,GÜÇLÜ BİR TOPLUMUN İNŞASINDA ANNE BABANIN ROLÜ,"Aile, Çocuk ve Nesil",,"Hutbe, anne ve babanın güçlü bir toplum inşasındaki rolünü, Hz. Hâcer, Hz. Fâtıma, Hz. Nûh ve Hz. Lokman gibi örnekler üzerinden anlatır. Çocukların helal rızıkla beslenmesi, güzel ahlakla ve sahih dini bilgiyle yetiştirilmesi, günümüzün zararlı akımlarından korunması gerektiği vurgulanır. Kapanışta ebeveynlerin çocuklarına güzel terbiyeden daha kıymetli bir miras bırakamayacağı hatırlatılır.",anne baba rolü; çocuk terbiyesi; hz. lokman; helal rızık; zararlı akımlar; nesil yetiştirme
11.04.2025,2025,"ÜMMET OLMAK, BİRLİK OLMAKTIR","Toplumsal Dayanışma, Merhamet ve Kardeşlik",,"Hutbe, ümmetin birlik olmasının önemini, Gazze'de yaşanan zulmün temel sebebinin Müslümanların dağınıklığı olduğunu anlatır. Hz. Ömer, Selman-ı Farisi, Bilal-i Habeşi gibi sahabe örnekleriyle ırk ve renk farkı gözetmeyen İslam kardeşliği vurgulanır. Kapanışta zulme rıza göstermenin de zulüm olduğu hatırlatılarak vicdan sahiplerine tepki çağrısı yapılır.",ümmet birliği; gazze soykırımı; islam kardeşliği; tefrika; sahabe örnekleri; zulme rıza
18.04.2025,2025,HUCURÂT SÛRESİ: ERDEMLİ BİR TOPLUMUN İNŞASI,"Ahlak, Erdem ve Söz",,"Hucurât suresinin ahlaki mesajları ele alınarak, Allah ve Resûlü'nün önüne geçmemek, yalan haberleri araştırmadan yaymamak, insanları alaya almamak ve gıybetten kaçınmak gibi ilkeler açıklanır. Sûrenin insanları ırk ayrımı yapmaksızın takvaya göre değerlendirdiği vurgulanarak Gazze'deki zulme değinilir. Kapanışta Peygamberimizin şerlerden Allah'a sığınma duasıyla hutbe bitirilir.",hucurat suresi; yalan haber; alay etmek; gıybet; zannın kötüsü; ırkçılık yasağı
25.04.2025,2025,ALIN TERİ MUKADDESTİR,"Ekonomik Hayat: Kazanç, Zekat ve İsraf",,"Hutbe, çalışmanın ve helal kazancın İslam'da ibadet sayıldığını, alkol, kumar, faiz ve stokçuluk gibi haram kazanç yollarının yasak olduğunu anlatır. İşçi ve işverenin karşılıklı hak ve sorumluluklarına değinilerek işçinin ücretinin zamanında ödenmesi, ibadet haklarının engellenmemesi gerektiği vurgulanır. Kapanışta rızkın helal yollardan aranması gerektiği hatırlatılır.",helal kazanç; işçi işveren hakları; faiz; alın teri; çalışma ahlakı; ücretin zamanında ödenmesi
02.05.2025,2025,NEFSİ VE NESLİ İFSAT EDEN BÜYÜK GÜNAH: ZİNA,"Aile, Çocuk ve Nesil","Eğitim, Teknoloji, Çevre ve Toplumsal Değişim","Hutbe, zinanın aile kurumuna yönelik en büyük saldırı olduğunu, flört, dost hayatı gibi kavramlarla bu günahın meşrulaştırılamayacağını anlatır. Dijital mecralar ve medyanın zinaya giden yolları kolaylaştırdığına, eşcinselliğin de Allah'ın lanetlediği bir sapkınlık olduğuna dikkat çekilir. Kapanışta zinanın panzehrinin evlilik olduğu vurgulanarak gençlerin evliliğe teşvik edilmesi öğütlenir.",zina; flört; eşcinsellik; mahremiyet ihlali; evlilik teşviki; medyada müstehcenlik
09.05.2025,2025,"VAKIF: YARATAN’A HÜRMET, YARATILANA MERHAMET","Ekonomik Hayat: Kazanç, Zekat ve İsraf",,"Hutbe, vakıf kurumunun İslam medeniyetinde yardımlaşma ve dayanışmanın kurumsallaşmış hali olduğunu, ecdadın cami, hastane, çeşme gibi eserlerle bu geleneği yaşattığını anlatır. Bazı vakıf ve dernek görünümlü yapıların yardım kisvesi altında zararlı faaliyetler yürütebildiğine dikkat çekilir. Kapanışta hayır müesseselerinin korunması ve gelecek nesillere aktarılması gerektiği vurgulanır.",vakıf; hayır kurumları; ecdad eserleri; vakıf istismarı; infak; yardımlaşma kültürü
16.05.2025,2025,"AİLE: GÜVEN, SADAKAT VE MERHAMET YUVASI","Aile, Çocuk ve Nesil","Toplumsal Dayanışma, Merhamet ve Kardeşlik","Hutbe, ailenin güven, sadakat ve merhamet yuvası olduğunu, çocukların hem anne şefkatine hem baba otoritesine ihtiyaç duyduğunu anlatır. Aile içi şiddetin ve çocuk istismarının hiçbir gerekçeyle kabul edilemeyeceği, evliliğin fıtratın bir gereği ve güvenli bir liman olduğu vurgulanır. Kapanışta gençlerin sade bir şekilde evlenmelerine destek olunması öğütlenir.",aile; anne baba rolü; aile içi şiddet; çocuk istismarı; evlilik; güven ve sadakat
23.05.2025,2025,SADAKAT VE TESLİMİYETİN NİŞANESİ: KURBAN,"Ramazan, Oruç ve Bayramlar",,"Kurban Bayramı öncesi hutbede, kurban ibadetinin Allah'a şükrün ve teslimiyetin sembolü olduğu, etin veya kanın değil takvanın Allah'a ulaştığı anlatılır. Kurban kesiminin usul ve şartlarına (hisse paylaşımı, bayram namazından sonra kesim vb.) dikkat çekilerek bedel verilmesinin kurban ibadetini karşılamayacağı vurgulanır. Kapanışta Türkiye Diyanet Vakfı aracılığıyla vekâleten kurban kestirme çağrısı yapılır.",kurban ibadeti; takva; kurban kesim şartları; vekaleten kurban; diyanet vakfı; kurban bayramı
30.05.2025,2025,YÂSÎN SÛRESİ: KUR’AN’IN KALBİ,"İman, Tevhid ve Ahiret",Kur'an-ı Kerim,"Yâsîn suresinin Kur'an'ın kalbi olarak nitelendirildiği hutbede, sûrenin tevhide, istikamet üzere yaşamaya ve ahiret bilincine davet ettiği anlatılır. Ölümden sonra dirilişin ve hesap gününün kaçınılmaz olduğu, bu bilinçle iyiliğe yönelmenin gerekliliği vurgulanır. Kapanışta Zilhicce ayı fırsat bilinerek tövbe çağrısı yapılır ve sûrenin son ayetiyle hutbe bitirilir.",yasin suresi; kur'an'ın kalbi; ahiret bilinci; hesap günü; zilhicce; istikamet
06.06.2025,2025,KURBAN BAYRAMI: ALLAH’IN KULLARINA İHSAN VE İKRAMI,"Ramazan, Oruç ve Bayramlar","Toplumsal Dayanışma, Merhamet ve Kardeşlik","Kurban Bayramı hutbesinde, bayram namazı ve kurban kesiminin sünnete uygun yapılması, kurban etlerinin ihtiyaç sahipleriyle paylaşılması gerektiği anlatılır. Bayramların Allah'ın kullarına bir ihsanı olduğu, bu sevincin akraba ziyaretleri ve yetimlerle paylaşılmasıyla anlam kazandığı vurgulanır. Kapanışta Gazze'deki bayram yaşayamayan mazlumlara değinilerek teşrik tekbirleri hatırlatılır.",kurban bayramı; kurban kesimi; paylaşma; teşrik tekbirleri; gazze; sıla-i rahim
06.06.2025,2025,MÜSLÜMANIN BİR DURUŞU VARDIR,"Ramazan, Oruç ve Bayramlar","Toplumsal Dayanışma, Merhamet ve Kardeşlik","Kurban Bayramı hutbesinde, bayram namazı ve kurban kesiminin sünnete uygun yapılması, kurban etlerinin ihtiyaç sahipleriyle paylaşılması gerektiği anlatılır. Bayramların Allah'ın kullarına bir ihsanı olduğu, bu sevincin akraba ziyaretleri ve yetimlerle paylaşılmasıyla anlam kazandığı vurgulanır. Kapanışta Gazze'deki bayram yaşayamayan mazlumlara değinilerek teşrik tekbirleri hatırlatılır.",kurban bayramı; kurban kesimi; paylaşma; teşrik tekbirleri; gazze; sıla-i rahim
13.06.2025,2025,DÜĞÜN YAPMANIN DA BİR ÂDÂBI VARDIR,"Aile, Çocuk ve Nesil",,"Hutbe, düğün ve evlilik merasimlerinin İslam'a uygun sade bir şekilde yapılması gerektiğini, günümüzde israf ve gösterişin evliliğin ruhunu bozduğunu anlatır. Alkollü kutlamalar, silahlı ateş açma ve aşırı harcamaların dinimizde yeri olmadığı, 'bekârlığa veda partisi' gibi yabancı adetlerin benimsenmemesi gerektiği vurgulanır. Kapanışta gençlerin evliliğe teşvik edilmesi ve israftan kaçınılması öğütlenir.",düğün adabı; israf; evlilik; alkollü kutlama; gösteriş; nikahın kolaylaştırılması
20.06.2025,2025,"HER YAZ YENİ BİR HEYECAN: CAMİ, ÇOCUK VE KUR’AN","Aile, Çocuk ve Nesil","Kur'an-ı Kerim; Eğitim, Teknoloji, Çevre ve Toplumsal Değişim","Yaz tatili başlarken hutbe, çocukların Allah'ın bir emaneti olduğunu, onları hem dünyevi başarı hem de ahlaki değerlerle yetiştirmenin ebeveyn sorumluluğu olduğunu anlatır. Dijital platformlardaki zararlı içeriklerin ve akran zorbalığının gençleri tehdit ettiği, yaz Kur'an kurslarının bu konuda önemli bir fırsat sunduğu vurgulanır. Kapanışta ailelerin çocuklarını Kur'an kurslarıyla buluşturması çağrısı yapılır.",çocuk terbiyesi; yaz kur'an kursları; dijital tehlikeler; akran zorbalığı; üniversite sınavı; cami çocuk
27.06.2025,2025,KAMU HAKKI DOKUNULMAZDIR,"Kandiller, Muharrem ve Mübarek Geceler","Toplumsal Dayanışma, Merhamet ve Kardeşlik","Hutbe, kamu malının ve kamu hakkının 'hukukullah' olduğunu, rüşvet, torpil, vergi kaçakçılığı, kaçak elektrik-su kullanımı gibi kamu hakkı ihlallerinin büyük bir günah olduğunu detaylı örneklerle anlatır. Devlet desteklerinin amacı dışında kullanılması ve sahte beyanların da bu kapsamda değerlendirildiği vurgulanır. Kapanışta hicri yeni yıl tebrik edilir ve kamu hakkına duyarlılık çağrısı yapılır.",kamu hakkı; rüşvet; vergi kaçakçılığı; torpil; kaçak elektrik su; hicri yılbaşı
04.07.2025,2025,GEÇMİŞE İBRETLE GELECEĞE FERASETLE BAKALIM,"Kandiller, Muharrem ve Mübarek Geceler",,"Muharrem ayı ve Aşûrâ günü vesilesiyle hutbe, Peygamberimizin sünnetine sarılmanın ve birlik içinde olmanın önemini, Kerbela hadisesinden çıkarılması gereken derslere değinerek anlatır. Müslümanların ümmet bilinciyle hareket etmemesi nedeniyle zalimlerin zulmünü sürdürebildiği vurgulanır. Kapanışta orman yangınlarına dikkat çekilerek tedbirli olunması istenir.",muharrem ayı; aşure; kerbela; hz. hüseyin; birlik beraberlik; orman yangınları
11.07.2025,2025,SAHİH DİNİ BİLGİNİN ÖNEMİ,"Vatan, Millet ve Tarih","Eğitim, Teknoloji, Çevre ve Toplumsal Değişim","15 Temmuz darbe girişiminin yıldönümü vesilesiyle hutbe, sahih dini bilginin dini istismardan koruyan en sağlam kalkan olduğunu anlatır. FETÖ örneğinden hareketle dinin kişisel ve siyasi çıkarlara alet edilmesinin büyük bir tehlike olduğu, Kur'an ve sünnete dayalı doğru din eğitiminin önemi vurgulanır. Kapanışta 15 Temmuz şehitleri ve Pençe-Kilit Harekâtı şehitleri rahmetle anılır.",15 temmuz; feto; din istismarı; sahih dini bilgi; darbe girişimi; pençe-kilit harekatı
18.07.2025,2025,SUYUMUZU İSRAF ETMEYELİM,"Ekonomik Hayat: Kazanç, Zekat ve İsraf","İbadet ve Kulluk; Afet, Kriz ve Sağlık","Hutbe, suyun Allah'ın büyük bir nimeti ve gelecek nesillere ait ilahi bir emanet olduğunu, israfının haram sayıldığını anlatır. Abdest alırken bile suyu gereksiz kullanmanın israf olduğu, su kaynaklarının kirletilmesinin ve kaçak kullanımının hak ihlali olduğu vurgulanır. Kapanışta kuraklık döneminde suyun tasarruflu kullanılması ve ağaç dikilmesi çağrısı yapılır.",su israfı; kuraklık; çevre kirliliği; abdest ve israf; su kaynaklarının korunması; kaçak su kullanımı
25.07.2025,2025,GAZZE: İNSANLIĞIN ONUR SINAVI,İslam Coğrafyası ve Küresel Meseleler,,"Hutbe, Gazze'de yaşanan katliamı Kur'an'daki ashâbü'l-uhdûd kıssasıyla ilişkilendirerek zalimlerin er ya da geç mağlup olacağını anlatır. Tarihte Nemrut, Firavun gibi zalimlerin kaybedip iman edenlerin kazandığı vurgulanarak Gazze'nin tüm insanlık için bir onur sınavı olduğu belirtilir. Kapanışta zalimleri destekleyen ürünlerin boykot edilmesi ve orman yangınlarında şehit olanlara rahmet dilenir.",gazze; ashabül uhdud; siyonist zulüm; boykot; mazlumlara destek; orman yangını şehitleri
01.08.2025,2025,"HAYÂ: ALLAH’IN EMRİ, FITRATIN GEREĞİ","Ahlak, Erdem ve Söz","Eğitim, Teknoloji, Çevre ve Toplumsal Değişim","Hutbe, hayânın imandan bir parça olduğunu, günümüzde giyim sektörü ve medyanın çıplaklığı özendirerek mahremiyeti pervasızca ihlal ettiğini anlatır. Estetik ameliyatlarla fıtratı bozmanın, dövme yaptırmanın ve uygunsuz kıyafetlerle görünmenin haram olduğu, hayâ sorumluluğunun kadın-erkek herkese eşit yüklendiği vurgulanır. Kapanışta hidayet, takva ve iffet duasıyla hutbe bitirilir.",hayâ; tesettür; estetik ameliyat; mahremiyet ihlali; giyim kuşam; iffet
08.08.2025,2025,SILA-İ RAHİMLE BEREKETLENEN TATİL,"Toplumsal Dayanışma, Merhamet ve Kardeşlik","Ekonomik Hayat: Kazanç, Zekat ve İsraf","Hutbe, tatilin İslam'da meşru sınırlar içinde, faydalı ve kulluk bilincini koruyan bir dinlenme fırsatı olması gerektiğini anlatır. Lüks ve israfa dayalı tatil anlayışlarının dinimizde yeri olmadığı, tatilin sıla-i rahim ve akraba ziyareti için değerlendirilmesi gerektiği vurgulanır. Kapanışta anne-babayı ve akrabaları ziyaret etme çağrısı yapılır.",tatil; sıla-i rahim; israf; akraba ziyareti; boş vakit; anne baba ziyareti
15.08.2025,2025,KUL HAKKI ATEŞTEN GÖMLEKTİR,"Ahlak, Erdem ve Söz","Toplumsal Dayanışma, Merhamet ve Kardeşlik","Hutbe, kul hakkı ihlallerinin ailede, iş hayatında ve toplumda pek çok şekilde ortaya çıktığını, müflis hadisi üzerinden bu hakların kıyamette telafi edilmesi gerektiğini anlatır. Miras, ticaret, işçi-işveren ilişkileri ve sosyal medyada iftira gibi somut kul hakkı ihlali örnekleri verilir. Kapanışta hak sahiplerinden helallik alınmadan ahiret azabından kurtuluş olmayacağı vurgulanır.",kul hakkı; müflis hadisi; miras hakkı; ticarette hile; iftira; helallik
22.08.2025,2025,"İBADET; RUHA SEKİNET, TOPLUMA HUZUR VERİR",İbadet ve Kulluk,"Vatan, Millet ve Tarih","Hutbe, ibadetin yaratılış amacımız olduğunu, Allah'a olan teslimiyetin, şükrün ve muhabbetin ifadesi olarak ruha huzur, topluma barış getirdiğini anlatır. Helal kazanç için çalışmanın da bir ibadet sayıldığı, gençlerin ibadet aşkıyla yetiştirilmemesi halinde başka arayışlara yöneleceği vurgulanır. Kapanışta Malazgirt ve Büyük Taarruz zaferleri anılarak şehit ve gazilere rahmet dilenir.",ibadet; kulluk bilinci; helal kazanç; malazgirt zaferi; büyük taarruz; cami
29.08.2025,2025,ÂLEMLERE RAHMET HZ. MUHAMMED (S.A.S),Peygamberimiz ve Ashab,"Aile, Çocuk ve Nesil; Vatan, Millet ve Tarih","Mevlid-i Nebi ve Peygamberimizin doğumunun 1500. yıldönümü vesilesiyle hutbe, Hz. Muhammed'in merhameti, aile, kadın, çocuk, genç, yaşlı ve yetimlere verdiği değeri anlatır. Peygamberimizin insanlığa rahmet olarak gönderildiği ve mütevazılığı örnek gösterilir. Kapanışta 30 Ağustos Zaferi anılarak şehit ve gazilere rahmet dilenir.",mevlid-i nebi; hz. muhammed; rahmet peygamberi; merhamet; 30 ağustos zaferi; aile ahlakı
05.09.2025,2025,İLİM HAKKI BİLMEKTİR,"Eğitim, Teknoloji, Çevre ve Toplumsal Değişim",,"Hutbe, ilim öğrenmenin İslam'da farz olduğunu, ilmin amacının sadece kariyer değil Kur'an merkezli, ahlaklı nesiller yetiştirmek olduğunu anlatır. Günümüzde çocukların bağımlılık, sanal kumar ve akran zorbalığı gibi tehditlerle karşı karşıya olduğu, bu sorunun temelinde eğitimdeki eksikliklerin yattığı vurgulanır. Kapanışta yeni eğitim öğretim yılının hayırlı olması dilenir.",ilim öğrenmek; eğitim öğretim yılı; din kültürü dersi; sanal kumar; akran zorbalığı; öğretmenlik
12.09.2025,2025,PEYGAMBERİMİZ VE AİLE AHLAKI,"Aile, Çocuk ve Nesil",,"Hutbe, Peygamberimizin aile ahlakını, eşine ve çocuklarına gösterdiği nezaket ve sevgiyi örnek göstererek güçlü ailenin toplumun teminatı olduğunu anlatır. Aile yapısını hedef alan akımların nikahsız beraberlikleri normalleştirmeye çalıştığı, evliliğin fıtratın bir gereği olduğu vurgulanır. Kapanışta ailenin ihmal edilmemesi ve ibadet bilinciyle yaşatılması öğütlenir.",peygamberimiz ve aile; aile ahlakı; nikahsız beraberlik; evlilik teşviki; aile içi iletişim; hz. hatice
19.09.2025,2025,PEYGAMBERİMİZ (S.A.S) VE TİCARET AHLAKI,"Ekonomik Hayat: Kazanç, Zekat ve İsraf",,"Hutbe, Peygamberimizin ticaret ahlakını, Muhammedü'l-Emin olarak tanınmasını ve dürüstlüğü örnek göstererek ticarette helal-haram hassasiyetinin önemini anlatır. Karaborsacılık, stokçuluk, fiyat manipülasyonu ve kusurlu malın gizlenmesi gibi haksızlıkların kul hakkı olduğu vurgulanır. Kapanışta ahilik geleneğinin yeniden canlandırılması çağrısı yapılır.",ticaret ahlakı; muhammedü'l-emin; ahilik; karaborsacılık; stokçuluk; helal kazanç
26.09.2025,2025,"PEYGAMBERİMİZ (S.A.S), CAMİ VE NAMAZ",İbadet ve Kulluk,,"Hutbe, namazın dinin direği ve Peygamberimizin hayatının son anına kadar terk etmediği bir ibadet olduğunu, namazın her hareketinin sembolik bir anlam taşıdığını anlatır. Camilerin toplumsal barışın ve kardeşliğin sembolü olduğu, çocukların cami ve namaza küçük yaştan alıştırılması gerektiği vurgulanır. Kapanışta Camiler ve Din Görevlileri Haftası anılır.",namaz; cami; peygamberimiz ve namaz; camiler haftası; sabah namazı; ibadet bilinci
03.10.2025,2025,HENDEK’TEN GAZZE’YE: ZAFER İNANANLARINDIR,"Toplumsal Dayanışma, Merhamet ve Kardeşlik",İslam Coğrafyası ve Küresel Meseleler,"Hutbe, Hendek Savaşı'ndaki birlik ve dayanışmayı günümüzdeki Gazze direnişiyle kıyaslayarak, zorlukların ancak Allah'a teslimiyet ve birlikle aşılabileceğini anlatır. Müslümanların ayrılığa düştüğü dönemlerde zayıfladığı, birleştiklerinde ise zaferle sonuçlandığı vurgulanır. Kapanışta ümmet bilincinin pekiştirilmesi çağrısı ve Hendek Gazvesi'ndeki dua ile hutbe bitirilir.",hendek savaşı; gazze direnişi; birlik beraberlik; sabır; ümmet bilinci; zafer
10.10.2025,2025,CENÂB-I HAKK’IN NAZARGÂHI: KALP,İbadet ve Kulluk,"İman, Tevhid ve Ahiret; Ahlak, Erdem ve Söz","Hutbe, kalbin Allah'ın nazargâhı olduğunu, iman ve zikirle huzur bulduğunu, günah işlendikçe karardığını anlatır. Kalbin katılaşmasının şirk, riya, hırs ve öfke gibi kötü duygulardan kaynaklandığı, iyiliklerin ise kalbi yumuşattığı vurgulanır. Kapanışta kalbin namaz, zikir ve hayırla diri tutulması öğütlenir ve ilgili dua ile hutbe bitirilir.",kalp; zikir; günahın etkisi; kalbin katılaşması; tövbe istiğfar; iyilik ve kalp
17.10.2025,2025,MÜSLÜMANIN HAYATINA YÖN VEREN REHBER: SÜNNET-İ SENİYYE,Peygamberimiz ve Ashab,,"Hutbe, sünnet-i seniyyenin Kur'an'ın hayata yansımış hali olduğunu, Peygamberimizi sevmenin ona uymaktan geçtiğini anlatır. Sünnete uygun yaşamanın aile, ticaret ve toplumsal ilişkilerin her alanına yayılması gerektiği vurgulanır. Kapanışta Kur'an'ı sünnetsiz anlamanın mümkün olmadığı ve Veda Hutbesi'ndeki vasiyetle hutbe tamamlanır.",sünnet-i seniyye; peygamber sevgisi; örnek ahlak; kur'an ve sünnet; veda hutbesi
24.10.2025,2025,"BİRLİKTE BEREKET, KARDEŞLİKTE RAHMET VARDIR","Vatan, Millet ve Tarih",,"Hutbe, Peygamberimizin öğrettiği iman kardeşliğinin milleti asırlardır bir arada tuttuğunu, Malazgirt, İstanbul'un fethi ve Çanakkale gibi zaferlerin bu kardeşlik bağıyla kazanıldığını anlatır. Birlik ve beraberliğin bozulmaması, farklılıkların zenginlik sayılması gerektiği vurgulanır. Kapanışta şehit ve gazilere rahmet ve minnet duası edilir.",iman kardeşliği; malazgirt; istanbul'un fethi; çanakkale; birlik beraberlik; milli değerler
31.10.2025,2025,AİLEDE HUZURUN KAYNAĞI: MERHAMET VE MUHABBET,"Aile, Çocuk ve Nesil","Toplumsal Dayanışma, Merhamet ve Kardeşlik","Hutbe, ailenin ruhun sekinet bulduğu bir güven yurdu olduğunu, her aile ferdinin (anne, baba, çocuk, nine, dede) değerli ve vazgeçilmez olduğunu anlatır. Sapkın akımların aile yapısını, çocukları külfet gibi göstererek tahrip etmeye çalıştığı, çözümün Kur'an ve sünnetin rehberliğinde özümüze dönüşte olduğu vurgulanır. Kapanışta aile büyüklerine merhamet gösterme çağrısı ve dua ile hutbe bitirilir.",aile; merhamet ve muhabbet; nine dede; çocuk sevgisi; aile büyüklerine hürmet; sade nikah
07.11.2025,2025,VEFA İMANDANDIR,"Aile, Çocuk ve Nesil",Peygamberimiz ve Ashab,"Hutbe, vefanın sevgi, sadakat ve fedakârlığın göstergesi olduğunu, en yüce vefanın Allah'a verilen söze sadık kalmak olduğunu anlatır. Vefanın aynı zamanda Peygamberimize, aileye, ecdada ve topluma karşı gösterilen sadakat ve hürmeti kapsadığı vurgulanır. Kapanışta bir vefa muhasebesi yapma çağrısıyla ve ilgili hadisle hutbe bitirilir.",vefa; sadakat; peygamber sevgisi; ecdada vefa; vefa muhasebesi; ahde vefa
14.11.2025,2025,VATAN VE MİLLET RUHUMUZ,"Vatan, Millet ve Tarih",,"Hutbe, vatanın sadece bir toprak parçası değil bağımsızlığın sembolü ve ecdadın mukaddes emaneti olduğunu anlatarak vatan ve millet ruhunu işler. Şehitlerin ve gazilerin bu uğurda verdiği fedakârlıklar hatırlatılır. Hutbe, Allah korkusundan ağlayan ve Allah yolunda nöbet tutan gözlere cehennemin dokunmayacağını bildiren hadisle tamamlanır.",vatan sevgisi; millet ruhu; şehitlik; bağımsızlık; fedakârlık; gazilik
21.11.2025,2025,ŞİDDETİN ÇARESİ MERHAMET EĞİTİMİ,"Toplumsal Dayanışma, Merhamet ve Kardeşlik","Aile, Çocuk ve Nesil","Hutbe, insanın yeryüzünün en değerli varlığı olduğunu, her insanın canının mukaddes olduğunu anlatarak şiddetin hiçbir çeşidinin kabul edilemeyeceğini vurgular. Ailede, sosyal hayatta ve dijital ortamlarda şiddetin çaresinin merhamet eğitimi olduğu anlatılır. Hutbe, insanlara merhamet etmeyene Allah’ın da merhamet etmeyeceğini bildiren hadisle tamamlanır.",şiddet; merhamet eğitimi; aile içi şiddet; dijital şiddet; insan onuru; empati
28.11.2025,2025,FEDAKÂRLIĞIN ZİRVESİ: ÎSÂR,"Toplumsal Dayanışma, Merhamet ve Kardeşlik",,"Hutbe, İslam’ın sevgi ve kardeşlik temelinde erdemli bir toplum inşa etmeyi amaçladığını anlatarak îsârın (başkasını kendine tercih etme) fedakârlığın zirvesi olduğunu işler. Bencillik ve cimrilikten arınmanın îsâr duygusuyla mümkün olduğu vurgulanır. Hutbe, kardeşinin yardımında olan kula Allah’ın da yardımcı olacağını bildiren hadisle tamamlanır.",îsâr; fedakârlık; paylaşma; kardeşlik; cömertlik; yardımlaşma
05.12.2025,2025,"İNSAN, HUZURU İBADETLE ELDE EDER",İbadet ve Kulluk,,"Hutbe, her varlığın belli bir amaç için yaratıldığını, insanın da başıboş bırakılmadığını bildiren ayetle huzurun ibadetle elde edildiğini anlatır. İbadetin samimi niyetle Allah’ın emir ve yasaklarını gözetmek olduğu vurgulanır. Hutbe, Allah’a güzelce ibadet etmek için yardım dileyen bir dua ile tamamlanır.",ibadet; huzur; niyet; kulluk; amaç; dua
12.12.2025,2025,İNSAN: KÂİNATIN GÖZBEBEĞİ,"İman, Tevhid ve Ahiret",,"Hutbe, her canlının ölümü tadacağını ve kıyamet gününde herkesin yaptıklarının hesabını vereceğini anlatarak insanın kâinatın gözbebeği olduğunu işler. İnsanın çoğu zaman niçin yaratıldığını unutup gaflete düştüğü vurgulanır. Hutbe, hayrın anahtarlarına sahip olanlara müjde veren hadisle tamamlanır.",kıyamet; hesap günü; gaflet; insanın yaratılış gayesi; ahiret; hayır işleme
19.12.2025,2025,HER ANIMIZI EBEDİ KAZANCA DÖNÜŞTÜREBİLİRİZ,"Sabır, Tevekkül ve Manevi Olgunluk",,"Hutbe, zamanın hem büyük bir nimet hem de bir imtihan olduğunu anlatarak her anın ebedi kazanca dönüştürülebileceğini işler. Zamanın değerinin yaşanan duygularla ilişkili olduğu ancak iman ve salih amelle asıl kıymetini bulduğu vurgulanır. Hutbe, insanın ziyanda olduğunu ancak iman edip salih amel işleyenlerin bundan istisna olduğunu bildiren Asr suresiyle tamamlanır.",zaman; Asr suresi; salih amel; iman; zamanın kıymeti; kazanç
26.12.2025,2025,KİMLİĞİMİZ GELECEĞİMİZDİR,"Vatan, Millet ve Tarih","Sabır, Tevekkül ve Manevi Olgunluk; İman, Tevhid ve Ahiret","Hutbe, her toplumun kendine özgü bir kimliği olduğunu, milletlerin bu kimlikle tarihteki yerlerini aldığını anlatarak kimliğin geleceği belirlediğini vurgular. Milli ve manevi değerlerin korunmasının bu kimlikle mümkün olduğu anlatılır. Hutbe, ölüm ve hesabın sanıldığından yakın olduğu hatırlatılarak hayatın ahirete göre şekillendirilmesi çağrısıyla tamamlanır.",kimlik; milli ve manevi değerler; gelecek bilinci; ahiret; muhasebe; kültürel miras
