tarih,baslik,ana_tema,anahtar_kelime
15.04.2011,MERHAMET EĞİTİMİ,"Toplumsal Dayanışma, Merhamet ve Kardeşlik",merhamet
15.04.2011,MERHAMET EĞİTİMİ,"Toplumsal Dayanışma, Merhamet ve Kardeşlik",şiddet
15.04.2011,MERHAMET EĞİTİMİ,"Toplumsal Dayanışma, Merhamet ve Kardeşlik",vicdan
15.04.2011,MERHAMET EĞİTİMİ,"Toplumsal Dayanışma, Merhamet ve Kardeşlik",ahlaki yozlaşma
15.04.2011,MERHAMET EĞİTİMİ,"Toplumsal Dayanışma, Merhamet ve Kardeşlik",kutlu doğum haftası
15.04.2011,MERHAMET EĞİTİMİ,"Toplumsal Dayanışma, Merhamet ve Kardeşlik",toplumsal duyarlılık
21.10.2011,AZÎZ ŞEHİTLERİMİZE…,"Vatan, Millet ve Tarih",şehitlik
21.10.2011,AZÎZ ŞEHİTLERİMİZE…,"Vatan, Millet ve Tarih",terör saldırıları
21.10.2011,AZÎZ ŞEHİTLERİMİZE…,"Vatan, Millet ve Tarih",güvenlik güçleri
21.10.2011,AZÎZ ŞEHİTLERİMİZE…,"Vatan, Millet ve Tarih",vatan sevgisi
21.10.2011,AZÎZ ŞEHİTLERİMİZE…,"Vatan, Millet ve Tarih",milli birlik
21.10.2011,AZÎZ ŞEHİTLERİMİZE…,"Vatan, Millet ve Tarih",başsağlığı
28.10.2011,MÜMİNLER TEK BİR VÜCUT GİBİDİR,"Afet, Kriz ve Sağlık",van depremi
28.10.2011,MÜMİNLER TEK BİR VÜCUT GİBİDİR,"Afet, Kriz ve Sağlık",musibet
28.10.2011,MÜMİNLER TEK BİR VÜCUT GİBİDİR,"Afet, Kriz ve Sağlık",sabır
28.10.2011,MÜMİNLER TEK BİR VÜCUT GİBİDİR,"Afet, Kriz ve Sağlık",dayanışma
28.10.2011,MÜMİNLER TEK BİR VÜCUT GİBİDİR,"Afet, Kriz ve Sağlık",afetler
28.10.2011,MÜMİNLER TEK BİR VÜCUT GİBİDİR,"Afet, Kriz ve Sağlık",yardım kampanyası
06.11.2011,KURBAN BAYRAMI,"Ramazan, Oruç ve Bayramlar",kurban bayramı
06.11.2011,KURBAN BAYRAMI,"Ramazan, Oruç ve Bayramlar",hz. i̇brahim
06.11.2011,KURBAN BAYRAMI,"Ramazan, Oruç ve Bayramlar",teslimiyet
06.11.2011,KURBAN BAYRAMI,"Ramazan, Oruç ve Bayramlar",fedakârlık
06.11.2011,KURBAN BAYRAMI,"Ramazan, Oruç ve Bayramlar",yetimlere sahip çıkmak
06.11.2011,KURBAN BAYRAMI,"Ramazan, Oruç ve Bayramlar",hac
25.11.2011,"EŞİMİZ, EVLADIMIZ, ANNEMİZ: KADIN","Aile, Çocuk ve Nesil",kadın hakları
25.11.2011,"EŞİMİZ, EVLADIMIZ, ANNEMİZ: KADIN","Aile, Çocuk ve Nesil",kadına yönelik şiddet
25.11.2011,"EŞİMİZ, EVLADIMIZ, ANNEMİZ: KADIN","Aile, Çocuk ve Nesil",aile içi zulüm
25.11.2011,"EŞİMİZ, EVLADIMIZ, ANNEMİZ: KADIN","Aile, Çocuk ve Nesil",cahiliye zihniyeti
25.11.2011,"EŞİMİZ, EVLADIMIZ, ANNEMİZ: KADIN","Aile, Çocuk ve Nesil",eş ve anne olarak kadın
25.11.2011,"EŞİMİZ, EVLADIMIZ, ANNEMİZ: KADIN","Aile, Çocuk ve Nesil",toplumsal saygı
02.12.2011,KERBELA’YI ANLAMAK,"Kandiller, Muharrem ve Mübarek Geceler",kerbela
02.12.2011,KERBELA’YI ANLAMAK,"Kandiller, Muharrem ve Mübarek Geceler",hz. hüseyin
02.12.2011,KERBELA’YI ANLAMAK,"Kandiller, Muharrem ve Mübarek Geceler",muharrem ayı
02.12.2011,KERBELA’YI ANLAMAK,"Kandiller, Muharrem ve Mübarek Geceler",aşure
02.12.2011,KERBELA’YI ANLAMAK,"Kandiller, Muharrem ve Mübarek Geceler",ehl-i beyt
02.12.2011,KERBELA’YI ANLAMAK,"Kandiller, Muharrem ve Mübarek Geceler",ümmet birliği
30.12.2011,ZAMAN BİLİNCİ,"Sabır, Tevekkül ve Manevi Olgunluk",zaman bilinci
30.12.2011,ZAMAN BİLİNCİ,"Sabır, Tevekkül ve Manevi Olgunluk",yılbaşı
30.12.2011,ZAMAN BİLİNCİ,"Sabır, Tevekkül ve Manevi Olgunluk",muhasebe
30.12.2011,ZAMAN BİLİNCİ,"Sabır, Tevekkül ve Manevi Olgunluk",zamanı değerlendirmek
30.12.2011,ZAMAN BİLİNCİ,"Sabır, Tevekkül ve Manevi Olgunluk",nimetlerin kıymeti
30.12.2011,ZAMAN BİLİNCİ,"Sabır, Tevekkül ve Manevi Olgunluk",hicri ve miladi takvim
03.02.2012,MEVLİD-İ NEBİ,Peygamberimiz ve Ashab,mevlid-i nebi
03.02.2012,MEVLİD-İ NEBİ,Peygamberimiz ve Ashab,hz. muhammed
03.02.2012,MEVLİD-İ NEBİ,Peygamberimiz ve Ashab,peygamber sevgisi
03.02.2012,MEVLİD-İ NEBİ,Peygamberimiz ve Ashab,örnek alma
03.02.2012,MEVLİD-İ NEBİ,Peygamberimiz ve Ashab,salavat
03.02.2012,MEVLİD-İ NEBİ,Peygamberimiz ve Ashab,kandil
06.04.2012,KARDEŞLİK ÇAĞRISI,"Toplumsal Dayanışma, Merhamet ve Kardeşlik",kardeşlik
06.04.2012,KARDEŞLİK ÇAĞRISI,"Toplumsal Dayanışma, Merhamet ve Kardeşlik",ensar ve muhacir
06.04.2012,KARDEŞLİK ÇAĞRISI,"Toplumsal Dayanışma, Merhamet ve Kardeşlik",veda hutbesi
06.04.2012,KARDEŞLİK ÇAĞRISI,"Toplumsal Dayanışma, Merhamet ve Kardeşlik",eşitlik
06.04.2012,KARDEŞLİK ÇAĞRISI,"Toplumsal Dayanışma, Merhamet ve Kardeşlik",kutlu doğum haftası
06.04.2012,KARDEŞLİK ÇAĞRISI,"Toplumsal Dayanışma, Merhamet ve Kardeşlik",insanlık ailesi
13.04.2012,KARDEŞLİK AHLAKI VE HUKUKU,"Ahlak, Erdem ve Söz",kardeşlik ahlakı
13.04.2012,KARDEŞLİK AHLAKI VE HUKUKU,"Ahlak, Erdem ve Söz",kardeşlik hukuku
13.04.2012,KARDEŞLİK AHLAKI VE HUKUKU,"Ahlak, Erdem ve Söz",kusur örtmek
13.04.2012,KARDEŞLİK AHLAKI VE HUKUKU,"Ahlak, Erdem ve Söz",haset
13.04.2012,KARDEŞLİK AHLAKI VE HUKUKU,"Ahlak, Erdem ve Söz",dargınlık
13.04.2012,KARDEŞLİK AHLAKI VE HUKUKU,"Ahlak, Erdem ve Söz",müslüman kardeşliği
29.06.2012,BERÂT’A YOL ARAMAK,"Kandiller, Muharrem ve Mübarek Geceler",berat kandili
29.06.2012,BERÂT’A YOL ARAMAK,"Kandiller, Muharrem ve Mübarek Geceler",tövbe
29.06.2012,BERÂT’A YOL ARAMAK,"Kandiller, Muharrem ve Mübarek Geceler",af dileme
29.06.2012,BERÂT’A YOL ARAMAK,"Kandiller, Muharrem ve Mübarek Geceler",şaban ayı
29.06.2012,BERÂT’A YOL ARAMAK,"Kandiller, Muharrem ve Mübarek Geceler",arınma
29.06.2012,BERÂT’A YOL ARAMAK,"Kandiller, Muharrem ve Mübarek Geceler",mağfiret
20.07.2012,“BEN ORUÇLUYUM” DİYEBİLMEK,"Ramazan, Oruç ve Bayramlar",oruç
20.07.2012,“BEN ORUÇLUYUM” DİYEBİLMEK,"Ramazan, Oruç ve Bayramlar",ramazan ayı
20.07.2012,“BEN ORUÇLUYUM” DİYEBİLMEK,"Ramazan, Oruç ve Bayramlar",kalkan
20.07.2012,“BEN ORUÇLUYUM” DİYEBİLMEK,"Ramazan, Oruç ve Bayramlar",dilin ve elin korunması
20.07.2012,“BEN ORUÇLUYUM” DİYEBİLMEK,"Ramazan, Oruç ve Bayramlar",kötü söz
20.07.2012,“BEN ORUÇLUYUM” DİYEBİLMEK,"Ramazan, Oruç ve Bayramlar",nefis terbiyesi
27.07.2012,SEVGİ VE BARIŞ DİLİ: SELÂM,"Toplumsal Dayanışma, Merhamet ve Kardeşlik",selam
27.07.2012,SEVGİ VE BARIŞ DİLİ: SELÂM,"Toplumsal Dayanışma, Merhamet ve Kardeşlik",esenlik dilemek
27.07.2012,SEVGİ VE BARIŞ DİLİ: SELÂM,"Toplumsal Dayanışma, Merhamet ve Kardeşlik",kardeşlik bağları
27.07.2012,SEVGİ VE BARIŞ DİLİ: SELÂM,"Toplumsal Dayanışma, Merhamet ve Kardeşlik",tebessüm
27.07.2012,SEVGİ VE BARIŞ DİLİ: SELÂM,"Toplumsal Dayanışma, Merhamet ve Kardeşlik",toplumsal güven
27.07.2012,SEVGİ VE BARIŞ DİLİ: SELÂM,"Toplumsal Dayanışma, Merhamet ve Kardeşlik",hz. adem
19.08.2012,RAMAZAN BAYRAMI,"Ramazan, Oruç ve Bayramlar",ramazan bayramı
19.08.2012,RAMAZAN BAYRAMI,"Ramazan, Oruç ve Bayramlar",kardeşlik
19.08.2012,RAMAZAN BAYRAMI,"Ramazan, Oruç ve Bayramlar",nefis muhasebesi
19.08.2012,RAMAZAN BAYRAMI,"Ramazan, Oruç ve Bayramlar",zekat ve fitre
19.08.2012,RAMAZAN BAYRAMI,"Ramazan, Oruç ve Bayramlar",bayramlaşma
19.08.2012,RAMAZAN BAYRAMI,"Ramazan, Oruç ve Bayramlar",kırgınlıkları gidermek
28.09.2012,YETER Kİ GÖNÜLLER ENGELLİ OLMASIN,"Toplumsal Dayanışma, Merhamet ve Kardeşlik",engellilik
28.09.2012,YETER Kİ GÖNÜLLER ENGELLİ OLMASIN,"Toplumsal Dayanışma, Merhamet ve Kardeşlik",ayrımcılık
28.09.2012,YETER Kİ GÖNÜLLER ENGELLİ OLMASIN,"Toplumsal Dayanışma, Merhamet ve Kardeşlik",insan onuru
28.09.2012,YETER Kİ GÖNÜLLER ENGELLİ OLMASIN,"Toplumsal Dayanışma, Merhamet ve Kardeşlik",camiler haftası
28.09.2012,YETER Kİ GÖNÜLLER ENGELLİ OLMASIN,"Toplumsal Dayanışma, Merhamet ve Kardeşlik",erişilebilirlik
28.09.2012,YETER Kİ GÖNÜLLER ENGELLİ OLMASIN,"Toplumsal Dayanışma, Merhamet ve Kardeşlik",liyakat
16.11.2012,MEDENİYET YOLCULUĞU: HİCRET,Peygamberimiz ve Ashab,hicret
16.11.2012,MEDENİYET YOLCULUĞU: HİCRET,Peygamberimiz ve Ashab,hicri yılbaşı
16.11.2012,MEDENİYET YOLCULUĞU: HİCRET,Peygamberimiz ve Ashab,medine
16.11.2012,MEDENİYET YOLCULUĞU: HİCRET,Peygamberimiz ve Ashab,medeniyet
16.11.2012,MEDENİYET YOLCULUĞU: HİCRET,Peygamberimiz ve Ashab,ensar ve muhacir
16.11.2012,MEDENİYET YOLCULUĞU: HİCRET,Peygamberimiz ve Ashab,dayanışma
28.12.2012,“DÜN” EYLEDİĞİMİZ GÜNLER…,"Ekonomik Hayat: Kazanç, Zekat ve İsraf",yılbaşı
28.12.2012,“DÜN” EYLEDİĞİMİZ GÜNLER…,"Ekonomik Hayat: Kazanç, Zekat ve İsraf",zaman muhasebesi
28.12.2012,“DÜN” EYLEDİĞİMİZ GÜNLER…,"Ekonomik Hayat: Kazanç, Zekat ve İsraf",tüketim kültürü
28.12.2012,“DÜN” EYLEDİĞİMİZ GÜNLER…,"Ekonomik Hayat: Kazanç, Zekat ve İsraf",kumar ve şans oyunları
28.12.2012,“DÜN” EYLEDİĞİMİZ GÜNLER…,"Ekonomik Hayat: Kazanç, Zekat ve İsraf",suriye insani yardım
28.12.2012,“DÜN” EYLEDİĞİMİZ GÜNLER…,"Ekonomik Hayat: Kazanç, Zekat ve İsraf",kültür erozyonu
25.01.2013,ALLAH’IN SEVMEDİĞİ DAVRANIŞ: İSRAF,"Ekonomik Hayat: Kazanç, Zekat ve İsraf",israf
25.01.2013,ALLAH’IN SEVMEDİĞİ DAVRANIŞ: İSRAF,"Ekonomik Hayat: Kazanç, Zekat ve İsraf",ekmek israfı
25.01.2013,ALLAH’IN SEVMEDİĞİ DAVRANIŞ: İSRAF,"Ekonomik Hayat: Kazanç, Zekat ve İsraf",tüketim çılgınlığı
25.01.2013,ALLAH’IN SEVMEDİĞİ DAVRANIŞ: İSRAF,"Ekonomik Hayat: Kazanç, Zekat ve İsraf",kanaat
25.01.2013,ALLAH’IN SEVMEDİĞİ DAVRANIŞ: İSRAF,"Ekonomik Hayat: Kazanç, Zekat ve İsraf",açlık
25.01.2013,ALLAH’IN SEVMEDİĞİ DAVRANIŞ: İSRAF,"Ekonomik Hayat: Kazanç, Zekat ve İsraf",bereket
08.03.2013,BİR KUL OLARAK KADIN,"Aile, Çocuk ve Nesil",kadın hakları
08.03.2013,BİR KUL OLARAK KADIN,"Aile, Çocuk ve Nesil",eşitlik
08.03.2013,BİR KUL OLARAK KADIN,"Aile, Çocuk ve Nesil",hz. hatice
08.03.2013,BİR KUL OLARAK KADIN,"Aile, Çocuk ve Nesil",kadına şiddet
08.03.2013,BİR KUL OLARAK KADIN,"Aile, Çocuk ve Nesil",toplumsal onur
08.03.2013,BİR KUL OLARAK KADIN,"Aile, Çocuk ve Nesil",kadın örnek şahsiyetler
15.03.2013,ŞEHİTLİK VE ÇANAKKALE,"Vatan, Millet ve Tarih",çanakkale zaferi
15.03.2013,ŞEHİTLİK VE ÇANAKKALE,"Vatan, Millet ve Tarih",şehitlik
15.03.2013,ŞEHİTLİK VE ÇANAKKALE,"Vatan, Millet ve Tarih",vatan sevgisi
15.03.2013,ŞEHİTLİK VE ÇANAKKALE,"Vatan, Millet ve Tarih",malazgirt
15.03.2013,ŞEHİTLİK VE ÇANAKKALE,"Vatan, Millet ve Tarih",seyit onbaşı
15.03.2013,ŞEHİTLİK VE ÇANAKKALE,"Vatan, Millet ve Tarih",milli mücadele ruhu
29.03.2013,SOKAĞIN YETİMLERİ: ÇOCUKLARIMIZ,"Aile, Çocuk ve Nesil",sokak çocukları
29.03.2013,SOKAĞIN YETİMLERİ: ÇOCUKLARIMIZ,"Aile, Çocuk ve Nesil",yetimler
29.03.2013,SOKAĞIN YETİMLERİ: ÇOCUKLARIMIZ,"Aile, Çocuk ve Nesil",aile çözülmesi
29.03.2013,SOKAĞIN YETİMLERİ: ÇOCUKLARIMIZ,"Aile, Çocuk ve Nesil",boşanma
29.03.2013,SOKAĞIN YETİMLERİ: ÇOCUKLARIMIZ,"Aile, Çocuk ve Nesil",çocuk hakları
29.03.2013,SOKAĞIN YETİMLERİ: ÇOCUKLARIMIZ,"Aile, Çocuk ve Nesil",madde bağımlılığı
05.04.2013,MÜKERREM BİR VARLIK OLARAK İNSAN,"Toplumsal Dayanışma, Merhamet ve Kardeşlik",insan onuru
05.04.2013,MÜKERREM BİR VARLIK OLARAK İNSAN,"Toplumsal Dayanışma, Merhamet ve Kardeşlik",mükerrem varlık
05.04.2013,MÜKERREM BİR VARLIK OLARAK İNSAN,"Toplumsal Dayanışma, Merhamet ve Kardeşlik",kutlu doğum haftası
05.04.2013,MÜKERREM BİR VARLIK OLARAK İNSAN,"Toplumsal Dayanışma, Merhamet ve Kardeşlik",hoşgörü
05.04.2013,MÜKERREM BİR VARLIK OLARAK İNSAN,"Toplumsal Dayanışma, Merhamet ve Kardeşlik",fazilet
05.04.2013,MÜKERREM BİR VARLIK OLARAK İNSAN,"Toplumsal Dayanışma, Merhamet ve Kardeşlik",eşitlik
12.04.2013,PEYGAMBERİMİZ VE İNSAN ONURU,"Toplumsal Dayanışma, Merhamet ve Kardeşlik",insan onuru
12.04.2013,PEYGAMBERİMİZ VE İNSAN ONURU,"Toplumsal Dayanışma, Merhamet ve Kardeşlik",peygamber örnekliği
12.04.2013,PEYGAMBERİMİZ VE İNSAN ONURU,"Toplumsal Dayanışma, Merhamet ve Kardeşlik",bilal-i habeşi
12.04.2013,PEYGAMBERİMİZ VE İNSAN ONURU,"Toplumsal Dayanışma, Merhamet ve Kardeşlik",yaşlılara saygı
12.04.2013,PEYGAMBERİMİZ VE İNSAN ONURU,"Toplumsal Dayanışma, Merhamet ve Kardeşlik",engellilere değer vermek
12.04.2013,PEYGAMBERİMİZ VE İNSAN ONURU,"Toplumsal Dayanışma, Merhamet ve Kardeşlik",ayrımcılık karşıtlığı
19.04.2013,İNSAN KALABİLMEK,"Toplumsal Dayanışma, Merhamet ve Kardeşlik",insan onuru
19.04.2013,İNSAN KALABİLMEK,"Toplumsal Dayanışma, Merhamet ve Kardeşlik",yaratılış
19.04.2013,İNSAN KALABİLMEK,"Toplumsal Dayanışma, Merhamet ve Kardeşlik",takva
19.04.2013,İNSAN KALABİLMEK,"Toplumsal Dayanışma, Merhamet ve Kardeşlik",eşitlik
19.04.2013,İNSAN KALABİLMEK,"Toplumsal Dayanışma, Merhamet ve Kardeşlik",veda hutbesi
19.04.2013,İNSAN KALABİLMEK,"Toplumsal Dayanışma, Merhamet ve Kardeşlik",değerlere yabancılaşma
07.06.2013,MÜMİNLER KARDEŞTİRLER,"Toplumsal Dayanışma, Merhamet ve Kardeşlik",kardeşlik
07.06.2013,MÜMİNLER KARDEŞTİRLER,"Toplumsal Dayanışma, Merhamet ve Kardeşlik",müslüman kardeşliği
07.06.2013,MÜMİNLER KARDEŞTİRLER,"Toplumsal Dayanışma, Merhamet ve Kardeşlik",birlik ve beraberlik
07.06.2013,MÜMİNLER KARDEŞTİRLER,"Toplumsal Dayanışma, Merhamet ve Kardeşlik",fitne
07.06.2013,MÜMİNLER KARDEŞTİRLER,"Toplumsal Dayanışma, Merhamet ve Kardeşlik",samimiyet
07.06.2013,MÜMİNLER KARDEŞTİRLER,"Toplumsal Dayanışma, Merhamet ve Kardeşlik",dayanışma
14.06.2013,YAZ KUR’AN KURSLARI,Kur'an-ı Kerim,yaz kur'an kursları
14.06.2013,YAZ KUR’AN KURSLARI,Kur'an-ı Kerim,çocuk eğitimi
14.06.2013,YAZ KUR’AN KURSLARI,Kur'an-ı Kerim,dini eğitim
14.06.2013,YAZ KUR’AN KURSLARI,Kur'an-ı Kerim,kimlik inşası
14.06.2013,YAZ KUR’AN KURSLARI,Kur'an-ı Kerim,camiler
14.06.2013,YAZ KUR’AN KURSLARI,Kur'an-ı Kerim,manevi gelişim
21.06.2013,BERATA ULAŞABİLMEK,"Kandiller, Muharrem ve Mübarek Geceler",berat kandili
21.06.2013,BERATA ULAŞABİLMEK,"Kandiller, Muharrem ve Mübarek Geceler",af dileme
21.06.2013,BERATA ULAŞABİLMEK,"Kandiller, Muharrem ve Mübarek Geceler",arnavutluk
21.06.2013,BERATA ULAŞABİLMEK,"Kandiller, Muharrem ve Mübarek Geceler",cami yardımı
21.06.2013,BERATA ULAŞABİLMEK,"Kandiller, Muharrem ve Mübarek Geceler",arınma
21.06.2013,BERATA ULAŞABİLMEK,"Kandiller, Muharrem ve Mübarek Geceler",kardeşlik
28.06.2013,İSLÂMÎ BİR DEĞERİMİZ: EDEB,"Ahlak, Erdem ve Söz",edeb
28.06.2013,İSLÂMÎ BİR DEĞERİMİZ: EDEB,"Ahlak, Erdem ve Söz",hayâ
28.06.2013,İSLÂMÎ BİR DEĞERİMİZ: EDEB,"Ahlak, Erdem ve Söz",nefis terbiyesi
28.06.2013,İSLÂMÎ BİR DEĞERİMİZ: EDEB,"Ahlak, Erdem ve Söz",vicdan
28.06.2013,İSLÂMÎ BİR DEĞERİMİZ: EDEB,"Ahlak, Erdem ve Söz",örnek olma
28.06.2013,İSLÂMÎ BİR DEĞERİMİZ: EDEB,"Ahlak, Erdem ve Söz",değerler eğitimi
05.07.2013,RAMAZAN VE ORUÇ,"Ramazan, Oruç ve Bayramlar",ramazan ayı
05.07.2013,RAMAZAN VE ORUÇ,"Ramazan, Oruç ve Bayramlar",oruç
05.07.2013,RAMAZAN VE ORUÇ,"Ramazan, Oruç ve Bayramlar",takva
05.07.2013,RAMAZAN VE ORUÇ,"Ramazan, Oruç ve Bayramlar",arınma
05.07.2013,RAMAZAN VE ORUÇ,"Ramazan, Oruç ve Bayramlar",mübarek üç aylar
05.07.2013,RAMAZAN VE ORUÇ,"Ramazan, Oruç ve Bayramlar",manevi hazırlık
12.07.2013,HELAL KAZANÇ HELAL LOKMA,"Ekonomik Hayat: Kazanç, Zekat ve İsraf",helal kazanç
12.07.2013,HELAL KAZANÇ HELAL LOKMA,"Ekonomik Hayat: Kazanç, Zekat ve İsraf",helal lokma
12.07.2013,HELAL KAZANÇ HELAL LOKMA,"Ekonomik Hayat: Kazanç, Zekat ve İsraf",haram rızık
12.07.2013,HELAL KAZANÇ HELAL LOKMA,"Ekonomik Hayat: Kazanç, Zekat ve İsraf",bereket
12.07.2013,HELAL KAZANÇ HELAL LOKMA,"Ekonomik Hayat: Kazanç, Zekat ve İsraf",aile huzuru
12.07.2013,HELAL KAZANÇ HELAL LOKMA,"Ekonomik Hayat: Kazanç, Zekat ve İsraf",alın teri
19.07.2013,"HELAL KAZANÇ, HELAL LOKMA","Ekonomik Hayat: Kazanç, Zekat ve İsraf",helal kazanç
19.07.2013,"HELAL KAZANÇ, HELAL LOKMA","Ekonomik Hayat: Kazanç, Zekat ve İsraf",helal lokma
19.07.2013,"HELAL KAZANÇ, HELAL LOKMA","Ekonomik Hayat: Kazanç, Zekat ve İsraf",tüketim toplumu
19.07.2013,"HELAL KAZANÇ, HELAL LOKMA","Ekonomik Hayat: Kazanç, Zekat ve İsraf",kanaat
19.07.2013,"HELAL KAZANÇ, HELAL LOKMA","Ekonomik Hayat: Kazanç, Zekat ve İsraf",hile ve rüşvet
19.07.2013,"HELAL KAZANÇ, HELAL LOKMA","Ekonomik Hayat: Kazanç, Zekat ve İsraf",israf
26.07.2013,TEKBİR: ALLÂHU EKBER,"İman, Tevhid ve Ahiret",tekbir
26.07.2013,TEKBİR: ALLÂHU EKBER,"İman, Tevhid ve Ahiret",allahu ekber
26.07.2013,TEKBİR: ALLÂHU EKBER,"İman, Tevhid ve Ahiret",tevhid
26.07.2013,TEKBİR: ALLÂHU EKBER,"İman, Tevhid ve Ahiret",şiddet istismarı
26.07.2013,TEKBİR: ALLÂHU EKBER,"İman, Tevhid ve Ahiret",islam aleminde fitne
26.07.2013,TEKBİR: ALLÂHU EKBER,"İman, Tevhid ve Ahiret",itikaf
02.08.2013,RAMAZANA VEDA VE KADİR GECESİ,"Kandiller, Muharrem ve Mübarek Geceler",kadir gecesi
02.08.2013,RAMAZANA VEDA VE KADİR GECESİ,"Kandiller, Muharrem ve Mübarek Geceler",ramazana veda
02.08.2013,RAMAZANA VEDA VE KADİR GECESİ,"Kandiller, Muharrem ve Mübarek Geceler",mağfiret
02.08.2013,RAMAZANA VEDA VE KADİR GECESİ,"Kandiller, Muharrem ve Mübarek Geceler",islam coğrafyasında zulüm
02.08.2013,RAMAZANA VEDA VE KADİR GECESİ,"Kandiller, Muharrem ve Mübarek Geceler",kur'an'ın inişi
02.08.2013,RAMAZANA VEDA VE KADİR GECESİ,"Kandiller, Muharrem ve Mübarek Geceler",bin aydan hayırlı gece
08.08.2013,RAMAZAN BAYRAMI,"Ramazan, Oruç ve Bayramlar",ramazan bayramı
08.08.2013,RAMAZAN BAYRAMI,"Ramazan, Oruç ve Bayramlar",zulüm
08.08.2013,RAMAZAN BAYRAMI,"Ramazan, Oruç ve Bayramlar",mısır katliamı
08.08.2013,RAMAZAN BAYRAMI,"Ramazan, Oruç ve Bayramlar",mazlumun hakkı
08.08.2013,RAMAZAN BAYRAMI,"Ramazan, Oruç ve Bayramlar",insanın katli
08.08.2013,RAMAZAN BAYRAMI,"Ramazan, Oruç ve Bayramlar",zaferler ve fetih
27.09.2013,"DAVET HEPİMİZE, HEP BİRLİKTE CAMİYE!",İbadet ve Kulluk,kadın ve cami
27.09.2013,"DAVET HEPİMİZE, HEP BİRLİKTE CAMİYE!",İbadet ve Kulluk,hz. hacer
27.09.2013,"DAVET HEPİMİZE, HEP BİRLİKTE CAMİYE!",İbadet ve Kulluk,hz. meryem
27.09.2013,"DAVET HEPİMİZE, HEP BİRLİKTE CAMİYE!",İbadet ve Kulluk,camiler haftası
27.09.2013,"DAVET HEPİMİZE, HEP BİRLİKTE CAMİYE!",İbadet ve Kulluk,aile ibadeti
27.09.2013,"DAVET HEPİMİZE, HEP BİRLİKTE CAMİYE!",İbadet ve Kulluk,kadının dini hayatı
04.10.2013,KURBANLARIMIZLA PEKİŞSİN KARDEŞLİĞİMİZ,"Ramazan, Oruç ve Bayramlar",kurban bayramı
04.10.2013,KURBANLARIMIZLA PEKİŞSİN KARDEŞLİĞİMİZ,"Ramazan, Oruç ve Bayramlar",hz. i̇brahim
04.10.2013,KURBANLARIMIZLA PEKİŞSİN KARDEŞLİĞİMİZ,"Ramazan, Oruç ve Bayramlar",habil ve kabil
04.10.2013,KURBANLARIMIZLA PEKİŞSİN KARDEŞLİĞİMİZ,"Ramazan, Oruç ve Bayramlar",takva
04.10.2013,KURBANLARIMIZLA PEKİŞSİN KARDEŞLİĞİMİZ,"Ramazan, Oruç ve Bayramlar",vekaletle kurban kesimi
04.10.2013,KURBANLARIMIZLA PEKİŞSİN KARDEŞLİĞİMİZ,"Ramazan, Oruç ve Bayramlar",paylaşma
15.10.2013,KURBAN BAYRAMI,"Ramazan, Oruç ve Bayramlar",kurban bayramı
15.10.2013,KURBAN BAYRAMI,"Ramazan, Oruç ve Bayramlar",hac
15.10.2013,KURBAN BAYRAMI,"Ramazan, Oruç ve Bayramlar",teslimiyet
15.10.2013,KURBAN BAYRAMI,"Ramazan, Oruç ve Bayramlar",bayramlaşma
15.10.2013,KURBAN BAYRAMI,"Ramazan, Oruç ve Bayramlar",suriyeli mülteciler
15.10.2013,KURBAN BAYRAMI,"Ramazan, Oruç ve Bayramlar",kardeşlik
01.11.2013,RAHMET’İN HİCRETİ,Peygamberimiz ve Ashab,hicret
01.11.2013,RAHMET’İN HİCRETİ,Peygamberimiz ve Ashab,hicri yılbaşı
01.11.2013,RAHMET’İN HİCRETİ,Peygamberimiz ve Ashab,ensar ve muhacir
01.11.2013,RAHMET’İN HİCRETİ,Peygamberimiz ve Ashab,fedakârlık
01.11.2013,RAHMET’İN HİCRETİ,Peygamberimiz ve Ashab,medine
01.11.2013,RAHMET’İN HİCRETİ,Peygamberimiz ve Ashab,kardeşlik
08.11.2013,MUHARREM AYI VE KERBELÂ,"Kandiller, Muharrem ve Mübarek Geceler",kerbela
08.11.2013,MUHARREM AYI VE KERBELÂ,"Kandiller, Muharrem ve Mübarek Geceler",hz. hüseyin
08.11.2013,MUHARREM AYI VE KERBELÂ,"Kandiller, Muharrem ve Mübarek Geceler",muharrem ayı
08.11.2013,MUHARREM AYI VE KERBELÂ,"Kandiller, Muharrem ve Mübarek Geceler",zulüm
08.11.2013,MUHARREM AYI VE KERBELÂ,"Kandiller, Muharrem ve Mübarek Geceler",ümmet birliği
08.11.2013,MUHARREM AYI VE KERBELÂ,"Kandiller, Muharrem ve Mübarek Geceler",islam coğrafyasında çatışma
13.12.2013,DÜNYADA YOLCU OLABİLMEK!,"İman, Tevhid ve Ahiret",dünya hayatı
13.12.2013,DÜNYADA YOLCU OLABİLMEK!,"İman, Tevhid ve Ahiret",ahiret
13.12.2013,DÜNYADA YOLCU OLABİLMEK!,"İman, Tevhid ve Ahiret",yolculuk metaforu
13.12.2013,DÜNYADA YOLCU OLABİLMEK!,"İman, Tevhid ve Ahiret",mümin sıfatları
13.12.2013,DÜNYADA YOLCU OLABİLMEK!,"İman, Tevhid ve Ahiret",geçicilik
13.12.2013,DÜNYADA YOLCU OLABİLMEK!,"İman, Tevhid ve Ahiret",hazırlık bilinci
27.12.2013,ÖMÜR SERMAYESİ TÜKENİRKEN…,"Toplumsal Dayanışma, Merhamet ve Kardeşlik",yıl sonu muhasebesi
27.12.2013,ÖMÜR SERMAYESİ TÜKENİRKEN…,"Toplumsal Dayanışma, Merhamet ve Kardeşlik",ömür sermayesi
27.12.2013,ÖMÜR SERMAYESİ TÜKENİRKEN…,"Toplumsal Dayanışma, Merhamet ve Kardeşlik",zulüm ve adaletsizlik
27.12.2013,ÖMÜR SERMAYESİ TÜKENİRKEN…,"Toplumsal Dayanışma, Merhamet ve Kardeşlik",kardeşlik hukuku
27.12.2013,ÖMÜR SERMAYESİ TÜKENİRKEN…,"Toplumsal Dayanışma, Merhamet ve Kardeşlik",hedef belirleme
27.12.2013,ÖMÜR SERMAYESİ TÜKENİRKEN…,"Toplumsal Dayanışma, Merhamet ve Kardeşlik",vicdan sorgulaması
10.01.2014,MEVLİD-İ NEBİ,Peygamberimiz ve Ashab,mevlid-i nebi
10.01.2014,MEVLİD-İ NEBİ,Peygamberimiz ve Ashab,hz. muhammed
10.01.2014,MEVLİD-İ NEBİ,Peygamberimiz ve Ashab,rahmet peygamberi
10.01.2014,MEVLİD-İ NEBİ,Peygamberimiz ve Ashab,kardeşlik
10.01.2014,MEVLİD-İ NEBİ,Peygamberimiz ve Ashab,peygamber sevgisi
10.01.2014,MEVLİD-İ NEBİ,Peygamberimiz ve Ashab,kandil
31.01.2014,NASIL BİR KARDEŞLİK?,"Toplumsal Dayanışma, Merhamet ve Kardeşlik",kardeşlik
31.01.2014,NASIL BİR KARDEŞLİK?,"Toplumsal Dayanışma, Merhamet ve Kardeşlik",ensar ve muhacir
31.01.2014,NASIL BİR KARDEŞLİK?,"Toplumsal Dayanışma, Merhamet ve Kardeşlik",mezhep ayrılığı
31.01.2014,NASIL BİR KARDEŞLİK?,"Toplumsal Dayanışma, Merhamet ve Kardeşlik",fitne
31.01.2014,NASIL BİR KARDEŞLİK?,"Toplumsal Dayanışma, Merhamet ve Kardeşlik",birlik ve beraberlik
31.01.2014,NASIL BİR KARDEŞLİK?,"Toplumsal Dayanışma, Merhamet ve Kardeşlik",hakikat iddiası
07.02.2014,DİN SAMİMİYETTİR,"Ahlak, Erdem ve Söz",ihlas
07.02.2014,DİN SAMİMİYETTİR,"Ahlak, Erdem ve Söz",samimiyet
07.02.2014,DİN SAMİMİYETTİR,"Ahlak, Erdem ve Söz",riya
07.02.2014,DİN SAMİMİYETTİR,"Ahlak, Erdem ve Söz",gösteriş
07.02.2014,DİN SAMİMİYETTİR,"Ahlak, Erdem ve Söz",ibadetlerin özü
07.02.2014,DİN SAMİMİYETTİR,"Ahlak, Erdem ve Söz",dinin esası
14.02.2014,AFFETMEK,"Ahlak, Erdem ve Söz",affetmek
14.02.2014,AFFETMEK,"Ahlak, Erdem ve Söz",mekke'nin fethi
14.02.2014,AFFETMEK,"Ahlak, Erdem ve Söz",kin ve intikam
14.02.2014,AFFETMEK,"Ahlak, Erdem ve Söz",hoşgörü
14.02.2014,AFFETMEK,"Ahlak, Erdem ve Söz",taif
14.02.2014,AFFETMEK,"Ahlak, Erdem ve Söz",bağışlayıcılık
21.02.2014,KALB-İ SELİM (III),"İman, Tevhid ve Ahiret",kalp
21.02.2014,KALB-İ SELİM (III),"İman, Tevhid ve Ahiret",kalb-i selim
21.02.2014,KALB-İ SELİM (III),"İman, Tevhid ve Ahiret",gönül arınması
21.02.2014,KALB-İ SELİM (III),"İman, Tevhid ve Ahiret",manevi hastalıklar
21.02.2014,KALB-İ SELİM (III),"İman, Tevhid ve Ahiret",kin ve nefretten arınma
21.02.2014,KALB-İ SELİM (III),"İman, Tevhid ve Ahiret",iman ve hikmet
21.02.2014,KALB-İ SELİM (III),"İman, Tevhid ve Ahiret",gönül terbiyesi
28.02.2014,"İMAN, ÖZGÜRLÜK VE BAĞIMLILIK","Afet, Kriz ve Sağlık",bağımlılık
28.02.2014,"İMAN, ÖZGÜRLÜK VE BAĞIMLILIK","Afet, Kriz ve Sağlık",madde bağımlılığı
28.02.2014,"İMAN, ÖZGÜRLÜK VE BAĞIMLILIK","Afet, Kriz ve Sağlık",teknoloji bağımlılığı
28.02.2014,"İMAN, ÖZGÜRLÜK VE BAĞIMLILIK","Afet, Kriz ve Sağlık",alkol ve kumar
28.02.2014,"İMAN, ÖZGÜRLÜK VE BAĞIMLILIK","Afet, Kriz ve Sağlık",nefis terbiyesi
28.02.2014,"İMAN, ÖZGÜRLÜK VE BAĞIMLILIK","Afet, Kriz ve Sağlık",aile içi zarar
28.02.2014,"İMAN, ÖZGÜRLÜK VE BAĞIMLILIK","Afet, Kriz ve Sağlık",özgürlük
07.03.2014,İMAN VE İSTİKAMET ÜZERE OLMAK,"Sabır, Tevekkül ve Manevi Olgunluk",istikamet
07.03.2014,İMAN VE İSTİKAMET ÜZERE OLMAK,"Sabır, Tevekkül ve Manevi Olgunluk",dosdoğru olmak
07.03.2014,İMAN VE İSTİKAMET ÜZERE OLMAK,"Sabır, Tevekkül ve Manevi Olgunluk",sırat-ı müstakim
07.03.2014,İMAN VE İSTİKAMET ÜZERE OLMAK,"Sabır, Tevekkül ve Manevi Olgunluk",iman ve amel bütünlüğü
07.03.2014,İMAN VE İSTİKAMET ÜZERE OLMAK,"Sabır, Tevekkül ve Manevi Olgunluk",nefis terbiyesi
07.03.2014,İMAN VE İSTİKAMET ÜZERE OLMAK,"Sabır, Tevekkül ve Manevi Olgunluk",kalp ve dil doğruluğu
21.03.2014,İMTİHAN DÜNYASI,"Sabır, Tevekkül ve Manevi Olgunluk",imtihan
21.03.2014,İMTİHAN DÜNYASI,"Sabır, Tevekkül ve Manevi Olgunluk",sabır
21.03.2014,İMTİHAN DÜNYASI,"Sabır, Tevekkül ve Manevi Olgunluk",peygamberlerin sınanması
21.03.2014,İMTİHAN DÜNYASI,"Sabır, Tevekkül ve Manevi Olgunluk",musibet
21.03.2014,İMTİHAN DÜNYASI,"Sabır, Tevekkül ve Manevi Olgunluk",nimet ve şükür
21.03.2014,İMTİHAN DÜNYASI,"Sabır, Tevekkül ve Manevi Olgunluk",arınma
28.03.2014,HÜRRİYET VE MESULİYET,"Toplumsal Dayanışma, Merhamet ve Kardeşlik",hürriyet
28.03.2014,HÜRRİYET VE MESULİYET,"Toplumsal Dayanışma, Merhamet ve Kardeşlik",mesuliyet
28.03.2014,HÜRRİYET VE MESULİYET,"Toplumsal Dayanışma, Merhamet ve Kardeşlik",irade hürriyeti
28.03.2014,HÜRRİYET VE MESULİYET,"Toplumsal Dayanışma, Merhamet ve Kardeşlik",toplumsal sorumluluk
28.03.2014,HÜRRİYET VE MESULİYET,"Toplumsal Dayanışma, Merhamet ve Kardeşlik",nefse esir olmamak
28.03.2014,HÜRRİYET VE MESULİYET,"Toplumsal Dayanışma, Merhamet ve Kardeşlik",gemi benzetmesi
04.04.2014,DOĞRULUK VE SADAKA,"Ahlak, Erdem ve Söz",doğruluk
04.04.2014,DOĞRULUK VE SADAKA,"Ahlak, Erdem ve Söz",sıdk
04.04.2014,DOĞRULUK VE SADAKA,"Ahlak, Erdem ve Söz",sadaka
04.04.2014,DOĞRULUK VE SADAKA,"Ahlak, Erdem ve Söz",dürüstlük
04.04.2014,DOĞRULUK VE SADAKA,"Ahlak, Erdem ve Söz",güzel söz
04.04.2014,DOĞRULUK VE SADAKA,"Ahlak, Erdem ve Söz",davranış ahlakı
11.04.2014,KUTLU DOĞUM,Peygamberimiz ve Ashab,kutlu doğum
11.04.2014,KUTLU DOĞUM,Peygamberimiz ve Ashab,peygamber sevgisi
11.04.2014,KUTLU DOĞUM,Peygamberimiz ve Ashab,siyer
11.04.2014,KUTLU DOĞUM,Peygamberimiz ve Ashab,örnek ahlak
11.04.2014,KUTLU DOĞUM,Peygamberimiz ve Ashab,ashab
11.04.2014,KUTLU DOĞUM,Peygamberimiz ve Ashab,veda hutbesi
18.04.2014,KULLUK SINAVIMIZ: İHLAS VE SAMİMİYET,"Ahlak, Erdem ve Söz",ihlas
18.04.2014,KULLUK SINAVIMIZ: İHLAS VE SAMİMİYET,"Ahlak, Erdem ve Söz",samimiyet
18.04.2014,KULLUK SINAVIMIZ: İHLAS VE SAMİMİYET,"Ahlak, Erdem ve Söz",riya
18.04.2014,KULLUK SINAVIMIZ: İHLAS VE SAMİMİYET,"Ahlak, Erdem ve Söz",gösterişten uzak ibadet
18.04.2014,KULLUK SINAVIMIZ: İHLAS VE SAMİMİYET,"Ahlak, Erdem ve Söz",helal kazanç
18.04.2014,KULLUK SINAVIMIZ: İHLAS VE SAMİMİYET,"Ahlak, Erdem ve Söz",dünyevileşme
16.05.2014,MÜMİNLER TEK VÜCUT GİBİDİR,"Toplumsal Dayanışma, Merhamet ve Kardeşlik",soma maden faciası
16.05.2014,MÜMİNLER TEK VÜCUT GİBİDİR,"Toplumsal Dayanışma, Merhamet ve Kardeşlik",sabır
16.05.2014,MÜMİNLER TEK VÜCUT GİBİDİR,"Toplumsal Dayanışma, Merhamet ve Kardeşlik",iş güvenliği
16.05.2014,MÜMİNLER TEK VÜCUT GİBİDİR,"Toplumsal Dayanışma, Merhamet ve Kardeşlik",musibet karşısında dayanışma
16.05.2014,MÜMİNLER TEK VÜCUT GİBİDİR,"Toplumsal Dayanışma, Merhamet ve Kardeşlik",tedbir ve tevekkül
16.05.2014,MÜMİNLER TEK VÜCUT GİBİDİR,"Toplumsal Dayanışma, Merhamet ve Kardeşlik",toplumsal yas
23.05.2014,MİRAÇ KANDİLİ,"Kandiller, Muharrem ve Mübarek Geceler",miraç kandili
23.05.2014,MİRAÇ KANDİLİ,"Kandiller, Muharrem ve Mübarek Geceler",isra ve miraç
23.05.2014,MİRAÇ KANDİLİ,"Kandiller, Muharrem ve Mübarek Geceler",beş vakit namaz
23.05.2014,MİRAÇ KANDİLİ,"Kandiller, Muharrem ve Mübarek Geceler",manevi yükseliş
23.05.2014,MİRAÇ KANDİLİ,"Kandiller, Muharrem ve Mübarek Geceler",kandil
30.05.2014,TÖVBE VE İSTİĞFAR MEVSİMİ ÜÇ AYLAR,"İman, Tevhid ve Ahiret",tövbe
30.05.2014,TÖVBE VE İSTİĞFAR MEVSİMİ ÜÇ AYLAR,"İman, Tevhid ve Ahiret",istiğfar
30.05.2014,TÖVBE VE İSTİĞFAR MEVSİMİ ÜÇ AYLAR,"İman, Tevhid ve Ahiret",üç aylar
30.05.2014,TÖVBE VE İSTİĞFAR MEVSİMİ ÜÇ AYLAR,"İman, Tevhid ve Ahiret",nasuh tövbe
30.05.2014,TÖVBE VE İSTİĞFAR MEVSİMİ ÜÇ AYLAR,"İman, Tevhid ve Ahiret",helalleşme
30.05.2014,TÖVBE VE İSTİĞFAR MEVSİMİ ÜÇ AYLAR,"İman, Tevhid ve Ahiret",manevi arınma
06.06.2014,"DUA, İBADETİN ÖZÜDÜR",İbadet ve Kulluk,dua
06.06.2014,"DUA, İBADETİN ÖZÜDÜR",İbadet ve Kulluk,helal kazanç
06.06.2014,"DUA, İBADETİN ÖZÜDÜR",İbadet ve Kulluk,berat kandili
06.06.2014,"DUA, İBADETİN ÖZÜDÜR",İbadet ve Kulluk,duanın kabulü
06.06.2014,"DUA, İBADETİN ÖZÜDÜR",İbadet ve Kulluk,ibadetin özü
13.06.2014,İMANIN ŞUBELERİ,"İman, Tevhid ve Ahiret",imanın şubeleri
13.06.2014,İMANIN ŞUBELERİ,"İman, Tevhid ve Ahiret",hayâ
13.06.2014,İMANIN ŞUBELERİ,"İman, Tevhid ve Ahiret",salih amel
13.06.2014,İMANIN ŞUBELERİ,"İman, Tevhid ve Ahiret",iman ve sosyal hayat
13.06.2014,İMANIN ŞUBELERİ,"İman, Tevhid ve Ahiret",kelime-i tevhit
20.06.2014,"CAMİYE KOŞALIM, KUR’AN’LA BULUŞALIM",Kur'an-ı Kerim,yaz kur'an kursları
20.06.2014,"CAMİYE KOŞALIM, KUR’AN’LA BULUŞALIM",Kur'an-ı Kerim,çocuk eğitimi
20.06.2014,"CAMİYE KOŞALIM, KUR’AN’LA BULUŞALIM",Kur'an-ı Kerim,kur'an ile buluşma
20.06.2014,"CAMİYE KOŞALIM, KUR’AN’LA BULUŞALIM",Kur'an-ı Kerim,salih evlat
20.06.2014,"CAMİYE KOŞALIM, KUR’AN’LA BULUŞALIM",Kur'an-ı Kerim,gençlik
27.06.2014,"KİMSE KİMSESİZ KALMASIN, BU RAMAZAN VE HER ZAMAN!","Toplumsal Dayanışma, Merhamet ve Kardeşlik",ramazan
27.06.2014,"KİMSE KİMSESİZ KALMASIN, BU RAMAZAN VE HER ZAMAN!","Toplumsal Dayanışma, Merhamet ve Kardeşlik",kimsesizler
27.06.2014,"KİMSE KİMSESİZ KALMASIN, BU RAMAZAN VE HER ZAMAN!","Toplumsal Dayanışma, Merhamet ve Kardeşlik",yalnızlık
27.06.2014,"KİMSE KİMSESİZ KALMASIN, BU RAMAZAN VE HER ZAMAN!","Toplumsal Dayanışma, Merhamet ve Kardeşlik",diğerkâmlık
27.06.2014,"KİMSE KİMSESİZ KALMASIN, BU RAMAZAN VE HER ZAMAN!","Toplumsal Dayanışma, Merhamet ve Kardeşlik",yardımlaşma
27.06.2014,"KİMSE KİMSESİZ KALMASIN, BU RAMAZAN VE HER ZAMAN!","Toplumsal Dayanışma, Merhamet ve Kardeşlik",modern yalnızlık
11.07.2014,KİMSESİZLERİN KİMSESİ OLABİLMEK,"Aile, Çocuk ve Nesil",mülteciler
11.07.2014,KİMSESİZLERİN KİMSESİ OLABİLMEK,"Aile, Çocuk ve Nesil",sokak çocukları
11.07.2014,KİMSESİZLERİN KİMSESİ OLABİLMEK,"Aile, Çocuk ve Nesil",huzurevi yaşlıları
11.07.2014,KİMSESİZLERİN KİMSESİ OLABİLMEK,"Aile, Çocuk ve Nesil",yetimler
11.07.2014,KİMSESİZLERİN KİMSESİ OLABİLMEK,"Aile, Çocuk ve Nesil",teknoloji bağımlılığı
11.07.2014,KİMSESİZLERİN KİMSESİ OLABİLMEK,"Aile, Çocuk ve Nesil",toplumsal yalnızlık
18.07.2014,MAZLUMLARIN ÜMİDİ OLABİLMEK,İslam Coğrafyası ve Küresel Meseleler,gazze
18.07.2014,MAZLUMLARIN ÜMİDİ OLABİLMEK,İslam Coğrafyası ve Küresel Meseleler,filistin
18.07.2014,MAZLUMLARIN ÜMİDİ OLABİLMEK,İslam Coğrafyası ve Küresel Meseleler,zulme karşı durmak
18.07.2014,MAZLUMLARIN ÜMİDİ OLABİLMEK,İslam Coğrafyası ve Küresel Meseleler,mazlumun yanında olmak
18.07.2014,MAZLUMLARIN ÜMİDİ OLABİLMEK,İslam Coğrafyası ve Küresel Meseleler,yardım kampanyası
18.07.2014,MAZLUMLARIN ÜMİDİ OLABİLMEK,İslam Coğrafyası ve Küresel Meseleler,islam dünyasındaki çatışmalar
25.07.2014,RAMAZAN MUHASEBESİ,"Ekonomik Hayat: Kazanç, Zekat ve İsraf",ramazan muhasebesi
25.07.2014,RAMAZAN MUHASEBESİ,"Ekonomik Hayat: Kazanç, Zekat ve İsraf",öz eleştiri
25.07.2014,RAMAZAN MUHASEBESİ,"Ekonomik Hayat: Kazanç, Zekat ve İsraf",zekât ve fitre
25.07.2014,RAMAZAN MUHASEBESİ,"Ekonomik Hayat: Kazanç, Zekat ve İsraf",israf
25.07.2014,RAMAZAN MUHASEBESİ,"Ekonomik Hayat: Kazanç, Zekat ve İsraf",kul hakkı
25.07.2014,RAMAZAN MUHASEBESİ,"Ekonomik Hayat: Kazanç, Zekat ve İsraf",kur'an'a bağlılık
28.07.2014,RAMAZAN BAYRAMI,"Toplumsal Dayanışma, Merhamet ve Kardeşlik",ramazan bayramı
28.07.2014,RAMAZAN BAYRAMI,"Toplumsal Dayanışma, Merhamet ve Kardeşlik",bayram sevinci
28.07.2014,RAMAZAN BAYRAMI,"Toplumsal Dayanışma, Merhamet ve Kardeşlik",islam dünyasındaki hüzün
28.07.2014,RAMAZAN BAYRAMI,"Toplumsal Dayanışma, Merhamet ve Kardeşlik",akraba ziyareti
28.07.2014,RAMAZAN BAYRAMI,"Toplumsal Dayanışma, Merhamet ve Kardeşlik",sıla-i rahim
28.07.2014,RAMAZAN BAYRAMI,"Toplumsal Dayanışma, Merhamet ve Kardeşlik",paylaşma
08.08.2014,"SADIK İMAN, SAMİMİ NİYET, SALİH AMEL","İman, Tevhid ve Ahiret",salih amel
08.08.2014,"SADIK İMAN, SAMİMİ NİYET, SALİH AMEL","İman, Tevhid ve Ahiret",sadık iman
08.08.2014,"SADIK İMAN, SAMİMİ NİYET, SALİH AMEL","İman, Tevhid ve Ahiret",samimi niyet
08.08.2014,"SADIK İMAN, SAMİMİ NİYET, SALİH AMEL","İman, Tevhid ve Ahiret",muslih olmak
08.08.2014,"SADIK İMAN, SAMİMİ NİYET, SALİH AMEL","İman, Tevhid ve Ahiret",ıslah
15.08.2014,PEYGAMBERE İMAN OLMADAN ALLAH’A İMAN OLMAZ,Peygamberimiz ve Ashab,peygambere iman
15.08.2014,PEYGAMBERE İMAN OLMADAN ALLAH’A İMAN OLMAZ,Peygamberimiz ve Ashab,nübüvvet
15.08.2014,PEYGAMBERE İMAN OLMADAN ALLAH’A İMAN OLMAZ,Peygamberimiz ve Ashab,tevhit
15.08.2014,PEYGAMBERE İMAN OLMADAN ALLAH’A İMAN OLMAZ,Peygamberimiz ve Ashab,peygamberi örnek almak
15.08.2014,PEYGAMBERE İMAN OLMADAN ALLAH’A İMAN OLMAZ,Peygamberimiz ve Ashab,itaat
22.08.2014,HAYÂ HAYATTIR!,"Ahlak, Erdem ve Söz",hayâ
22.08.2014,HAYÂ HAYATTIR!,"Ahlak, Erdem ve Söz",iffet
22.08.2014,HAYÂ HAYATTIR!,"Ahlak, Erdem ve Söz",edep
22.08.2014,HAYÂ HAYATTIR!,"Ahlak, Erdem ve Söz",ahlaki çöküş
22.08.2014,HAYÂ HAYATTIR!,"Ahlak, Erdem ve Söz",modern hayâsızlık
22.08.2014,HAYÂ HAYATTIR!,"Ahlak, Erdem ve Söz",toplumsal ahlak
26.09.2014,İŞ VE TİCARET AHLAKI-ÂHİLİK,"Ekonomik Hayat: Kazanç, Zekat ve İsraf",iş ve ticaret ahlakı
26.09.2014,İŞ VE TİCARET AHLAKI-ÂHİLİK,"Ekonomik Hayat: Kazanç, Zekat ve İsraf",ahilik
26.09.2014,İŞ VE TİCARET AHLAKI-ÂHİLİK,"Ekonomik Hayat: Kazanç, Zekat ve İsraf",işçi hakları
26.09.2014,İŞ VE TİCARET AHLAKI-ÂHİLİK,"Ekonomik Hayat: Kazanç, Zekat ve İsraf",iş güvenliği
26.09.2014,İŞ VE TİCARET AHLAKI-ÂHİLİK,"Ekonomik Hayat: Kazanç, Zekat ve İsraf",helal kazanç
26.09.2014,İŞ VE TİCARET AHLAKI-ÂHİLİK,"Ekonomik Hayat: Kazanç, Zekat ve İsraf",haksız kazanç
03.10.2014,KURBAN ALLAH’A YAKIN OLMAK İÇİNDİR,"Ramazan, Oruç ve Bayramlar",kurban ibadeti
03.10.2014,KURBAN ALLAH’A YAKIN OLMAK İÇİNDİR,"Ramazan, Oruç ve Bayramlar",hz. ibrahim ve ismail
03.10.2014,KURBAN ALLAH’A YAKIN OLMAK İÇİNDİR,"Ramazan, Oruç ve Bayramlar",takva
03.10.2014,KURBAN ALLAH’A YAKIN OLMAK İÇİNDİR,"Ramazan, Oruç ve Bayramlar",kurban kesim adabı
03.10.2014,KURBAN ALLAH’A YAKIN OLMAK İÇİNDİR,"Ramazan, Oruç ve Bayramlar",sosyal dayanışma
04.10.2014,KURBAN BAYRAMI,"Ramazan, Oruç ve Bayramlar",kurban bayramı
04.10.2014,KURBAN BAYRAMI,"Ramazan, Oruç ve Bayramlar",hac
04.10.2014,KURBAN BAYRAMI,"Ramazan, Oruç ve Bayramlar",birlik ve vahdet
04.10.2014,KURBAN BAYRAMI,"Ramazan, Oruç ve Bayramlar",müslümanlar arası kardeşlik
04.10.2014,KURBAN BAYRAMI,"Ramazan, Oruç ve Bayramlar",teslimiyet
10.10.2014,BİZ KARDEŞİZ,"Toplumsal Dayanışma, Merhamet ve Kardeşlik",kardeşlik
10.10.2014,BİZ KARDEŞİZ,"Toplumsal Dayanışma, Merhamet ve Kardeşlik",ensar ve muhacir
10.10.2014,BİZ KARDEŞİZ,"Toplumsal Dayanışma, Merhamet ve Kardeşlik",haset ve kin
10.10.2014,BİZ KARDEŞİZ,"Toplumsal Dayanışma, Merhamet ve Kardeşlik",birlik ve dirlik
10.10.2014,BİZ KARDEŞİZ,"Toplumsal Dayanışma, Merhamet ve Kardeşlik",diğerkâmlık
17.10.2014,ARŞIN GÖLGESİNDEKİ GENÇLİK,"Aile, Çocuk ve Nesil",gençlik
17.10.2014,ARŞIN GÖLGESİNDEKİ GENÇLİK,"Aile, Çocuk ve Nesil",genç sahabiler
17.10.2014,ARŞIN GÖLGESİNDEKİ GENÇLİK,"Aile, Çocuk ve Nesil",arşın gölgesi
17.10.2014,ARŞIN GÖLGESİNDEKİ GENÇLİK,"Aile, Çocuk ve Nesil",örnek gençlik
17.10.2014,ARŞIN GÖLGESİNDEKİ GENÇLİK,"Aile, Çocuk ve Nesil",ibadet ve gençlik
24.10.2014,HİCRET: FITRATA YAPILAN YOLCULUK,"Kandiller, Muharrem ve Mübarek Geceler",hicret
24.10.2014,HİCRET: FITRATA YAPILAN YOLCULUK,"Kandiller, Muharrem ve Mübarek Geceler",muharrem
24.10.2014,HİCRET: FITRATA YAPILAN YOLCULUK,"Kandiller, Muharrem ve Mübarek Geceler",hicri yılbaşı
24.10.2014,HİCRET: FITRATA YAPILAN YOLCULUK,"Kandiller, Muharrem ve Mübarek Geceler",fıtrata dönüş
24.10.2014,HİCRET: FITRATA YAPILAN YOLCULUK,"Kandiller, Muharrem ve Mübarek Geceler",kötülükten uzaklaşma
31.10.2014,ORTAK HÜZÜN VE İBRET AYI: MUHARREM,"Kandiller, Muharrem ve Mübarek Geceler",muharrem
31.10.2014,ORTAK HÜZÜN VE İBRET AYI: MUHARREM,"Kandiller, Muharrem ve Mübarek Geceler",kerbela
31.10.2014,ORTAK HÜZÜN VE İBRET AYI: MUHARREM,"Kandiller, Muharrem ve Mübarek Geceler",hz. hüseyin
31.10.2014,ORTAK HÜZÜN VE İBRET AYI: MUHARREM,"Kandiller, Muharrem ve Mübarek Geceler",hüzün ve ibret
31.10.2014,ORTAK HÜZÜN VE İBRET AYI: MUHARREM,"Kandiller, Muharrem ve Mübarek Geceler",mezhep birliği
31.10.2014,ORTAK HÜZÜN VE İBRET AYI: MUHARREM,"Kandiller, Muharrem ve Mübarek Geceler",ermenek maden kazası
07.11.2014,MESCİD-İ AKSÂ KAN AĞLIYOR,İslam Coğrafyası ve Küresel Meseleler,mescid-i aksa
07.11.2014,MESCİD-İ AKSÂ KAN AĞLIYOR,İslam Coğrafyası ve Küresel Meseleler,kudüs
07.11.2014,MESCİD-İ AKSÂ KAN AĞLIYOR,İslam Coğrafyası ve Küresel Meseleler,israil saldırıları
07.11.2014,MESCİD-İ AKSÂ KAN AĞLIYOR,İslam Coğrafyası ve Küresel Meseleler,zulme karşı durmak
07.11.2014,MESCİD-İ AKSÂ KAN AĞLIYOR,İslam Coğrafyası ve Küresel Meseleler,kutsal mekanlar
21.11.2014,HAYIR HAZİNELER DOLUSUDUR,"Afet, Kriz ve Sağlık",hayır işlemek
21.11.2014,HAYIR HAZİNELER DOLUSUDUR,"Afet, Kriz ve Sağlık",habil ve kabil
21.11.2014,HAYIR HAZİNELER DOLUSUDUR,"Afet, Kriz ve Sağlık",emr-i bi'l-maruf
21.11.2014,HAYIR HAZİNELER DOLUSUDUR,"Afet, Kriz ve Sağlık",ihlas
21.11.2014,HAYIR HAZİNELER DOLUSUDUR,"Afet, Kriz ve Sağlık",ermenek maden kazası
28.11.2014,DİLİN ESİRİ OLMAYALIM!,"Ahlak, Erdem ve Söz",dil afetleri
28.11.2014,DİLİN ESİRİ OLMAYALIM!,"Ahlak, Erdem ve Söz",gıybet
28.11.2014,DİLİN ESİRİ OLMAYALIM!,"Ahlak, Erdem ve Söz",dedikodu
28.11.2014,DİLİN ESİRİ OLMAYALIM!,"Ahlak, Erdem ve Söz",sosyal medya
28.11.2014,DİLİN ESİRİ OLMAYALIM!,"Ahlak, Erdem ve Söz",iftira
28.11.2014,DİLİN ESİRİ OLMAYALIM!,"Ahlak, Erdem ve Söz",kul hakkı
05.12.2014,AHİRET: HESAP VERME BİLİNCİ,"İman, Tevhid ve Ahiret",ahiret
05.12.2014,AHİRET: HESAP VERME BİLİNCİ,"İman, Tevhid ve Ahiret",hesap verme bilinci
05.12.2014,AHİRET: HESAP VERME BİLİNCİ,"İman, Tevhid ve Ahiret",amel defteri
05.12.2014,AHİRET: HESAP VERME BİLİNCİ,"İman, Tevhid ve Ahiret",dünya ahiret dengesi
05.12.2014,AHİRET: HESAP VERME BİLİNCİ,"İman, Tevhid ve Ahiret",sorumluluk bilinci
12.12.2014,"MUSİBETLER KARŞISINDA SABIR, MÜMİNCE BİR TAVIRDIR","Sabır, Tevekkül ve Manevi Olgunluk",sabır
12.12.2014,"MUSİBETLER KARŞISINDA SABIR, MÜMİNCE BİR TAVIRDIR","Sabır, Tevekkül ve Manevi Olgunluk",musibet
12.12.2014,"MUSİBETLER KARŞISINDA SABIR, MÜMİNCE BİR TAVIRDIR","Sabır, Tevekkül ve Manevi Olgunluk",peygamberlerin imtihanı
12.12.2014,"MUSİBETLER KARŞISINDA SABIR, MÜMİNCE BİR TAVIRDIR","Sabır, Tevekkül ve Manevi Olgunluk",ölüm karşısında tavır
12.12.2014,"MUSİBETLER KARŞISINDA SABIR, MÜMİNCE BİR TAVIRDIR","Sabır, Tevekkül ve Manevi Olgunluk",tevekkül
26.12.2014,PAHA BİÇİLMEZ SERMAYE: ÖMÜR,"Sabır, Tevekkül ve Manevi Olgunluk",ömür
26.12.2014,PAHA BİÇİLMEZ SERMAYE: ÖMÜR,"Sabır, Tevekkül ve Manevi Olgunluk",zamanın kıymeti
26.12.2014,PAHA BİÇİLMEZ SERMAYE: ÖMÜR,"Sabır, Tevekkül ve Manevi Olgunluk",yıl sonu muhasebesi
26.12.2014,PAHA BİÇİLMEZ SERMAYE: ÖMÜR,"Sabır, Tevekkül ve Manevi Olgunluk",israf
26.12.2014,PAHA BİÇİLMEZ SERMAYE: ÖMÜR,"Sabır, Tevekkül ve Manevi Olgunluk",salih amel
13.03.2015,ÇANAKKALE ŞEHİTLERİNE…,"Vatan, Millet ve Tarih",çanakkale zaferi
13.03.2015,ÇANAKKALE ŞEHİTLERİNE…,"Vatan, Millet ve Tarih",şehitlik
13.03.2015,ÇANAKKALE ŞEHİTLERİNE…,"Vatan, Millet ve Tarih",mehmetçik
13.03.2015,ÇANAKKALE ŞEHİTLERİNE…,"Vatan, Millet ve Tarih",vatan sevgisi
13.03.2015,ÇANAKKALE ŞEHİTLERİNE…,"Vatan, Millet ve Tarih",birlik ve beraberlik
13.03.2015,ÇANAKKALE ŞEHİTLERİNE…,"Vatan, Millet ve Tarih",istiklal mücadelesi
20.03.2015,İNSANI İYİLİK YAŞATIR,"Ekonomik Hayat: Kazanç, Zekat ve İsraf",iyilik
20.03.2015,İNSANI İYİLİK YAŞATIR,"Ekonomik Hayat: Kazanç, Zekat ve İsraf",hayır kurumları
20.03.2015,İNSANI İYİLİK YAŞATIR,"Ekonomik Hayat: Kazanç, Zekat ve İsraf",islam medeniyeti
20.03.2015,İNSANI İYİLİK YAŞATIR,"Ekonomik Hayat: Kazanç, Zekat ve İsraf",vakıf kültürü
20.03.2015,İNSANI İYİLİK YAŞATIR,"Ekonomik Hayat: Kazanç, Zekat ve İsraf",gösterişten uzak iyilik
17.04.2015,"DÜNYA BİZE, BİZ BİRBİRİMİZE EMANETİZ!","Toplumsal Dayanışma, Merhamet ve Kardeşlik",insanlık ailesi
17.04.2015,"DÜNYA BİZE, BİZ BİRBİRİMİZE EMANETİZ!","Toplumsal Dayanışma, Merhamet ve Kardeşlik",birlikte yaşama
17.04.2015,"DÜNYA BİZE, BİZ BİRBİRİMİZE EMANETİZ!","Toplumsal Dayanışma, Merhamet ve Kardeşlik",farklılıklara saygı
17.04.2015,"DÜNYA BİZE, BİZ BİRBİRİMİZE EMANETİZ!","Toplumsal Dayanışma, Merhamet ve Kardeşlik",emanet bilinci
17.04.2015,"DÜNYA BİZE, BİZ BİRBİRİMİZE EMANETİZ!","Toplumsal Dayanışma, Merhamet ve Kardeşlik",kardeşlik ahlakı
08.05.2015,CANA CAN OLMAK: AİLE,"Aile, Çocuk ve Nesil",aile
08.05.2015,CANA CAN OLMAK: AİLE,"Aile, Çocuk ve Nesil",eşler arası sevgi
08.05.2015,CANA CAN OLMAK: AİLE,"Aile, Çocuk ve Nesil",aile birliği
08.05.2015,CANA CAN OLMAK: AİLE,"Aile, Çocuk ve Nesil",boşanma
08.05.2015,CANA CAN OLMAK: AİLE,"Aile, Çocuk ve Nesil",çocuk yetiştirme
08.05.2015,CANA CAN OLMAK: AİLE,"Aile, Çocuk ve Nesil",aile içi sorumluluk
12.06.2015,KUR’AN AYINDA KUR’AN’LA BULUŞALIM!,Kur'an-ı Kerim,ramazan
12.06.2015,KUR’AN AYINDA KUR’AN’LA BULUŞALIM!,Kur'an-ı Kerim,kur'an ayı
12.06.2015,KUR’AN AYINDA KUR’AN’LA BULUŞALIM!,Kur'an-ı Kerim,yaz kur'an kursları
12.06.2015,KUR’AN AYINDA KUR’AN’LA BULUŞALIM!,Kur'an-ı Kerim,çocuk eğitimi
12.06.2015,KUR’AN AYINDA KUR’AN’LA BULUŞALIM!,Kur'an-ı Kerim,kur'an ile buluşma
19.06.2015,VAKİT İYİLİK VAKTİ: BU RAMAZAN VE HER ZAMAN,"Ahlak, Erdem ve Söz",ramazan
19.06.2015,VAKİT İYİLİK VAKTİ: BU RAMAZAN VE HER ZAMAN,"Ahlak, Erdem ve Söz",iyilik
19.06.2015,VAKİT İYİLİK VAKTİ: BU RAMAZAN VE HER ZAMAN,"Ahlak, Erdem ve Söz",vakit iyilik vakti
19.06.2015,VAKİT İYİLİK VAKTİ: BU RAMAZAN VE HER ZAMAN,"Ahlak, Erdem ve Söz",sadaka çeşitleri
19.06.2015,VAKİT İYİLİK VAKTİ: BU RAMAZAN VE HER ZAMAN,"Ahlak, Erdem ve Söz",diyanet teması
26.06.2015,TEVHİD İLE GELEN VAHDET,"Toplumsal Dayanışma, Merhamet ve Kardeşlik",tevhid
26.06.2015,TEVHİD İLE GELEN VAHDET,"Toplumsal Dayanışma, Merhamet ve Kardeşlik",vahdet
26.06.2015,TEVHİD İLE GELEN VAHDET,"Toplumsal Dayanışma, Merhamet ve Kardeşlik",ensar ve muhacir
26.06.2015,TEVHİD İLE GELEN VAHDET,"Toplumsal Dayanışma, Merhamet ve Kardeşlik",ümmet bilinci
26.06.2015,TEVHİD İLE GELEN VAHDET,"Toplumsal Dayanışma, Merhamet ve Kardeşlik",tefrika
26.06.2015,TEVHİD İLE GELEN VAHDET,"Toplumsal Dayanışma, Merhamet ve Kardeşlik",islam medeniyeti
03.07.2015,CENNET KAPILARININ ANAHTARI: YETİMLER,"Aile, Çocuk ve Nesil",yetimler
03.07.2015,CENNET KAPILARININ ANAHTARI: YETİMLER,"Aile, Çocuk ve Nesil",cafer b. ebu talib
03.07.2015,CENNET KAPILARININ ANAHTARI: YETİMLER,"Aile, Çocuk ve Nesil",ramazan
03.07.2015,CENNET KAPILARININ ANAHTARI: YETİMLER,"Aile, Çocuk ve Nesil",yetime şefkat
03.07.2015,CENNET KAPILARININ ANAHTARI: YETİMLER,"Aile, Çocuk ve Nesil",himaye
10.07.2015,"KADİR GECESİ, KADİR BİLENLER İÇİNDİR","Kandiller, Muharrem ve Mübarek Geceler",kadir gecesi
10.07.2015,"KADİR GECESİ, KADİR BİLENLER İÇİNDİR","Kandiller, Muharrem ve Mübarek Geceler",kur'an'ın kadri
10.07.2015,"KADİR GECESİ, KADİR BİLENLER İÇİNDİR","Kandiller, Muharrem ve Mübarek Geceler",ramazan
10.07.2015,"KADİR GECESİ, KADİR BİLENLER İÇİNDİR","Kandiller, Muharrem ve Mübarek Geceler",bin aydan hayırlı gece
10.07.2015,"KADİR GECESİ, KADİR BİLENLER İÇİNDİR","Kandiller, Muharrem ve Mübarek Geceler",kur'an ile bağ
17.07.2015,RAMAZAN BAYRAMI,"Ramazan, Oruç ve Bayramlar",ramazan bayramı
17.07.2015,RAMAZAN BAYRAMI,"Ramazan, Oruç ve Bayramlar",birlik ve beraberlik
17.07.2015,RAMAZAN BAYRAMI,"Ramazan, Oruç ve Bayramlar",sabır
17.07.2015,RAMAZAN BAYRAMI,"Ramazan, Oruç ve Bayramlar",küskünlüklere son verme
17.07.2015,RAMAZAN BAYRAMI,"Ramazan, Oruç ve Bayramlar",mülteciler
07.08.2015,KULLUĞUN ÖZÜ: İHSAN,"Sabır, Tevekkül ve Manevi Olgunluk",ihsan
07.08.2015,KULLUĞUN ÖZÜ: İHSAN,"Sabır, Tevekkül ve Manevi Olgunluk",kulluk bilinci
07.08.2015,KULLUĞUN ÖZÜ: İHSAN,"Sabır, Tevekkül ve Manevi Olgunluk",murakabe
07.08.2015,KULLUĞUN ÖZÜ: İHSAN,"Sabır, Tevekkül ve Manevi Olgunluk",otokontrol
07.08.2015,KULLUĞUN ÖZÜ: İHSAN,"Sabır, Tevekkül ve Manevi Olgunluk",kiramen katibin
07.08.2015,KULLUĞUN ÖZÜ: İHSAN,"Sabır, Tevekkül ve Manevi Olgunluk",samimiyet
07.08.2015,KULLUĞUN ÖZÜ: İHSAN,"Sabır, Tevekkül ve Manevi Olgunluk",iman-amel bütünlüğü
14.08.2015,İMANIN TEZAHÜRÜ: FEDAKÂRLIK VE İSÂR,İbadet ve Kulluk,fedakarlık
14.08.2015,İMANIN TEZAHÜRÜ: FEDAKÂRLIK VE İSÂR,İbadet ve Kulluk,isar
14.08.2015,İMANIN TEZAHÜRÜ: FEDAKÂRLIK VE İSÂR,İbadet ve Kulluk,ensar ve muhacir
14.08.2015,İMANIN TEZAHÜRÜ: FEDAKÂRLIK VE İSÂR,İbadet ve Kulluk,paylaşma
14.08.2015,İMANIN TEZAHÜRÜ: FEDAKÂRLIK VE İSÂR,İbadet ve Kulluk,aile fedakarlığı
14.08.2015,İMANIN TEZAHÜRÜ: FEDAKÂRLIK VE İSÂR,İbadet ve Kulluk,diğerkamlık
21.08.2015,BİRLİK VE BERABERLİĞİMİZİN HARCI: KARDEŞLİĞİMİZ,"Toplumsal Dayanışma, Merhamet ve Kardeşlik",kardeşlik
21.08.2015,BİRLİK VE BERABERLİĞİMİZİN HARCI: KARDEŞLİĞİMİZ,"Toplumsal Dayanışma, Merhamet ve Kardeşlik",birlik ve beraberlik
21.08.2015,BİRLİK VE BERABERLİĞİMİZİN HARCI: KARDEŞLİĞİMİZ,"Toplumsal Dayanışma, Merhamet ve Kardeşlik",terör
21.08.2015,BİRLİK VE BERABERLİĞİMİZİN HARCI: KARDEŞLİĞİMİZ,"Toplumsal Dayanışma, Merhamet ve Kardeşlik",fitne
21.08.2015,BİRLİK VE BERABERLİĞİMİZİN HARCI: KARDEŞLİĞİMİZ,"Toplumsal Dayanışma, Merhamet ve Kardeşlik",şehit ve gazi
21.08.2015,BİRLİK VE BERABERLİĞİMİZİN HARCI: KARDEŞLİĞİMİZ,"Toplumsal Dayanışma, Merhamet ve Kardeşlik",milli birlik
28.08.2015,HAC YOLCULUĞUNDAN HAK YOLCULUĞUNA,İbadet ve Kulluk,hac ibadeti
28.08.2015,HAC YOLCULUĞUNDAN HAK YOLCULUĞUNA,İbadet ve Kulluk,teslimiyet
28.08.2015,HAC YOLCULUĞUNDAN HAK YOLCULUĞUNA,İbadet ve Kulluk,arınma
28.08.2015,HAC YOLCULUĞUNDAN HAK YOLCULUĞUNA,İbadet ve Kulluk,kabe
28.08.2015,HAC YOLCULUĞUNDAN HAK YOLCULUĞUNA,İbadet ve Kulluk,niyet
28.08.2015,HAC YOLCULUĞUNDAN HAK YOLCULUĞUNA,İbadet ve Kulluk,kulluk yolculuğu
04.09.2015,"KARDEŞLİĞİ KÖRELTEN AFETLER: TECESSÜS, SU-İ ZAN…","Ahlak, Erdem ve Söz",gıybet
04.09.2015,"KARDEŞLİĞİ KÖRELTEN AFETLER: TECESSÜS, SU-İ ZAN…","Ahlak, Erdem ve Söz",su-i zan
04.09.2015,"KARDEŞLİĞİ KÖRELTEN AFETLER: TECESSÜS, SU-İ ZAN…","Ahlak, Erdem ve Söz",dedikodu
04.09.2015,"KARDEŞLİĞİ KÖRELTEN AFETLER: TECESSÜS, SU-İ ZAN…","Ahlak, Erdem ve Söz",iftira
04.09.2015,"KARDEŞLİĞİ KÖRELTEN AFETLER: TECESSÜS, SU-İ ZAN…","Ahlak, Erdem ve Söz",kardeşlik ahlakı
04.09.2015,"KARDEŞLİĞİ KÖRELTEN AFETLER: TECESSÜS, SU-İ ZAN…","Ahlak, Erdem ve Söz",dil ve söz sorumluluğu
24.09.2015,KURBAN BAYRAMI,"Ramazan, Oruç ve Bayramlar",kurban bayramı
24.09.2015,KURBAN BAYRAMI,"Ramazan, Oruç ve Bayramlar",bayram sevinci
24.09.2015,KURBAN BAYRAMI,"Ramazan, Oruç ve Bayramlar",kardeşlik
24.09.2015,KURBAN BAYRAMI,"Ramazan, Oruç ve Bayramlar",islam coğrafyası
24.09.2015,KURBAN BAYRAMI,"Ramazan, Oruç ve Bayramlar",şehit
24.09.2015,KURBAN BAYRAMI,"Ramazan, Oruç ve Bayramlar",dayanışma
02.10.2015,YARATAN RABBİNİN ADIYLA OKU!,"Eğitim, Teknoloji, Çevre ve Toplumsal Değişim",ilim
02.10.2015,YARATAN RABBİNİN ADIYLA OKU!,"Eğitim, Teknoloji, Çevre ve Toplumsal Değişim",eğitim
02.10.2015,YARATAN RABBİNİN ADIYLA OKU!,"Eğitim, Teknoloji, Çevre ve Toplumsal Değişim",bilgi ahlakı
02.10.2015,YARATAN RABBİNİN ADIYLA OKU!,"Eğitim, Teknoloji, Çevre ve Toplumsal Değişim",okul
02.10.2015,YARATAN RABBİNİN ADIYLA OKU!,"Eğitim, Teknoloji, Çevre ve Toplumsal Değişim",gençlik
02.10.2015,YARATAN RABBİNİN ADIYLA OKU!,"Eğitim, Teknoloji, Çevre ve Toplumsal Değişim",medeniyet
09.10.2015,NAMAZ DİRİLİŞTİR,İbadet ve Kulluk,namaz
09.10.2015,NAMAZ DİRİLİŞTİR,İbadet ve Kulluk,camiler ve din görevlileri haftası
09.10.2015,NAMAZ DİRİLİŞTİR,İbadet ve Kulluk,ibadet bilinci
09.10.2015,NAMAZ DİRİLİŞTİR,İbadet ve Kulluk,arınma
09.10.2015,NAMAZ DİRİLİŞTİR,İbadet ve Kulluk,miraç
16.10.2015,MERHAMET İKSİRİNİ YUDUMLAYABİLMEK,"Kandiller, Muharrem ve Mübarek Geceler",merhamet
16.10.2015,MERHAMET İKSİRİNİ YUDUMLAYABİLMEK,"Kandiller, Muharrem ve Mübarek Geceler",muharrem
16.10.2015,MERHAMET İKSİRİNİ YUDUMLAYABİLMEK,"Kandiller, Muharrem ve Mübarek Geceler",kerbela
16.10.2015,MERHAMET İKSİRİNİ YUDUMLAYABİLMEK,"Kandiller, Muharrem ve Mübarek Geceler",ankara terör saldırısı
16.10.2015,MERHAMET İKSİRİNİ YUDUMLAYABİLMEK,"Kandiller, Muharrem ve Mübarek Geceler",vicdan
16.10.2015,MERHAMET İKSİRİNİ YUDUMLAYABİLMEK,"Kandiller, Muharrem ve Mübarek Geceler",hicri yılbaşı
23.10.2015,KERBELÂ’YI DOĞRU ANLAMAK,"Kandiller, Muharrem ve Mübarek Geceler",kerbela
23.10.2015,KERBELÂ’YI DOĞRU ANLAMAK,"Kandiller, Muharrem ve Mübarek Geceler",hz. hüseyin
23.10.2015,KERBELÂ’YI DOĞRU ANLAMAK,"Kandiller, Muharrem ve Mübarek Geceler",aşure günü
23.10.2015,KERBELÂ’YI DOĞRU ANLAMAK,"Kandiller, Muharrem ve Mübarek Geceler",muharrem
23.10.2015,KERBELÂ’YI DOĞRU ANLAMAK,"Kandiller, Muharrem ve Mübarek Geceler",zulme karşı duruş
23.10.2015,KERBELÂ’YI DOĞRU ANLAMAK,"Kandiller, Muharrem ve Mübarek Geceler",ehl-i beyt
30.10.2015,"PEYGAMBERLER, İNSANLIĞIN YOLUNU AYDINLATAN REHBERLERDİR",Peygamberimiz ve Ashab,peygamberlere iman
30.10.2015,"PEYGAMBERLER, İNSANLIĞIN YOLUNU AYDINLATAN REHBERLERDİR",Peygamberimiz ve Ashab,nübüvvet
30.10.2015,"PEYGAMBERLER, İNSANLIĞIN YOLUNU AYDINLATAN REHBERLERDİR",Peygamberimiz ve Ashab,hz. muhammed
30.10.2015,"PEYGAMBERLER, İNSANLIĞIN YOLUNU AYDINLATAN REHBERLERDİR",Peygamberimiz ve Ashab,iman esasları
30.10.2015,"PEYGAMBERLER, İNSANLIĞIN YOLUNU AYDINLATAN REHBERLERDİR",Peygamberimiz ve Ashab,peygamber örnekliği
06.11.2015,HER İNSAN ALLAH’IN BİR ÂYETİDİR!,"Toplumsal Dayanışma, Merhamet ve Kardeşlik",insan onuru
06.11.2015,HER İNSAN ALLAH’IN BİR ÂYETİDİR!,"Toplumsal Dayanışma, Merhamet ve Kardeşlik",kardeşlik
06.11.2015,HER İNSAN ALLAH’IN BİR ÂYETİDİR!,"Toplumsal Dayanışma, Merhamet ve Kardeşlik",eşitlik
06.11.2015,HER İNSAN ALLAH’IN BİR ÂYETİDİR!,"Toplumsal Dayanışma, Merhamet ve Kardeşlik",insan hakları
06.11.2015,HER İNSAN ALLAH’IN BİR ÂYETİDİR!,"Toplumsal Dayanışma, Merhamet ve Kardeşlik",medine vesikası
06.11.2015,HER İNSAN ALLAH’IN BİR ÂYETİDİR!,"Toplumsal Dayanışma, Merhamet ve Kardeşlik",yaratılış
13.11.2015,ZİKİR: KALPLERE HAYAT VEREN İKSİR,"Sabır, Tevekkül ve Manevi Olgunluk",zikir
13.11.2015,ZİKİR: KALPLERE HAYAT VEREN İKSİR,"Sabır, Tevekkül ve Manevi Olgunluk",huzur
13.11.2015,ZİKİR: KALPLERE HAYAT VEREN İKSİR,"Sabır, Tevekkül ve Manevi Olgunluk",gaflet
13.11.2015,ZİKİR: KALPLERE HAYAT VEREN İKSİR,"Sabır, Tevekkül ve Manevi Olgunluk",kalp huzuru
13.11.2015,ZİKİR: KALPLERE HAYAT VEREN İKSİR,"Sabır, Tevekkül ve Manevi Olgunluk",allah'ı anmak
13.11.2015,ZİKİR: KALPLERE HAYAT VEREN İKSİR,"Sabır, Tevekkül ve Manevi Olgunluk",tefekkür
20.11.2015,KÜRESEL TERÖRÜN HEDEF ALDIĞI DİN: İSLAM,"Vatan, Millet ve Tarih",terör
20.11.2015,KÜRESEL TERÖRÜN HEDEF ALDIĞI DİN: İSLAM,"Vatan, Millet ve Tarih",islam imajı
20.11.2015,KÜRESEL TERÖRÜN HEDEF ALDIĞI DİN: İSLAM,"Vatan, Millet ve Tarih",cihat kavramı
20.11.2015,KÜRESEL TERÖRÜN HEDEF ALDIĞI DİN: İSLAM,"Vatan, Millet ve Tarih",itibarsızlaştırma
20.11.2015,KÜRESEL TERÖRÜN HEDEF ALDIĞI DİN: İSLAM,"Vatan, Millet ve Tarih",küresel terör
20.11.2015,KÜRESEL TERÖRÜN HEDEF ALDIĞI DİN: İSLAM,"Vatan, Millet ve Tarih",dini bilgi
27.11.2015,İMANI HAYAT KILABİLMEK,"Sabır, Tevekkül ve Manevi Olgunluk",iman ve amel
27.11.2015,İMANI HAYAT KILABİLMEK,"Sabır, Tevekkül ve Manevi Olgunluk",ahlak
27.11.2015,İMANI HAYAT KILABİLMEK,"Sabır, Tevekkül ve Manevi Olgunluk",öz muhasebe
27.11.2015,İMANI HAYAT KILABİLMEK,"Sabır, Tevekkül ve Manevi Olgunluk",sorumluluk bilinci
27.11.2015,İMANI HAYAT KILABİLMEK,"Sabır, Tevekkül ve Manevi Olgunluk",salih amel
04.12.2015,BEDEN ÜLKESİNİN SULTANI: KALP,"Sabır, Tevekkül ve Manevi Olgunluk",kalp
04.12.2015,BEDEN ÜLKESİNİN SULTANI: KALP,"Sabır, Tevekkül ve Manevi Olgunluk",selim kalp
04.12.2015,BEDEN ÜLKESİNİN SULTANI: KALP,"Sabır, Tevekkül ve Manevi Olgunluk",vicdan
04.12.2015,BEDEN ÜLKESİNİN SULTANI: KALP,"Sabır, Tevekkül ve Manevi Olgunluk",merhametsizlik
04.12.2015,BEDEN ÜLKESİNİN SULTANI: KALP,"Sabır, Tevekkül ve Manevi Olgunluk",mülteci krizi
04.12.2015,BEDEN ÜLKESİNİN SULTANI: KALP,"Sabır, Tevekkül ve Manevi Olgunluk",gönül terbiyesi
11.12.2015,DÜNYA-AHİRET DENGESİ,"Sabır, Tevekkül ve Manevi Olgunluk",dünya-ahiret dengesi
11.12.2015,DÜNYA-AHİRET DENGESİ,"Sabır, Tevekkül ve Manevi Olgunluk",itidal
11.12.2015,DÜNYA-AHİRET DENGESİ,"Sabır, Tevekkül ve Manevi Olgunluk",israf
11.12.2015,DÜNYA-AHİRET DENGESİ,"Sabır, Tevekkül ve Manevi Olgunluk",aşırılık
11.12.2015,DÜNYA-AHİRET DENGESİ,"Sabır, Tevekkül ve Manevi Olgunluk",denge
11.12.2015,DÜNYA-AHİRET DENGESİ,"Sabır, Tevekkül ve Manevi Olgunluk",ölçülü yaşam
18.12.2015,RAHMET VE MERHAMET YÜKLÜ ADALET PEYGAMBERİ,"Toplumsal Dayanışma, Merhamet ve Kardeşlik",mevlid kandili
18.12.2015,RAHMET VE MERHAMET YÜKLÜ ADALET PEYGAMBERİ,"Toplumsal Dayanışma, Merhamet ve Kardeşlik",merhamet
18.12.2015,RAHMET VE MERHAMET YÜKLÜ ADALET PEYGAMBERİ,"Toplumsal Dayanışma, Merhamet ve Kardeşlik",adalet
18.12.2015,RAHMET VE MERHAMET YÜKLÜ ADALET PEYGAMBERİ,"Toplumsal Dayanışma, Merhamet ve Kardeşlik",peygamber örnekliği
18.12.2015,RAHMET VE MERHAMET YÜKLÜ ADALET PEYGAMBERİ,"Toplumsal Dayanışma, Merhamet ve Kardeşlik",mekke fethi
18.12.2015,RAHMET VE MERHAMET YÜKLÜ ADALET PEYGAMBERİ,"Toplumsal Dayanışma, Merhamet ve Kardeşlik",şefkat
25.12.2015,SAYILI NEFESLERİMİZİ TÜKETİRKEN…,"Sabır, Tevekkül ve Manevi Olgunluk",ömür
25.12.2015,SAYILI NEFESLERİMİZİ TÜKETİRKEN…,"Sabır, Tevekkül ve Manevi Olgunluk",ecel
25.12.2015,SAYILI NEFESLERİMİZİ TÜKETİRKEN…,"Sabır, Tevekkül ve Manevi Olgunluk",zamanın kıymeti
25.12.2015,SAYILI NEFESLERİMİZİ TÜKETİRKEN…,"Sabır, Tevekkül ve Manevi Olgunluk",öz muhasebe
25.12.2015,SAYILI NEFESLERİMİZİ TÜKETİRKEN…,"Sabır, Tevekkül ve Manevi Olgunluk",yıl sonu değerlendirmesi
25.12.2015,SAYILI NEFESLERİMİZİ TÜKETİRKEN…,"Sabır, Tevekkül ve Manevi Olgunluk",gaflet
01.01.2016,RABBİMİZ! BİZİ DOSDOĞRU YOLA İLET!,"Sabır, Tevekkül ve Manevi Olgunluk",sırat-ı müstakim
01.01.2016,RABBİMİZ! BİZİ DOSDOĞRU YOLA İLET!,"Sabır, Tevekkül ve Manevi Olgunluk",dosdoğru yol
01.01.2016,RABBİMİZ! BİZİ DOSDOĞRU YOLA İLET!,"Sabır, Tevekkül ve Manevi Olgunluk",hidayet
01.01.2016,RABBİMİZ! BİZİ DOSDOĞRU YOLA İLET!,"Sabır, Tevekkül ve Manevi Olgunluk",fitne ve tefrika
01.01.2016,RABBİMİZ! BİZİ DOSDOĞRU YOLA İLET!,"Sabır, Tevekkül ve Manevi Olgunluk",istikamet
08.01.2016,EDEP VE HAYÂ,"Ahlak, Erdem ve Söz",edep
08.01.2016,EDEP VE HAYÂ,"Ahlak, Erdem ve Söz",hayâ
08.01.2016,EDEP VE HAYÂ,"Ahlak, Erdem ve Söz",ahlaki çöküntü
08.01.2016,EDEP VE HAYÂ,"Ahlak, Erdem ve Söz",sosyal medya
08.01.2016,EDEP VE HAYÂ,"Ahlak, Erdem ve Söz",mahremiyet
08.01.2016,EDEP VE HAYÂ,"Ahlak, Erdem ve Söz",ahlak
15.01.2016,İMTİHANIN ADI: FİTNE,"Ahlak, Erdem ve Söz",fitne
15.01.2016,İMTİHANIN ADI: FİTNE,"Ahlak, Erdem ve Söz",imtihan
15.01.2016,İMTİHANIN ADI: FİTNE,"Ahlak, Erdem ve Söz",terör
15.01.2016,İMTİHANIN ADI: FİTNE,"Ahlak, Erdem ve Söz",toplumsal huzursuzluk
15.01.2016,İMTİHANIN ADI: FİTNE,"Ahlak, Erdem ve Söz",sosyal medya
15.01.2016,İMTİHANIN ADI: FİTNE,"Ahlak, Erdem ve Söz",dedikodu
22.01.2016,SÖZ AHLAKI,"Ahlak, Erdem ve Söz",söz ahlakı
22.01.2016,SÖZ AHLAKI,"Ahlak, Erdem ve Söz",doğruluk
22.01.2016,SÖZ AHLAKI,"Ahlak, Erdem ve Söz",sosyal medya
22.01.2016,SÖZ AHLAKI,"Ahlak, Erdem ve Söz",dedikodu
22.01.2016,SÖZ AHLAKI,"Ahlak, Erdem ve Söz",iftira
22.01.2016,SÖZ AHLAKI,"Ahlak, Erdem ve Söz",dil sorumluluğu
29.01.2016,EN GÜZEL İSİMLER O’NUNDUR,"Sabır, Tevekkül ve Manevi Olgunluk",esma-i hüsna
29.01.2016,EN GÜZEL İSİMLER O’NUNDUR,"Sabır, Tevekkül ve Manevi Olgunluk",allah'ın isimleri
29.01.2016,EN GÜZEL İSİMLER O’NUNDUR,"Sabır, Tevekkül ve Manevi Olgunluk",rahmet
29.01.2016,EN GÜZEL İSİMLER O’NUNDUR,"Sabır, Tevekkül ve Manevi Olgunluk",sabır
29.01.2016,EN GÜZEL İSİMLER O’NUNDUR,"Sabır, Tevekkül ve Manevi Olgunluk",tevekkül
29.01.2016,EN GÜZEL İSİMLER O’NUNDUR,"Sabır, Tevekkül ve Manevi Olgunluk",rızık
05.02.2016,ŞİMDİ YARALARI SARMA ZAMANI!,"Vatan, Millet ve Tarih",şehit aileleri
05.02.2016,ŞİMDİ YARALARI SARMA ZAMANI!,"Vatan, Millet ve Tarih",terör mağdurları
05.02.2016,ŞİMDİ YARALARI SARMA ZAMANI!,"Vatan, Millet ve Tarih",türkmen kardeşler
05.02.2016,ŞİMDİ YARALARI SARMA ZAMANI!,"Vatan, Millet ve Tarih",yardım kampanyası
05.02.2016,ŞİMDİ YARALARI SARMA ZAMANI!,"Vatan, Millet ve Tarih",dayanışma
12.02.2016,PEYGAMBERE İMAN TEVHİDİN BİR GEREĞİDİR,"İman, Tevhid ve Ahiret",peygambere iman
12.02.2016,PEYGAMBERE İMAN TEVHİDİN BİR GEREĞİDİR,"İman, Tevhid ve Ahiret",sünnet
12.02.2016,PEYGAMBERE İMAN TEVHİDİN BİR GEREĞİDİR,"İman, Tevhid ve Ahiret",kur'an-sünnet bütünlüğü
12.02.2016,PEYGAMBERE İMAN TEVHİDİN BİR GEREĞİDİR,"İman, Tevhid ve Ahiret",tevhid
12.02.2016,PEYGAMBERE İMAN TEVHİDİN BİR GEREĞİDİR,"İman, Tevhid ve Ahiret",iman esasları
19.02.2016,PEYGAMBERLER ALLAH’IN KUTLU ELÇİLERİDİR,"İman, Tevhid ve Ahiret",peygamberlere iman
19.02.2016,PEYGAMBERLER ALLAH’IN KUTLU ELÇİLERİDİR,"İman, Tevhid ve Ahiret",nübüvvet
19.02.2016,PEYGAMBERLER ALLAH’IN KUTLU ELÇİLERİDİR,"İman, Tevhid ve Ahiret",peygamber örnekleri
19.02.2016,PEYGAMBERLER ALLAH’IN KUTLU ELÇİLERİDİR,"İman, Tevhid ve Ahiret",ankara terör saldırısı
19.02.2016,PEYGAMBERLER ALLAH’IN KUTLU ELÇİLERİDİR,"İman, Tevhid ve Ahiret",iman esasları
26.02.2016,ÂHİRETE İMAN,"İman, Tevhid ve Ahiret",ahirete iman
26.02.2016,ÂHİRETE İMAN,"İman, Tevhid ve Ahiret",kıyamet
26.02.2016,ÂHİRETE İMAN,"İman, Tevhid ve Ahiret",hesap günü
26.02.2016,ÂHİRETE İMAN,"İman, Tevhid ve Ahiret",mizan
26.02.2016,ÂHİRETE İMAN,"İman, Tevhid ve Ahiret",iman esasları
26.02.2016,ÂHİRETE İMAN,"İman, Tevhid ve Ahiret",ölüm
04.03.2016,KİTAPLARA İMAN,Kur'an-ı Kerim,kitaplara iman
04.03.2016,KİTAPLARA İMAN,Kur'an-ı Kerim,kur'an-ı kerim
04.03.2016,KİTAPLARA İMAN,Kur'an-ı Kerim,vahiy
04.03.2016,KİTAPLARA İMAN,Kur'an-ı Kerim,tahrif
04.03.2016,KİTAPLARA İMAN,Kur'an-ı Kerim,iman esasları
11.03.2016,DÜNYAYI İYİLİK DEĞİŞTİRİR,"Ahlak, Erdem ve Söz",iyilik
11.03.2016,DÜNYAYI İYİLİK DEĞİŞTİRİR,"Ahlak, Erdem ve Söz",kötülüğe iyilikle karşılık
11.03.2016,DÜNYAYI İYİLİK DEĞİŞTİRİR,"Ahlak, Erdem ve Söz",merhamet
11.03.2016,DÜNYAYI İYİLİK DEĞİŞTİRİR,"Ahlak, Erdem ve Söz",yardımlaşma
11.03.2016,DÜNYAYI İYİLİK DEĞİŞTİRİR,"Ahlak, Erdem ve Söz",mülteciler
11.03.2016,DÜNYAYI İYİLİK DEĞİŞTİRİR,"Ahlak, Erdem ve Söz",ihsan
18.03.2016,ÇANAKKALE VE BİRLİK RUHU,"Vatan, Millet ve Tarih",çanakkale zaferi
18.03.2016,ÇANAKKALE VE BİRLİK RUHU,"Vatan, Millet ve Tarih",birlik ruhu
18.03.2016,ÇANAKKALE VE BİRLİK RUHU,"Vatan, Millet ve Tarih",terör
18.03.2016,ÇANAKKALE VE BİRLİK RUHU,"Vatan, Millet ve Tarih",milli birlik
18.03.2016,ÇANAKKALE VE BİRLİK RUHU,"Vatan, Millet ve Tarih",şehitlik
18.03.2016,ÇANAKKALE VE BİRLİK RUHU,"Vatan, Millet ve Tarih",ankara saldırısı
25.03.2016,HAK VE HAKİKAT,"Sabır, Tevekkül ve Manevi Olgunluk",hak ve hakikat
25.03.2016,HAK VE HAKİKAT,"Sabır, Tevekkül ve Manevi Olgunluk",adalet
25.03.2016,HAK VE HAKİKAT,"Sabır, Tevekkül ve Manevi Olgunluk",müflis kimdir
25.03.2016,HAK VE HAKİKAT,"Sabır, Tevekkül ve Manevi Olgunluk",kul hakkı
25.03.2016,HAK VE HAKİKAT,"Sabır, Tevekkül ve Manevi Olgunluk",sorumluluk bilinci
01.04.2016,ÖFKEYE HÂKİM OLABİLMEK,"Sabır, Tevekkül ve Manevi Olgunluk",öfke kontrolü
01.04.2016,ÖFKEYE HÂKİM OLABİLMEK,"Sabır, Tevekkül ve Manevi Olgunluk",sabır
01.04.2016,ÖFKEYE HÂKİM OLABİLMEK,"Sabır, Tevekkül ve Manevi Olgunluk",hz. musa
01.04.2016,ÖFKEYE HÂKİM OLABİLMEK,"Sabır, Tevekkül ve Manevi Olgunluk",hz. yunus
01.04.2016,ÖFKEYE HÂKİM OLABİLMEK,"Sabır, Tevekkül ve Manevi Olgunluk",regaib kandili
01.04.2016,ÖFKEYE HÂKİM OLABİLMEK,"Sabır, Tevekkül ve Manevi Olgunluk",üç aylar
08.04.2016,"HZ. PEYGAMBER, TEVHİD VE VAHDET","Toplumsal Dayanışma, Merhamet ve Kardeşlik",kutlu doğum haftası
08.04.2016,"HZ. PEYGAMBER, TEVHİD VE VAHDET","Toplumsal Dayanışma, Merhamet ve Kardeşlik",tevhid
08.04.2016,"HZ. PEYGAMBER, TEVHİD VE VAHDET","Toplumsal Dayanışma, Merhamet ve Kardeşlik",vahdet
08.04.2016,"HZ. PEYGAMBER, TEVHİD VE VAHDET","Toplumsal Dayanışma, Merhamet ve Kardeşlik",birlik
08.04.2016,"HZ. PEYGAMBER, TEVHİD VE VAHDET","Toplumsal Dayanışma, Merhamet ve Kardeşlik",kardeşlik
08.04.2016,"HZ. PEYGAMBER, TEVHİD VE VAHDET","Toplumsal Dayanışma, Merhamet ve Kardeşlik",ümmet
15.04.2016,TEVHİD VE VAHDET MEDENİYETİ,"Toplumsal Dayanışma, Merhamet ve Kardeşlik",tevhid ve vahdet
15.04.2016,TEVHİD VE VAHDET MEDENİYETİ,"Toplumsal Dayanışma, Merhamet ve Kardeşlik",necaşi
15.04.2016,TEVHİD VE VAHDET MEDENİYETİ,"Toplumsal Dayanışma, Merhamet ve Kardeşlik",hicret
15.04.2016,TEVHİD VE VAHDET MEDENİYETİ,"Toplumsal Dayanışma, Merhamet ve Kardeşlik",islam medeniyeti
15.04.2016,TEVHİD VE VAHDET MEDENİYETİ,"Toplumsal Dayanışma, Merhamet ve Kardeşlik",mezhepçilik
15.04.2016,TEVHİD VE VAHDET MEDENİYETİ,"Toplumsal Dayanışma, Merhamet ve Kardeşlik",birlik
22.04.2016,TEVHİD VE VAHDETİN ÖNCÜSÜ MÜMİNLER,"Toplumsal Dayanışma, Merhamet ve Kardeşlik",ümmet
22.04.2016,TEVHİD VE VAHDETİN ÖNCÜSÜ MÜMİNLER,"Toplumsal Dayanışma, Merhamet ve Kardeşlik",mezhepçilik
22.04.2016,TEVHİD VE VAHDETİN ÖNCÜSÜ MÜMİNLER,"Toplumsal Dayanışma, Merhamet ve Kardeşlik",ırkçılık
22.04.2016,TEVHİD VE VAHDETİN ÖNCÜSÜ MÜMİNLER,"Toplumsal Dayanışma, Merhamet ve Kardeşlik",terör
22.04.2016,TEVHİD VE VAHDETİN ÖNCÜSÜ MÜMİNLER,"Toplumsal Dayanışma, Merhamet ve Kardeşlik",tevhid ve vahdet
22.04.2016,TEVHİD VE VAHDETİN ÖNCÜSÜ MÜMİNLER,"Toplumsal Dayanışma, Merhamet ve Kardeşlik",fitne
29.04.2016,MİRAÇ KANDİLİ,"Kandiller, Muharrem ve Mübarek Geceler",miraç kandili
29.04.2016,MİRAÇ KANDİLİ,"Kandiller, Muharrem ve Mübarek Geceler",isra ve miraç
29.04.2016,MİRAÇ KANDİLİ,"Kandiller, Muharrem ve Mübarek Geceler",namaz
29.04.2016,MİRAÇ KANDİLİ,"Kandiller, Muharrem ve Mübarek Geceler",kulluk
29.04.2016,MİRAÇ KANDİLİ,"Kandiller, Muharrem ve Mübarek Geceler",manevi yükseliş
06.05.2016,O BÜYÜK GÜNE HAZIR MIYIZ?,"İman, Tevhid ve Ahiret",ahiret
06.05.2016,O BÜYÜK GÜNE HAZIR MIYIZ?,"İman, Tevhid ve Ahiret",hesap günü
06.05.2016,O BÜYÜK GÜNE HAZIR MIYIZ?,"İman, Tevhid ve Ahiret",üç aylar
06.05.2016,O BÜYÜK GÜNE HAZIR MIYIZ?,"İman, Tevhid ve Ahiret",ölüm bilinci
06.05.2016,O BÜYÜK GÜNE HAZIR MIYIZ?,"İman, Tevhid ve Ahiret",nefis muhasebesi
13.05.2016,HUZUR VE MUHABBET OCAĞI: AİLEMİZ,"Aile, Çocuk ve Nesil",aile
13.05.2016,HUZUR VE MUHABBET OCAĞI: AİLEMİZ,"Aile, Çocuk ve Nesil",hz. hatice
13.05.2016,HUZUR VE MUHABBET OCAĞI: AİLEMİZ,"Aile, Çocuk ve Nesil",aile mahremiyeti
13.05.2016,HUZUR VE MUHABBET OCAĞI: AİLEMİZ,"Aile, Çocuk ve Nesil",sosyal medya
13.05.2016,HUZUR VE MUHABBET OCAĞI: AİLEMİZ,"Aile, Çocuk ve Nesil",ebeveynlik
13.05.2016,HUZUR VE MUHABBET OCAĞI: AİLEMİZ,"Aile, Çocuk ve Nesil",aile huzuru
20.05.2016,MAHREMİYETİ YİTİRMEK MAHRUMİYETTİR,"Eğitim, Teknoloji, Çevre ve Toplumsal Değişim",mahremiyet
20.05.2016,MAHREMİYETİ YİTİRMEK MAHRUMİYETTİR,"Eğitim, Teknoloji, Çevre ve Toplumsal Değişim",iffet
20.05.2016,MAHREMİYETİ YİTİRMEK MAHRUMİYETTİR,"Eğitim, Teknoloji, Çevre ve Toplumsal Değişim",hayâ
20.05.2016,MAHREMİYETİ YİTİRMEK MAHRUMİYETTİR,"Eğitim, Teknoloji, Çevre ve Toplumsal Değişim",sosyal medya
20.05.2016,MAHREMİYETİ YİTİRMEK MAHRUMİYETTİR,"Eğitim, Teknoloji, Çevre ve Toplumsal Değişim",berat kandili
20.05.2016,MAHREMİYETİ YİTİRMEK MAHRUMİYETTİR,"Eğitim, Teknoloji, Çevre ve Toplumsal Değişim",aile mahremiyeti
27.05.2016,NAMAZ ARINMADIR,İbadet ve Kulluk,namaz
27.05.2016,NAMAZ ARINMADIR,İbadet ve Kulluk,arınma
27.05.2016,NAMAZ ARINMADIR,İbadet ve Kulluk,ibadet
27.05.2016,NAMAZ ARINMADIR,İbadet ve Kulluk,huşu
27.05.2016,NAMAZ ARINMADIR,İbadet ve Kulluk,namazın rükünleri
03.06.2016,GELİN GÖNÜLLER YAPALIM,"Toplumsal Dayanışma, Merhamet ve Kardeşlik",ramazan
03.06.2016,GELİN GÖNÜLLER YAPALIM,"Toplumsal Dayanışma, Merhamet ve Kardeşlik",gönül yapmak
03.06.2016,GELİN GÖNÜLLER YAPALIM,"Toplumsal Dayanışma, Merhamet ve Kardeşlik",merhamet
03.06.2016,GELİN GÖNÜLLER YAPALIM,"Toplumsal Dayanışma, Merhamet ve Kardeşlik",paylaşma
03.06.2016,GELİN GÖNÜLLER YAPALIM,"Toplumsal Dayanışma, Merhamet ve Kardeşlik",gelin gönüller yapalım
10.06.2016,KUR’AN AYI RAMAZAN,Kur'an-ı Kerim,ramazan
10.06.2016,KUR’AN AYI RAMAZAN,Kur'an-ı Kerim,kur'an-ı kerim
10.06.2016,KUR’AN AYI RAMAZAN,Kur'an-ı Kerim,hidayet
10.06.2016,KUR’AN AYI RAMAZAN,Kur'an-ı Kerim,terör saldırısı
10.06.2016,KUR’AN AYI RAMAZAN,Kur'an-ı Kerim,kur'an ayı
24.06.2016,ARINMA VESİLESİ: ZEKÂT VE İNFAK,"Ekonomik Hayat: Kazanç, Zekat ve İsraf",zekât
24.06.2016,ARINMA VESİLESİ: ZEKÂT VE İNFAK,"Ekonomik Hayat: Kazanç, Zekat ve İsraf",infak
24.06.2016,ARINMA VESİLESİ: ZEKÂT VE İNFAK,"Ekonomik Hayat: Kazanç, Zekat ve İsraf",yetim
24.06.2016,ARINMA VESİLESİ: ZEKÂT VE İNFAK,"Ekonomik Hayat: Kazanç, Zekat ve İsraf",ekonomik adalet
24.06.2016,ARINMA VESİLESİ: ZEKÂT VE İNFAK,"Ekonomik Hayat: Kazanç, Zekat ve İsraf",yardımlaşma
24.06.2016,ARINMA VESİLESİ: ZEKÂT VE İNFAK,"Ekonomik Hayat: Kazanç, Zekat ve İsraf",sadaka
01.07.2016,KADRİMİZİ YÜCELTEN GECE: KADİR GECESİ,"Vatan, Millet ve Tarih",kadir gecesi
01.07.2016,KADRİMİZİ YÜCELTEN GECE: KADİR GECESİ,"Vatan, Millet ve Tarih",kur'an-ı kerim
01.07.2016,KADRİMİZİ YÜCELTEN GECE: KADİR GECESİ,"Vatan, Millet ve Tarih",tövbe
01.07.2016,KADRİMİZİ YÜCELTEN GECE: KADİR GECESİ,"Vatan, Millet ve Tarih",ramazan
01.07.2016,KADRİMİZİ YÜCELTEN GECE: KADİR GECESİ,"Vatan, Millet ve Tarih",istanbul terör saldırısı
05.07.2016,RAMAZAN BAYRAMI,"Ramazan, Oruç ve Bayramlar",ramazan bayramı
05.07.2016,RAMAZAN BAYRAMI,"Ramazan, Oruç ve Bayramlar",kardeşlik ve birlik
05.07.2016,RAMAZAN BAYRAMI,"Ramazan, Oruç ve Bayramlar",af ve bağışlama
05.07.2016,RAMAZAN BAYRAMI,"Ramazan, Oruç ve Bayramlar",yetim ve kimsesizlere yardım
05.07.2016,RAMAZAN BAYRAMI,"Ramazan, Oruç ve Bayramlar",terör mağduriyeti
05.07.2016,RAMAZAN BAYRAMI,"Ramazan, Oruç ve Bayramlar",bayram sevinci
08.07.2016,RABBİMİZE YAKINLAŞMA VESİLESİ: SILA-İ RAHİM,"Toplumsal Dayanışma, Merhamet ve Kardeşlik",sıla-i rahim
08.07.2016,RABBİMİZE YAKINLAŞMA VESİLESİ: SILA-İ RAHİM,"Toplumsal Dayanışma, Merhamet ve Kardeşlik",akrabalık ilişkileri
08.07.2016,RABBİMİZE YAKINLAŞMA VESİLESİ: SILA-İ RAHİM,"Toplumsal Dayanışma, Merhamet ve Kardeşlik",teknoloji ve yalnızlaşma
08.07.2016,RABBİMİZE YAKINLAŞMA VESİLESİ: SILA-İ RAHİM,"Toplumsal Dayanışma, Merhamet ve Kardeşlik",anne-baba ziyareti
08.07.2016,RABBİMİZE YAKINLAŞMA VESİLESİ: SILA-İ RAHİM,"Toplumsal Dayanışma, Merhamet ve Kardeşlik",komşuluk hakları
15.07.2016,HAYATIMIZI İBADET KILABİLMEK,İbadet ve Kulluk,ölçülü ibadet
15.07.2016,HAYATIMIZI İBADET KILABİLMEK,İbadet ve Kulluk,ramazan sonrası kulluk bilinci
15.07.2016,HAYATIMIZI İBADET KILABİLMEK,İbadet ve Kulluk,nefis terbiyesi
15.07.2016,HAYATIMIZI İBADET KILABİLMEK,İbadet ve Kulluk,namazda huşû
15.07.2016,HAYATIMIZI İBADET KILABİLMEK,İbadet ve Kulluk,israf ve aşırılıktan kaçınma
22.07.2016,"GÜN, MİLLETÇE KENETLENME VE GELECEĞİMİZİ İNŞA ETME GÜNÜDÜR","Vatan, Millet ve Tarih",15 temmuz darbe girişimi
22.07.2016,"GÜN, MİLLETÇE KENETLENME VE GELECEĞİMİZİ İNŞA ETME GÜNÜDÜR","Vatan, Millet ve Tarih",milli birlik ve kenetlenme
22.07.2016,"GÜN, MİLLETÇE KENETLENME VE GELECEĞİMİZİ İNŞA ETME GÜNÜDÜR","Vatan, Millet ve Tarih",vatan sevgisi
22.07.2016,"GÜN, MİLLETÇE KENETLENME VE GELECEĞİMİZİ İNŞA ETME GÜNÜDÜR","Vatan, Millet ve Tarih",şehitlik
22.07.2016,"GÜN, MİLLETÇE KENETLENME VE GELECEĞİMİZİ İNŞA ETME GÜNÜDÜR","Vatan, Millet ve Tarih",dinin istismarına karşı uyanıklık
29.07.2016,"EN BÜYÜK BOZGUNCULUK, DİNİN MUAZZEZ DEĞERLERİNİ İSTİSMAR ETMEKTİR.","Vatan, Millet ve Tarih",dinin istismarı
29.07.2016,"EN BÜYÜK BOZGUNCULUK, DİNİN MUAZZEZ DEĞERLERİNİ İSTİSMAR ETMEKTİR.","Vatan, Millet ve Tarih",15 temmuz darbe girişimi
29.07.2016,"EN BÜYÜK BOZGUNCULUK, DİNİN MUAZZEZ DEĞERLERİNİ İSTİSMAR ETMEKTİR.","Vatan, Millet ve Tarih",bozgunculuk
29.07.2016,"EN BÜYÜK BOZGUNCULUK, DİNİN MUAZZEZ DEĞERLERİNİ İSTİSMAR ETMEKTİR.","Vatan, Millet ve Tarih",milli birlik
29.07.2016,"EN BÜYÜK BOZGUNCULUK, DİNİN MUAZZEZ DEĞERLERİNİ İSTİSMAR ETMEKTİR.","Vatan, Millet ve Tarih",irade ve akıl bağımsızlığı
05.08.2016,KULLUK SADECE ALLAH’A ÖZGÜDÜR,"İman, Tevhid ve Ahiret",tevhid inancı
05.08.2016,KULLUK SADECE ALLAH’A ÖZGÜDÜR,"İman, Tevhid ve Ahiret",kulluk bilinci
05.08.2016,KULLUK SADECE ALLAH’A ÖZGÜDÜR,"İman, Tevhid ve Ahiret",kişi kültü ve ilahlaştırma
05.08.2016,KULLUK SADECE ALLAH’A ÖZGÜDÜR,"İman, Tevhid ve Ahiret",sırat-ı müstakim
05.08.2016,KULLUK SADECE ALLAH’A ÖZGÜDÜR,"İman, Tevhid ve Ahiret",fitne ve istismara karşı uyanıklık
12.08.2016,SIRÂT-I MÜSTAKİM,Kur'an-ı Kerim,sırat-ı müstakim
12.08.2016,SIRÂT-I MÜSTAKİM,Kur'an-ı Kerim,tevhid
12.08.2016,SIRÂT-I MÜSTAKİM,Kur'an-ı Kerim,kişi kültünden sakınma
12.08.2016,SIRÂT-I MÜSTAKİM,Kur'an-ı Kerim,kur'an ve sünnetin önceliği
12.08.2016,SIRÂT-I MÜSTAKİM,Kur'an-ı Kerim,dini istismar
19.08.2016,MÜMİN VE EMANET BİLİNCİ,"Vatan, Millet ve Tarih",emanet bilinci
19.08.2016,MÜMİN VE EMANET BİLİNCİ,"Vatan, Millet ve Tarih",güvenilirlik
19.08.2016,MÜMİN VE EMANET BİLİNCİ,"Vatan, Millet ve Tarih",iman ve islam emaneti
19.08.2016,MÜMİN VE EMANET BİLİNCİ,"Vatan, Millet ve Tarih",terör saldırıları
19.08.2016,MÜMİN VE EMANET BİLİNCİ,"Vatan, Millet ve Tarih",vatan ve bayrak
26.08.2016,HAYAT VEREN DİN: İSLÂM,"Vatan, Millet ve Tarih",intihar saldırıları ve terör
26.08.2016,HAYAT VEREN DİN: İSLÂM,"Vatan, Millet ve Tarih",hayat hakkının kutsallığı
26.08.2016,HAYAT VEREN DİN: İSLÂM,"Vatan, Millet ve Tarih",cana kıymanın haramlığı
26.08.2016,HAYAT VEREN DİN: İSLÂM,"Vatan, Millet ve Tarih",dinin istismarı
26.08.2016,HAYAT VEREN DİN: İSLÂM,"Vatan, Millet ve Tarih",masumların katli
02.09.2016,KULLUK VE SAMİMİYET BEYANI: KURBAN,"Ramazan, Oruç ve Bayramlar",kurban ibadeti
02.09.2016,KULLUK VE SAMİMİYET BEYANI: KURBAN,"Ramazan, Oruç ve Bayramlar",hz. i̇brahim'in sadakati
02.09.2016,KULLUK VE SAMİMİYET BEYANI: KURBAN,"Ramazan, Oruç ve Bayramlar",kurban bayramı
02.09.2016,KULLUK VE SAMİMİYET BEYANI: KURBAN,"Ramazan, Oruç ve Bayramlar",takva
02.09.2016,KULLUK VE SAMİMİYET BEYANI: KURBAN,"Ramazan, Oruç ve Bayramlar",yardımlaşma ve paylaşma
09.09.2016,BAYRAM VE HZ. İBRAHİM,Peygamberimiz ve Ashab,hz. i̇brahim
09.09.2016,BAYRAM VE HZ. İBRAHİM,Peygamberimiz ve Ashab,tevhid mücadelesi
09.09.2016,BAYRAM VE HZ. İBRAHİM,Peygamberimiz ve Ashab,kurban bayramı
09.09.2016,BAYRAM VE HZ. İBRAHİM,Peygamberimiz ve Ashab,hac ibadeti
09.09.2016,BAYRAM VE HZ. İBRAHİM,Peygamberimiz ve Ashab,örnek şahsiyet
12.09.2016,KURBAN BAYRAMI,"Toplumsal Dayanışma, Merhamet ve Kardeşlik",kurban bayramı
12.09.2016,KURBAN BAYRAMI,"Toplumsal Dayanışma, Merhamet ve Kardeşlik",hac ibadeti
12.09.2016,KURBAN BAYRAMI,"Toplumsal Dayanışma, Merhamet ve Kardeşlik",takva
12.09.2016,KURBAN BAYRAMI,"Toplumsal Dayanışma, Merhamet ve Kardeşlik",paylaşma ve gönül kazanma
12.09.2016,KURBAN BAYRAMI,"Toplumsal Dayanışma, Merhamet ve Kardeşlik",birlik ve beraberlik
16.09.2016,EBEDİ BAYRAMLARA BİRLİKTE YOL ALABİLMEK,İbadet ve Kulluk,hac ve kurban sonrası bilinç
16.09.2016,EBEDİ BAYRAMLARA BİRLİKTE YOL ALABİLMEK,İbadet ve Kulluk,birlik ve kardeşlik
16.09.2016,EBEDİ BAYRAMLARA BİRLİKTE YOL ALABİLMEK,İbadet ve Kulluk,ahiret bilinci
16.09.2016,EBEDİ BAYRAMLARA BİRLİKTE YOL ALABİLMEK,İbadet ve Kulluk,trafik güvenliği
16.09.2016,EBEDİ BAYRAMLARA BİRLİKTE YOL ALABİLMEK,İbadet ve Kulluk,kulluk şuuru
23.09.2016,ALLAH’IM! İLİMLE YÜCELT BİZİ!,"Eğitim, Teknoloji, Çevre ve Toplumsal Değişim",ilim ve okuma emri
23.09.2016,ALLAH’IM! İLİMLE YÜCELT BİZİ!,"Eğitim, Teknoloji, Çevre ve Toplumsal Değişim",eğitim-öğretim yılı
23.09.2016,ALLAH’IM! İLİMLE YÜCELT BİZİ!,"Eğitim, Teknoloji, Çevre ve Toplumsal Değişim",aile okul cami üçgeni
23.09.2016,ALLAH’IM! İLİMLE YÜCELT BİZİ!,"Eğitim, Teknoloji, Çevre ve Toplumsal Değişim",öğretmenlere seslenme
23.09.2016,ALLAH’IM! İLİMLE YÜCELT BİZİ!,"Eğitim, Teknoloji, Çevre ve Toplumsal Değişim",kur'an ve peygamber dersleri
30.09.2016,CAMİ VE KİTAP MEDENİYETİ,İbadet ve Kulluk,camiler haftası
30.09.2016,CAMİ VE KİTAP MEDENİYETİ,İbadet ve Kulluk,kitap medeniyeti
30.09.2016,CAMİ VE KİTAP MEDENİYETİ,İbadet ve Kulluk,cami ve kütüphane
30.09.2016,CAMİ VE KİTAP MEDENİYETİ,İbadet ve Kulluk,hicret
30.09.2016,CAMİ VE KİTAP MEDENİYETİ,İbadet ve Kulluk,muharrem ayı
07.10.2016,YÜREKLERİMİZİ SAHRÂ-I KERBELÂ’YA DÖNÜŞTÜRMEYELİM,"Kandiller, Muharrem ve Mübarek Geceler",kerbelâ hadisesi
07.10.2016,YÜREKLERİMİZİ SAHRÂ-I KERBELÂ’YA DÖNÜŞTÜRMEYELİM,"Kandiller, Muharrem ve Mübarek Geceler",hz. hüseyin
07.10.2016,YÜREKLERİMİZİ SAHRÂ-I KERBELÂ’YA DÖNÜŞTÜRMEYELİM,"Kandiller, Muharrem ve Mübarek Geceler",muharrem ayı
07.10.2016,YÜREKLERİMİZİ SAHRÂ-I KERBELÂ’YA DÖNÜŞTÜRMEYELİM,"Kandiller, Muharrem ve Mübarek Geceler",halep'teki zulüm
07.10.2016,YÜREKLERİMİZİ SAHRÂ-I KERBELÂ’YA DÖNÜŞTÜRMEYELİM,"Kandiller, Muharrem ve Mübarek Geceler",birlik ve kardeşlik
14.10.2016,HAYATA EMEKLE DOKUNMAK,"Toplumsal Dayanışma, Merhamet ve Kardeşlik",emeğe saygı
14.10.2016,HAYATA EMEKLE DOKUNMAK,"Toplumsal Dayanışma, Merhamet ve Kardeşlik",hizmetkarlara nezaket
14.10.2016,HAYATA EMEKLE DOKUNMAK,"Toplumsal Dayanışma, Merhamet ve Kardeşlik",işçi hakları
14.10.2016,HAYATA EMEKLE DOKUNMAK,"Toplumsal Dayanışma, Merhamet ve Kardeşlik",insan onuru
14.10.2016,HAYATA EMEKLE DOKUNMAK,"Toplumsal Dayanışma, Merhamet ve Kardeşlik",peygamberin örnek ahlakı
21.10.2016,ALLAH’A VERDİĞİ SÖZE SADIK KİMSE: MÜMİN,Peygamberimiz ve Ashab,cafer-i tayyar ve necaşi
21.10.2016,ALLAH’A VERDİĞİ SÖZE SADIK KİMSE: MÜMİN,Peygamberimiz ve Ashab,habeşistan hicreti
21.10.2016,ALLAH’A VERDİĞİ SÖZE SADIK KİMSE: MÜMİN,Peygamberimiz ve Ashab,cibril hadisi
21.10.2016,ALLAH’A VERDİĞİ SÖZE SADIK KİMSE: MÜMİN,Peygamberimiz ve Ashab,i̇slam'ın şartları
21.10.2016,ALLAH’A VERDİĞİ SÖZE SADIK KİMSE: MÜMİN,Peygamberimiz ve Ashab,dini istismara karşı uyanıklık
04.11.2016,ÖRNEK ÜMMET OLABİLMEK,"Toplumsal Dayanışma, Merhamet ve Kardeşlik",tevhid ve vahdet
04.11.2016,ÖRNEK ÜMMET OLABİLMEK,"Toplumsal Dayanışma, Merhamet ve Kardeşlik",selman-ı farisi
04.11.2016,ÖRNEK ÜMMET OLABİLMEK,"Toplumsal Dayanışma, Merhamet ve Kardeşlik",ümmet bilinci
04.11.2016,ÖRNEK ÜMMET OLABİLMEK,"Toplumsal Dayanışma, Merhamet ve Kardeşlik",tefrika ve şirk
04.11.2016,ÖRNEK ÜMMET OLABİLMEK,"Toplumsal Dayanışma, Merhamet ve Kardeşlik",iyiliği emretme
11.11.2016,KELİME-İ ŞEHÂDET,"İman, Tevhid ve Ahiret",kelime-i şehadet
11.11.2016,KELİME-İ ŞEHÂDET,"İman, Tevhid ve Ahiret",tevhid inancı
11.11.2016,KELİME-İ ŞEHÂDET,"İman, Tevhid ve Ahiret",iman esasları
11.11.2016,KELİME-İ ŞEHÂDET,"İman, Tevhid ve Ahiret",kulluk misakı
11.11.2016,KELİME-İ ŞEHÂDET,"İman, Tevhid ve Ahiret",peygamberin risaleti
18.11.2016,ÜMMÜ’L-KİTAP: FATİHA,İbadet ve Kulluk,fatiha suresi
18.11.2016,ÜMMÜ’L-KİTAP: FATİHA,İbadet ve Kulluk,namaz ve dua
18.11.2016,ÜMMÜ’L-KİTAP: FATİHA,İbadet ve Kulluk,kulluk misakı
18.11.2016,ÜMMÜ’L-KİTAP: FATİHA,İbadet ve Kulluk,kur'an'ın özü
18.11.2016,ÜMMÜ’L-KİTAP: FATİHA,İbadet ve Kulluk,maden kazası
25.11.2016,HAYATIN GAYESİ,İbadet ve Kulluk,hayatın gayesi
25.11.2016,HAYATIN GAYESİ,İbadet ve Kulluk,kulluk bilinci
25.11.2016,HAYATIN GAYESİ,İbadet ve Kulluk,yeryüzünü imar etmek
25.11.2016,HAYATIN GAYESİ,İbadet ve Kulluk,iyiliği yayma
25.11.2016,HAYATIN GAYESİ,İbadet ve Kulluk,hz. muaz kıssası
02.12.2016,YERYÜZÜNÜN KÜÇÜK VE ONURLU HALİFESİ: ÇOCUK,"Aile, Çocuk ve Nesil",çocuk hakları
02.12.2016,YERYÜZÜNÜN KÜÇÜK VE ONURLU HALİFESİ: ÇOCUK,"Aile, Çocuk ve Nesil",çocuk istismarı
02.12.2016,YERYÜZÜNÜN KÜÇÜK VE ONURLU HALİFESİ: ÇOCUK,"Aile, Çocuk ve Nesil",halep ve arakan mağduriyeti
02.12.2016,YERYÜZÜNÜN KÜÇÜK VE ONURLU HALİFESİ: ÇOCUK,"Aile, Çocuk ve Nesil",merhamet
02.12.2016,YERYÜZÜNÜN KÜÇÜK VE ONURLU HALİFESİ: ÇOCUK,"Aile, Çocuk ve Nesil",aladağ yurt yangını
09.12.2016,HALEP’TE İNSANLIK ÖLMESİN!,"Kandiller, Muharrem ve Mübarek Geceler",halep katliamı
09.12.2016,HALEP’TE İNSANLIK ÖLMESİN!,"Kandiller, Muharrem ve Mübarek Geceler",insanlık ölmesin kampanyası
09.12.2016,HALEP’TE İNSANLIK ÖLMESİN!,"Kandiller, Muharrem ve Mübarek Geceler",mazlumlara yardım
09.12.2016,HALEP’TE İNSANLIK ÖLMESİN!,"Kandiller, Muharrem ve Mübarek Geceler",mevlid kandili
09.12.2016,HALEP’TE İNSANLIK ÖLMESİN!,"Kandiller, Muharrem ve Mübarek Geceler",muhacirlere ensarlık
16.12.2016,HER ZORLUKLA BERABER BİR KOLAYLIK VARDIR.,"Vatan, Millet ve Tarih",terör saldırısı
16.12.2016,HER ZORLUKLA BERABER BİR KOLAYLIK VARDIR.,"Vatan, Millet ve Tarih",cana kıymanın haramlığı
16.12.2016,HER ZORLUKLA BERABER BİR KOLAYLIK VARDIR.,"Vatan, Millet ve Tarih",her zorlukla kolaylık
16.12.2016,HER ZORLUKLA BERABER BİR KOLAYLIK VARDIR.,"Vatan, Millet ve Tarih",milli birlik
16.12.2016,HER ZORLUKLA BERABER BİR KOLAYLIK VARDIR.,"Vatan, Millet ve Tarih",şehitlik
23.12.2016,ALLAH’IN YARDIMI MÜMİNLERLE BERABERDİR.,"Vatan, Millet ve Tarih",zorluk ve ümit
23.12.2016,ALLAH’IN YARDIMI MÜMİNLERLE BERABERDİR.,"Vatan, Millet ve Tarih",milli birlik ve tefrika
23.12.2016,ALLAH’IN YARDIMI MÜMİNLERLE BERABERDİR.,"Vatan, Millet ve Tarih",terör ve şiddet
23.12.2016,ALLAH’IN YARDIMI MÜMİNLERLE BERABERDİR.,"Vatan, Millet ve Tarih",malazgirt ve çanakkale
23.12.2016,ALLAH’IN YARDIMI MÜMİNLERLE BERABERDİR.,"Vatan, Millet ve Tarih",mazlumların umudu olmak
30.12.2016,ÖMÜR NİMETİ,"Sabır, Tevekkül ve Manevi Olgunluk",ömür nimeti
30.12.2016,ÖMÜR NİMETİ,"Sabır, Tevekkül ve Manevi Olgunluk",hesap günü
30.12.2016,ÖMÜR NİMETİ,"Sabır, Tevekkül ve Manevi Olgunluk",zamanın kıymeti
30.12.2016,ÖMÜR NİMETİ,"Sabır, Tevekkül ve Manevi Olgunluk",gençlik ve ibadet
30.12.2016,ÖMÜR NİMETİ,"Sabır, Tevekkül ve Manevi Olgunluk",yılbaşı israfı
06.01.2017,"GÜN, TERÖRE KARŞI YEKVÜCUT OLMA GÜNÜDÜR","Ahlak, Erdem ve Söz",terör saldırıları
06.01.2017,"GÜN, TERÖRE KARŞI YEKVÜCUT OLMA GÜNÜDÜR","Ahlak, Erdem ve Söz",hucurat suresi ilkeleri
06.01.2017,"GÜN, TERÖRE KARŞI YEKVÜCUT OLMA GÜNÜDÜR","Ahlak, Erdem ve Söz",gıybet ve zan
06.01.2017,"GÜN, TERÖRE KARŞI YEKVÜCUT OLMA GÜNÜDÜR","Ahlak, Erdem ve Söz",adalet
06.01.2017,"GÜN, TERÖRE KARŞI YEKVÜCUT OLMA GÜNÜDÜR","Ahlak, Erdem ve Söz",kardeşlik ahlakı
13.01.2017,ALLAH’IN SEVDİĞİ BİR KUL OLABİLMEK,"Ekonomik Hayat: Kazanç, Zekat ve İsraf",allah'ın sevdiği kullar
13.01.2017,ALLAH’IN SEVDİĞİ BİR KUL OLABİLMEK,"Ekonomik Hayat: Kazanç, Zekat ve İsraf",tövbe ve tevekkül
13.01.2017,ALLAH’IN SEVDİĞİ BİR KUL OLABİLMEK,"Ekonomik Hayat: Kazanç, Zekat ve İsraf",israf ve kibir
13.01.2017,ALLAH’IN SEVDİĞİ BİR KUL OLABİLMEK,"Ekonomik Hayat: Kazanç, Zekat ve İsraf",adalet
13.01.2017,ALLAH’IN SEVDİĞİ BİR KUL OLABİLMEK,"Ekonomik Hayat: Kazanç, Zekat ve İsraf",halep yardım kampanyası
20.01.2017,RAHMÂN’IN MÜMİN KULLARI,"Ahlak, Erdem ve Söz",mümin vasıfları
20.01.2017,RAHMÂN’IN MÜMİN KULLARI,"Ahlak, Erdem ve Söz",tevekkül ve sabır
20.01.2017,RAHMÂN’IN MÜMİN KULLARI,"Ahlak, Erdem ve Söz",tevazu
20.01.2017,RAHMÂN’IN MÜMİN KULLARI,"Ahlak, Erdem ve Söz",kardeşlik
20.01.2017,RAHMÂN’IN MÜMİN KULLARI,"Ahlak, Erdem ve Söz",bal arısı benzetmesi
27.01.2017,NAMAZI ZAYİ ETMEK,İbadet ve Kulluk,namazın önemi
27.01.2017,NAMAZI ZAYİ ETMEK,İbadet ve Kulluk,huşu
27.01.2017,NAMAZI ZAYİ ETMEK,İbadet ve Kulluk,namazda gevşeklik ve riya
27.01.2017,NAMAZI ZAYİ ETMEK,İbadet ve Kulluk,vaktinde namaz
27.01.2017,NAMAZI ZAYİ ETMEK,İbadet ve Kulluk,kur'an'da namaz uyarısı
03.02.2017,"AHİT, AKİT VE MİSAK OLARAK NİKÂH","Aile, Çocuk ve Nesil",nikâh ve aile
03.02.2017,"AHİT, AKİT VE MİSAK OLARAK NİKÂH","Aile, Çocuk ve Nesil",sadakat
03.02.2017,"AHİT, AKİT VE MİSAK OLARAK NİKÂH","Aile, Çocuk ve Nesil",boşanma istatistikleri
03.02.2017,"AHİT, AKİT VE MİSAK OLARAK NİKÂH","Aile, Çocuk ve Nesil",aile mahremiyetinin istismarı
03.02.2017,"AHİT, AKİT VE MİSAK OLARAK NİKÂH","Aile, Çocuk ve Nesil",emanet bilinci
10.02.2017,MÜMİNCE YAKARIŞIN ADI: DUA,İbadet ve Kulluk,dua
10.02.2017,MÜMİNCE YAKARIŞIN ADI: DUA,İbadet ve Kulluk,kulluk bilinci
10.02.2017,MÜMİNCE YAKARIŞIN ADI: DUA,İbadet ve Kulluk,duanın kabulü
10.02.2017,MÜMİNCE YAKARIŞIN ADI: DUA,İbadet ve Kulluk,kardeşler için dua
10.02.2017,MÜMİNCE YAKARIŞIN ADI: DUA,İbadet ve Kulluk,ibadetin özü
17.02.2017,ASR SURESİ’NİN ÖĞRETTİĞİ HAKİKATLER,"Sabır, Tevekkül ve Manevi Olgunluk",asr suresi
17.02.2017,ASR SURESİ’NİN ÖĞRETTİĞİ HAKİKATLER,"Sabır, Tevekkül ve Manevi Olgunluk",zaman bilinci
17.02.2017,ASR SURESİ’NİN ÖĞRETTİĞİ HAKİKATLER,"Sabır, Tevekkül ve Manevi Olgunluk",salih amel
17.02.2017,ASR SURESİ’NİN ÖĞRETTİĞİ HAKİKATLER,"Sabır, Tevekkül ve Manevi Olgunluk",sabır
17.02.2017,ASR SURESİ’NİN ÖĞRETTİĞİ HAKİKATLER,"Sabır, Tevekkül ve Manevi Olgunluk",seçmeli din dersleri
24.02.2017,ALLAH’A SIĞINMANIN EN GÜZEL İFADESİ: MUAVVİZETEYN SURESİ,İbadet ve Kulluk,felak ve nâs sureleri
24.02.2017,ALLAH’A SIĞINMANIN EN GÜZEL İFADESİ: MUAVVİZETEYN SURESİ,İbadet ve Kulluk,allah'a sığınma
24.02.2017,ALLAH’A SIĞINMANIN EN GÜZEL İFADESİ: MUAVVİZETEYN SURESİ,İbadet ve Kulluk,haset ve vesvese
24.02.2017,ALLAH’A SIĞINMANIN EN GÜZEL İFADESİ: MUAVVİZETEYN SURESİ,İbadet ve Kulluk,büyüden korunma
24.02.2017,ALLAH’A SIĞINMANIN EN GÜZEL İFADESİ: MUAVVİZETEYN SURESİ,İbadet ve Kulluk,istiaze duaları
03.03.2017,FİRDEVS CENNETİNE MİRASÇI OLMAK,"Ahlak, Erdem ve Söz",müminûn suresi
03.03.2017,FİRDEVS CENNETİNE MİRASÇI OLMAK,"Ahlak, Erdem ve Söz",firdevs cenneti
03.03.2017,FİRDEVS CENNETİNE MİRASÇI OLMAK,"Ahlak, Erdem ve Söz",iffet
03.03.2017,FİRDEVS CENNETİNE MİRASÇI OLMAK,"Ahlak, Erdem ve Söz",emanete riayet
03.03.2017,FİRDEVS CENNETİNE MİRASÇI OLMAK,"Ahlak, Erdem ve Söz",zekât
10.03.2017,KÖTÜLÜĞE ENGEL OLABİLMENİN YOLU İYİLİKTİR,"Ahlak, Erdem ve Söz",iyilik ve kötülük
10.03.2017,KÖTÜLÜĞE ENGEL OLABİLMENİN YOLU İYİLİKTİR,"Ahlak, Erdem ve Söz",vicdan
10.03.2017,KÖTÜLÜĞE ENGEL OLABİLMENİN YOLU İYİLİKTİR,"Ahlak, Erdem ve Söz",vâbisa kıssası
10.03.2017,KÖTÜLÜĞE ENGEL OLABİLMENİN YOLU İYİLİKTİR,"Ahlak, Erdem ve Söz",asıl iyilik
10.03.2017,KÖTÜLÜĞE ENGEL OLABİLMENİN YOLU İYİLİKTİR,"Ahlak, Erdem ve Söz",kötülüğe karşı direnç
17.03.2017,ŞEHADETİN DESTANLAŞTIĞI YER: ÇANAKKALE,"Vatan, Millet ve Tarih",çanakkale zaferi
17.03.2017,ŞEHADETİN DESTANLAŞTIĞI YER: ÇANAKKALE,"Vatan, Millet ve Tarih",şehadet
17.03.2017,ŞEHADETİN DESTANLAŞTIĞI YER: ÇANAKKALE,"Vatan, Millet ve Tarih",milli birlik
17.03.2017,ŞEHADETİN DESTANLAŞTIĞI YER: ÇANAKKALE,"Vatan, Millet ve Tarih",istiklal mücadelesi
17.03.2017,ŞEHADETİN DESTANLAŞTIĞI YER: ÇANAKKALE,"Vatan, Millet ve Tarih",vatan sevgisi
24.03.2017,HİKMET YÜKLÜ ÖĞÜTLER,"Ahlak, Erdem ve Söz",lokman suresi
24.03.2017,HİKMET YÜKLÜ ÖĞÜTLER,"Ahlak, Erdem ve Söz",baba öğütleri
24.03.2017,HİKMET YÜKLÜ ÖĞÜTLER,"Ahlak, Erdem ve Söz",tevazu
24.03.2017,HİKMET YÜKLÜ ÖĞÜTLER,"Ahlak, Erdem ve Söz",anne-babaya iyilik
24.03.2017,HİKMET YÜKLÜ ÖĞÜTLER,"Ahlak, Erdem ve Söz",recep ayı ve regaip kandili
31.03.2017,"RAĞBETİMİZ, RABBİMİZE OLSUN!","Kandiller, Muharrem ve Mübarek Geceler",inşirah suresi
31.03.2017,"RAĞBETİMİZ, RABBİMİZE OLSUN!","Kandiller, Muharrem ve Mübarek Geceler",regaip kandili
31.03.2017,"RAĞBETİMİZ, RABBİMİZE OLSUN!","Kandiller, Muharrem ve Mübarek Geceler",zorlukla beraber kolaylık
31.03.2017,"RAĞBETİMİZ, RABBİMİZE OLSUN!","Kandiller, Muharrem ve Mübarek Geceler",allah'a rağbet
31.03.2017,"RAĞBETİMİZ, RABBİMİZE OLSUN!","Kandiller, Muharrem ve Mübarek Geceler",recep ayı
07.04.2017,ZULÜM EBEDİ DEĞİLDİR,İslam Coğrafyası ve Küresel Meseleler,i̇dlib kimyasal saldırısı
07.04.2017,ZULÜM EBEDİ DEĞİLDİR,İslam Coğrafyası ve Küresel Meseleler,zulüm ve vicdan
07.04.2017,ZULÜM EBEDİ DEĞİLDİR,İslam Coğrafyası ve Küresel Meseleler,mazlumun bedduası
07.04.2017,ZULÜM EBEDİ DEĞİLDİR,İslam Coğrafyası ve Küresel Meseleler,suriye savaşı
07.04.2017,ZULÜM EBEDİ DEĞİLDİR,İslam Coğrafyası ve Küresel Meseleler,insanlığın sessizliği
14.04.2017,HZ. PEYGAMBER VE GÜVEN TOPLUMU,"Toplumsal Dayanışma, Merhamet ve Kardeşlik",kutlu doğum haftası
14.04.2017,HZ. PEYGAMBER VE GÜVEN TOPLUMU,"Toplumsal Dayanışma, Merhamet ve Kardeşlik",güven toplumu
14.04.2017,HZ. PEYGAMBER VE GÜVEN TOPLUMU,"Toplumsal Dayanışma, Merhamet ve Kardeşlik",emin peygamber
14.04.2017,HZ. PEYGAMBER VE GÜVEN TOPLUMU,"Toplumsal Dayanışma, Merhamet ve Kardeşlik",küresel güven bunalımı
14.04.2017,HZ. PEYGAMBER VE GÜVEN TOPLUMU,"Toplumsal Dayanışma, Merhamet ve Kardeşlik",emanet bilinci
21.04.2017,MÜMİN GÜVENEN VE GÜVENİLEN İNSANDIR,"Toplumsal Dayanışma, Merhamet ve Kardeşlik",güven ve iman
21.04.2017,MÜMİN GÜVENEN VE GÜVENİLEN İNSANDIR,"Toplumsal Dayanışma, Merhamet ve Kardeşlik",peygamberlerin emanet örnekleri
21.04.2017,MÜMİN GÜVENEN VE GÜVENİLEN İNSANDIR,"Toplumsal Dayanışma, Merhamet ve Kardeşlik",miraç kandili
21.04.2017,MÜMİN GÜVENEN VE GÜVENİLEN İNSANDIR,"Toplumsal Dayanışma, Merhamet ve Kardeşlik",kudüs ve mescid-i aksa
21.04.2017,MÜMİN GÜVENEN VE GÜVENİLEN İNSANDIR,"Toplumsal Dayanışma, Merhamet ve Kardeşlik",emin ümmet
28.04.2017,GÜVEN VE MUHABBET KÖPRÜSÜ: SELAM,"Toplumsal Dayanışma, Merhamet ve Kardeşlik",selam
28.04.2017,GÜVEN VE MUHABBET KÖPRÜSÜ: SELAM,"Toplumsal Dayanışma, Merhamet ve Kardeşlik",güven ve muhabbet
28.04.2017,GÜVEN VE MUHABBET KÖPRÜSÜ: SELAM,"Toplumsal Dayanışma, Merhamet ve Kardeşlik",kardeşlik
28.04.2017,GÜVEN VE MUHABBET KÖPRÜSÜ: SELAM,"Toplumsal Dayanışma, Merhamet ve Kardeşlik",sosyal ilişkiler
28.04.2017,GÜVEN VE MUHABBET KÖPRÜSÜ: SELAM,"Toplumsal Dayanışma, Merhamet ve Kardeşlik",selamlaşma adabı
05.05.2017,NEDAMET VE ÜMİDİN ADI: TÖVBE,"Kandiller, Muharrem ve Mübarek Geceler",tövbe
05.05.2017,NEDAMET VE ÜMİDİN ADI: TÖVBE,"Kandiller, Muharrem ve Mübarek Geceler",berat kandili
05.05.2017,NEDAMET VE ÜMİDİN ADI: TÖVBE,"Kandiller, Muharrem ve Mübarek Geceler",hz. âdem ve havva
05.05.2017,NEDAMET VE ÜMİDİN ADI: TÖVBE,"Kandiller, Muharrem ve Mübarek Geceler",allah'ın affı
05.05.2017,NEDAMET VE ÜMİDİN ADI: TÖVBE,"Kandiller, Muharrem ve Mübarek Geceler",nedamet
12.05.2017,SAMİMİYETSİZLİĞİN ADI: RİYA,"Ahlak, Erdem ve Söz",riya
12.05.2017,SAMİMİYETSİZLİĞİN ADI: RİYA,"Ahlak, Erdem ve Söz",samimiyet
12.05.2017,SAMİMİYETSİZLİĞİN ADI: RİYA,"Ahlak, Erdem ve Söz",ihlas
12.05.2017,SAMİMİYETSİZLİĞİN ADI: RİYA,"Ahlak, Erdem ve Söz",gösteriş
12.05.2017,SAMİMİYETSİZLİĞİN ADI: RİYA,"Ahlak, Erdem ve Söz",ikiyüzlülük
19.05.2017,GERÇEK ÖZGÜRLÜK: ALLAH’A KULLUK,İbadet ve Kulluk,özgürlük
19.05.2017,GERÇEK ÖZGÜRLÜK: ALLAH’A KULLUK,İbadet ve Kulluk,kulluk
19.05.2017,GERÇEK ÖZGÜRLÜK: ALLAH’A KULLUK,İbadet ve Kulluk,heva ve heves
19.05.2017,GERÇEK ÖZGÜRLÜK: ALLAH’A KULLUK,İbadet ve Kulluk,cami yardımı
19.05.2017,GERÇEK ÖZGÜRLÜK: ALLAH’A KULLUK,İbadet ve Kulluk,iman
26.05.2017,ÜZERİMİZDE HER CANIN HAKKI VARDIR,"Aile, Çocuk ve Nesil",kul hakkı
26.05.2017,ÜZERİMİZDE HER CANIN HAKKI VARDIR,"Aile, Çocuk ve Nesil",ramazan
26.05.2017,ÜZERİMİZDE HER CANIN HAKKI VARDIR,"Aile, Çocuk ve Nesil",anne baba hakkı
26.05.2017,ÜZERİMİZDE HER CANIN HAKKI VARDIR,"Aile, Çocuk ve Nesil",yetim
26.05.2017,ÜZERİMİZDE HER CANIN HAKKI VARDIR,"Aile, Çocuk ve Nesil",komşuluk
02.06.2017,ORUCUN AÇLIĞI AÇGÖZLÜLÜĞÜ TEDAVİ EDER,"Ramazan, Oruç ve Bayramlar",açgözlülük
02.06.2017,ORUCUN AÇLIĞI AÇGÖZLÜLÜĞÜ TEDAVİ EDER,"Ramazan, Oruç ve Bayramlar",tekasür
02.06.2017,ORUCUN AÇLIĞI AÇGÖZLÜLÜĞÜ TEDAVİ EDER,"Ramazan, Oruç ve Bayramlar",oruç
02.06.2017,ORUCUN AÇLIĞI AÇGÖZLÜLÜĞÜ TEDAVİ EDER,"Ramazan, Oruç ve Bayramlar",kanaat
02.06.2017,ORUCUN AÇLIĞI AÇGÖZLÜLÜĞÜ TEDAVİ EDER,"Ramazan, Oruç ve Bayramlar",tamahkarlık
09.06.2017,KUR’AN AYINDA KUR’AN’LA BULUŞALIM,"Aile, Çocuk ve Nesil",çocuk terbiyesi
09.06.2017,KUR’AN AYINDA KUR’AN’LA BULUŞALIM,"Aile, Çocuk ve Nesil",kuran kursu
09.06.2017,KUR’AN AYINDA KUR’AN’LA BULUŞALIM,"Aile, Çocuk ve Nesil",yaz kursu
09.06.2017,KUR’AN AYINDA KUR’AN’LA BULUŞALIM,"Aile, Çocuk ve Nesil",çocuk eğitimi
09.06.2017,KUR’AN AYINDA KUR’AN’LA BULUŞALIM,"Aile, Çocuk ve Nesil",ebeveynlik
16.06.2017,"ZEKÂT, KAZANCI ARTIRIR; FAİZ YOK EDER","Ekonomik Hayat: Kazanç, Zekat ve İsraf",zekat
16.06.2017,"ZEKÂT, KAZANCI ARTIRIR; FAİZ YOK EDER","Ekonomik Hayat: Kazanç, Zekat ve İsraf",faiz
16.06.2017,"ZEKÂT, KAZANCI ARTIRIR; FAİZ YOK EDER","Ekonomik Hayat: Kazanç, Zekat ve İsraf",infak
16.06.2017,"ZEKÂT, KAZANCI ARTIRIR; FAİZ YOK EDER","Ekonomik Hayat: Kazanç, Zekat ve İsraf",sadaka
16.06.2017,"ZEKÂT, KAZANCI ARTIRIR; FAİZ YOK EDER","Ekonomik Hayat: Kazanç, Zekat ve İsraf",kadir gecesi
23.06.2017,ÖMRÜMÜZÜ RAMAZAN KILABİLMEK,"Ramazan, Oruç ve Bayramlar",ramazan sonu
23.06.2017,ÖMRÜMÜZÜ RAMAZAN KILABİLMEK,"Ramazan, Oruç ve Bayramlar",veda
23.06.2017,ÖMRÜMÜZÜ RAMAZAN KILABİLMEK,"Ramazan, Oruç ve Bayramlar",muhasebe
23.06.2017,ÖMRÜMÜZÜ RAMAZAN KILABİLMEK,"Ramazan, Oruç ve Bayramlar",trafik kazaları
23.06.2017,ÖMRÜMÜZÜ RAMAZAN KILABİLMEK,"Ramazan, Oruç ve Bayramlar",salih amel
25.06.2017,RAMAZAN BAYRAMI,"Toplumsal Dayanışma, Merhamet ve Kardeşlik",ramazan bayramı
25.06.2017,RAMAZAN BAYRAMI,"Toplumsal Dayanışma, Merhamet ve Kardeşlik",kardeşlik
25.06.2017,RAMAZAN BAYRAMI,"Toplumsal Dayanışma, Merhamet ve Kardeşlik",dayanışma
25.06.2017,RAMAZAN BAYRAMI,"Toplumsal Dayanışma, Merhamet ve Kardeşlik",birlik
25.06.2017,RAMAZAN BAYRAMI,"Toplumsal Dayanışma, Merhamet ve Kardeşlik",bayram sevinci
30.06.2017,ALLAH’IN SIKI TUTULMASINI EMRETTİĞİ BAĞ: SILA-İ RAHİM,"Toplumsal Dayanışma, Merhamet ve Kardeşlik",sıla-i rahim
30.06.2017,ALLAH’IN SIKI TUTULMASINI EMRETTİĞİ BAĞ: SILA-İ RAHİM,"Toplumsal Dayanışma, Merhamet ve Kardeşlik",akrabalık
30.06.2017,ALLAH’IN SIKI TUTULMASINI EMRETTİĞİ BAĞ: SILA-İ RAHİM,"Toplumsal Dayanışma, Merhamet ve Kardeşlik",komşuluk
30.06.2017,ALLAH’IN SIKI TUTULMASINI EMRETTİĞİ BAĞ: SILA-İ RAHİM,"Toplumsal Dayanışma, Merhamet ve Kardeşlik",aile bağları
30.06.2017,ALLAH’IN SIKI TUTULMASINI EMRETTİĞİ BAĞ: SILA-İ RAHİM,"Toplumsal Dayanışma, Merhamet ve Kardeşlik",merhamet
07.07.2017,İMANIMIZ VE İNSANLIĞIMIZIN İMTİHANI: MÜLTECİLER,İbadet ve Kulluk,mülteciler
07.07.2017,İMANIMIZ VE İNSANLIĞIMIZIN İMTİHANI: MÜLTECİLER,İbadet ve Kulluk,ensar muhacir
07.07.2017,İMANIMIZ VE İNSANLIĞIMIZIN İMTİHANI: MÜLTECİLER,İbadet ve Kulluk,sığınmacılar
07.07.2017,İMANIMIZ VE İNSANLIĞIMIZIN İMTİHANI: MÜLTECİLER,İbadet ve Kulluk,misafirperverlik
07.07.2017,İMANIMIZ VE İNSANLIĞIMIZIN İMTİHANI: MÜLTECİLER,İbadet ve Kulluk,15 temmuz
14.07.2017,SALÂLARIN ŞAHİT OLDUĞU DİRENİŞ: 15 TEMMUZ,"Vatan, Millet ve Tarih",15 temmuz
14.07.2017,SALÂLARIN ŞAHİT OLDUĞU DİRENİŞ: 15 TEMMUZ,"Vatan, Millet ve Tarih",darbe girişimi
14.07.2017,SALÂLARIN ŞAHİT OLDUĞU DİRENİŞ: 15 TEMMUZ,"Vatan, Millet ve Tarih",salâ
14.07.2017,SALÂLARIN ŞAHİT OLDUĞU DİRENİŞ: 15 TEMMUZ,"Vatan, Millet ve Tarih",milli direniş
14.07.2017,SALÂLARIN ŞAHİT OLDUĞU DİRENİŞ: 15 TEMMUZ,"Vatan, Millet ve Tarih",birlik ruhu
21.07.2017,TÜKENMEYEN HÜZNÜMÜZ: KUDÜS VE MESCİD-İ AKSÂ,İslam Coğrafyası ve Küresel Meseleler,kudüs
21.07.2017,TÜKENMEYEN HÜZNÜMÜZ: KUDÜS VE MESCİD-İ AKSÂ,İslam Coğrafyası ve Küresel Meseleler,mescid-i aksa
21.07.2017,TÜKENMEYEN HÜZNÜMÜZ: KUDÜS VE MESCİD-İ AKSÂ,İslam Coğrafyası ve Küresel Meseleler,işgal
21.07.2017,TÜKENMEYEN HÜZNÜMÜZ: KUDÜS VE MESCİD-İ AKSÂ,İslam Coğrafyası ve Küresel Meseleler,filistin
21.07.2017,TÜKENMEYEN HÜZNÜMÜZ: KUDÜS VE MESCİD-İ AKSÂ,İslam Coğrafyası ve Küresel Meseleler,ümmet bilinci
28.07.2017,"YARATAN, YAŞATAN, HİDAYET VEREN ALLAH’TIR","İman, Tevhid ve Ahiret",tevhid
28.07.2017,"YARATAN, YAŞATAN, HİDAYET VEREN ALLAH’TIR","İman, Tevhid ve Ahiret",ihlas suresi
28.07.2017,"YARATAN, YAŞATAN, HİDAYET VEREN ALLAH’TIR","İman, Tevhid ve Ahiret",rızık
28.07.2017,"YARATAN, YAŞATAN, HİDAYET VEREN ALLAH’TIR","İman, Tevhid ve Ahiret",şifa
28.07.2017,"YARATAN, YAŞATAN, HİDAYET VEREN ALLAH’TIR","İman, Tevhid ve Ahiret",tövbe
04.08.2017,RAHMAN’A HAS KUL OLABİLMEK,"Ahlak, Erdem ve Söz",rahmanın kulları
04.08.2017,RAHMAN’A HAS KUL OLABİLMEK,"Ahlak, Erdem ve Söz",tevazu
04.08.2017,RAHMAN’A HAS KUL OLABİLMEK,"Ahlak, Erdem ve Söz",iffet
04.08.2017,RAHMAN’A HAS KUL OLABİLMEK,"Ahlak, Erdem ve Söz",israf etmemek
04.08.2017,RAHMAN’A HAS KUL OLABİLMEK,"Ahlak, Erdem ve Söz",dengeli yaşam
11.08.2017,ÂYETE’L-KÜRSİ’DEN ÖĞRENDİĞİMİZ HAKİKATLER,"İman, Tevhid ve Ahiret",ayete'l-kürsi
11.08.2017,ÂYETE’L-KÜRSİ’DEN ÖĞRENDİĞİMİZ HAKİKATLER,"İman, Tevhid ve Ahiret",tevhid
11.08.2017,ÂYETE’L-KÜRSİ’DEN ÖĞRENDİĞİMİZ HAKİKATLER,"İman, Tevhid ve Ahiret",esma-i hüsna
11.08.2017,ÂYETE’L-KÜRSİ’DEN ÖĞRENDİĞİMİZ HAKİKATLER,"İman, Tevhid ve Ahiret",allah'ın sıfatları
11.08.2017,ÂYETE’L-KÜRSİ’DEN ÖĞRENDİĞİMİZ HAKİKATLER,"İman, Tevhid ve Ahiret",namaz
18.08.2017,ALIŞVERİŞ VE TİCARET AHLAKI,"Ahlak, Erdem ve Söz",ticaret ahlakı
18.08.2017,ALIŞVERİŞ VE TİCARET AHLAKI,"Ahlak, Erdem ve Söz",dürüstlük
18.08.2017,ALIŞVERİŞ VE TİCARET AHLAKI,"Ahlak, Erdem ve Söz",helal kazanç
18.08.2017,ALIŞVERİŞ VE TİCARET AHLAKI,"Ahlak, Erdem ve Söz",ölçü tartı
18.08.2017,ALIŞVERİŞ VE TİCARET AHLAKI,"Ahlak, Erdem ve Söz",haksız rekabet
25.08.2017,ALLAH’A YAKIN OLMA ARAYIŞI: KURBAN,"İman, Tevhid ve Ahiret",malazgirt zaferi
25.08.2017,ALLAH’A YAKIN OLMA ARAYIŞI: KURBAN,"İman, Tevhid ve Ahiret",cihat ruhu
25.08.2017,ALLAH’A YAKIN OLMA ARAYIŞI: KURBAN,"İman, Tevhid ve Ahiret",zafer
25.08.2017,ALLAH’A YAKIN OLMA ARAYIŞI: KURBAN,"İman, Tevhid ve Ahiret",şükür
25.08.2017,ALLAH’A YAKIN OLMA ARAYIŞI: KURBAN,"İman, Tevhid ve Ahiret",istiğfar
01.09.2017,İMAN VE İSLAM’IN TEZAHÜRÜ: FAYDASIZ ŞEYLERDEN UZAK DURMAK,"Ramazan, Oruç ve Bayramlar",kurban bayramı
01.09.2017,İMAN VE İSLAM’IN TEZAHÜRÜ: FAYDASIZ ŞEYLERDEN UZAK DURMAK,"Ramazan, Oruç ve Bayramlar",hz. ibrahim
01.09.2017,İMAN VE İSLAM’IN TEZAHÜRÜ: FAYDASIZ ŞEYLERDEN UZAK DURMAK,"Ramazan, Oruç ve Bayramlar",teslimiyet
01.09.2017,İMAN VE İSLAM’IN TEZAHÜRÜ: FAYDASIZ ŞEYLERDEN UZAK DURMAK,"Ramazan, Oruç ve Bayramlar",vekaletle kurban
01.09.2017,İMAN VE İSLAM’IN TEZAHÜRÜ: FAYDASIZ ŞEYLERDEN UZAK DURMAK,"Ramazan, Oruç ve Bayramlar",paylaşma
08.09.2017,MAZLUMUN YANINDA YER ALMAK,"Ramazan, Oruç ve Bayramlar",malayani
08.09.2017,MAZLUMUN YANINDA YER ALMAK,"Ramazan, Oruç ve Bayramlar",boş söz
08.09.2017,MAZLUMUN YANINDA YER ALMAK,"Ramazan, Oruç ve Bayramlar",zaman israfı
08.09.2017,MAZLUMUN YANINDA YER ALMAK,"Ramazan, Oruç ve Bayramlar",bayram
08.09.2017,MAZLUMUN YANINDA YER ALMAK,"Ramazan, Oruç ve Bayramlar",hesap günü
15.09.2017,BİLENLERLE BİLMEYENLER BİR OLUR MU?,İslam Coğrafyası ve Küresel Meseleler,arakan
15.09.2017,BİLENLERLE BİLMEYENLER BİR OLUR MU?,İslam Coğrafyası ve Küresel Meseleler,mazlum
15.09.2017,BİLENLERLE BİLMEYENLER BİR OLUR MU?,İslam Coğrafyası ve Küresel Meseleler,zulüm
15.09.2017,BİLENLERLE BİLMEYENLER BİR OLUR MU?,İslam Coğrafyası ve Küresel Meseleler,kötülüğe karşı durmak
15.09.2017,BİLENLERLE BİLMEYENLER BİR OLUR MU?,İslam Coğrafyası ve Küresel Meseleler,yardım kampanyası
22.09.2017,HİCRET: KUTLU BİR YOLCULUK,Peygamberimiz ve Ashab,hicret
22.09.2017,HİCRET: KUTLU BİR YOLCULUK,Peygamberimiz ve Ashab,hicri yılbaşı
22.09.2017,HİCRET: KUTLU BİR YOLCULUK,Peygamberimiz ve Ashab,muhacir ensar
22.09.2017,HİCRET: KUTLU BİR YOLCULUK,Peygamberimiz ve Ashab,medine
22.09.2017,HİCRET: KUTLU BİR YOLCULUK,Peygamberimiz ve Ashab,yeni yıl
29.09.2017,"CAMİ, ŞEHİR VE MEDENİYET",İbadet ve Kulluk,cami
29.09.2017,"CAMİ, ŞEHİR VE MEDENİYET",İbadet ve Kulluk,camiler haftası
29.09.2017,"CAMİ, ŞEHİR VE MEDENİYET",İbadet ve Kulluk,aşure
29.09.2017,"CAMİ, ŞEHİR VE MEDENİYET",İbadet ve Kulluk,kerbela
29.09.2017,"CAMİ, ŞEHİR VE MEDENİYET",İbadet ve Kulluk,medeniyet
06.10.2017,"ALLAH’I UNUTANLAR, UNUTULURLAR","İman, Tevhid ve Ahiret",allah'ı unutmak
06.10.2017,"ALLAH’I UNUTANLAR, UNUTULURLAR","İman, Tevhid ve Ahiret",gaflet
06.10.2017,"ALLAH’I UNUTANLAR, UNUTULURLAR","İman, Tevhid ve Ahiret",kulluk bilinci
06.10.2017,"ALLAH’I UNUTANLAR, UNUTULURLAR","İman, Tevhid ve Ahiret",hesap günü
06.10.2017,"ALLAH’I UNUTANLAR, UNUTULURLAR","İman, Tevhid ve Ahiret",zikr-i hakim
13.10.2017,CENNET YOLCUSU OLABİLMEK,"İman, Tevhid ve Ahiret",cennet
13.10.2017,CENNET YOLCUSU OLABİLMEK,"İman, Tevhid ve Ahiret",salih amel
13.10.2017,CENNET YOLCUSU OLABİLMEK,"İman, Tevhid ve Ahiret",güzel ahlak
13.10.2017,CENNET YOLCUSU OLABİLMEK,"İman, Tevhid ve Ahiret",takva
13.10.2017,CENNET YOLCUSU OLABİLMEK,"İman, Tevhid ve Ahiret",iman
20.10.2017,MÜMİNCE BİR DURUŞ: TEVEKKÜL,"Sabır, Tevekkül ve Manevi Olgunluk",tevekkül
20.10.2017,MÜMİNCE BİR DURUŞ: TEVEKKÜL,"Sabır, Tevekkül ve Manevi Olgunluk",sevr mağarası
20.10.2017,MÜMİNCE BİR DURUŞ: TEVEKKÜL,"Sabır, Tevekkül ve Manevi Olgunluk",sabır
20.10.2017,MÜMİNCE BİR DURUŞ: TEVEKKÜL,"Sabır, Tevekkül ve Manevi Olgunluk",tedbir
20.10.2017,MÜMİNCE BİR DURUŞ: TEVEKKÜL,"Sabır, Tevekkül ve Manevi Olgunluk",peygamberler kıssası
27.10.2017,ŞÜKREDEN BİR KUL OLABİLMEK,"Sabır, Tevekkül ve Manevi Olgunluk",şükür
27.10.2017,ŞÜKREDEN BİR KUL OLABİLMEK,"Sabır, Tevekkül ve Manevi Olgunluk",nimet
27.10.2017,ŞÜKREDEN BİR KUL OLABİLMEK,"Sabır, Tevekkül ve Manevi Olgunluk",nankörlük
27.10.2017,ŞÜKREDEN BİR KUL OLABİLMEK,"Sabır, Tevekkül ve Manevi Olgunluk",hamd
27.10.2017,ŞÜKREDEN BİR KUL OLABİLMEK,"Sabır, Tevekkül ve Manevi Olgunluk",kanaat
03.11.2017,SÜNNET: NEBEVİ KILAVUZ,Peygamberimiz ve Ashab,sünnet
03.11.2017,SÜNNET: NEBEVİ KILAVUZ,Peygamberimiz ve Ashab,kuran ve sünnet
03.11.2017,SÜNNET: NEBEVİ KILAVUZ,Peygamberimiz ve Ashab,peygambere iman
03.11.2017,SÜNNET: NEBEVİ KILAVUZ,Peygamberimiz ve Ashab,hadis
03.11.2017,SÜNNET: NEBEVİ KILAVUZ,Peygamberimiz ve Ashab,islam'ın kaynakları
10.11.2017,ÖRNEK İNSAN: MÜMİN,"Ahlak, Erdem ve Söz",örnek mümin
10.11.2017,ÖRNEK İNSAN: MÜMİN,"Ahlak, Erdem ve Söz",güvenilirlik
10.11.2017,ÖRNEK İNSAN: MÜMİN,"Ahlak, Erdem ve Söz",tevazu
10.11.2017,ÖRNEK İNSAN: MÜMİN,"Ahlak, Erdem ve Söz",bal arısı benzetmesi
10.11.2017,ÖRNEK İNSAN: MÜMİN,"Ahlak, Erdem ve Söz",ahlak
17.11.2017,ALLAH KATINDA DİN İSLAM’DIR,"İman, Tevhid ve Ahiret",islam
17.11.2017,ALLAH KATINDA DİN İSLAM’DIR,"İman, Tevhid ve Ahiret",tevhid
17.11.2017,ALLAH KATINDA DİN İSLAM’DIR,"İman, Tevhid ve Ahiret",islamofobi
17.11.2017,ALLAH KATINDA DİN İSLAM’DIR,"İman, Tevhid ve Ahiret",din-i hak
17.11.2017,ALLAH KATINDA DİN İSLAM’DIR,"İman, Tevhid ve Ahiret",kelime-i şehadet
24.11.2017,MEVLİD-İ NEBİ,Peygamberimiz ve Ashab,mevlid-i nebi
24.11.2017,MEVLİD-İ NEBİ,Peygamberimiz ve Ashab,peygamber sevgisi
24.11.2017,MEVLİD-İ NEBİ,Peygamberimiz ve Ashab,öğretmenler günü
24.11.2017,MEVLİD-İ NEBİ,Peygamberimiz ve Ashab,kadına yönelik şiddet
24.11.2017,MEVLİD-İ NEBİ,Peygamberimiz ve Ashab,sünnet
01.12.2017,GÜNEŞİN DOĞDUĞU EN HAYIRLI GÜN: CUMA,İbadet ve Kulluk,cuma günü
01.12.2017,GÜNEŞİN DOĞDUĞU EN HAYIRLI GÜN: CUMA,İbadet ve Kulluk,kara cuma
01.12.2017,GÜNEŞİN DOĞDUĞU EN HAYIRLI GÜN: CUMA,İbadet ve Kulluk,muhasebe
01.12.2017,GÜNEŞİN DOĞDUĞU EN HAYIRLI GÜN: CUMA,İbadet ve Kulluk,haftalık ibadet
01.12.2017,GÜNEŞİN DOĞDUĞU EN HAYIRLI GÜN: CUMA,İbadet ve Kulluk,tüketim kültürü
08.12.2017,KAPANMAYAN YARAMIZ: KUDÜS,İslam Coğrafyası ve Küresel Meseleler,kudüs
08.12.2017,KAPANMAYAN YARAMIZ: KUDÜS,İslam Coğrafyası ve Küresel Meseleler,mescid-i aksa
08.12.2017,KAPANMAYAN YARAMIZ: KUDÜS,İslam Coğrafyası ve Küresel Meseleler,işgal
08.12.2017,KAPANMAYAN YARAMIZ: KUDÜS,İslam Coğrafyası ve Küresel Meseleler,filistin
08.12.2017,KAPANMAYAN YARAMIZ: KUDÜS,İslam Coğrafyası ve Küresel Meseleler,uluslararası hukuk
15.12.2017,KARDEŞLİĞE SAPLANAN HANÇER: GIYBET,"Ahlak, Erdem ve Söz",gıybet
15.12.2017,KARDEŞLİĞE SAPLANAN HANÇER: GIYBET,"Ahlak, Erdem ve Söz",dedikodu
15.12.2017,KARDEŞLİĞE SAPLANAN HANÇER: GIYBET,"Ahlak, Erdem ve Söz",sosyal medya
15.12.2017,KARDEŞLİĞE SAPLANAN HANÇER: GIYBET,"Ahlak, Erdem ve Söz",kul hakkı
15.12.2017,KARDEŞLİĞE SAPLANAN HANÇER: GIYBET,"Ahlak, Erdem ve Söz",dil kontrolü
22.12.2017,HELAL HARAM DUYARLILIĞI,"Ekonomik Hayat: Kazanç, Zekat ve İsraf",helal haram
22.12.2017,HELAL HARAM DUYARLILIĞI,"Ekonomik Hayat: Kazanç, Zekat ve İsraf",şüpheli şeyler
22.12.2017,HELAL HARAM DUYARLILIĞI,"Ekonomik Hayat: Kazanç, Zekat ve İsraf",haksız kazanç
22.12.2017,HELAL HARAM DUYARLILIĞI,"Ekonomik Hayat: Kazanç, Zekat ve İsraf",kumar
22.12.2017,HELAL HARAM DUYARLILIĞI,"Ekonomik Hayat: Kazanç, Zekat ve İsraf",faiz
29.12.2017,EŞSİZ SERMAYEMİZ: ÖMÜR,"Sabır, Tevekkül ve Manevi Olgunluk",ömür
29.12.2017,EŞSİZ SERMAYEMİZ: ÖMÜR,"Sabır, Tevekkül ve Manevi Olgunluk",yılbaşı
29.12.2017,EŞSİZ SERMAYEMİZ: ÖMÜR,"Sabır, Tevekkül ve Manevi Olgunluk",muhasebe
29.12.2017,EŞSİZ SERMAYEMİZ: ÖMÜR,"Sabır, Tevekkül ve Manevi Olgunluk",zaman yönetimi
29.12.2017,EŞSİZ SERMAYEMİZ: ÖMÜR,"Sabır, Tevekkül ve Manevi Olgunluk",şans oyunları
05.01.2018,DÜNYADAKİ CENNETİMİZ: AİLE,"Aile, Çocuk ve Nesil",aile
05.01.2018,DÜNYADAKİ CENNETİMİZ: AİLE,"Aile, Çocuk ve Nesil",evlilik
05.01.2018,DÜNYADAKİ CENNETİMİZ: AİLE,"Aile, Çocuk ve Nesil",nikah
05.01.2018,DÜNYADAKİ CENNETİMİZ: AİLE,"Aile, Çocuk ve Nesil",çocuk yaşta evlilik
05.01.2018,DÜNYADAKİ CENNETİMİZ: AİLE,"Aile, Çocuk ve Nesil",kadının rızası
12.01.2018,"HAKKIN YANINDA, BÂTILIN KARŞISINDA YER ALABİLMEK",Peygamberimiz ve Ashab,hak ve batıl
12.01.2018,"HAKKIN YANINDA, BÂTILIN KARŞISINDA YER ALABİLMEK",Peygamberimiz ve Ashab,habil kabil
12.01.2018,"HAKKIN YANINDA, BÂTILIN KARŞISINDA YER ALABİLMEK",Peygamberimiz ve Ashab,mekke'nin fethi
12.01.2018,"HAKKIN YANINDA, BÂTILIN KARŞISINDA YER ALABİLMEK",Peygamberimiz ve Ashab,adalet
12.01.2018,"HAKKIN YANINDA, BÂTILIN KARŞISINDA YER ALABİLMEK",Peygamberimiz ve Ashab,istiklal marşı
19.01.2018,ÖNCE KENDİMİZDEN SORUMLUYUZ,"Sabır, Tevekkül ve Manevi Olgunluk",sorumluluk
19.01.2018,ÖNCE KENDİMİZDEN SORUMLUYUZ,"Sabır, Tevekkül ve Manevi Olgunluk",kendini sorgulama
19.01.2018,ÖNCE KENDİMİZDEN SORUMLUYUZ,"Sabır, Tevekkül ve Manevi Olgunluk",hz. fatıma
19.01.2018,ÖNCE KENDİMİZDEN SORUMLUYUZ,"Sabır, Tevekkül ve Manevi Olgunluk",muhasebe
19.01.2018,ÖNCE KENDİMİZDEN SORUMLUYUZ,"Sabır, Tevekkül ve Manevi Olgunluk",kibir
26.01.2018,BİRLİK VE BERABERLİK RUHU,"Vatan, Millet ve Tarih",birlik ve beraberlik
26.01.2018,BİRLİK VE BERABERLİK RUHU,"Vatan, Millet ve Tarih",15 temmuz
26.01.2018,BİRLİK VE BERABERLİK RUHU,"Vatan, Millet ve Tarih",çanakkale
26.01.2018,BİRLİK VE BERABERLİK RUHU,"Vatan, Millet ve Tarih",terör
26.01.2018,BİRLİK VE BERABERLİK RUHU,"Vatan, Millet ve Tarih",vatan sevgisi
02.02.2018,İSLAM’IN İKİ ANA KAYNAĞI: KUR’AN VE SÜNNET,Kur'an-ı Kerim,kuran ve sünnet
02.02.2018,İSLAM’IN İKİ ANA KAYNAĞI: KUR’AN VE SÜNNET,Kur'an-ı Kerim,din eğitimi
02.02.2018,İSLAM’IN İKİ ANA KAYNAĞI: KUR’AN VE SÜNNET,Kur'an-ı Kerim,seçmeli dersler
02.02.2018,İSLAM’IN İKİ ANA KAYNAĞI: KUR’AN VE SÜNNET,Kur'an-ı Kerim,islam'ın kaynakları
02.02.2018,İSLAM’IN İKİ ANA KAYNAĞI: KUR’AN VE SÜNNET,Kur'an-ı Kerim,nesil yetiştirme
09.02.2018,"İSRAF, DİNÎ VE AHLAKÎ BİR İFLASTIR","Ekonomik Hayat: Kazanç, Zekat ve İsraf",israf
09.02.2018,"İSRAF, DİNÎ VE AHLAKÎ BİR İFLASTIR","Ekonomik Hayat: Kazanç, Zekat ve İsraf",tüketim
09.02.2018,"İSRAF, DİNÎ VE AHLAKÎ BİR İFLASTIR","Ekonomik Hayat: Kazanç, Zekat ve İsraf",ekmek israfı
09.02.2018,"İSRAF, DİNÎ VE AHLAKÎ BİR İFLASTIR","Ekonomik Hayat: Kazanç, Zekat ve İsraf",tasarruf
09.02.2018,"İSRAF, DİNÎ VE AHLAKÎ BİR İFLASTIR","Ekonomik Hayat: Kazanç, Zekat ve İsraf",nimetin kıymeti
16.02.2018,CİHÂD: ALLAH YOLUNDA CANLA VE MALLA MÜCADELE,"Vatan, Millet ve Tarih",cihad
16.02.2018,CİHÂD: ALLAH YOLUNDA CANLA VE MALLA MÜCADELE,"Vatan, Millet ve Tarih",terör
16.02.2018,CİHÂD: ALLAH YOLUNDA CANLA VE MALLA MÜCADELE,"Vatan, Millet ve Tarih",nefisle mücadele
16.02.2018,CİHÂD: ALLAH YOLUNDA CANLA VE MALLA MÜCADELE,"Vatan, Millet ve Tarih",çanakkale
16.02.2018,CİHÂD: ALLAH YOLUNDA CANLA VE MALLA MÜCADELE,"Vatan, Millet ve Tarih",vatan savunması
23.02.2018,BAĞIMLILIK BİR TUZAKTIR,"Afet, Kriz ve Sağlık",bağımlılık
23.02.2018,BAĞIMLILIK BİR TUZAKTIR,"Afet, Kriz ve Sağlık",internet bağımlılığı
23.02.2018,BAĞIMLILIK BİR TUZAKTIR,"Afet, Kriz ve Sağlık",uyuşturucu
23.02.2018,BAĞIMLILIK BİR TUZAKTIR,"Afet, Kriz ve Sağlık",gençlik
23.02.2018,BAĞIMLILIK BİR TUZAKTIR,"Afet, Kriz ve Sağlık",aile rehberliği
02.03.2018,İSLAM’DA TİCARET AHLAKI,"Ahlak, Erdem ve Söz",ticaret ahlakı
02.03.2018,İSLAM’DA TİCARET AHLAKI,"Ahlak, Erdem ve Söz",helal kazanç
02.03.2018,İSLAM’DA TİCARET AHLAKI,"Ahlak, Erdem ve Söz",kadın hakları
02.03.2018,İSLAM’DA TİCARET AHLAKI,"Ahlak, Erdem ve Söz",kadına şiddet
02.03.2018,İSLAM’DA TİCARET AHLAKI,"Ahlak, Erdem ve Söz",dürüstlük
16.03.2018,MİLLETİMİZİN VAROLUŞ MÜCADELESİ: ÇANAKKALE ZAFERİ,"Vatan, Millet ve Tarih",çanakkale zaferi
16.03.2018,MİLLETİMİZİN VAROLUŞ MÜCADELESİ: ÇANAKKALE ZAFERİ,"Vatan, Millet ve Tarih",şehitlik
16.03.2018,MİLLETİMİZİN VAROLUŞ MÜCADELESİ: ÇANAKKALE ZAFERİ,"Vatan, Millet ve Tarih",vatan sevgisi
16.03.2018,MİLLETİMİZİN VAROLUŞ MÜCADELESİ: ÇANAKKALE ZAFERİ,"Vatan, Millet ve Tarih",mehmetçik
16.03.2018,MİLLETİMİZİN VAROLUŞ MÜCADELESİ: ÇANAKKALE ZAFERİ,"Vatan, Millet ve Tarih",üç aylar
23.03.2018,İBADET HAYATIMIZ VE GÖNÜL DÜNYAMIZ,İbadet ve Kulluk,ibadet bilinci
23.03.2018,İBADET HAYATIMIZ VE GÖNÜL DÜNYAMIZ,İbadet ve Kulluk,kulluk şuuru
23.03.2018,İBADET HAYATIMIZ VE GÖNÜL DÜNYAMIZ,İbadet ve Kulluk,muaz b. cebel
23.03.2018,İBADET HAYATIMIZ VE GÖNÜL DÜNYAMIZ,İbadet ve Kulluk,üç aylar
23.03.2018,İBADET HAYATIMIZ VE GÖNÜL DÜNYAMIZ,İbadet ve Kulluk,namazın huşusu
23.03.2018,İBADET HAYATIMIZ VE GÖNÜL DÜNYAMIZ,İbadet ve Kulluk,kararlılık ve istikrar
06.04.2018,İYİLİK: PAYLAŞILDIKÇA ARTAN DEĞER,"Ahlak, Erdem ve Söz",iyilik
06.04.2018,İYİLİK: PAYLAŞILDIKÇA ARTAN DEĞER,"Ahlak, Erdem ve Söz",güzel ahlak
06.04.2018,İYİLİK: PAYLAŞILDIKÇA ARTAN DEĞER,"Ahlak, Erdem ve Söz",merhamet
06.04.2018,İYİLİK: PAYLAŞILDIKÇA ARTAN DEĞER,"Ahlak, Erdem ve Söz",mülteciye yardım
06.04.2018,İYİLİK: PAYLAŞILDIKÇA ARTAN DEĞER,"Ahlak, Erdem ve Söz",vicdan kaybı
06.04.2018,İYİLİK: PAYLAŞILDIKÇA ARTAN DEĞER,"Ahlak, Erdem ve Söz",kötülüğe karşı iyilik
20.04.2018,YARINLARIMIZIN ÜMİDİ ÇOCUKLARIMIZ,"Aile, Çocuk ve Nesil",çocuk hakları
20.04.2018,YARINLARIMIZIN ÜMİDİ ÇOCUKLARIMIZ,"Aile, Çocuk ve Nesil",çocuk eğitimi
20.04.2018,YARINLARIMIZIN ÜMİDİ ÇOCUKLARIMIZ,"Aile, Çocuk ve Nesil",ebeveyn sorumluluğu
20.04.2018,YARINLARIMIZIN ÜMİDİ ÇOCUKLARIMIZ,"Aile, Çocuk ve Nesil",güzel isim
20.04.2018,YARINLARIMIZIN ÜMİDİ ÇOCUKLARIMIZ,"Aile, Çocuk ve Nesil",adalet ilkesi
20.04.2018,YARINLARIMIZIN ÜMİDİ ÇOCUKLARIMIZ,"Aile, Çocuk ve Nesil",çocuğa şiddet
27.04.2018,"AF, ARINMA VE KURTULUŞ VESİLESİ: BERAT GECESİ","Kandiller, Muharrem ve Mübarek Geceler",berat gecesi
27.04.2018,"AF, ARINMA VE KURTULUŞ VESİLESİ: BERAT GECESİ","Kandiller, Muharrem ve Mübarek Geceler",tövbe
27.04.2018,"AF, ARINMA VE KURTULUŞ VESİLESİ: BERAT GECESİ","Kandiller, Muharrem ve Mübarek Geceler",af ve mağfiret
27.04.2018,"AF, ARINMA VE KURTULUŞ VESİLESİ: BERAT GECESİ","Kandiller, Muharrem ve Mübarek Geceler",muhasebe
27.04.2018,"AF, ARINMA VE KURTULUŞ VESİLESİ: BERAT GECESİ","Kandiller, Muharrem ve Mübarek Geceler",affedicilik
27.04.2018,"AF, ARINMA VE KURTULUŞ VESİLESİ: BERAT GECESİ","Kandiller, Muharrem ve Mübarek Geceler",şaban ayı
04.05.2018,KESİNTİSİZ HAYIR ÇEŞMESİ: VAKIFLAR,"Ekonomik Hayat: Kazanç, Zekat ve İsraf",vakıf
04.05.2018,KESİNTİSİZ HAYIR ÇEŞMESİ: VAKIFLAR,"Ekonomik Hayat: Kazanç, Zekat ve İsraf",sadaka-i câriye
04.05.2018,KESİNTİSİZ HAYIR ÇEŞMESİ: VAKIFLAR,"Ekonomik Hayat: Kazanç, Zekat ve İsraf",hz. ömer
04.05.2018,KESİNTİSİZ HAYIR ÇEŞMESİ: VAKIFLAR,"Ekonomik Hayat: Kazanç, Zekat ve İsraf",bir tuğla da benim olsun
04.05.2018,KESİNTİSİZ HAYIR ÇEŞMESİ: VAKIFLAR,"Ekonomik Hayat: Kazanç, Zekat ve İsraf",cami inşası
04.05.2018,KESİNTİSİZ HAYIR ÇEŞMESİ: VAKIFLAR,"Ekonomik Hayat: Kazanç, Zekat ve İsraf",hayır kurumları
11.05.2018,ADALET VE İHSAN YUVASI: AİLE,"Toplumsal Dayanışma, Merhamet ve Kardeşlik",aile
11.05.2018,ADALET VE İHSAN YUVASI: AİLE,"Toplumsal Dayanışma, Merhamet ve Kardeşlik",adalet ve ihsan
11.05.2018,ADALET VE İHSAN YUVASI: AİLE,"Toplumsal Dayanışma, Merhamet ve Kardeşlik",eşler arası ilişki
11.05.2018,ADALET VE İHSAN YUVASI: AİLE,"Toplumsal Dayanışma, Merhamet ve Kardeşlik",çocuklar arasında adalet
11.05.2018,ADALET VE İHSAN YUVASI: AİLE,"Toplumsal Dayanışma, Merhamet ve Kardeşlik",engelliler haftası
11.05.2018,ADALET VE İHSAN YUVASI: AİLE,"Toplumsal Dayanışma, Merhamet ve Kardeşlik",aile içi istişare
18.05.2018,DİNMEYEN YARAMIZ: KUDÜS,İslam Coğrafyası ve Küresel Meseleler,kudüs
18.05.2018,DİNMEYEN YARAMIZ: KUDÜS,İslam Coğrafyası ve Küresel Meseleler,mescid-i aksa
18.05.2018,DİNMEYEN YARAMIZ: KUDÜS,İslam Coğrafyası ve Küresel Meseleler,gazze
18.05.2018,DİNMEYEN YARAMIZ: KUDÜS,İslam Coğrafyası ve Küresel Meseleler,zulüm ve işgal
18.05.2018,DİNMEYEN YARAMIZ: KUDÜS,İslam Coğrafyası ve Küresel Meseleler,mazlumun yanında olmak
18.05.2018,DİNMEYEN YARAMIZ: KUDÜS,İslam Coğrafyası ve Küresel Meseleler,filistin
25.05.2018,ORUÇ VE KUR’ÂN AYI RAMAZAN,"Ramazan, Oruç ve Bayramlar",ramazan ayı
25.05.2018,ORUÇ VE KUR’ÂN AYI RAMAZAN,"Ramazan, Oruç ve Bayramlar",oruç
25.05.2018,ORUÇ VE KUR’ÂN AYI RAMAZAN,"Ramazan, Oruç ve Bayramlar",kur'an ayı
25.05.2018,ORUÇ VE KUR’ÂN AYI RAMAZAN,"Ramazan, Oruç ve Bayramlar",sabır eğitimi
25.05.2018,ORUÇ VE KUR’ÂN AYI RAMAZAN,"Ramazan, Oruç ve Bayramlar",kardeşlik ve paylaşma
25.05.2018,ORUÇ VE KUR’ÂN AYI RAMAZAN,"Ramazan, Oruç ve Bayramlar",diyanet vakfı bursları
01.06.2018,MEŞRU OLMAYAN KAZANÇ: FAİZ,"Ekonomik Hayat: Kazanç, Zekat ve İsraf",faiz
01.06.2018,MEŞRU OLMAYAN KAZANÇ: FAİZ,"Ekonomik Hayat: Kazanç, Zekat ve İsraf",haram kazanç
01.06.2018,MEŞRU OLMAYAN KAZANÇ: FAİZ,"Ekonomik Hayat: Kazanç, Zekat ve İsraf",helal ticaret
01.06.2018,MEŞRU OLMAYAN KAZANÇ: FAİZ,"Ekonomik Hayat: Kazanç, Zekat ve İsraf",alın teri
01.06.2018,MEŞRU OLMAYAN KAZANÇ: FAİZ,"Ekonomik Hayat: Kazanç, Zekat ve İsraf",ekonomik ahlak
01.06.2018,MEŞRU OLMAYAN KAZANÇ: FAİZ,"Ekonomik Hayat: Kazanç, Zekat ve İsraf",kul hakkı
08.06.2018,"AFİYET OLSUN, İSRAF OLMASIN","Ekonomik Hayat: Kazanç, Zekat ve İsraf",israf
08.06.2018,"AFİYET OLSUN, İSRAF OLMASIN","Ekonomik Hayat: Kazanç, Zekat ve İsraf",tüketim ahlakı
08.06.2018,"AFİYET OLSUN, İSRAF OLMASIN","Ekonomik Hayat: Kazanç, Zekat ve İsraf",denge ve itidal
08.06.2018,"AFİYET OLSUN, İSRAF OLMASIN","Ekonomik Hayat: Kazanç, Zekat ve İsraf",kadir gecesi
08.06.2018,"AFİYET OLSUN, İSRAF OLMASIN","Ekonomik Hayat: Kazanç, Zekat ve İsraf",nimetlerin kıymeti
08.06.2018,"AFİYET OLSUN, İSRAF OLMASIN","Ekonomik Hayat: Kazanç, Zekat ve İsraf",gösteriş harcaması
15.06.2018,RAMAZAN BAYRAMI,"Ramazan, Oruç ve Bayramlar",ramazan bayramı
15.06.2018,RAMAZAN BAYRAMI,"Ramazan, Oruç ve Bayramlar",kardeşlik ve birlik
15.06.2018,RAMAZAN BAYRAMI,"Ramazan, Oruç ve Bayramlar",sıla-i rahim
15.06.2018,RAMAZAN BAYRAMI,"Ramazan, Oruç ve Bayramlar",küskünlüklerin bitmesi
15.06.2018,RAMAZAN BAYRAMI,"Ramazan, Oruç ve Bayramlar",bayram namazı
15.06.2018,RAMAZAN BAYRAMI,"Ramazan, Oruç ve Bayramlar",paylaşma
22.06.2018,YAZ KUR’AN KURSLARI VE ÖNEMİ,Kur'an-ı Kerim,yaz kur'an kursları
22.06.2018,YAZ KUR’AN KURSLARI VE ÖNEMİ,Kur'an-ı Kerim,çocuk eğitimi
22.06.2018,YAZ KUR’AN KURSLARI VE ÖNEMİ,Kur'an-ı Kerim,kur'an öğretimi
22.06.2018,YAZ KUR’AN KURSLARI VE ÖNEMİ,Kur'an-ı Kerim,cami ve çocuk
22.06.2018,YAZ KUR’AN KURSLARI VE ÖNEMİ,Kur'an-ı Kerim,ahlaki terbiye
22.06.2018,YAZ KUR’AN KURSLARI VE ÖNEMİ,Kur'an-ı Kerim,kur'an kursu öğreticileri
29.06.2018,EVLADIN ANNE-BABA ÜZERİNDEKİ HAKLARINDAN BİRİ: GÜZEL İSİM,"Aile, Çocuk ve Nesil",güzel isim
29.06.2018,EVLADIN ANNE-BABA ÜZERİNDEKİ HAKLARINDAN BİRİ: GÜZEL İSİM,"Aile, Çocuk ve Nesil",hasan ve hüseyin
29.06.2018,EVLADIN ANNE-BABA ÜZERİNDEKİ HAKLARINDAN BİRİ: GÜZEL İSİM,"Aile, Çocuk ve Nesil",çocuk hakları
29.06.2018,EVLADIN ANNE-BABA ÜZERİNDEKİ HAKLARINDAN BİRİ: GÜZEL İSİM,"Aile, Çocuk ve Nesil",kötü lakap yasağı
29.06.2018,EVLADIN ANNE-BABA ÜZERİNDEKİ HAKLARINDAN BİRİ: GÜZEL İSİM,"Aile, Çocuk ve Nesil",isim ve kimlik
29.06.2018,EVLADIN ANNE-BABA ÜZERİNDEKİ HAKLARINDAN BİRİ: GÜZEL İSİM,"Aile, Çocuk ve Nesil",ebeveyn sorumluluğu
06.07.2018,ALLAH’IN RIZASINA ULAŞTIRAN SALİH AMELLER,"İman, Tevhid ve Ahiret",salih amel
06.07.2018,ALLAH’IN RIZASINA ULAŞTIRAN SALİH AMELLER,"İman, Tevhid ve Ahiret",hz. ebu bekir
06.07.2018,ALLAH’IN RIZASINA ULAŞTIRAN SALİH AMELLER,"İman, Tevhid ve Ahiret",iman-amel bütünlüğü
06.07.2018,ALLAH’IN RIZASINA ULAŞTIRAN SALİH AMELLER,"İman, Tevhid ve Ahiret",güzel ahlak
06.07.2018,ALLAH’IN RIZASINA ULAŞTIRAN SALİH AMELLER,"İman, Tevhid ve Ahiret",cennet yolu
06.07.2018,ALLAH’IN RIZASINA ULAŞTIRAN SALİH AMELLER,"İman, Tevhid ve Ahiret",özeleştiri ve muhasebe
13.07.2018,MİLLETÇE YENİDEN DOĞUŞ: 15 TEMMUZ,"Vatan, Millet ve Tarih",15 temmuz
13.07.2018,MİLLETÇE YENİDEN DOĞUŞ: 15 TEMMUZ,"Vatan, Millet ve Tarih",feto
13.07.2018,MİLLETÇE YENİDEN DOĞUŞ: 15 TEMMUZ,"Vatan, Millet ve Tarih",milli birlik
13.07.2018,MİLLETÇE YENİDEN DOĞUŞ: 15 TEMMUZ,"Vatan, Millet ve Tarih",din istismarı
13.07.2018,MİLLETÇE YENİDEN DOĞUŞ: 15 TEMMUZ,"Vatan, Millet ve Tarih",şehitler ve gaziler
13.07.2018,MİLLETÇE YENİDEN DOĞUŞ: 15 TEMMUZ,"Vatan, Millet ve Tarih",vatan sevgisi
20.07.2018,DÜĞÜN ÂDÂBI,"Aile, Çocuk ve Nesil",düğün adabı
20.07.2018,DÜĞÜN ÂDÂBI,"Aile, Çocuk ve Nesil",israf
20.07.2018,DÜĞÜN ÂDÂBI,"Aile, Çocuk ve Nesil",sade evlilik
20.07.2018,DÜĞÜN ÂDÂBI,"Aile, Çocuk ve Nesil",evlilik masrafları
20.07.2018,DÜĞÜN ÂDÂBI,"Aile, Çocuk ve Nesil",helal eğlence
20.07.2018,DÜĞÜN ÂDÂBI,"Aile, Çocuk ve Nesil",hz. fatıma'nın düğünü
27.07.2018,İMAN-AMEL İLİŞKİSİ,"İman, Tevhid ve Ahiret",iman esasları
27.07.2018,İMAN-AMEL İLİŞKİSİ,"İman, Tevhid ve Ahiret",muaz b. cebel
27.07.2018,İMAN-AMEL İLİŞKİSİ,"İman, Tevhid ve Ahiret",iman-amel ilişkisi
27.07.2018,İMAN-AMEL İLİŞKİSİ,"İman, Tevhid ve Ahiret",güzel ahlak
27.07.2018,İMAN-AMEL İLİŞKİSİ,"İman, Tevhid ve Ahiret",istikamet
27.07.2018,İMAN-AMEL İLİŞKİSİ,"İman, Tevhid ve Ahiret",fıtrat
03.08.2018,CAMİ VE CEMAAT ADABI,İbadet ve Kulluk,cami adabı
03.08.2018,CAMİ VE CEMAAT ADABI,İbadet ve Kulluk,cemaatle namaz
03.08.2018,CAMİ VE CEMAAT ADABI,İbadet ve Kulluk,hutbe dinleme adabı
03.08.2018,CAMİ VE CEMAAT ADABI,İbadet ve Kulluk,cemaat kavramının istismarı
03.08.2018,CAMİ VE CEMAAT ADABI,İbadet ve Kulluk,çocukları camiye alıştırmak
03.08.2018,CAMİ VE CEMAAT ADABI,İbadet ve Kulluk,temizlik ve kıyafet
10.08.2018,"KURBAN, ALLAH’A YAKINLAŞMA VESİLESİDİR","Ramazan, Oruç ve Bayramlar",kurban ibadeti
10.08.2018,"KURBAN, ALLAH’A YAKINLAŞMA VESİLESİDİR","Ramazan, Oruç ve Bayramlar",hz. i̇brahim ve i̇smail
10.08.2018,"KURBAN, ALLAH’A YAKINLAŞMA VESİLESİDİR","Ramazan, Oruç ve Bayramlar",vekaletle kurban
10.08.2018,"KURBAN, ALLAH’A YAKINLAŞMA VESİLESİDİR","Ramazan, Oruç ve Bayramlar",paylaşma ve dayanışma
10.08.2018,"KURBAN, ALLAH’A YAKINLAŞMA VESİLESİDİR","Ramazan, Oruç ve Bayramlar",kurban bayramı hazırlığı
10.08.2018,"KURBAN, ALLAH’A YAKINLAŞMA VESİLESİDİR","Ramazan, Oruç ve Bayramlar",muhtaçlara yardım
17.08.2018,SADAKA-İ CÂRİYE,"Ekonomik Hayat: Kazanç, Zekat ve İsraf",sadaka-i câriye
17.08.2018,SADAKA-İ CÂRİYE,"Ekonomik Hayat: Kazanç, Zekat ve İsraf",vakıf geleneği
17.08.2018,SADAKA-İ CÂRİYE,"Ekonomik Hayat: Kazanç, Zekat ve İsraf",cami inşası
17.08.2018,SADAKA-İ CÂRİYE,"Ekonomik Hayat: Kazanç, Zekat ve İsraf",kalıcı hayır
17.08.2018,SADAKA-İ CÂRİYE,"Ekonomik Hayat: Kazanç, Zekat ve İsraf",infak
17.08.2018,SADAKA-İ CÂRİYE,"Ekonomik Hayat: Kazanç, Zekat ve İsraf",ecdat yadigarı eserler
21.08.2018,KURBAN BAYRAMI,"Ramazan, Oruç ve Bayramlar",kurban bayramı
21.08.2018,KURBAN BAYRAMI,"Ramazan, Oruç ve Bayramlar",teşrik tekbirleri
21.08.2018,KURBAN BAYRAMI,"Ramazan, Oruç ve Bayramlar",kurban kesim adabı
21.08.2018,KURBAN BAYRAMI,"Ramazan, Oruç ve Bayramlar",sıla-i rahim
21.08.2018,KURBAN BAYRAMI,"Ramazan, Oruç ve Bayramlar",hz. i̇brahim'in teslimiyeti
21.08.2018,KURBAN BAYRAMI,"Ramazan, Oruç ve Bayramlar",bayram sevinci
24.08.2018,"GAYRET MÜMİNLERDEN, ZAFER ALLAH’TANDIR","Vatan, Millet ve Tarih",zafer bilinci
24.08.2018,"GAYRET MÜMİNLERDEN, ZAFER ALLAH’TANDIR","Vatan, Millet ve Tarih",vatan sevgisi
24.08.2018,"GAYRET MÜMİNLERDEN, ZAFER ALLAH’TANDIR","Vatan, Millet ve Tarih",tarihi zaferler
24.08.2018,"GAYRET MÜMİNLERDEN, ZAFER ALLAH’TANDIR","Vatan, Millet ve Tarih",ekonomik kuşatma
24.08.2018,"GAYRET MÜMİNLERDEN, ZAFER ALLAH’TANDIR","Vatan, Millet ve Tarih",tutumluluk
24.08.2018,"GAYRET MÜMİNLERDEN, ZAFER ALLAH’TANDIR","Vatan, Millet ve Tarih",milli birlik ve beraberlik
31.08.2018,"ÇALIŞMAK, HAYATIMIZA BEREKET GETİRİR","Ekonomik Hayat: Kazanç, Zekat ve İsraf",çalışma ahlakı
31.08.2018,"ÇALIŞMAK, HAYATIMIZA BEREKET GETİRİR","Ekonomik Hayat: Kazanç, Zekat ve İsraf",helal kazanç
31.08.2018,"ÇALIŞMAK, HAYATIMIZA BEREKET GETİRİR","Ekonomik Hayat: Kazanç, Zekat ve İsraf",el emeği
31.08.2018,"ÇALIŞMAK, HAYATIMIZA BEREKET GETİRİR","Ekonomik Hayat: Kazanç, Zekat ve İsraf",haksız kazanç yolları
31.08.2018,"ÇALIŞMAK, HAYATIMIZA BEREKET GETİRİR","Ekonomik Hayat: Kazanç, Zekat ve İsraf",dünya-ahiret dengesi
31.08.2018,"ÇALIŞMAK, HAYATIMIZA BEREKET GETİRİR","Ekonomik Hayat: Kazanç, Zekat ve İsraf",rüşvet ve stokçuluk
07.09.2018,HİCRET,Peygamberimiz ve Ashab,hicret
07.09.2018,HİCRET,Peygamberimiz ve Ashab,muhacir ve ensar
07.09.2018,HİCRET,Peygamberimiz ve Ashab,hicri yılbaşı
07.09.2018,HİCRET,Peygamberimiz ve Ashab,mültecilere yardım
07.09.2018,HİCRET,Peygamberimiz ve Ashab,manevi hicret
07.09.2018,HİCRET,Peygamberimiz ve Ashab,hz. ebu bekir
14.09.2018,MUHARREM AYI VE ÂŞÛRÂ GÜNÜ,"Kandiller, Muharrem ve Mübarek Geceler",muharrem ayı
14.09.2018,MUHARREM AYI VE ÂŞÛRÂ GÜNÜ,"Kandiller, Muharrem ve Mübarek Geceler",aşure günü
14.09.2018,MUHARREM AYI VE ÂŞÛRÂ GÜNÜ,"Kandiller, Muharrem ve Mübarek Geceler",kerbela
14.09.2018,MUHARREM AYI VE ÂŞÛRÂ GÜNÜ,"Kandiller, Muharrem ve Mübarek Geceler",hz. hüseyin
14.09.2018,MUHARREM AYI VE ÂŞÛRÂ GÜNÜ,"Kandiller, Muharrem ve Mübarek Geceler",mezhep kardeşliği
14.09.2018,MUHARREM AYI VE ÂŞÛRÂ GÜNÜ,"Kandiller, Muharrem ve Mübarek Geceler",yeni eğitim öğretim yılı
21.09.2018,ALLAH’IN GÜZEL İSİMLERİNDEN MÜMİNLERE MESAJLAR,"İman, Tevhid ve Ahiret",esma-i hüsna
21.09.2018,ALLAH’IN GÜZEL İSİMLERİNDEN MÜMİNLERE MESAJLAR,"İman, Tevhid ve Ahiret",haşr suresi
21.09.2018,ALLAH’IN GÜZEL İSİMLERİNDEN MÜMİNLERE MESAJLAR,"İman, Tevhid ve Ahiret",allah'ın isimleri
21.09.2018,ALLAH’IN GÜZEL İSİMLERİNDEN MÜMİNLERE MESAJLAR,"İman, Tevhid ve Ahiret",tevhid
21.09.2018,ALLAH’IN GÜZEL İSİMLERİNDEN MÜMİNLERE MESAJLAR,"İman, Tevhid ve Ahiret",emanet bilinci
21.09.2018,ALLAH’IN GÜZEL İSİMLERİNDEN MÜMİNLERE MESAJLAR,"İman, Tevhid ve Ahiret",şehit ve gazilere dua
28.09.2018,CAMİLER VE DİN HİZMETİNE ADANMIŞ ÖMÜRLER,İbadet ve Kulluk,camiler ve din görevlileri haftası
28.09.2018,CAMİLER VE DİN HİZMETİNE ADANMIŞ ÖMÜRLER,İbadet ve Kulluk,hademe-i hayrat
28.09.2018,CAMİLER VE DİN HİZMETİNE ADANMIŞ ÖMÜRLER,İbadet ve Kulluk,imam ve müezzin
28.09.2018,CAMİLER VE DİN HİZMETİNE ADANMIŞ ÖMÜRLER,İbadet ve Kulluk,mescid-i nebevi
28.09.2018,CAMİLER VE DİN HİZMETİNE ADANMIŞ ÖMÜRLER,İbadet ve Kulluk,din hizmeti
28.09.2018,CAMİLER VE DİN HİZMETİNE ADANMIŞ ÖMÜRLER,İbadet ve Kulluk,kur'an kursu öğreticileri
05.10.2018,CENAZE ÂDÂBI: AHİRET YOLCUSUNA,"İman, Tevhid ve Ahiret",cenaze adabı
05.10.2018,CENAZE ÂDÂBI: AHİRET YOLCUSUNA,"İman, Tevhid ve Ahiret",ölüm gerçeği
05.10.2018,CENAZE ÂDÂBI: AHİRET YOLCUSUNA,"İman, Tevhid ve Ahiret",taziye
05.10.2018,CENAZE ÂDÂBI: AHİRET YOLCUSUNA,"İman, Tevhid ve Ahiret",kelime-i tevhid telkini
05.10.2018,CENAZE ÂDÂBI: AHİRET YOLCUSUNA,"İman, Tevhid ve Ahiret",cenaze namazı
05.10.2018,CENAZE ÂDÂBI: AHİRET YOLCUSUNA,"İman, Tevhid ve Ahiret",sabır ve rıza
12.10.2018,"CENÂB-I HAK, HER HAK SAHİBİNE HAKKINI VERMİŞTİR","Toplumsal Dayanışma, Merhamet ve Kardeşlik",hak ve hukuk
12.10.2018,"CENÂB-I HAK, HER HAK SAHİBİNE HAKKINI VERMİŞTİR","Toplumsal Dayanışma, Merhamet ve Kardeşlik",selman-ı farisi
12.10.2018,"CENÂB-I HAK, HER HAK SAHİBİNE HAKKINI VERMİŞTİR","Toplumsal Dayanışma, Merhamet ve Kardeşlik",anne baba hakkı
12.10.2018,"CENÂB-I HAK, HER HAK SAHİBİNE HAKKINI VERMİŞTİR","Toplumsal Dayanışma, Merhamet ve Kardeşlik",hayvan hakları
12.10.2018,"CENÂB-I HAK, HER HAK SAHİBİNE HAKKINI VERMİŞTİR","Toplumsal Dayanışma, Merhamet ve Kardeşlik",kul hakkı
12.10.2018,"CENÂB-I HAK, HER HAK SAHİBİNE HAKKINI VERMİŞTİR","Toplumsal Dayanışma, Merhamet ve Kardeşlik",kamu hakkı
19.10.2018,MADDİ VE MANEVİ ARINMA: TEMİZLİK,"İman, Tevhid ve Ahiret",temizlik
19.10.2018,MADDİ VE MANEVİ ARINMA: TEMİZLİK,"İman, Tevhid ve Ahiret",maddi ve manevi arınma
19.10.2018,MADDİ VE MANEVİ ARINMA: TEMİZLİK,"İman, Tevhid ve Ahiret",çevre temizliği
19.10.2018,MADDİ VE MANEVİ ARINMA: TEMİZLİK,"İman, Tevhid ve Ahiret",beden ve elbise temizliği
19.10.2018,MADDİ VE MANEVİ ARINMA: TEMİZLİK,"İman, Tevhid ve Ahiret",gönül temizliği
19.10.2018,MADDİ VE MANEVİ ARINMA: TEMİZLİK,"İman, Tevhid ve Ahiret",misvak
26.10.2018,AİLEDE ŞEFKAT VE NEZAKET DİLİ,"Aile, Çocuk ve Nesil",aile içi iletişim
26.10.2018,AİLEDE ŞEFKAT VE NEZAKET DİLİ,"Aile, Çocuk ve Nesil",şefkat ve nezaket
26.10.2018,AİLEDE ŞEFKAT VE NEZAKET DİLİ,"Aile, Çocuk ve Nesil",eşler arası ilişki
26.10.2018,AİLEDE ŞEFKAT VE NEZAKET DİLİ,"Aile, Çocuk ve Nesil",güzel söz
26.10.2018,AİLEDE ŞEFKAT VE NEZAKET DİLİ,"Aile, Çocuk ve Nesil",peygamberin aile hayatı
26.10.2018,AİLEDE ŞEFKAT VE NEZAKET DİLİ,"Aile, Çocuk ve Nesil",hoşgörü
02.11.2018,TEMİZ GIDA TEMİZ NESİL,"Sabır, Tevekkül ve Manevi Olgunluk",helal gıda
02.11.2018,TEMİZ GIDA TEMİZ NESİL,"Sabır, Tevekkül ve Manevi Olgunluk",temiz nesil
02.11.2018,TEMİZ GIDA TEMİZ NESİL,"Sabır, Tevekkül ve Manevi Olgunluk",çevre kirliliği
02.11.2018,TEMİZ GIDA TEMİZ NESİL,"Sabır, Tevekkül ve Manevi Olgunluk",genetiği değiştirilmiş ürünler
02.11.2018,TEMİZ GIDA TEMİZ NESİL,"Sabır, Tevekkül ve Manevi Olgunluk",haram lokma
02.11.2018,TEMİZ GIDA TEMİZ NESİL,"Sabır, Tevekkül ve Manevi Olgunluk",dengeli tüketim
09.11.2018,SAĞLIK: DÜNYALARA DEĞER NİMET,"Toplumsal Dayanışma, Merhamet ve Kardeşlik",sağlık nimeti
09.11.2018,SAĞLIK: DÜNYALARA DEĞER NİMET,"Toplumsal Dayanışma, Merhamet ve Kardeşlik",tedavi olma
09.11.2018,SAĞLIK: DÜNYALARA DEĞER NİMET,"Toplumsal Dayanışma, Merhamet ve Kardeşlik",organ bağışı
09.11.2018,SAĞLIK: DÜNYALARA DEĞER NİMET,"Toplumsal Dayanışma, Merhamet ve Kardeşlik",hasta ziyareti
09.11.2018,SAĞLIK: DÜNYALARA DEĞER NİMET,"Toplumsal Dayanışma, Merhamet ve Kardeşlik",zararlı alışkanlıklar
09.11.2018,SAĞLIK: DÜNYALARA DEĞER NİMET,"Toplumsal Dayanışma, Merhamet ve Kardeşlik",vaktin kıymeti
16.11.2018,MEVLİD-İ NEBİ,Peygamberimiz ve Ashab,mevlid-i nebi
16.11.2018,MEVLİD-İ NEBİ,Peygamberimiz ve Ashab,peygamberimiz ve gençlik
16.11.2018,MEVLİD-İ NEBİ,Peygamberimiz ve Ashab,üsve-i hasene
16.11.2018,MEVLİD-İ NEBİ,Peygamberimiz ve Ashab,genç sahabiler
16.11.2018,MEVLİD-İ NEBİ,Peygamberimiz ve Ashab,muhammedü'l-emin
16.11.2018,MEVLİD-İ NEBİ,Peygamberimiz ve Ashab,rol model
23.11.2018,EN BÜYÜK ZENGİNLİĞİMİZ GENÇLERİMİZ,"Aile, Çocuk ve Nesil",gençlik
23.11.2018,EN BÜYÜK ZENGİNLİĞİMİZ GENÇLERİMİZ,"Aile, Çocuk ve Nesil",ashab-ı kehf
23.11.2018,EN BÜYÜK ZENGİNLİĞİMİZ GENÇLERİMİZ,"Aile, Çocuk ve Nesil",dijital bağımlılık
23.11.2018,EN BÜYÜK ZENGİNLİĞİMİZ GENÇLERİMİZ,"Aile, Çocuk ve Nesil",gençlerin istismarı
23.11.2018,EN BÜYÜK ZENGİNLİĞİMİZ GENÇLERİMİZ,"Aile, Çocuk ve Nesil",aileden kopma
23.11.2018,EN BÜYÜK ZENGİNLİĞİMİZ GENÇLERİMİZ,"Aile, Çocuk ve Nesil",rol model olma
30.11.2018,NEFİS: İYİ VE KÖTÜNÜN MÜCADELE ALANI,"Sabır, Tevekkül ve Manevi Olgunluk",nefis mücadelesi
30.11.2018,NEFİS: İYİ VE KÖTÜNÜN MÜCADELE ALANI,"Sabır, Tevekkül ve Manevi Olgunluk",nefis terbiyesi
30.11.2018,NEFİS: İYİ VE KÖTÜNÜN MÜCADELE ALANI,"Sabır, Tevekkül ve Manevi Olgunluk",hz. yusuf kıssası
30.11.2018,NEFİS: İYİ VE KÖTÜNÜN MÜCADELE ALANI,"Sabır, Tevekkül ve Manevi Olgunluk",kabil ve habil
30.11.2018,NEFİS: İYİ VE KÖTÜNÜN MÜCADELE ALANI,"Sabır, Tevekkül ve Manevi Olgunluk",irade ve sabır
30.11.2018,NEFİS: İYİ VE KÖTÜNÜN MÜCADELE ALANI,"Sabır, Tevekkül ve Manevi Olgunluk",kötülüğe meyil
07.12.2018,SELÂM: İSLÂM’IN GÜVEN VE BARIŞ ÇAĞRISI,"Toplumsal Dayanışma, Merhamet ve Kardeşlik",selam
07.12.2018,SELÂM: İSLÂM’IN GÜVEN VE BARIŞ ÇAĞRISI,"Toplumsal Dayanışma, Merhamet ve Kardeşlik",barış ve güven
07.12.2018,SELÂM: İSLÂM’IN GÜVEN VE BARIŞ ÇAĞRISI,"Toplumsal Dayanışma, Merhamet ve Kardeşlik",esma-i hüsna
07.12.2018,SELÂM: İSLÂM’IN GÜVEN VE BARIŞ ÇAĞRISI,"Toplumsal Dayanışma, Merhamet ve Kardeşlik",hicret
07.12.2018,SELÂM: İSLÂM’IN GÜVEN VE BARIŞ ÇAĞRISI,"Toplumsal Dayanışma, Merhamet ve Kardeşlik",kardeşlik bağı
07.12.2018,SELÂM: İSLÂM’IN GÜVEN VE BARIŞ ÇAĞRISI,"Toplumsal Dayanışma, Merhamet ve Kardeşlik",güler yüz
14.12.2018,RAHMET VE MAĞFİRET KAPISI: TEVBE,"İman, Tevhid ve Ahiret",tevbe
14.12.2018,RAHMET VE MAĞFİRET KAPISI: TEVBE,"İman, Tevhid ve Ahiret",hz. adem ve havva
14.12.2018,RAHMET VE MAĞFİRET KAPISI: TEVBE,"İman, Tevhid ve Ahiret",pişmanlık
14.12.2018,RAHMET VE MAĞFİRET KAPISI: TEVBE,"İman, Tevhid ve Ahiret",af ve mağfiret
14.12.2018,RAHMET VE MAĞFİRET KAPISI: TEVBE,"İman, Tevhid ve Ahiret",günahtan dönüş
14.12.2018,RAHMET VE MAĞFİRET KAPISI: TEVBE,"İman, Tevhid ve Ahiret",istiğfar
21.12.2018,VARLIĞIN İLAHİ MAYASI MERHAMET,"Toplumsal Dayanışma, Merhamet ve Kardeşlik",merhamet
21.12.2018,VARLIĞIN İLAHİ MAYASI MERHAMET,"Toplumsal Dayanışma, Merhamet ve Kardeşlik",şefkat
21.12.2018,VARLIĞIN İLAHİ MAYASI MERHAMET,"Toplumsal Dayanışma, Merhamet ve Kardeşlik",hayvanlara merhamet
21.12.2018,VARLIĞIN İLAHİ MAYASI MERHAMET,"Toplumsal Dayanışma, Merhamet ve Kardeşlik",zulüm ve şiddet
21.12.2018,VARLIĞIN İLAHİ MAYASI MERHAMET,"Toplumsal Dayanışma, Merhamet ve Kardeşlik",yetim ve yoksula yardım
21.12.2018,VARLIĞIN İLAHİ MAYASI MERHAMET,"Toplumsal Dayanışma, Merhamet ve Kardeşlik",vicdan
28.12.2018,BİR ÖMÜR SORUMLULUK BİLİNCİYLE YAŞAMAK,"İman, Tevhid ve Ahiret",yıl sonu muhasebesi
28.12.2018,BİR ÖMÜR SORUMLULUK BİLİNCİYLE YAŞAMAK,"İman, Tevhid ve Ahiret",sorumluluk bilinci
28.12.2018,BİR ÖMÜR SORUMLULUK BİLİNCİYLE YAŞAMAK,"İman, Tevhid ve Ahiret",ömrün kıymeti
28.12.2018,BİR ÖMÜR SORUMLULUK BİLİNCİYLE YAŞAMAK,"İman, Tevhid ve Ahiret",iç sorgulama
28.12.2018,BİR ÖMÜR SORUMLULUK BİLİNCİYLE YAŞAMAK,"İman, Tevhid ve Ahiret",hesap günü
28.12.2018,BİR ÖMÜR SORUMLULUK BİLİNCİYLE YAŞAMAK,"İman, Tevhid ve Ahiret",tövbe kararlılığı
04.01.2019,ÖZÜ SÖZÜ DOĞRU OLMAK,"Ahlak, Erdem ve Söz",doğruluk
04.01.2019,ÖZÜ SÖZÜ DOĞRU OLMAK,"Ahlak, Erdem ve Söz",yalan
04.01.2019,ÖZÜ SÖZÜ DOĞRU OLMAK,"Ahlak, Erdem ve Söz",güven
04.01.2019,ÖZÜ SÖZÜ DOĞRU OLMAK,"Ahlak, Erdem ve Söz",dedikodu ve asılsız haber
04.01.2019,ÖZÜ SÖZÜ DOĞRU OLMAK,"Ahlak, Erdem ve Söz",ticaret ahlakı
04.01.2019,ÖZÜ SÖZÜ DOĞRU OLMAK,"Ahlak, Erdem ve Söz",sözünde durmak
11.01.2019,"İNSANIN KEMAL YOLCULUĞU: İSLAM, İMAN VE İHSAN",İbadet ve Kulluk,cibril hadisi
11.01.2019,"İNSANIN KEMAL YOLCULUĞU: İSLAM, İMAN VE İHSAN",İbadet ve Kulluk,islam iman ihsan
11.01.2019,"İNSANIN KEMAL YOLCULUĞU: İSLAM, İMAN VE İHSAN",İbadet ve Kulluk,kulluk bilinci
11.01.2019,"İNSANIN KEMAL YOLCULUĞU: İSLAM, İMAN VE İHSAN",İbadet ve Kulluk,ihsan şuuru
11.01.2019,"İNSANIN KEMAL YOLCULUĞU: İSLAM, İMAN VE İHSAN",İbadet ve Kulluk,ahlak ve ibadet bütünlüğü
11.01.2019,"İNSANIN KEMAL YOLCULUĞU: İSLAM, İMAN VE İHSAN",İbadet ve Kulluk,hz. ömer
18.01.2019,MÜSLÜMANLAR İLİM VE MEDENİYETİN ÖNCÜLERİDİR,"Eğitim, Teknoloji, Çevre ve Toplumsal Değişim",ilim ve medeniyet
18.01.2019,MÜSLÜMANLAR İLİM VE MEDENİYETİN ÖNCÜLERİDİR,"Eğitim, Teknoloji, Çevre ve Toplumsal Değişim",oku ayeti
18.01.2019,MÜSLÜMANLAR İLİM VE MEDENİYETİN ÖNCÜLERİDİR,"Eğitim, Teknoloji, Çevre ve Toplumsal Değişim",islam bilim tarihi
18.01.2019,MÜSLÜMANLAR İLİM VE MEDENİYETİN ÖNCÜLERİDİR,"Eğitim, Teknoloji, Çevre ve Toplumsal Değişim",ilim ahlakı
18.01.2019,MÜSLÜMANLAR İLİM VE MEDENİYETİN ÖNCÜLERİDİR,"Eğitim, Teknoloji, Çevre ve Toplumsal Değişim",cehalet
18.01.2019,MÜSLÜMANLAR İLİM VE MEDENİYETİN ÖNCÜLERİDİR,"Eğitim, Teknoloji, Çevre ve Toplumsal Değişim",yeni cami açılışları
25.01.2019,İSLAM AHLÂKININ ÖZÜ HAYÂDIR,"Ahlak, Erdem ve Söz",hayâ
25.01.2019,İSLAM AHLÂKININ ÖZÜ HAYÂDIR,"Ahlak, Erdem ve Söz",iffet
25.01.2019,İSLAM AHLÂKININ ÖZÜ HAYÂDIR,"Ahlak, Erdem ve Söz",zina yasağı
25.01.2019,İSLAM AHLÂKININ ÖZÜ HAYÂDIR,"Ahlak, Erdem ve Söz",mahremiyet
25.01.2019,İSLAM AHLÂKININ ÖZÜ HAYÂDIR,"Ahlak, Erdem ve Söz",ahlaki yozlaşma
25.01.2019,İSLAM AHLÂKININ ÖZÜ HAYÂDIR,"Ahlak, Erdem ve Söz",namus
01.02.2019,RIFK: ALLAH HER İŞTE ZERAFETİ SEVER,"Sabır, Tevekkül ve Manevi Olgunluk",rıfk
01.02.2019,RIFK: ALLAH HER İŞTE ZERAFETİ SEVER,"Sabır, Tevekkül ve Manevi Olgunluk",yumuşak huyluluk
01.02.2019,RIFK: ALLAH HER İŞTE ZERAFETİ SEVER,"Sabır, Tevekkül ve Manevi Olgunluk",öfke kontrolü
01.02.2019,RIFK: ALLAH HER İŞTE ZERAFETİ SEVER,"Sabır, Tevekkül ve Manevi Olgunluk",affedicilik
01.02.2019,RIFK: ALLAH HER İŞTE ZERAFETİ SEVER,"Sabır, Tevekkül ve Manevi Olgunluk",şiddetten uzak durma
01.02.2019,RIFK: ALLAH HER İŞTE ZERAFETİ SEVER,"Sabır, Tevekkül ve Manevi Olgunluk",sabır
08.02.2019,İBADET: KUL OLMA ŞUURU,İbadet ve Kulluk,ibadet
08.02.2019,İBADET: KUL OLMA ŞUURU,İbadet ve Kulluk,kulluk şuuru
08.02.2019,İBADET: KUL OLMA ŞUURU,İbadet ve Kulluk,namaz
08.02.2019,İBADET: KUL OLMA ŞUURU,İbadet ve Kulluk,oruç
08.02.2019,İBADET: KUL OLMA ŞUURU,İbadet ve Kulluk,zekât ve sadaka
08.02.2019,İBADET: KUL OLMA ŞUURU,İbadet ve Kulluk,hac ve umre
08.02.2019,İBADET: KUL OLMA ŞUURU,İbadet ve Kulluk,kurban
15.02.2019,HAYATI YAŞANILIR KILMANIN YOLU: DİN VE MANEVİYAT,"Sabır, Tevekkül ve Manevi Olgunluk",maneviyat
15.02.2019,HAYATI YAŞANILIR KILMANIN YOLU: DİN VE MANEVİYAT,"Sabır, Tevekkül ve Manevi Olgunluk",manevi rehberlik
15.02.2019,HAYATI YAŞANILIR KILMANIN YOLU: DİN VE MANEVİYAT,"Sabır, Tevekkül ve Manevi Olgunluk",yalnızlaşma
15.02.2019,HAYATI YAŞANILIR KILMANIN YOLU: DİN VE MANEVİYAT,"Sabır, Tevekkül ve Manevi Olgunluk",aile bağlarının zayıflaması
15.02.2019,HAYATI YAŞANILIR KILMANIN YOLU: DİN VE MANEVİYAT,"Sabır, Tevekkül ve Manevi Olgunluk",tüketim kültürü
15.02.2019,HAYATI YAŞANILIR KILMANIN YOLU: DİN VE MANEVİYAT,"Sabır, Tevekkül ve Manevi Olgunluk",kalb-i selim
22.02.2019,"YAŞLILARA HÜRMET, ÖMRÜMÜZE BEREKET","Aile, Çocuk ve Nesil",yaşlılara hürmet
22.02.2019,"YAŞLILARA HÜRMET, ÖMRÜMÜZE BEREKET","Aile, Çocuk ve Nesil",anne baba hakkı
22.02.2019,"YAŞLILARA HÜRMET, ÖMRÜMÜZE BEREKET","Aile, Çocuk ve Nesil",yaşlılık
22.02.2019,"YAŞLILARA HÜRMET, ÖMRÜMÜZE BEREKET","Aile, Çocuk ve Nesil",aile bağları
22.02.2019,"YAŞLILARA HÜRMET, ÖMRÜMÜZE BEREKET","Aile, Çocuk ve Nesil",kuşaklar arası saygı
01.03.2019,BEREKET MEVSİMİ: ÜÇ AYLAR,"Ramazan, Oruç ve Bayramlar",üç aylar
01.03.2019,BEREKET MEVSİMİ: ÜÇ AYLAR,"Ramazan, Oruç ve Bayramlar",regaib gecesi
01.03.2019,BEREKET MEVSİMİ: ÜÇ AYLAR,"Ramazan, Oruç ve Bayramlar",kandiller
01.03.2019,BEREKET MEVSİMİ: ÜÇ AYLAR,"Ramazan, Oruç ve Bayramlar",infak
01.03.2019,BEREKET MEVSİMİ: ÜÇ AYLAR,"Ramazan, Oruç ve Bayramlar",organ bağışı
01.03.2019,BEREKET MEVSİMİ: ÜÇ AYLAR,"Ramazan, Oruç ve Bayramlar",ramazan hazırlığı
08.03.2019,İYİLİK PAYLAŞTIKÇA ÇOĞALIR,"Ahlak, Erdem ve Söz",iyilik
08.03.2019,İYİLİK PAYLAŞTIKÇA ÇOĞALIR,"Ahlak, Erdem ve Söz",kötülükle mücadele
08.03.2019,İYİLİK PAYLAŞTIKÇA ÇOĞALIR,"Ahlak, Erdem ve Söz",infak
08.03.2019,İYİLİK PAYLAŞTIKÇA ÇOĞALIR,"Ahlak, Erdem ve Söz",mazlum kadın ve çocuklar
08.03.2019,İYİLİK PAYLAŞTIKÇA ÇOĞALIR,"Ahlak, Erdem ve Söz",merhamet
08.03.2019,İYİLİK PAYLAŞTIKÇA ÇOĞALIR,"Ahlak, Erdem ve Söz",vicdan
15.03.2019,ÇANAKKALE ZAFERİ VE BİRLİK RUHU,"Vatan, Millet ve Tarih",çanakkale zaferi
15.03.2019,ÇANAKKALE ZAFERİ VE BİRLİK RUHU,"Vatan, Millet ve Tarih",şehitlik
15.03.2019,ÇANAKKALE ZAFERİ VE BİRLİK RUHU,"Vatan, Millet ve Tarih",vatan sevgisi
15.03.2019,ÇANAKKALE ZAFERİ VE BİRLİK RUHU,"Vatan, Millet ve Tarih",birlik ruhu
15.03.2019,ÇANAKKALE ZAFERİ VE BİRLİK RUHU,"Vatan, Millet ve Tarih",yeni zelanda cami saldırısı
22.03.2019,KUR’AN VE SÜNNET BİR BÜTÜNDÜR,Peygamberimiz ve Ashab,kur'an ve sünnet
22.03.2019,KUR’AN VE SÜNNET BİR BÜTÜNDÜR,Peygamberimiz ve Ashab,hadis
22.03.2019,KUR’AN VE SÜNNET BİR BÜTÜNDÜR,Peygamberimiz ve Ashab,din istismarı
22.03.2019,KUR’AN VE SÜNNET BİR BÜTÜNDÜR,Peygamberimiz ve Ashab,sünnetin önemi
22.03.2019,KUR’AN VE SÜNNET BİR BÜTÜNDÜR,Peygamberimiz ve Ashab,cami yardımları
29.03.2019,MİRAÇ GECESİ,İbadet ve Kulluk,miraç gecesi
29.03.2019,MİRAÇ GECESİ,İbadet ve Kulluk,israa
29.03.2019,MİRAÇ GECESİ,İbadet ve Kulluk,mescid-i aksa
29.03.2019,MİRAÇ GECESİ,İbadet ve Kulluk,kudüs
29.03.2019,MİRAÇ GECESİ,İbadet ve Kulluk,namaz
29.03.2019,MİRAÇ GECESİ,İbadet ve Kulluk,beş vakit namaz
05.04.2019,MÜSLÜMAN HAYIRLI BİR KOMŞUDUR,"Toplumsal Dayanışma, Merhamet ve Kardeşlik",komşuluk
05.04.2019,MÜSLÜMAN HAYIRLI BİR KOMŞUDUR,"Toplumsal Dayanışma, Merhamet ve Kardeşlik",komşu hakkı
05.04.2019,MÜSLÜMAN HAYIRLI BİR KOMŞUDUR,"Toplumsal Dayanışma, Merhamet ve Kardeşlik",sosyal ilişkiler
05.04.2019,MÜSLÜMAN HAYIRLI BİR KOMŞUDUR,"Toplumsal Dayanışma, Merhamet ve Kardeşlik",selam
05.04.2019,MÜSLÜMAN HAYIRLI BİR KOMŞUDUR,"Toplumsal Dayanışma, Merhamet ve Kardeşlik",toplumsal dayanışma
12.04.2019,İMANIN HAYATIMIZDAKİ YANSIMALARI,"İman, Tevhid ve Ahiret",iman
12.04.2019,İMANIN HAYATIMIZDAKİ YANSIMALARI,"İman, Tevhid ve Ahiret",salih amel
12.04.2019,İMANIN HAYATIMIZDAKİ YANSIMALARI,"İman, Tevhid ve Ahiret",peygamber kıssaları
12.04.2019,İMANIN HAYATIMIZDAKİ YANSIMALARI,"İman, Tevhid ve Ahiret",sabır
12.04.2019,İMANIN HAYATIMIZDAKİ YANSIMALARI,"İman, Tevhid ve Ahiret",teslimiyet
12.04.2019,İMANIN HAYATIMIZDAKİ YANSIMALARI,"İman, Tevhid ve Ahiret",güzel ahlak
19.04.2019,BERÂT GECESİ,"İman, Tevhid ve Ahiret",berat gecesi
19.04.2019,BERÂT GECESİ,"İman, Tevhid ve Ahiret",tövbe
19.04.2019,BERÂT GECESİ,"İman, Tevhid ve Ahiret",mağfiret
19.04.2019,BERÂT GECESİ,"İman, Tevhid ve Ahiret",üç aylar
19.04.2019,BERÂT GECESİ,"İman, Tevhid ve Ahiret",nefis muhasebesi
26.04.2019,TİCARET HAYATININ BEREKETİ: İŞ AHLAKI,"Ekonomik Hayat: Kazanç, Zekat ve İsraf",iş ahlakı
26.04.2019,TİCARET HAYATININ BEREKETİ: İŞ AHLAKI,"Ekonomik Hayat: Kazanç, Zekat ve İsraf",işçi işveren ilişkisi
26.04.2019,TİCARET HAYATININ BEREKETİ: İŞ AHLAKI,"Ekonomik Hayat: Kazanç, Zekat ve İsraf",helal kazanç
26.04.2019,TİCARET HAYATININ BEREKETİ: İŞ AHLAKI,"Ekonomik Hayat: Kazanç, Zekat ve İsraf",kul hakkı
26.04.2019,TİCARET HAYATININ BEREKETİ: İŞ AHLAKI,"Ekonomik Hayat: Kazanç, Zekat ve İsraf",ticaret
03.05.2019,HOŞ GELDİN YA ŞEHR-İ RAMAZAN,İbadet ve Kulluk,ramazan ayı
03.05.2019,HOŞ GELDİN YA ŞEHR-İ RAMAZAN,İbadet ve Kulluk,oruç
03.05.2019,HOŞ GELDİN YA ŞEHR-İ RAMAZAN,İbadet ve Kulluk,çamlıca camii
03.05.2019,HOŞ GELDİN YA ŞEHR-İ RAMAZAN,İbadet ve Kulluk,teravih
03.05.2019,HOŞ GELDİN YA ŞEHR-İ RAMAZAN,İbadet ve Kulluk,mukabele
03.05.2019,HOŞ GELDİN YA ŞEHR-İ RAMAZAN,İbadet ve Kulluk,cami
10.05.2019,RAMAZAN VE İNFAK,"Ekonomik Hayat: Kazanç, Zekat ve İsraf",infak
10.05.2019,RAMAZAN VE İNFAK,"Ekonomik Hayat: Kazanç, Zekat ve İsraf",zekât
10.05.2019,RAMAZAN VE İNFAK,"Ekonomik Hayat: Kazanç, Zekat ve İsraf",sadaka
10.05.2019,RAMAZAN VE İNFAK,"Ekonomik Hayat: Kazanç, Zekat ve İsraf",yardımlaşma
10.05.2019,RAMAZAN VE İNFAK,"Ekonomik Hayat: Kazanç, Zekat ve İsraf",dünyevileşme
10.05.2019,RAMAZAN VE İNFAK,"Ekonomik Hayat: Kazanç, Zekat ve İsraf",cömertlik
17.05.2019,PEYGAMBERİMİZİN TARİFİYLE HAYIRLI MÜSLÜMAN,"Ahlak, Erdem ve Söz",hayırlı müslüman
17.05.2019,PEYGAMBERİMİZİN TARİFİYLE HAYIRLI MÜSLÜMAN,"Ahlak, Erdem ve Söz",güzel ahlak
17.05.2019,PEYGAMBERİMİZİN TARİFİYLE HAYIRLI MÜSLÜMAN,"Ahlak, Erdem ve Söz",iman ve ibadet
17.05.2019,PEYGAMBERİMİZİN TARİFİYLE HAYIRLI MÜSLÜMAN,"Ahlak, Erdem ve Söz",doğruluk
17.05.2019,PEYGAMBERİMİZİN TARİFİYLE HAYIRLI MÜSLÜMAN,"Ahlak, Erdem ve Söz",diyanet vakfı yardımları
24.05.2019,KARDEŞLİĞİMİZ ZEKÂT VE FITIR SADAKASIYLA BEREKETLENSİN,"Ramazan, Oruç ve Bayramlar",zekât
24.05.2019,KARDEŞLİĞİMİZ ZEKÂT VE FITIR SADAKASIYLA BEREKETLENSİN,"Ramazan, Oruç ve Bayramlar",fıtır sadakası
24.05.2019,KARDEŞLİĞİMİZ ZEKÂT VE FITIR SADAKASIYLA BEREKETLENSİN,"Ramazan, Oruç ve Bayramlar",kardeşlik
24.05.2019,KARDEŞLİĞİMİZ ZEKÂT VE FITIR SADAKASIYLA BEREKETLENSİN,"Ramazan, Oruç ve Bayramlar",yardımlaşma
24.05.2019,KARDEŞLİĞİMİZ ZEKÂT VE FITIR SADAKASIYLA BEREKETLENSİN,"Ramazan, Oruç ve Bayramlar",diyanet kampanyası
24.05.2019,KARDEŞLİĞİMİZ ZEKÂT VE FITIR SADAKASIYLA BEREKETLENSİN,"Ramazan, Oruç ve Bayramlar",bayram
04.06.2019,RAMAZAN BAYRAMI,"Ramazan, Oruç ve Bayramlar",ramazan bayramı
04.06.2019,RAMAZAN BAYRAMI,"Ramazan, Oruç ve Bayramlar",bayramlaşma
04.06.2019,RAMAZAN BAYRAMI,"Ramazan, Oruç ve Bayramlar",sıla-i rahim
04.06.2019,RAMAZAN BAYRAMI,"Ramazan, Oruç ve Bayramlar",kardeşlik
04.06.2019,RAMAZAN BAYRAMI,"Ramazan, Oruç ve Bayramlar",küskünlüklerin bitirilmesi
07.06.2019,"AİLE OLMAK, AİLE KALMAK","Aile, Çocuk ve Nesil",aile
07.06.2019,"AİLE OLMAK, AİLE KALMAK","Aile, Çocuk ve Nesil",evlilik
07.06.2019,"AİLE OLMAK, AİLE KALMAK","Aile, Çocuk ve Nesil",nikah
07.06.2019,"AİLE OLMAK, AİLE KALMAK","Aile, Çocuk ve Nesil",aile içi sevgi
07.06.2019,"AİLE OLMAK, AİLE KALMAK","Aile, Çocuk ve Nesil",engelliler haftası
07.06.2019,"AİLE OLMAK, AİLE KALMAK","Aile, Çocuk ve Nesil",karşılıklı haklar
14.06.2019,"CAMİLER ÇOCUK DOLSUN, AHLAKI KUR’AN OLSUN","Eğitim, Teknoloji, Çevre ve Toplumsal Değişim",yaz kur'an kursları
14.06.2019,"CAMİLER ÇOCUK DOLSUN, AHLAKI KUR’AN OLSUN","Eğitim, Teknoloji, Çevre ve Toplumsal Değişim",çocuk eğitimi
14.06.2019,"CAMİLER ÇOCUK DOLSUN, AHLAKI KUR’AN OLSUN","Eğitim, Teknoloji, Çevre ve Toplumsal Değişim",güzel ahlak
14.06.2019,"CAMİLER ÇOCUK DOLSUN, AHLAKI KUR’AN OLSUN","Eğitim, Teknoloji, Çevre ve Toplumsal Değişim",teknoloji bağımlılığı
14.06.2019,"CAMİLER ÇOCUK DOLSUN, AHLAKI KUR’AN OLSUN","Eğitim, Teknoloji, Çevre ve Toplumsal Değişim",fıtrat
21.06.2019,ALLAH’A İMAN,"İman, Tevhid ve Ahiret",allah'a iman
21.06.2019,ALLAH’A İMAN,"İman, Tevhid ve Ahiret",tevhid
21.06.2019,ALLAH’A İMAN,"İman, Tevhid ve Ahiret",ihlas suresi
21.06.2019,ALLAH’A İMAN,"İman, Tevhid ve Ahiret",iman esasları
21.06.2019,ALLAH’A İMAN,"İman, Tevhid ve Ahiret",kulluk bilinci
28.06.2019,BİR MUKADDES YOLCULUK: HAC,İbadet ve Kulluk,hac
28.06.2019,BİR MUKADDES YOLCULUK: HAC,İbadet ve Kulluk,kâbe
28.06.2019,BİR MUKADDES YOLCULUK: HAC,İbadet ve Kulluk,arafat
28.06.2019,BİR MUKADDES YOLCULUK: HAC,İbadet ve Kulluk,tavaf
28.06.2019,BİR MUKADDES YOLCULUK: HAC,İbadet ve Kulluk,telbiye
28.06.2019,BİR MUKADDES YOLCULUK: HAC,İbadet ve Kulluk,kurban
28.06.2019,BİR MUKADDES YOLCULUK: HAC,İbadet ve Kulluk,hz. ibrahim
05.07.2019,"NESLİN KORUNMASI: ERDEMLİ BİR NESİL, HUZURLU BİR GELECEK","Aile, Çocuk ve Nesil",neslin korunması
05.07.2019,"NESLİN KORUNMASI: ERDEMLİ BİR NESİL, HUZURLU BİR GELECEK","Aile, Çocuk ve Nesil",aile kurumu
05.07.2019,"NESLİN KORUNMASI: ERDEMLİ BİR NESİL, HUZURLU BİR GELECEK","Aile, Çocuk ve Nesil",nikah
05.07.2019,"NESLİN KORUNMASI: ERDEMLİ BİR NESİL, HUZURLU BİR GELECEK","Aile, Çocuk ve Nesil",cinsiyet
05.07.2019,"NESLİN KORUNMASI: ERDEMLİ BİR NESİL, HUZURLU BİR GELECEK","Aile, Çocuk ve Nesil",iffet
05.07.2019,"NESLİN KORUNMASI: ERDEMLİ BİR NESİL, HUZURLU BİR GELECEK","Aile, Çocuk ve Nesil",hz. lut kıssası
12.07.2019,"15 TEMMUZ’U ANMAK, İHANETİ ANLAMAK","Vatan, Millet ve Tarih",15 temmuz
12.07.2019,"15 TEMMUZ’U ANMAK, İHANETİ ANLAMAK","Vatan, Millet ve Tarih",fetö
12.07.2019,"15 TEMMUZ’U ANMAK, İHANETİ ANLAMAK","Vatan, Millet ve Tarih",din istismarı
12.07.2019,"15 TEMMUZ’U ANMAK, İHANETİ ANLAMAK","Vatan, Millet ve Tarih",vatan savunması
12.07.2019,"15 TEMMUZ’U ANMAK, İHANETİ ANLAMAK","Vatan, Millet ve Tarih",milli birlik
12.07.2019,"15 TEMMUZ’U ANMAK, İHANETİ ANLAMAK","Vatan, Millet ve Tarih",ihanet
19.07.2019,CUMA NAMAZI VE ADABI,İbadet ve Kulluk,cuma namazı
19.07.2019,CUMA NAMAZI VE ADABI,İbadet ve Kulluk,cuma hutbesi
19.07.2019,CUMA NAMAZI VE ADABI,İbadet ve Kulluk,namaz adabı
19.07.2019,CUMA NAMAZI VE ADABI,İbadet ve Kulluk,hutbe dinleme adabı
19.07.2019,CUMA NAMAZI VE ADABI,İbadet ve Kulluk,icabet vakti
26.07.2019,BEDEN MAHREMİYETİ VE TESETTÜR,"Ahlak, Erdem ve Söz",tesettür
26.07.2019,BEDEN MAHREMİYETİ VE TESETTÜR,"Ahlak, Erdem ve Söz",mahremiyet
26.07.2019,BEDEN MAHREMİYETİ VE TESETTÜR,"Ahlak, Erdem ve Söz",hayâ
26.07.2019,BEDEN MAHREMİYETİ VE TESETTÜR,"Ahlak, Erdem ve Söz",iffet
26.07.2019,BEDEN MAHREMİYETİ VE TESETTÜR,"Ahlak, Erdem ve Söz",bakışların korunması
02.08.2019,RABBİN İÇİN KURBAN KES,"Ramazan, Oruç ve Bayramlar",kurban
02.08.2019,RABBİN İÇİN KURBAN KES,"Ramazan, Oruç ve Bayramlar",kurban bayramı hazırlığı
02.08.2019,RABBİN İÇİN KURBAN KES,"Ramazan, Oruç ve Bayramlar",hz. ibrahim ve hz. ismail
02.08.2019,RABBİN İÇİN KURBAN KES,"Ramazan, Oruç ve Bayramlar",vekaleten kurban
02.08.2019,RABBİN İÇİN KURBAN KES,"Ramazan, Oruç ve Bayramlar",takva
02.08.2019,RABBİN İÇİN KURBAN KES,"Ramazan, Oruç ve Bayramlar",paylaşma
09.08.2019,MÜMİN: HUZURLU TOPLUMUN TEMİNATI,"Toplumsal Dayanışma, Merhamet ve Kardeşlik",sû-i zan
09.08.2019,MÜMİN: HUZURLU TOPLUMUN TEMİNATI,"Toplumsal Dayanışma, Merhamet ve Kardeşlik",gıybet
09.08.2019,MÜMİN: HUZURLU TOPLUMUN TEMİNATI,"Toplumsal Dayanışma, Merhamet ve Kardeşlik",toplumsal güven
09.08.2019,MÜMİN: HUZURLU TOPLUMUN TEMİNATI,"Toplumsal Dayanışma, Merhamet ve Kardeşlik",adalet
09.08.2019,MÜMİN: HUZURLU TOPLUMUN TEMİNATI,"Toplumsal Dayanışma, Merhamet ve Kardeşlik",asılsız haberler
09.08.2019,MÜMİN: HUZURLU TOPLUMUN TEMİNATI,"Toplumsal Dayanışma, Merhamet ve Kardeşlik",kardeşlik
11.08.2019,KURBAN BAYRAMI,"Ramazan, Oruç ve Bayramlar",kurban bayramı
11.08.2019,KURBAN BAYRAMI,"Ramazan, Oruç ve Bayramlar",bayram namazı
11.08.2019,KURBAN BAYRAMI,"Ramazan, Oruç ve Bayramlar",kurban kesimi
11.08.2019,KURBAN BAYRAMI,"Ramazan, Oruç ve Bayramlar",sıla-i rahim
11.08.2019,KURBAN BAYRAMI,"Ramazan, Oruç ve Bayramlar",teşrik tekbirleri
16.08.2019,GÜVENLİ BİR HAYAT İÇİN AFETLERE HAZIR OLALIM,"Afet, Kriz ve Sağlık",doğal afetler
16.08.2019,GÜVENLİ BİR HAYAT İÇİN AFETLERE HAZIR OLALIM,"Afet, Kriz ve Sağlık",deprem
16.08.2019,GÜVENLİ BİR HAYAT İÇİN AFETLERE HAZIR OLALIM,"Afet, Kriz ve Sağlık",afad
16.08.2019,GÜVENLİ BİR HAYAT İÇİN AFETLERE HAZIR OLALIM,"Afet, Kriz ve Sağlık",tedbir alma
16.08.2019,GÜVENLİ BİR HAYAT İÇİN AFETLERE HAZIR OLALIM,"Afet, Kriz ve Sağlık",tevekkül
16.08.2019,GÜVENLİ BİR HAYAT İÇİN AFETLERE HAZIR OLALIM,"Afet, Kriz ve Sağlık",marmara depremi
23.08.2019,FAİZİN TOPLUMSAL ZARARLARI,"Ekonomik Hayat: Kazanç, Zekat ve İsraf",faiz
23.08.2019,FAİZİN TOPLUMSAL ZARARLARI,"Ekonomik Hayat: Kazanç, Zekat ve İsraf",veda hutbesi
23.08.2019,FAİZİN TOPLUMSAL ZARARLARI,"Ekonomik Hayat: Kazanç, Zekat ve İsraf",helal kazanç
23.08.2019,FAİZİN TOPLUMSAL ZARARLARI,"Ekonomik Hayat: Kazanç, Zekat ve İsraf",toplumsal eşitsizlik
23.08.2019,FAİZİN TOPLUMSAL ZARARLARI,"Ekonomik Hayat: Kazanç, Zekat ve İsraf",haram kazanç
30.08.2019,VATAN BİZE EMANETTİR,"Vatan, Millet ve Tarih",vatan sevgisi
30.08.2019,VATAN BİZE EMANETTİR,"Vatan, Millet ve Tarih",cihad
30.08.2019,VATAN BİZE EMANETTİR,"Vatan, Millet ve Tarih",malazgirt
30.08.2019,VATAN BİZE EMANETTİR,"Vatan, Millet ve Tarih",büyük taarruz
30.08.2019,VATAN BİZE EMANETTİR,"Vatan, Millet ve Tarih",milli birlik
30.08.2019,VATAN BİZE EMANETTİR,"Vatan, Millet ve Tarih",zafer
06.09.2019,MUHARREM AYI VE ÂŞÛRÂ GÜNÜ,"Kandiller, Muharrem ve Mübarek Geceler",muharrem ayı
06.09.2019,MUHARREM AYI VE ÂŞÛRÂ GÜNÜ,"Kandiller, Muharrem ve Mübarek Geceler",aşure
06.09.2019,MUHARREM AYI VE ÂŞÛRÂ GÜNÜ,"Kandiller, Muharrem ve Mübarek Geceler",kerbela
06.09.2019,MUHARREM AYI VE ÂŞÛRÂ GÜNÜ,"Kandiller, Muharrem ve Mübarek Geceler",hz. hüseyin
06.09.2019,MUHARREM AYI VE ÂŞÛRÂ GÜNÜ,"Kandiller, Muharrem ve Mübarek Geceler",birlik ve dirlik
06.09.2019,MUHARREM AYI VE ÂŞÛRÂ GÜNÜ,"Kandiller, Muharrem ve Mübarek Geceler",eğitim öğretim yılı
13.09.2019,HER CAN DOKUNULMAZDIR,"Aile, Çocuk ve Nesil",can dokunulmazlığı
13.09.2019,HER CAN DOKUNULMAZDIR,"Aile, Çocuk ve Nesil",şiddet
13.09.2019,HER CAN DOKUNULMAZDIR,"Aile, Çocuk ve Nesil",namus cinayetleri
13.09.2019,HER CAN DOKUNULMAZDIR,"Aile, Çocuk ve Nesil",kürtaj
13.09.2019,HER CAN DOKUNULMAZDIR,"Aile, Çocuk ve Nesil",intihar
13.09.2019,HER CAN DOKUNULMAZDIR,"Aile, Çocuk ve Nesil",merhamet
20.09.2019,TEVAZU İNSANI YÜCELTİR,"Ahlak, Erdem ve Söz",tevazu
20.09.2019,TEVAZU İNSANI YÜCELTİR,"Ahlak, Erdem ve Söz",kibir
20.09.2019,TEVAZU İNSANI YÜCELTİR,"Ahlak, Erdem ve Söz",alçakgönüllülük
20.09.2019,TEVAZU İNSANI YÜCELTİR,"Ahlak, Erdem ve Söz",güzel ahlak
20.09.2019,TEVAZU İNSANI YÜCELTİR,"Ahlak, Erdem ve Söz",haysiyet
27.09.2019,CAMİ VE HAYAT,İbadet ve Kulluk,cami
27.09.2019,CAMİ VE HAYAT,İbadet ve Kulluk,mescid-i nebevi
27.09.2019,CAMİ VE HAYAT,İbadet ve Kulluk,din görevlileri haftası
27.09.2019,CAMİ VE HAYAT,İbadet ve Kulluk,toplumsal hayat
27.09.2019,CAMİ VE HAYAT,İbadet ve Kulluk,cemaat
04.10.2019,DÜNYA EVİMİZ BİZE EMANETTİR,"Ekonomik Hayat: Kazanç, Zekat ve İsraf",çevre bilinci
04.10.2019,DÜNYA EVİMİZ BİZE EMANETTİR,"Ekonomik Hayat: Kazanç, Zekat ve İsraf",israf
04.10.2019,DÜNYA EVİMİZ BİZE EMANETTİR,"Ekonomik Hayat: Kazanç, Zekat ve İsraf",halifelik
04.10.2019,DÜNYA EVİMİZ BİZE EMANETTİR,"Ekonomik Hayat: Kazanç, Zekat ve İsraf",doğanın korunması
04.10.2019,DÜNYA EVİMİZ BİZE EMANETTİR,"Ekonomik Hayat: Kazanç, Zekat ve İsraf",fidan dikimi
04.10.2019,DÜNYA EVİMİZ BİZE EMANETTİR,"Ekonomik Hayat: Kazanç, Zekat ve İsraf",gıda israfı
11.10.2019,GÜN BİRLİK VE DAYANIŞMA GÜNÜDÜR,"Vatan, Millet ve Tarih",milli birlik
11.10.2019,GÜN BİRLİK VE DAYANIŞMA GÜNÜDÜR,"Vatan, Millet ve Tarih",terörle mücadele
11.10.2019,GÜN BİRLİK VE DAYANIŞMA GÜNÜDÜR,"Vatan, Millet ve Tarih",vatan savunması
11.10.2019,GÜN BİRLİK VE DAYANIŞMA GÜNÜDÜR,"Vatan, Millet ve Tarih",cihad
11.10.2019,GÜN BİRLİK VE DAYANIŞMA GÜNÜDÜR,"Vatan, Millet ve Tarih",asker duası
18.10.2019,KUL VE KAMU HAKKI,"Toplumsal Dayanışma, Merhamet ve Kardeşlik",kul hakkı
18.10.2019,KUL VE KAMU HAKKI,"Toplumsal Dayanışma, Merhamet ve Kardeşlik",kamu hakkı
18.10.2019,KUL VE KAMU HAKKI,"Toplumsal Dayanışma, Merhamet ve Kardeşlik",adalet
18.10.2019,KUL VE KAMU HAKKI,"Toplumsal Dayanışma, Merhamet ve Kardeşlik",emanete riayet
18.10.2019,KUL VE KAMU HAKKI,"Toplumsal Dayanışma, Merhamet ve Kardeşlik",müflis kıssası
18.10.2019,KUL VE KAMU HAKKI,"Toplumsal Dayanışma, Merhamet ve Kardeşlik",haksız kazanç
25.10.2019,DUALARIMIZ MEHMETÇİĞİMİZ İÇİN,"Vatan, Millet ve Tarih",mehmetçik
25.10.2019,DUALARIMIZ MEHMETÇİĞİMİZ İÇİN,"Vatan, Millet ve Tarih",barış pınarı harekatı
25.10.2019,DUALARIMIZ MEHMETÇİĞİMİZ İÇİN,"Vatan, Millet ve Tarih",asker duası
25.10.2019,DUALARIMIZ MEHMETÇİĞİMİZ İÇİN,"Vatan, Millet ve Tarih",vatan sevgisi
25.10.2019,DUALARIMIZ MEHMETÇİĞİMİZ İÇİN,"Vatan, Millet ve Tarih",cihad
01.11.2019,DÜNYEVİLEŞMEK: GEÇİCİ OLANA GÖNÜL VERMEK,"Sabır, Tevekkül ve Manevi Olgunluk",dünyevileşmek
01.11.2019,DÜNYEVİLEŞMEK: GEÇİCİ OLANA GÖNÜL VERMEK,"Sabır, Tevekkül ve Manevi Olgunluk",bilinçsiz tüketim
01.11.2019,DÜNYEVİLEŞMEK: GEÇİCİ OLANA GÖNÜL VERMEK,"Sabır, Tevekkül ve Manevi Olgunluk",israf
01.11.2019,DÜNYEVİLEŞMEK: GEÇİCİ OLANA GÖNÜL VERMEK,"Sabır, Tevekkül ve Manevi Olgunluk",dünya ahiret dengesi
01.11.2019,DÜNYEVİLEŞMEK: GEÇİCİ OLANA GÖNÜL VERMEK,"Sabır, Tevekkül ve Manevi Olgunluk",materyalizm
08.11.2019,MEVLİD-İ NEBİ,Peygamberimiz ve Ashab,mevlid-i nebi
08.11.2019,MEVLİD-İ NEBİ,Peygamberimiz ve Ashab,peygamber sevgisi
08.11.2019,MEVLİD-İ NEBİ,Peygamberimiz ve Ashab,güzel ahlak
08.11.2019,MEVLİD-İ NEBİ,Peygamberimiz ve Ashab,örnek şahsiyet
08.11.2019,MEVLİD-İ NEBİ,Peygamberimiz ve Ashab,eşitlik
15.11.2019,PEYGAMBERİMİZ VE AİLE,"Aile, Çocuk ve Nesil",peygamberimiz ve aile
15.11.2019,PEYGAMBERİMİZ VE AİLE,"Aile, Çocuk ve Nesil",hz. hatice
15.11.2019,PEYGAMBERİMİZ VE AİLE,"Aile, Çocuk ve Nesil",istişare
15.11.2019,PEYGAMBERİMİZ VE AİLE,"Aile, Çocuk ve Nesil",aile içi şefkat
15.11.2019,PEYGAMBERİMİZ VE AİLE,"Aile, Çocuk ve Nesil",aile huzuru
22.11.2019,MUSİBETLER KARŞISINDA MÜMİNİN TAVRI,"Sabır, Tevekkül ve Manevi Olgunluk",sabır
22.11.2019,MUSİBETLER KARŞISINDA MÜMİNİN TAVRI,"Sabır, Tevekkül ve Manevi Olgunluk",musibet
22.11.2019,MUSİBETLER KARŞISINDA MÜMİNİN TAVRI,"Sabır, Tevekkül ve Manevi Olgunluk",kadına şiddet
22.11.2019,MUSİBETLER KARŞISINDA MÜMİNİN TAVRI,"Sabır, Tevekkül ve Manevi Olgunluk",imtihan
22.11.2019,MUSİBETLER KARŞISINDA MÜMİNİN TAVRI,"Sabır, Tevekkül ve Manevi Olgunluk",tevekkül
22.11.2019,MUSİBETLER KARŞISINDA MÜMİNİN TAVRI,"Sabır, Tevekkül ve Manevi Olgunluk",merhamet
29.11.2019,DİNİN ÖZÜ SAMİMİYETTİR,"Ahlak, Erdem ve Söz",samimiyet
29.11.2019,DİNİN ÖZÜ SAMİMİYETTİR,"Ahlak, Erdem ve Söz",ihlas
29.11.2019,DİNİN ÖZÜ SAMİMİYETTİR,"Ahlak, Erdem ve Söz",riya
29.11.2019,DİNİN ÖZÜ SAMİMİYETTİR,"Ahlak, Erdem ve Söz",din nasihattir
29.11.2019,DİNİN ÖZÜ SAMİMİYETTİR,"Ahlak, Erdem ve Söz",dürüstlük
06.12.2019,BATIL İNANÇ VE HURAFELER,"Sabır, Tevekkül ve Manevi Olgunluk",batıl inanç
06.12.2019,BATIL İNANÇ VE HURAFELER,"Sabır, Tevekkül ve Manevi Olgunluk",hurafe
06.12.2019,BATIL İNANÇ VE HURAFELER,"Sabır, Tevekkül ve Manevi Olgunluk",falcılık
06.12.2019,BATIL İNANÇ VE HURAFELER,"Sabır, Tevekkül ve Manevi Olgunluk",büyü
06.12.2019,BATIL İNANÇ VE HURAFELER,"Sabır, Tevekkül ve Manevi Olgunluk",tevekkül
06.12.2019,BATIL İNANÇ VE HURAFELER,"Sabır, Tevekkül ve Manevi Olgunluk",gayb bilgisi
13.12.2019,NAMAZ: RABBİMİZE YAKIN OLMA ÇABAMIZ,İbadet ve Kulluk,namaz
13.12.2019,NAMAZ: RABBİMİZE YAKIN OLMA ÇABAMIZ,İbadet ve Kulluk,huşu
13.12.2019,NAMAZ: RABBİMİZE YAKIN OLMA ÇABAMIZ,İbadet ve Kulluk,abdest
13.12.2019,NAMAZ: RABBİMİZE YAKIN OLMA ÇABAMIZ,İbadet ve Kulluk,beş vakit
13.12.2019,NAMAZ: RABBİMİZE YAKIN OLMA ÇABAMIZ,İbadet ve Kulluk,ibadet
13.12.2019,NAMAZ: RABBİMİZE YAKIN OLMA ÇABAMIZ,İbadet ve Kulluk,allah'a yakınlık
20.12.2019,TAKVA: EN HAYIRLI AZIĞIMIZ,"Ahlak, Erdem ve Söz",takva
20.12.2019,TAKVA: EN HAYIRLI AZIĞIMIZ,"Ahlak, Erdem ve Söz",muâz b. cebel
20.12.2019,TAKVA: EN HAYIRLI AZIĞIMIZ,"Ahlak, Erdem ve Söz",güzel ahlak
20.12.2019,TAKVA: EN HAYIRLI AZIĞIMIZ,"Ahlak, Erdem ve Söz",kötülükten sakınma
20.12.2019,TAKVA: EN HAYIRLI AZIĞIMIZ,"Ahlak, Erdem ve Söz",azık
20.12.2019,TAKVA: EN HAYIRLI AZIĞIMIZ,"Ahlak, Erdem ve Söz",nasihat
27.12.2019,TEFEKKÜR İLE BİR ÖMÜR GEÇİRMEK,"İman, Tevhid ve Ahiret",tefekkür
27.12.2019,TEFEKKÜR İLE BİR ÖMÜR GEÇİRMEK,"İman, Tevhid ve Ahiret",ömür
27.12.2019,TEFEKKÜR İLE BİR ÖMÜR GEÇİRMEK,"İman, Tevhid ve Ahiret",ahiret
27.12.2019,TEFEKKÜR İLE BİR ÖMÜR GEÇİRMEK,"İman, Tevhid ve Ahiret",dünya hayatı
27.12.2019,TEFEKKÜR İLE BİR ÖMÜR GEÇİRMEK,"İman, Tevhid ve Ahiret",yolcu bilinci
27.12.2019,TEFEKKÜR İLE BİR ÖMÜR GEÇİRMEK,"İman, Tevhid ve Ahiret",zamanın kıymeti
03.01.2020,"İNSAN, İMAN VE HAYAT","Ekonomik Hayat: Kazanç, Zekat ve İsraf",iman
03.01.2020,"İNSAN, İMAN VE HAYAT","Ekonomik Hayat: Kazanç, Zekat ve İsraf",insanın yaratılışı
03.01.2020,"İNSAN, İMAN VE HAYAT","Ekonomik Hayat: Kazanç, Zekat ve İsraf",salih amel
03.01.2020,"İNSAN, İMAN VE HAYAT","Ekonomik Hayat: Kazanç, Zekat ve İsraf",yardım kampanyası
03.01.2020,"İNSAN, İMAN VE HAYAT","Ekonomik Hayat: Kazanç, Zekat ve İsraf",infak
03.01.2020,"İNSAN, İMAN VE HAYAT","Ekonomik Hayat: Kazanç, Zekat ve İsraf",kulluk bilinci
10.01.2020,PEYGAMBERİMİZİN DİLİNDEN DUALAR,"Sabır, Tevekkül ve Manevi Olgunluk",dua
10.01.2020,PEYGAMBERİMİZİN DİLİNDEN DUALAR,"Sabır, Tevekkül ve Manevi Olgunluk",tevekkül
10.01.2020,PEYGAMBERİMİZİN DİLİNDEN DUALAR,"Sabır, Tevekkül ve Manevi Olgunluk",hidayet
10.01.2020,PEYGAMBERİMİZİN DİLİNDEN DUALAR,"Sabır, Tevekkül ve Manevi Olgunluk",takva
10.01.2020,PEYGAMBERİMİZİN DİLİNDEN DUALAR,"Sabır, Tevekkül ve Manevi Olgunluk",peygamberin duaları
10.01.2020,PEYGAMBERİMİZİN DİLİNDEN DUALAR,"Sabır, Tevekkül ve Manevi Olgunluk",sabır
17.01.2020,TEKNOLOJİ BAĞIMLILIĞI VE SOSYAL MEDYA AHLAKI,"Eğitim, Teknoloji, Çevre ve Toplumsal Değişim",teknoloji bağımlılığı
17.01.2020,TEKNOLOJİ BAĞIMLILIĞI VE SOSYAL MEDYA AHLAKI,"Eğitim, Teknoloji, Çevre ve Toplumsal Değişim",sosyal medya ahlakı
17.01.2020,TEKNOLOJİ BAĞIMLILIĞI VE SOSYAL MEDYA AHLAKI,"Eğitim, Teknoloji, Çevre ve Toplumsal Değişim",gençlik
17.01.2020,TEKNOLOJİ BAĞIMLILIĞI VE SOSYAL MEDYA AHLAKI,"Eğitim, Teknoloji, Çevre ve Toplumsal Değişim",aile
17.01.2020,TEKNOLOJİ BAĞIMLILIĞI VE SOSYAL MEDYA AHLAKI,"Eğitim, Teknoloji, Çevre ve Toplumsal Değişim",internet
17.01.2020,TEKNOLOJİ BAĞIMLILIĞI VE SOSYAL MEDYA AHLAKI,"Eğitim, Teknoloji, Çevre ve Toplumsal Değişim",dijital güvenlik
24.01.2020,SORUMLULUK SAHİBİ BİR BABA OLABİLMEK,"Toplumsal Dayanışma, Merhamet ve Kardeşlik",babalık
24.01.2020,SORUMLULUK SAHİBİ BİR BABA OLABİLMEK,"Toplumsal Dayanışma, Merhamet ve Kardeşlik",aile
24.01.2020,SORUMLULUK SAHİBİ BİR BABA OLABİLMEK,"Toplumsal Dayanışma, Merhamet ve Kardeşlik",çocuk terbiyesi
24.01.2020,SORUMLULUK SAHİBİ BİR BABA OLABİLMEK,"Toplumsal Dayanışma, Merhamet ve Kardeşlik",sorumluluk
24.01.2020,SORUMLULUK SAHİBİ BİR BABA OLABİLMEK,"Toplumsal Dayanışma, Merhamet ve Kardeşlik",ahlak eğitimi
24.01.2020,SORUMLULUK SAHİBİ BİR BABA OLABİLMEK,"Toplumsal Dayanışma, Merhamet ve Kardeşlik",şefkat
31.01.2020,AFETLERE KARŞI BİLİNÇLİ OLALIM,"Afet, Kriz ve Sağlık",deprem
31.01.2020,AFETLERE KARŞI BİLİNÇLİ OLALIM,"Afet, Kriz ve Sağlık",afet bilinci
31.01.2020,AFETLERE KARŞI BİLİNÇLİ OLALIM,"Afet, Kriz ve Sağlık",dayanışma
31.01.2020,AFETLERE KARŞI BİLİNÇLİ OLALIM,"Afet, Kriz ve Sağlık",sabır
31.01.2020,AFETLERE KARŞI BİLİNÇLİ OLALIM,"Afet, Kriz ve Sağlık",yardımlaşma
31.01.2020,AFETLERE KARŞI BİLİNÇLİ OLALIM,"Afet, Kriz ve Sağlık",rahmet duası
07.02.2020,KUDÜS İSLAM YURDUDUR,İslam Coğrafyası ve Küresel Meseleler,kudüs
07.02.2020,KUDÜS İSLAM YURDUDUR,İslam Coğrafyası ve Küresel Meseleler,mescid-i aksa
07.02.2020,KUDÜS İSLAM YURDUDUR,İslam Coğrafyası ve Küresel Meseleler,kutsal mekanlar
07.02.2020,KUDÜS İSLAM YURDUDUR,İslam Coğrafyası ve Küresel Meseleler,maden kazası
07.02.2020,KUDÜS İSLAM YURDUDUR,İslam Coğrafyası ve Küresel Meseleler,şehit
07.02.2020,KUDÜS İSLAM YURDUDUR,İslam Coğrafyası ve Küresel Meseleler,rahmet
14.02.2020,ALLAH İLE KUL ARASINDAKİ BAĞ,"İman, Tevhid ve Ahiret",allah-kul ilişkisi
14.02.2020,ALLAH İLE KUL ARASINDAKİ BAĞ,"İman, Tevhid ve Ahiret",teslimiyet
14.02.2020,ALLAH İLE KUL ARASINDAKİ BAĞ,"İman, Tevhid ve Ahiret",kulluk bilinci
14.02.2020,ALLAH İLE KUL ARASINDAKİ BAĞ,"İman, Tevhid ve Ahiret",tevekkül
14.02.2020,ALLAH İLE KUL ARASINDAKİ BAĞ,"İman, Tevhid ve Ahiret",iman
14.02.2020,ALLAH İLE KUL ARASINDAKİ BAĞ,"İman, Tevhid ve Ahiret",ahiret azabı
21.02.2020,ÜÇ AYLARIN MANEVİ İKLİMİNE YAKLAŞIRKEN,"Kandiller, Muharrem ve Mübarek Geceler",üç aylar
21.02.2020,ÜÇ AYLARIN MANEVİ İKLİMİNE YAKLAŞIRKEN,"Kandiller, Muharrem ve Mübarek Geceler",recep
21.02.2020,ÜÇ AYLARIN MANEVİ İKLİMİNE YAKLAŞIRKEN,"Kandiller, Muharrem ve Mübarek Geceler",regaib gecesi
21.02.2020,ÜÇ AYLARIN MANEVİ İKLİMİNE YAKLAŞIRKEN,"Kandiller, Muharrem ve Mübarek Geceler",mağfiret
21.02.2020,ÜÇ AYLARIN MANEVİ İKLİMİNE YAKLAŞIRKEN,"Kandiller, Muharrem ve Mübarek Geceler",dua
21.02.2020,ÜÇ AYLARIN MANEVİ İKLİMİNE YAKLAŞIRKEN,"Kandiller, Muharrem ve Mübarek Geceler",ramazan'a hazırlık
28.02.2020,"HAK UĞRUNDA MÜCADELEMİZ, BİRLİK VE BERABERLİK RUHUMUZ","Vatan, Millet ve Tarih",şehitlik
28.02.2020,"HAK UĞRUNDA MÜCADELEMİZ, BİRLİK VE BERABERLİK RUHUMUZ","Vatan, Millet ve Tarih",birlik ve beraberlik
28.02.2020,"HAK UĞRUNDA MÜCADELEMİZ, BİRLİK VE BERABERLİK RUHUMUZ","Vatan, Millet ve Tarih",vatan mücadelesi
28.02.2020,"HAK UĞRUNDA MÜCADELEMİZ, BİRLİK VE BERABERLİK RUHUMUZ","Vatan, Millet ve Tarih",sınır ötesi operasyon
28.02.2020,"HAK UĞRUNDA MÜCADELEMİZ, BİRLİK VE BERABERLİK RUHUMUZ","Vatan, Millet ve Tarih",sabır
28.02.2020,"HAK UĞRUNDA MÜCADELEMİZ, BİRLİK VE BERABERLİK RUHUMUZ","Vatan, Millet ve Tarih",dua
06.03.2020,"ALLAH TEMİZDİR, TEMİZLİĞİ SEVER",İbadet ve Kulluk,temizlik
06.03.2020,"ALLAH TEMİZDİR, TEMİZLİĞİ SEVER",İbadet ve Kulluk,ilk vahiy
06.03.2020,"ALLAH TEMİZDİR, TEMİZLİĞİ SEVER",İbadet ve Kulluk,hz. hatice
06.03.2020,"ALLAH TEMİZDİR, TEMİZLİĞİ SEVER",İbadet ve Kulluk,manevi arınma
06.03.2020,"ALLAH TEMİZDİR, TEMİZLİĞİ SEVER",İbadet ve Kulluk,hijyen
06.03.2020,"ALLAH TEMİZDİR, TEMİZLİĞİ SEVER",İbadet ve Kulluk,asker duası
13.03.2020,TEDBİR MÜMİN’DEN TAKDİR ALLAH’TANDIR,"Afet, Kriz ve Sağlık",koronavirüs
13.03.2020,TEDBİR MÜMİN’DEN TAKDİR ALLAH’TANDIR,"Afet, Kriz ve Sağlık",salgın hastalık
13.03.2020,TEDBİR MÜMİN’DEN TAKDİR ALLAH’TANDIR,"Afet, Kriz ve Sağlık",tedbir
13.03.2020,TEDBİR MÜMİN’DEN TAKDİR ALLAH’TANDIR,"Afet, Kriz ve Sağlık",tevekkül
13.03.2020,TEDBİR MÜMİN’DEN TAKDİR ALLAH’TANDIR,"Afet, Kriz ve Sağlık",şifa
13.03.2020,TEDBİR MÜMİN’DEN TAKDİR ALLAH’TANDIR,"Afet, Kriz ve Sağlık",panik yapmama
27.03.2020,ZORLUKLAR KARŞISINDA MÜMİN,"Afet, Kriz ve Sağlık",salgın hastalık
27.03.2020,ZORLUKLAR KARŞISINDA MÜMİN,"Afet, Kriz ve Sağlık",sabır
27.03.2020,ZORLUKLAR KARŞISINDA MÜMİN,"Afet, Kriz ve Sağlık",tevekkül
27.03.2020,ZORLUKLAR KARŞISINDA MÜMİN,"Afet, Kriz ve Sağlık",zorluklarla mücadele
27.03.2020,ZORLUKLAR KARŞISINDA MÜMİN,"Afet, Kriz ve Sağlık",dua
27.03.2020,ZORLUKLAR KARŞISINDA MÜMİN,"Afet, Kriz ve Sağlık",şifa
03.04.2020,BERAT GECESİ: AF VE ARINMA VESİLESİ,"Kandiller, Muharrem ve Mübarek Geceler",berat gecesi
03.04.2020,BERAT GECESİ: AF VE ARINMA VESİLESİ,"Kandiller, Muharrem ve Mübarek Geceler",af ve mağfiret
03.04.2020,BERAT GECESİ: AF VE ARINMA VESİLESİ,"Kandiller, Muharrem ve Mübarek Geceler",şaban ayı
03.04.2020,BERAT GECESİ: AF VE ARINMA VESİLESİ,"Kandiller, Muharrem ve Mübarek Geceler",ibadet
03.04.2020,BERAT GECESİ: AF VE ARINMA VESİLESİ,"Kandiller, Muharrem ve Mübarek Geceler",tövbe
03.04.2020,BERAT GECESİ: AF VE ARINMA VESİLESİ,"Kandiller, Muharrem ve Mübarek Geceler",dua
10.04.2020,"İNSAN, SORUMLULUK SAHİBİDİR","Sabır, Tevekkül ve Manevi Olgunluk",sorumluluk bilinci
10.04.2020,"İNSAN, SORUMLULUK SAHİBİDİR","Sabır, Tevekkül ve Manevi Olgunluk",akıl ve irade
10.04.2020,"İNSAN, SORUMLULUK SAHİBİDİR","Sabır, Tevekkül ve Manevi Olgunluk",hesap günü
10.04.2020,"İNSAN, SORUMLULUK SAHİBİDİR","Sabır, Tevekkül ve Manevi Olgunluk",nimet
10.04.2020,"İNSAN, SORUMLULUK SAHİBİDİR","Sabır, Tevekkül ve Manevi Olgunluk",kulluk
10.04.2020,"İNSAN, SORUMLULUK SAHİBİDİR","Sabır, Tevekkül ve Manevi Olgunluk",dua
17.04.2020,AİLE: HUZUR VE GÜVEN KAYNAĞI,"Ramazan, Oruç ve Bayramlar",aile
17.04.2020,AİLE: HUZUR VE GÜVEN KAYNAĞI,"Ramazan, Oruç ve Bayramlar",huzur ve güven
17.04.2020,AİLE: HUZUR VE GÜVEN KAYNAĞI,"Ramazan, Oruç ve Bayramlar",ramazan
17.04.2020,AİLE: HUZUR VE GÜVEN KAYNAĞI,"Ramazan, Oruç ve Bayramlar",oruç
17.04.2020,AİLE: HUZUR VE GÜVEN KAYNAĞI,"Ramazan, Oruç ve Bayramlar",hz. âdem ve havva
17.04.2020,AİLE: HUZUR VE GÜVEN KAYNAĞI,"Ramazan, Oruç ve Bayramlar",sorumluluk bilinci
01.05.2020,RAMAZAN VE SORUMLULUK BİLİNCİ,"Sabır, Tevekkül ve Manevi Olgunluk",ramazan
01.05.2020,RAMAZAN VE SORUMLULUK BİLİNCİ,"Sabır, Tevekkül ve Manevi Olgunluk",sorumluluk bilinci
01.05.2020,RAMAZAN VE SORUMLULUK BİLİNCİ,"Sabır, Tevekkül ve Manevi Olgunluk",salih amel
01.05.2020,RAMAZAN VE SORUMLULUK BİLİNCİ,"Sabır, Tevekkül ve Manevi Olgunluk",hesaba çekme
01.05.2020,RAMAZAN VE SORUMLULUK BİLİNCİ,"Sabır, Tevekkül ve Manevi Olgunluk",ibadet
01.05.2020,RAMAZAN VE SORUMLULUK BİLİNCİ,"Sabır, Tevekkül ve Manevi Olgunluk",kurtuluş
08.05.2020,"RAMAZAN: İNFAK, YARDIMLAŞMA VE PAYLAŞMA AYI","Toplumsal Dayanışma, Merhamet ve Kardeşlik",infak
08.05.2020,"RAMAZAN: İNFAK, YARDIMLAŞMA VE PAYLAŞMA AYI","Toplumsal Dayanışma, Merhamet ve Kardeşlik",ramazan
08.05.2020,"RAMAZAN: İNFAK, YARDIMLAŞMA VE PAYLAŞMA AYI","Toplumsal Dayanışma, Merhamet ve Kardeşlik",yardımlaşma
08.05.2020,"RAMAZAN: İNFAK, YARDIMLAŞMA VE PAYLAŞMA AYI","Toplumsal Dayanışma, Merhamet ve Kardeşlik",paylaşma
08.05.2020,"RAMAZAN: İNFAK, YARDIMLAŞMA VE PAYLAŞMA AYI","Toplumsal Dayanışma, Merhamet ve Kardeşlik",zekât
08.05.2020,"RAMAZAN: İNFAK, YARDIMLAŞMA VE PAYLAŞMA AYI","Toplumsal Dayanışma, Merhamet ve Kardeşlik",dayanışma
15.05.2020,KUR’AN’LA YAŞAMAK,"Kandiller, Muharrem ve Mübarek Geceler",kadir gecesi
15.05.2020,KUR’AN’LA YAŞAMAK,"Kandiller, Muharrem ve Mübarek Geceler",kur'an
15.05.2020,KUR’AN’LA YAŞAMAK,"Kandiller, Muharrem ve Mübarek Geceler",ramazan
15.05.2020,KUR’AN’LA YAŞAMAK,"Kandiller, Muharrem ve Mübarek Geceler",ibadet
15.05.2020,KUR’AN’LA YAŞAMAK,"Kandiller, Muharrem ve Mübarek Geceler",mağfiret
15.05.2020,KUR’AN’LA YAŞAMAK,"Kandiller, Muharrem ve Mübarek Geceler",salgından kurtuluş
22.05.2020,BİR ÖMRÜ RAMAZAN GİBİ YAŞAMAK,"İman, Tevhid ve Ahiret",ramazan'a veda
22.05.2020,BİR ÖMRÜ RAMAZAN GİBİ YAŞAMAK,"İman, Tevhid ve Ahiret",bereket
22.05.2020,BİR ÖMRÜ RAMAZAN GİBİ YAŞAMAK,"İman, Tevhid ve Ahiret",mağfiret
22.05.2020,BİR ÖMRÜ RAMAZAN GİBİ YAŞAMAK,"İman, Tevhid ve Ahiret",manevi eğitim
22.05.2020,BİR ÖMRÜ RAMAZAN GİBİ YAŞAMAK,"İman, Tevhid ve Ahiret",dua
22.05.2020,BİR ÖMRÜ RAMAZAN GİBİ YAŞAMAK,"İman, Tevhid ve Ahiret",ahiret
29.05.2020,HAMDOLSUN RABBİMİZE,İbadet ve Kulluk,cuma günü
29.05.2020,HAMDOLSUN RABBİMİZE,İbadet ve Kulluk,hamd ve şükür
29.05.2020,HAMDOLSUN RABBİMİZE,İbadet ve Kulluk,temizlik ve tezkiye
29.05.2020,HAMDOLSUN RABBİMİZE,İbadet ve Kulluk,cemaat
29.05.2020,HAMDOLSUN RABBİMİZE,İbadet ve Kulluk,salgın
29.05.2020,HAMDOLSUN RABBİMİZE,İbadet ve Kulluk,dua
05.06.2020,AHİRETE İNANAN MÜMİN,"İman, Tevhid ve Ahiret",ahirete iman
05.06.2020,AHİRETE İNANAN MÜMİN,"İman, Tevhid ve Ahiret",hesap günü
05.06.2020,AHİRETE İNANAN MÜMİN,"İman, Tevhid ve Ahiret",salih amel
05.06.2020,AHİRETE İNANAN MÜMİN,"İman, Tevhid ve Ahiret",ölüme hazırlık
05.06.2020,AHİRETE İNANAN MÜMİN,"İman, Tevhid ve Ahiret",zerre kadar hayır
05.06.2020,AHİRETE İNANAN MÜMİN,"İman, Tevhid ve Ahiret",iman esasları
12.06.2020,"MÜSTAKİM OL, EMİN OL HER TASADAN!","İman, Tevhid ve Ahiret",istikamet
12.06.2020,"MÜSTAKİM OL, EMİN OL HER TASADAN!","İman, Tevhid ve Ahiret",iman
12.06.2020,"MÜSTAKİM OL, EMİN OL HER TASADAN!","İman, Tevhid ve Ahiret",dosdoğru olmak
12.06.2020,"MÜSTAKİM OL, EMİN OL HER TASADAN!","İman, Tevhid ve Ahiret",sahabi kıssası
12.06.2020,"MÜSTAKİM OL, EMİN OL HER TASADAN!","İman, Tevhid ve Ahiret",nasihat
12.06.2020,"MÜSTAKİM OL, EMİN OL HER TASADAN!","İman, Tevhid ve Ahiret",müjde
19.06.2020,HALİS NİYET VE SAMİMİYET,İbadet ve Kulluk,niyet
19.06.2020,HALİS NİYET VE SAMİMİYET,İbadet ve Kulluk,samimiyet
19.06.2020,HALİS NİYET VE SAMİMİYET,İbadet ve Kulluk,ihlas
19.06.2020,HALİS NİYET VE SAMİMİYET,İbadet ve Kulluk,ibadetlerin kabulü
19.06.2020,HALİS NİYET VE SAMİMİYET,İbadet ve Kulluk,kulluk
19.06.2020,HALİS NİYET VE SAMİMİYET,İbadet ve Kulluk,dua
26.06.2020,YUVALARIMIZ KUR’AN İLE AYDINLANSIN,"Aile, Çocuk ve Nesil",çocuk terbiyesi
26.06.2020,YUVALARIMIZ KUR’AN İLE AYDINLANSIN,"Aile, Çocuk ve Nesil",kur'an eğitimi
26.06.2020,YUVALARIMIZ KUR’AN İLE AYDINLANSIN,"Aile, Çocuk ve Nesil",aile
26.06.2020,YUVALARIMIZ KUR’AN İLE AYDINLANSIN,"Aile, Çocuk ve Nesil",emanet
26.06.2020,YUVALARIMIZ KUR’AN İLE AYDINLANSIN,"Aile, Çocuk ve Nesil",gençlik
26.06.2020,YUVALARIMIZ KUR’AN İLE AYDINLANSIN,"Aile, Çocuk ve Nesil",üniversite sınavı
03.07.2020,SABRIN SONU SELAMETTİR,"Sabır, Tevekkül ve Manevi Olgunluk",sabır
03.07.2020,SABRIN SONU SELAMETTİR,"Sabır, Tevekkül ve Manevi Olgunluk",dünya hayatı
03.07.2020,SABRIN SONU SELAMETTİR,"Sabır, Tevekkül ve Manevi Olgunluk",yolculuk
03.07.2020,SABRIN SONU SELAMETTİR,"Sabır, Tevekkül ve Manevi Olgunluk",imtihan
03.07.2020,SABRIN SONU SELAMETTİR,"Sabır, Tevekkül ve Manevi Olgunluk",mükâfat
03.07.2020,SABRIN SONU SELAMETTİR,"Sabır, Tevekkül ve Manevi Olgunluk",tevekkül
10.07.2020,15 TEMMUZ VE BİRLİK RUHU,"Vatan, Millet ve Tarih",15 temmuz
10.07.2020,15 TEMMUZ VE BİRLİK RUHU,"Vatan, Millet ve Tarih",darbe girişimi
10.07.2020,15 TEMMUZ VE BİRLİK RUHU,"Vatan, Millet ve Tarih",ihanet
10.07.2020,15 TEMMUZ VE BİRLİK RUHU,"Vatan, Millet ve Tarih",birlik ve beraberlik
10.07.2020,15 TEMMUZ VE BİRLİK RUHU,"Vatan, Millet ve Tarih",şehitlik
10.07.2020,15 TEMMUZ VE BİRLİK RUHU,"Vatan, Millet ve Tarih",vatan sevgisi
17.07.2020,"KURBANINI PAYLAŞ, KARDEŞİNLE YAKINLAŞ","Ramazan, Oruç ve Bayramlar",kurban bayramı
17.07.2020,"KURBANINI PAYLAŞ, KARDEŞİNLE YAKINLAŞ","Ramazan, Oruç ve Bayramlar",kurban kesmek
17.07.2020,"KURBANINI PAYLAŞ, KARDEŞİNLE YAKINLAŞ","Ramazan, Oruç ve Bayramlar",paylaşma
17.07.2020,"KURBANINI PAYLAŞ, KARDEŞİNLE YAKINLAŞ","Ramazan, Oruç ve Bayramlar",kardeşlik
17.07.2020,"KURBANINI PAYLAŞ, KARDEŞİNLE YAKINLAŞ","Ramazan, Oruç ve Bayramlar",ibadet
17.07.2020,"KURBANINI PAYLAŞ, KARDEŞİNLE YAKINLAŞ","Ramazan, Oruç ve Bayramlar",dayanışma
24.07.2020,"AYASOFYA: FETHİN NİŞANESİ, FATİH’İN EMANETİ",İbadet ve Kulluk,ayasofya
24.07.2020,"AYASOFYA: FETHİN NİŞANESİ, FATİH’İN EMANETİ",İbadet ve Kulluk,fetih
24.07.2020,"AYASOFYA: FETHİN NİŞANESİ, FATİH’İN EMANETİ",İbadet ve Kulluk,fatih sultan mehmet
24.07.2020,"AYASOFYA: FETHİN NİŞANESİ, FATİH’İN EMANETİ",İbadet ve Kulluk,cami
24.07.2020,"AYASOFYA: FETHİN NİŞANESİ, FATİH’İN EMANETİ",İbadet ve Kulluk,tarih bilinci
24.07.2020,"AYASOFYA: FETHİN NİŞANESİ, FATİH’İN EMANETİ",İbadet ve Kulluk,müjde hadisi
31.07.2020,KURBAN BAYRAMI: TAKVA YOLCULUĞU,"Ramazan, Oruç ve Bayramlar",kurban bayramı
31.07.2020,KURBAN BAYRAMI: TAKVA YOLCULUĞU,"Ramazan, Oruç ve Bayramlar",kevser suresi
31.07.2020,KURBAN BAYRAMI: TAKVA YOLCULUĞU,"Ramazan, Oruç ve Bayramlar",bayram namazı
31.07.2020,KURBAN BAYRAMI: TAKVA YOLCULUĞU,"Ramazan, Oruç ve Bayramlar",takva
31.07.2020,KURBAN BAYRAMI: TAKVA YOLCULUĞU,"Ramazan, Oruç ve Bayramlar",sünnet
31.07.2020,KURBAN BAYRAMI: TAKVA YOLCULUĞU,"Ramazan, Oruç ve Bayramlar",bayram tebriği
07.08.2020,"MÜMİNCE BİR DUYARLILIK: İYİLİĞİ EMRETMEK, KÖTÜLÜKTEN SAKINDIRMAK","Toplumsal Dayanışma, Merhamet ve Kardeşlik",iyiliği emretmek
07.08.2020,"MÜMİNCE BİR DUYARLILIK: İYİLİĞİ EMRETMEK, KÖTÜLÜKTEN SAKINDIRMAK","Toplumsal Dayanışma, Merhamet ve Kardeşlik",kötülükten sakındırmak
07.08.2020,"MÜMİNCE BİR DUYARLILIK: İYİLİĞİ EMRETMEK, KÖTÜLÜKTEN SAKINDIRMAK","Toplumsal Dayanışma, Merhamet ve Kardeşlik",toplumsal sorumluluk
07.08.2020,"MÜMİNCE BİR DUYARLILIK: İYİLİĞİ EMRETMEK, KÖTÜLÜKTEN SAKINDIRMAK","Toplumsal Dayanışma, Merhamet ve Kardeşlik",salgın tedbirleri
07.08.2020,"MÜMİNCE BİR DUYARLILIK: İYİLİĞİ EMRETMEK, KÖTÜLÜKTEN SAKINDIRMAK","Toplumsal Dayanışma, Merhamet ve Kardeşlik",ahlak
07.08.2020,"MÜMİNCE BİR DUYARLILIK: İYİLİĞİ EMRETMEK, KÖTÜLÜKTEN SAKINDIRMAK","Toplumsal Dayanışma, Merhamet ve Kardeşlik",dayanışma
14.08.2020,ŞÜKREDEN HUZUR BULUR,"Sabır, Tevekkül ve Manevi Olgunluk",şükür
14.08.2020,ŞÜKREDEN HUZUR BULUR,"Sabır, Tevekkül ve Manevi Olgunluk",nimet
14.08.2020,ŞÜKREDEN HUZUR BULUR,"Sabır, Tevekkül ve Manevi Olgunluk",hz. âişe
14.08.2020,ŞÜKREDEN HUZUR BULUR,"Sabır, Tevekkül ve Manevi Olgunluk",huzur
14.08.2020,ŞÜKREDEN HUZUR BULUR,"Sabır, Tevekkül ve Manevi Olgunluk",kulluk
14.08.2020,ŞÜKREDEN HUZUR BULUR,"Sabır, Tevekkül ve Manevi Olgunluk",nankörlük
21.08.2020,"MÜMİN: HAKKIN TEMSİLCİSİ, HAKİKATİN DAVETÇİSİ","Sabır, Tevekkül ve Manevi Olgunluk",tebliğ
21.08.2020,"MÜMİN: HAKKIN TEMSİLCİSİ, HAKİKATİN DAVETÇİSİ","Sabır, Tevekkül ve Manevi Olgunluk",emr-i bi'l-maruf
21.08.2020,"MÜMİN: HAKKIN TEMSİLCİSİ, HAKİKATİN DAVETÇİSİ","Sabır, Tevekkül ve Manevi Olgunluk",ilk vahiy
21.08.2020,"MÜMİN: HAKKIN TEMSİLCİSİ, HAKİKATİN DAVETÇİSİ","Sabır, Tevekkül ve Manevi Olgunluk",sorumluluk
21.08.2020,"MÜMİN: HAKKIN TEMSİLCİSİ, HAKİKATİN DAVETÇİSİ","Sabır, Tevekkül ve Manevi Olgunluk",salgın tedbirleri
21.08.2020,"MÜMİN: HAKKIN TEMSİLCİSİ, HAKİKATİN DAVETÇİSİ","Sabır, Tevekkül ve Manevi Olgunluk",hakikat
28.08.2020,ALLAH’IN DİNİNİ YÜCELTME GAYRETİ,"Vatan, Millet ve Tarih",30 ağustos
28.08.2020,ALLAH’IN DİNİNİ YÜCELTME GAYRETİ,"Vatan, Millet ve Tarih",zafer bayramı
28.08.2020,ALLAH’IN DİNİNİ YÜCELTME GAYRETİ,"Vatan, Millet ve Tarih",kurtuluş savaşı
28.08.2020,ALLAH’IN DİNİNİ YÜCELTME GAYRETİ,"Vatan, Millet ve Tarih",şehitlik
28.08.2020,ALLAH’IN DİNİNİ YÜCELTME GAYRETİ,"Vatan, Millet ve Tarih",vatan
28.08.2020,ALLAH’IN DİNİNİ YÜCELTME GAYRETİ,"Vatan, Millet ve Tarih",tarih bilinci
04.09.2020,"İSLAM, TEMİZLİĞİ EMREDER","Afet, Kriz ve Sağlık",temizlik
04.09.2020,"İSLAM, TEMİZLİĞİ EMREDER","Afet, Kriz ve Sağlık",iman
04.09.2020,"İSLAM, TEMİZLİĞİ EMREDER","Afet, Kriz ve Sağlık",hijyen
04.09.2020,"İSLAM, TEMİZLİĞİ EMREDER","Afet, Kriz ve Sağlık",salgın tedbirleri
04.09.2020,"İSLAM, TEMİZLİĞİ EMREDER","Afet, Kriz ve Sağlık",maske
04.09.2020,"İSLAM, TEMİZLİĞİ EMREDER","Afet, Kriz ve Sağlık",toplum sağlığı
11.09.2020,DİN İSTİSMARINA KARŞI FERASETLİ VE BASİRETLİ OLALIM,Kur'an-ı Kerim,din istismarı
11.09.2020,DİN İSTİSMARINA KARŞI FERASETLİ VE BASİRETLİ OLALIM,Kur'an-ı Kerim,feraset
11.09.2020,DİN İSTİSMARINA KARŞI FERASETLİ VE BASİRETLİ OLALIM,Kur'an-ı Kerim,kur'an ve sünnet
11.09.2020,DİN İSTİSMARINA KARŞI FERASETLİ VE BASİRETLİ OLALIM,Kur'an-ı Kerim,güvenilir kaynak
11.09.2020,DİN İSTİSMARINA KARŞI FERASETLİ VE BASİRETLİ OLALIM,Kur'an-ı Kerim,basiret
11.09.2020,DİN İSTİSMARINA KARŞI FERASETLİ VE BASİRETLİ OLALIM,Kur'an-ı Kerim,dini bilgi
18.09.2020,BEREKET: MANEVİ BOLLUK,"Sabır, Tevekkül ve Manevi Olgunluk",bereket
18.09.2020,BEREKET: MANEVİ BOLLUK,"Sabır, Tevekkül ve Manevi Olgunluk",manevi bolluk
18.09.2020,BEREKET: MANEVİ BOLLUK,"Sabır, Tevekkül ve Manevi Olgunluk",cömertlik
18.09.2020,BEREKET: MANEVİ BOLLUK,"Sabır, Tevekkül ve Manevi Olgunluk",niyet
18.09.2020,BEREKET: MANEVİ BOLLUK,"Sabır, Tevekkül ve Manevi Olgunluk",rızık
18.09.2020,BEREKET: MANEVİ BOLLUK,"Sabır, Tevekkül ve Manevi Olgunluk",hırs
25.09.2020,CAMİ VE İLİM,İbadet ve Kulluk,cami
25.09.2020,CAMİ VE İLİM,İbadet ve Kulluk,ilim
25.09.2020,CAMİ VE İLİM,İbadet ve Kulluk,mescid-i nebevi
25.09.2020,CAMİ VE İLİM,İbadet ve Kulluk,hicret
25.09.2020,CAMİ VE İLİM,İbadet ve Kulluk,camiler haftası
25.09.2020,CAMİ VE İLİM,İbadet ve Kulluk,eğitim
02.10.2020,MURAKABE VE MUHASEBE BİLİNCİ,"Sabır, Tevekkül ve Manevi Olgunluk",murakabe
02.10.2020,MURAKABE VE MUHASEBE BİLİNCİ,"Sabır, Tevekkül ve Manevi Olgunluk",muhasebe
02.10.2020,MURAKABE VE MUHASEBE BİLİNCİ,"Sabır, Tevekkül ve Manevi Olgunluk",ihsan
02.10.2020,MURAKABE VE MUHASEBE BİLİNCİ,"Sabır, Tevekkül ve Manevi Olgunluk",allah'ın gözetimi
02.10.2020,MURAKABE VE MUHASEBE BİLİNCİ,"Sabır, Tevekkül ve Manevi Olgunluk",salgın
02.10.2020,MURAKABE VE MUHASEBE BİLİNCİ,"Sabır, Tevekkül ve Manevi Olgunluk",sağlık çalışanları
09.10.2020,MÜMİNİN YUMUŞAK HUYLULUĞU,"Toplumsal Dayanışma, Merhamet ve Kardeşlik",güzel ahlak
09.10.2020,MÜMİNİN YUMUŞAK HUYLULUĞU,"Toplumsal Dayanışma, Merhamet ve Kardeşlik",yumuşak huyluluk
09.10.2020,MÜMİNİN YUMUŞAK HUYLULUĞU,"Toplumsal Dayanışma, Merhamet ve Kardeşlik",komşuluk
09.10.2020,MÜMİNİN YUMUŞAK HUYLULUĞU,"Toplumsal Dayanışma, Merhamet ve Kardeşlik",merhamet
09.10.2020,MÜMİNİN YUMUŞAK HUYLULUĞU,"Toplumsal Dayanışma, Merhamet ve Kardeşlik",azerbaycan
09.10.2020,MÜMİNİN YUMUŞAK HUYLULUĞU,"Toplumsal Dayanışma, Merhamet ve Kardeşlik",şehitlik
16.10.2020,"CAMİ: ALLAH’IN EVİ, MÜMİNLERİN ESERİ",İbadet ve Kulluk,cami
16.10.2020,"CAMİ: ALLAH’IN EVİ, MÜMİNLERİN ESERİ",İbadet ve Kulluk,mescit imarı
16.10.2020,"CAMİ: ALLAH’IN EVİ, MÜMİNLERİN ESERİ",İbadet ve Kulluk,namaz
16.10.2020,"CAMİ: ALLAH’IN EVİ, MÜMİNLERİN ESERİ",İbadet ve Kulluk,hayır hizmeti
16.10.2020,"CAMİ: ALLAH’IN EVİ, MÜMİNLERİN ESERİ",İbadet ve Kulluk,cennet müjdesi
16.10.2020,"CAMİ: ALLAH’IN EVİ, MÜMİNLERİN ESERİ",İbadet ve Kulluk,hizmet
23.10.2020,MEVLİD-İ NEBİ,Peygamberimiz ve Ashab,mevlid-i nebi
23.10.2020,MEVLİD-İ NEBİ,Peygamberimiz ve Ashab,peygamber sevgisi
23.10.2020,MEVLİD-İ NEBİ,Peygamberimiz ve Ashab,itaat
23.10.2020,MEVLİD-İ NEBİ,Peygamberimiz ve Ashab,örnek şahsiyet
23.10.2020,MEVLİD-İ NEBİ,Peygamberimiz ve Ashab,çocukla iletişim
23.10.2020,MEVLİD-İ NEBİ,Peygamberimiz ve Ashab,doğum haftası
30.10.2020,PEYGAMBERİMİZ VE ÇOCUK,"Aile, Çocuk ve Nesil",çocuk sevgisi
30.10.2020,PEYGAMBERİMİZ VE ÇOCUK,"Aile, Çocuk ve Nesil",peygamberimiz ve çocuk
30.10.2020,PEYGAMBERİMİZ VE ÇOCUK,"Aile, Çocuk ve Nesil",ahlak eğitimi
30.10.2020,PEYGAMBERİMİZ VE ÇOCUK,"Aile, Çocuk ve Nesil",salih amel
30.10.2020,PEYGAMBERİMİZ VE ÇOCUK,"Aile, Çocuk ve Nesil",şefkat
30.10.2020,PEYGAMBERİMİZ VE ÇOCUK,"Aile, Çocuk ve Nesil",aile
06.11.2020,MÜMİN SORUMLULUK SAHİBİDİR,"İman, Tevhid ve Ahiret",sorumluluk bilinci
06.11.2020,MÜMİN SORUMLULUK SAHİBİDİR,"İman, Tevhid ve Ahiret",kulluk
06.11.2020,MÜMİN SORUMLULUK SAHİBİDİR,"İman, Tevhid ve Ahiret",ağaçlandırma
06.11.2020,MÜMİN SORUMLULUK SAHİBİDİR,"İman, Tevhid ve Ahiret",çevre
06.11.2020,MÜMİN SORUMLULUK SAHİBİDİR,"İman, Tevhid ve Ahiret",fidan kampanyası
06.11.2020,MÜMİN SORUMLULUK SAHİBİDİR,"İman, Tevhid ve Ahiret",haklar ve ödevler
13.11.2020,"ABDEST: BEDENİMİZE SAĞLIK, RUHUMUZA HUZUR",İbadet ve Kulluk,abdest
13.11.2020,"ABDEST: BEDENİMİZE SAĞLIK, RUHUMUZA HUZUR",İbadet ve Kulluk,temizlik
13.11.2020,"ABDEST: BEDENİMİZE SAĞLIK, RUHUMUZA HUZUR",İbadet ve Kulluk,namaz
13.11.2020,"ABDEST: BEDENİMİZE SAĞLIK, RUHUMUZA HUZUR",İbadet ve Kulluk,hijyen
13.11.2020,"ABDEST: BEDENİMİZE SAĞLIK, RUHUMUZA HUZUR",İbadet ve Kulluk,ruh sağlığı
13.11.2020,"ABDEST: BEDENİMİZE SAĞLIK, RUHUMUZA HUZUR",İbadet ve Kulluk,ibadet
20.11.2020,CENNET: MÜMİNLERİ BEKLEYEN SONSUZ NİMET,"Sabır, Tevekkül ve Manevi Olgunluk",cennet
20.11.2020,CENNET: MÜMİNLERİ BEKLEYEN SONSUZ NİMET,"Sabır, Tevekkül ve Manevi Olgunluk",salih amel
20.11.2020,CENNET: MÜMİNLERİ BEKLEYEN SONSUZ NİMET,"Sabır, Tevekkül ve Manevi Olgunluk",imtihan
20.11.2020,CENNET: MÜMİNLERİ BEKLEYEN SONSUZ NİMET,"Sabır, Tevekkül ve Manevi Olgunluk",ahiret
20.11.2020,CENNET: MÜMİNLERİ BEKLEYEN SONSUZ NİMET,"Sabır, Tevekkül ve Manevi Olgunluk",ibadet
20.11.2020,CENNET: MÜMİNLERİ BEKLEYEN SONSUZ NİMET,"Sabır, Tevekkül ve Manevi Olgunluk",salgın tedbirleri
27.11.2020,FAYDASIZ İŞLERİ TERK ETMEK KULLUĞUN GÜZELLİĞİNDENDİR,"Ekonomik Hayat: Kazanç, Zekat ve İsraf",faydasız işler
27.11.2020,FAYDASIZ İŞLERİ TERK ETMEK KULLUĞUN GÜZELLİĞİNDENDİR,"Ekonomik Hayat: Kazanç, Zekat ve İsraf",zaman yönetimi
27.11.2020,FAYDASIZ İŞLERİ TERK ETMEK KULLUĞUN GÜZELLİĞİNDENDİR,"Ekonomik Hayat: Kazanç, Zekat ve İsraf",kulluğun güzelliği
27.11.2020,FAYDASIZ İŞLERİ TERK ETMEK KULLUĞUN GÜZELLİĞİNDENDİR,"Ekonomik Hayat: Kazanç, Zekat ve İsraf",söz israfı
27.11.2020,FAYDASIZ İŞLERİ TERK ETMEK KULLUĞUN GÜZELLİĞİNDENDİR,"Ekonomik Hayat: Kazanç, Zekat ve İsraf",özeleştiri
27.11.2020,FAYDASIZ İŞLERİ TERK ETMEK KULLUĞUN GÜZELLİĞİNDENDİR,"Ekonomik Hayat: Kazanç, Zekat ve İsraf",ahlak
04.12.2020,ENGELLİLİK: CENNETE KAVUŞTURAN İMTİHAN,"Toplumsal Dayanışma, Merhamet ve Kardeşlik",engellilik
04.12.2020,ENGELLİLİK: CENNETE KAVUŞTURAN İMTİHAN,"Toplumsal Dayanışma, Merhamet ve Kardeşlik",takva
04.12.2020,ENGELLİLİK: CENNETE KAVUŞTURAN İMTİHAN,"Toplumsal Dayanışma, Merhamet ve Kardeşlik",imtihan
04.12.2020,ENGELLİLİK: CENNETE KAVUŞTURAN İMTİHAN,"Toplumsal Dayanışma, Merhamet ve Kardeşlik",toplumsal duyarlılık
04.12.2020,ENGELLİLİK: CENNETE KAVUŞTURAN İMTİHAN,"Toplumsal Dayanışma, Merhamet ve Kardeşlik",karabağ şehitleri
04.12.2020,ENGELLİLİK: CENNETE KAVUŞTURAN İMTİHAN,"Toplumsal Dayanışma, Merhamet ve Kardeşlik",merhamet
11.12.2020,SU: HAYAT VE ŞİFA KAYNAĞIMIZ,"Afet, Kriz ve Sağlık",su
11.12.2020,SU: HAYAT VE ŞİFA KAYNAĞIMIZ,"Afet, Kriz ve Sağlık",israf
11.12.2020,SU: HAYAT VE ŞİFA KAYNAĞIMIZ,"Afet, Kriz ve Sağlık",şükür
11.12.2020,SU: HAYAT VE ŞİFA KAYNAĞIMIZ,"Afet, Kriz ve Sağlık",yağmur duası
11.12.2020,SU: HAYAT VE ŞİFA KAYNAĞIMIZ,"Afet, Kriz ve Sağlık",kuraklık
11.12.2020,SU: HAYAT VE ŞİFA KAYNAĞIMIZ,"Afet, Kriz ve Sağlık",nimet
18.12.2020,MÜMİN HER İŞİNDE MUTEDİLDİR,"Sabır, Tevekkül ve Manevi Olgunluk",itidal
18.12.2020,MÜMİN HER İŞİNDE MUTEDİLDİR,"Sabır, Tevekkül ve Manevi Olgunluk",denge
18.12.2020,MÜMİN HER İŞİNDE MUTEDİLDİR,"Sabır, Tevekkül ve Manevi Olgunluk",orta yol
18.12.2020,MÜMİN HER İŞİNDE MUTEDİLDİR,"Sabır, Tevekkül ve Manevi Olgunluk",aşırılıktan kaçınma
18.12.2020,MÜMİN HER İŞİNDE MUTEDİLDİR,"Sabır, Tevekkül ve Manevi Olgunluk",dünya-ahiret dengesi
18.12.2020,MÜMİN HER İŞİNDE MUTEDİLDİR,"Sabır, Tevekkül ve Manevi Olgunluk",istikamet
25.12.2020,İÇKİ: KÖTÜLÜĞÜN ZEHİRLİ ARKADAŞI,"Ekonomik Hayat: Kazanç, Zekat ve İsraf",içki
25.12.2020,İÇKİ: KÖTÜLÜĞÜN ZEHİRLİ ARKADAŞI,"Ekonomik Hayat: Kazanç, Zekat ve İsraf",haram
25.12.2020,İÇKİ: KÖTÜLÜĞÜN ZEHİRLİ ARKADAŞI,"Ekonomik Hayat: Kazanç, Zekat ve İsraf",zararlı alışkanlıklar
25.12.2020,İÇKİ: KÖTÜLÜĞÜN ZEHİRLİ ARKADAŞI,"Ekonomik Hayat: Kazanç, Zekat ve İsraf",sağlık
25.12.2020,İÇKİ: KÖTÜLÜĞÜN ZEHİRLİ ARKADAŞI,"Ekonomik Hayat: Kazanç, Zekat ve İsraf",toplumsal zarar
25.12.2020,İÇKİ: KÖTÜLÜĞÜN ZEHİRLİ ARKADAŞI,"Ekonomik Hayat: Kazanç, Zekat ve İsraf",koruyucu ilkeler
01.01.2021,"GEÇMİŞİN MUHASEBESİ, GELECEĞİN İMARI","İman, Tevhid ve Ahiret",yeni yıl
01.01.2021,"GEÇMİŞİN MUHASEBESİ, GELECEĞİN İMARI","İman, Tevhid ve Ahiret",muhasebe
01.01.2021,"GEÇMİŞİN MUHASEBESİ, GELECEĞİN İMARI","İman, Tevhid ve Ahiret",tövbe
01.01.2021,"GEÇMİŞİN MUHASEBESİ, GELECEĞİN İMARI","İman, Tevhid ve Ahiret",hesap günü
01.01.2021,"GEÇMİŞİN MUHASEBESİ, GELECEĞİN İMARI","İman, Tevhid ve Ahiret",umut
01.01.2021,"GEÇMİŞİN MUHASEBESİ, GELECEĞİN İMARI","İman, Tevhid ve Ahiret",dayanışma
08.01.2021,FÂTİHA SÛRESİ: KUR’AN’IN MUKADDİMESİ,İbadet ve Kulluk,fâtiha suresi
08.01.2021,FÂTİHA SÛRESİ: KUR’AN’IN MUKADDİMESİ,İbadet ve Kulluk,kur’an
08.01.2021,FÂTİHA SÛRESİ: KUR’AN’IN MUKADDİMESİ,İbadet ve Kulluk,namaz
08.01.2021,FÂTİHA SÛRESİ: KUR’AN’IN MUKADDİMESİ,İbadet ve Kulluk,din eğitimi
08.01.2021,FÂTİHA SÛRESİ: KUR’AN’IN MUKADDİMESİ,İbadet ve Kulluk,seçmeli dersler
08.01.2021,FÂTİHA SÛRESİ: KUR’AN’IN MUKADDİMESİ,İbadet ve Kulluk,dua
15.01.2021,MİRAS: HER HAK SAHİBİNE HAKKINI VERMEK,"Toplumsal Dayanışma, Merhamet ve Kardeşlik",miras
15.01.2021,MİRAS: HER HAK SAHİBİNE HAKKINI VERMEK,"Toplumsal Dayanışma, Merhamet ve Kardeşlik",hak sahibi
15.01.2021,MİRAS: HER HAK SAHİBİNE HAKKINI VERMEK,"Toplumsal Dayanışma, Merhamet ve Kardeşlik",adalet
15.01.2021,MİRAS: HER HAK SAHİBİNE HAKKINI VERMEK,"Toplumsal Dayanışma, Merhamet ve Kardeşlik",aile hukuku
15.01.2021,MİRAS: HER HAK SAHİBİNE HAKKINI VERMEK,"Toplumsal Dayanışma, Merhamet ve Kardeşlik",paylaşım
15.01.2021,MİRAS: HER HAK SAHİBİNE HAKKINI VERMEK,"Toplumsal Dayanışma, Merhamet ve Kardeşlik",insaf
22.01.2021,AKLIN İBADETİ: TEFEKKÜR,İbadet ve Kulluk,tefekkür
22.01.2021,AKLIN İBADETİ: TEFEKKÜR,İbadet ve Kulluk,akıl
22.01.2021,AKLIN İBADETİ: TEFEKKÜR,İbadet ve Kulluk,ibadet
22.01.2021,AKLIN İBADETİ: TEFEKKÜR,İbadet ve Kulluk,hakikat arayışı
22.01.2021,AKLIN İBADETİ: TEFEKKÜR,İbadet ve Kulluk,ahirete hazırlık
22.01.2021,AKLIN İBADETİ: TEFEKKÜR,İbadet ve Kulluk,zikir
29.01.2021,HAYVANLARA MERHAMET: DİNÎ VE İNSANÎ SORUMLULUĞUMUZ,"Ahlak, Erdem ve Söz",hayvan hakları
29.01.2021,HAYVANLARA MERHAMET: DİNÎ VE İNSANÎ SORUMLULUĞUMUZ,"Ahlak, Erdem ve Söz",merhamet
29.01.2021,HAYVANLARA MERHAMET: DİNÎ VE İNSANÎ SORUMLULUĞUMUZ,"Ahlak, Erdem ve Söz",hayvanlara iyilik
29.01.2021,HAYVANLARA MERHAMET: DİNÎ VE İNSANÎ SORUMLULUĞUMUZ,"Ahlak, Erdem ve Söz",dini sorumluluk
29.01.2021,HAYVANLARA MERHAMET: DİNÎ VE İNSANÎ SORUMLULUĞUMUZ,"Ahlak, Erdem ve Söz",kış şartları
29.01.2021,HAYVANLARA MERHAMET: DİNÎ VE İNSANÎ SORUMLULUĞUMUZ,"Ahlak, Erdem ve Söz",vicdan
05.02.2021,GENÇLERİMİZ: EN BÜYÜK İMKÂN VE ZENGİNLİĞİMİZ,"İman, Tevhid ve Ahiret",gençlik
05.02.2021,GENÇLERİMİZ: EN BÜYÜK İMKÂN VE ZENGİNLİĞİMİZ,"İman, Tevhid ve Ahiret",kıymet bilme
05.02.2021,GENÇLERİMİZ: EN BÜYÜK İMKÂN VE ZENGİNLİĞİMİZ,"İman, Tevhid ve Ahiret",ashâb-ı kehf
05.02.2021,GENÇLERİMİZ: EN BÜYÜK İMKÂN VE ZENGİNLİĞİMİZ,"İman, Tevhid ve Ahiret",rehberlik
05.02.2021,GENÇLERİMİZ: EN BÜYÜK İMKÂN VE ZENGİNLİĞİMİZ,"İman, Tevhid ve Ahiret",potansiyel
05.02.2021,GENÇLERİMİZ: EN BÜYÜK İMKÂN VE ZENGİNLİĞİMİZ,"İman, Tevhid ve Ahiret",ahiret saadeti
12.02.2021,MANEVÎ HUZUR İKLİMİNE GİRERKEN,"Ramazan, Oruç ve Bayramlar",üç aylar
12.02.2021,MANEVÎ HUZUR İKLİMİNE GİRERKEN,"Ramazan, Oruç ve Bayramlar",receb ayı
12.02.2021,MANEVÎ HUZUR İKLİMİNE GİRERKEN,"Ramazan, Oruç ve Bayramlar",regâib gecesi
12.02.2021,MANEVÎ HUZUR İKLİMİNE GİRERKEN,"Ramazan, Oruç ve Bayramlar",mağfiret
12.02.2021,MANEVÎ HUZUR İKLİMİNE GİRERKEN,"Ramazan, Oruç ve Bayramlar",manevi iklim
12.02.2021,MANEVÎ HUZUR İKLİMİNE GİRERKEN,"Ramazan, Oruç ve Bayramlar",ramazan’a hazırlık
19.02.2021,İMANIN TADINA ERMEK: ALLAH VE RESÛLÜ’NÜ SEVMEK,"Vatan, Millet ve Tarih",sevgi
19.02.2021,İMANIN TADINA ERMEK: ALLAH VE RESÛLÜ’NÜ SEVMEK,"Vatan, Millet ve Tarih",iman
19.02.2021,İMANIN TADINA ERMEK: ALLAH VE RESÛLÜ’NÜ SEVMEK,"Vatan, Millet ve Tarih",allah ve resul sevgisi
19.02.2021,İMANIN TADINA ERMEK: ALLAH VE RESÛLÜ’NÜ SEVMEK,"Vatan, Millet ve Tarih",vedûd
19.02.2021,İMANIN TADINA ERMEK: ALLAH VE RESÛLÜ’NÜ SEVMEK,"Vatan, Millet ve Tarih",şehitlik
19.02.2021,İMANIN TADINA ERMEK: ALLAH VE RESÛLÜ’NÜ SEVMEK,"Vatan, Millet ve Tarih",gönül bağı
26.02.2021,ZOR ZAMANLARDA MANEVİYATIMIZDAN DESTEK ALMAK,"Sabır, Tevekkül ve Manevi Olgunluk",sabır
26.02.2021,ZOR ZAMANLARDA MANEVİYATIMIZDAN DESTEK ALMAK,"Sabır, Tevekkül ve Manevi Olgunluk",dua
26.02.2021,ZOR ZAMANLARDA MANEVİYATIMIZDAN DESTEK ALMAK,"Sabır, Tevekkül ve Manevi Olgunluk",tevekkül
26.02.2021,ZOR ZAMANLARDA MANEVİYATIMIZDAN DESTEK ALMAK,"Sabır, Tevekkül ve Manevi Olgunluk",zorluklarla mücadele
26.02.2021,ZOR ZAMANLARDA MANEVİYATIMIZDAN DESTEK ALMAK,"Sabır, Tevekkül ve Manevi Olgunluk",maneviyat
26.02.2021,ZOR ZAMANLARDA MANEVİYATIMIZDAN DESTEK ALMAK,"Sabır, Tevekkül ve Manevi Olgunluk",tefekkür
05.03.2021,İSRÂ VE MİRAÇ,"Vatan, Millet ve Tarih",i̇srâ ve miraç
05.03.2021,İSRÂ VE MİRAÇ,"Vatan, Millet ve Tarih",mucize
05.03.2021,İSRÂ VE MİRAÇ,"Vatan, Millet ve Tarih",mescid-i aksa
05.03.2021,İSRÂ VE MİRAÇ,"Vatan, Millet ve Tarih",manevi gece
05.03.2021,İSRÂ VE MİRAÇ,"Vatan, Millet ve Tarih",şehitlik
05.03.2021,İSRÂ VE MİRAÇ,"Vatan, Millet ve Tarih",dua
12.03.2021,İSTİKLÂL MARŞI: HAKKIDIR HAKKA TAPAN MİLLETİMİN İSTİKLÂL!,"Vatan, Millet ve Tarih",i̇stiklal marşı
12.03.2021,İSTİKLÂL MARŞI: HAKKIDIR HAKKA TAPAN MİLLETİMİN İSTİKLÂL!,"Vatan, Millet ve Tarih",bağımsızlık
12.03.2021,İSTİKLÂL MARŞI: HAKKIDIR HAKKA TAPAN MİLLETİMİN İSTİKLÂL!,"Vatan, Millet ve Tarih",milli mücadele
12.03.2021,İSTİKLÂL MARŞI: HAKKIDIR HAKKA TAPAN MİLLETİMİN İSTİKLÂL!,"Vatan, Millet ve Tarih",şehitlik
12.03.2021,İSTİKLÂL MARŞI: HAKKIDIR HAKKA TAPAN MİLLETİMİN İSTİKLÂL!,"Vatan, Millet ve Tarih",vatan sevgisi
12.03.2021,İSTİKLÂL MARŞI: HAKKIDIR HAKKA TAPAN MİLLETİMİN İSTİKLÂL!,"Vatan, Millet ve Tarih",zafer
19.03.2021,"ANNE-BABA RIZASI, RABBİMİZİN RIZASINA VESİLEDİR","Aile, Çocuk ve Nesil",anne baba hakkı
19.03.2021,"ANNE-BABA RIZASI, RABBİMİZİN RIZASINA VESİLEDİR","Aile, Çocuk ve Nesil",aile
19.03.2021,"ANNE-BABA RIZASI, RABBİMİZİN RIZASINA VESİLEDİR","Aile, Çocuk ve Nesil",saygı
19.03.2021,"ANNE-BABA RIZASI, RABBİMİZİN RIZASINA VESİLEDİR","Aile, Çocuk ve Nesil",vefa
19.03.2021,"ANNE-BABA RIZASI, RABBİMİZİN RIZASINA VESİLEDİR","Aile, Çocuk ve Nesil",allah rızası
19.03.2021,"ANNE-BABA RIZASI, RABBİMİZİN RIZASINA VESİLEDİR","Aile, Çocuk ve Nesil",yaşlılara bakım
26.03.2021,BERAT GECESİ: AF VE MAĞFİRET GECESİ,"Afet, Kriz ve Sağlık",berat gecesi
26.03.2021,BERAT GECESİ: AF VE MAĞFİRET GECESİ,"Afet, Kriz ve Sağlık",af ve mağfiret
26.03.2021,BERAT GECESİ: AF VE MAĞFİRET GECESİ,"Afet, Kriz ve Sağlık",hz. âişe
26.03.2021,BERAT GECESİ: AF VE MAĞFİRET GECESİ,"Afet, Kriz ve Sağlık",ramazan’a hazırlık
26.03.2021,BERAT GECESİ: AF VE MAĞFİRET GECESİ,"Afet, Kriz ve Sağlık",dua
26.03.2021,BERAT GECESİ: AF VE MAĞFİRET GECESİ,"Afet, Kriz ve Sağlık",salgın
02.04.2021,BİRBİRİMİZİN FARKINDA OLALIM,"Toplumsal Dayanışma, Merhamet ve Kardeşlik",engellilik farkındalığı
02.04.2021,BİRBİRİMİZİN FARKINDA OLALIM,"Toplumsal Dayanışma, Merhamet ve Kardeşlik",otizm
02.04.2021,BİRBİRİMİZİN FARKINDA OLALIM,"Toplumsal Dayanışma, Merhamet ve Kardeşlik",down sendromu
02.04.2021,BİRBİRİMİZİN FARKINDA OLALIM,"Toplumsal Dayanışma, Merhamet ve Kardeşlik",empati
02.04.2021,BİRBİRİMİZİN FARKINDA OLALIM,"Toplumsal Dayanışma, Merhamet ve Kardeşlik",imtihan
02.04.2021,BİRBİRİMİZİN FARKINDA OLALIM,"Toplumsal Dayanışma, Merhamet ve Kardeşlik",dayanışma
09.04.2021,RAMAZAN: KUTLU MİSAFİR,"Ramazan, Oruç ve Bayramlar",ramazan
09.04.2021,RAMAZAN: KUTLU MİSAFİR,"Ramazan, Oruç ve Bayramlar",oruç
09.04.2021,RAMAZAN: KUTLU MİSAFİR,"Ramazan, Oruç ve Bayramlar",hidayet
09.04.2021,RAMAZAN: KUTLU MİSAFİR,"Ramazan, Oruç ve Bayramlar",kur’an ayı
09.04.2021,RAMAZAN: KUTLU MİSAFİR,"Ramazan, Oruç ve Bayramlar",cennet kapıları
09.04.2021,RAMAZAN: KUTLU MİSAFİR,"Ramazan, Oruç ve Bayramlar",salgından kurtuluş
16.04.2021,ŞİFA AYI RAMAZAN,"Ramazan, Oruç ve Bayramlar",ramazan
16.04.2021,ŞİFA AYI RAMAZAN,"Ramazan, Oruç ve Bayramlar",oruç
16.04.2021,ŞİFA AYI RAMAZAN,"Ramazan, Oruç ve Bayramlar",şifa
16.04.2021,ŞİFA AYI RAMAZAN,"Ramazan, Oruç ve Bayramlar",takva
16.04.2021,ŞİFA AYI RAMAZAN,"Ramazan, Oruç ve Bayramlar",sahur
16.04.2021,ŞİFA AYI RAMAZAN,"Ramazan, Oruç ve Bayramlar",ibadet
23.04.2021,YETİM: CENÂB-I HAKK’IN İNSANLIĞA EMANETİ,"Toplumsal Dayanışma, Merhamet ve Kardeşlik",yetim
23.04.2021,YETİM: CENÂB-I HAKK’IN İNSANLIĞA EMANETİ,"Toplumsal Dayanışma, Merhamet ve Kardeşlik",uhud savaşı
23.04.2021,YETİM: CENÂB-I HAKK’IN İNSANLIĞA EMANETİ,"Toplumsal Dayanışma, Merhamet ve Kardeşlik",merhamet
23.04.2021,YETİM: CENÂB-I HAKK’IN İNSANLIĞA EMANETİ,"Toplumsal Dayanışma, Merhamet ve Kardeşlik",emanet
23.04.2021,YETİM: CENÂB-I HAKK’IN İNSANLIĞA EMANETİ,"Toplumsal Dayanışma, Merhamet ve Kardeşlik",sosyal sorumluluk
23.04.2021,YETİM: CENÂB-I HAKK’IN İNSANLIĞA EMANETİ,"Toplumsal Dayanışma, Merhamet ve Kardeşlik",şefkat
30.04.2021,İNFAK TOPLUMUN ŞİFASIDIR,"Ekonomik Hayat: Kazanç, Zekat ve İsraf",infak
30.04.2021,İNFAK TOPLUMUN ŞİFASIDIR,"Ekonomik Hayat: Kazanç, Zekat ve İsraf",sadaka
30.04.2021,İNFAK TOPLUMUN ŞİFASIDIR,"Ekonomik Hayat: Kazanç, Zekat ve İsraf",yardımlaşma
30.04.2021,İNFAK TOPLUMUN ŞİFASIDIR,"Ekonomik Hayat: Kazanç, Zekat ve İsraf",toplumsal şifa
30.04.2021,İNFAK TOPLUMUN ŞİFASIDIR,"Ekonomik Hayat: Kazanç, Zekat ve İsraf",zekât
30.04.2021,İNFAK TOPLUMUN ŞİFASIDIR,"Ekonomik Hayat: Kazanç, Zekat ve İsraf",dayanışma
07.05.2021,KADİR GECESİ: BİN AYDAN HAYIRLI GECE,İbadet ve Kulluk,kadir gecesi
07.05.2021,KADİR GECESİ: BİN AYDAN HAYIRLI GECE,İbadet ve Kulluk,ramazan
07.05.2021,KADİR GECESİ: BİN AYDAN HAYIRLI GECE,İbadet ve Kulluk,mağfiret
07.05.2021,KADİR GECESİ: BİN AYDAN HAYIRLI GECE,İbadet ve Kulluk,dua
07.05.2021,KADİR GECESİ: BİN AYDAN HAYIRLI GECE,İbadet ve Kulluk,salgın
07.05.2021,KADİR GECESİ: BİN AYDAN HAYIRLI GECE,İbadet ve Kulluk,ibadet
13.05.2021,KUDÜS’ÜN ÖZGÜR OLDUĞU BAYRAMLARA,"Toplumsal Dayanışma, Merhamet ve Kardeşlik",kudüs
13.05.2021,KUDÜS’ÜN ÖZGÜR OLDUĞU BAYRAMLARA,"Toplumsal Dayanışma, Merhamet ve Kardeşlik",bayram
13.05.2021,KUDÜS’ÜN ÖZGÜR OLDUĞU BAYRAMLARA,"Toplumsal Dayanışma, Merhamet ve Kardeşlik",salgın
13.05.2021,KUDÜS’ÜN ÖZGÜR OLDUĞU BAYRAMLARA,"Toplumsal Dayanışma, Merhamet ve Kardeşlik",umut
13.05.2021,KUDÜS’ÜN ÖZGÜR OLDUĞU BAYRAMLARA,"Toplumsal Dayanışma, Merhamet ve Kardeşlik",kardeşlik
13.05.2021,KUDÜS’ÜN ÖZGÜR OLDUĞU BAYRAMLARA,"Toplumsal Dayanışma, Merhamet ve Kardeşlik",dayanışma
14.05.2021,VAKIF: ŞEFKAT VE MERHAMET MEDENİYETİ,"Ekonomik Hayat: Kazanç, Zekat ve İsraf",vakıf
14.05.2021,VAKIF: ŞEFKAT VE MERHAMET MEDENİYETİ,"Ekonomik Hayat: Kazanç, Zekat ve İsraf",sadaka-i câriye
14.05.2021,VAKIF: ŞEFKAT VE MERHAMET MEDENİYETİ,"Ekonomik Hayat: Kazanç, Zekat ve İsraf",hayır kurumları
14.05.2021,VAKIF: ŞEFKAT VE MERHAMET MEDENİYETİ,"Ekonomik Hayat: Kazanç, Zekat ve İsraf",i̇slam medeniyeti
14.05.2021,VAKIF: ŞEFKAT VE MERHAMET MEDENİYETİ,"Ekonomik Hayat: Kazanç, Zekat ve İsraf",hizmet
14.05.2021,VAKIF: ŞEFKAT VE MERHAMET MEDENİYETİ,"Ekonomik Hayat: Kazanç, Zekat ve İsraf",kalıcı hayır
21.05.2021,ZULÜM CEZASIZ KALMAZ,İslam Coğrafyası ve Küresel Meseleler,zulüm
21.05.2021,ZULÜM CEZASIZ KALMAZ,İslam Coğrafyası ve Küresel Meseleler,adalet
21.05.2021,ZULÜM CEZASIZ KALMAZ,İslam Coğrafyası ve Küresel Meseleler,filistin
21.05.2021,ZULÜM CEZASIZ KALMAZ,İslam Coğrafyası ve Küresel Meseleler,mazlumlara destek
21.05.2021,ZULÜM CEZASIZ KALMAZ,İslam Coğrafyası ve Küresel Meseleler,ilahi ceza
21.05.2021,ZULÜM CEZASIZ KALMAZ,İslam Coğrafyası ve Küresel Meseleler,umut
28.05.2021,"YÜCE ALLAH, MÜMİNLERİN YARDIMCISIDIR","Sabır, Tevekkül ve Manevi Olgunluk",hendek savaşı
28.05.2021,"YÜCE ALLAH, MÜMİNLERİN YARDIMCISIDIR","Sabır, Tevekkül ve Manevi Olgunluk",allah’ın yardımı
28.05.2021,"YÜCE ALLAH, MÜMİNLERİN YARDIMCISIDIR","Sabır, Tevekkül ve Manevi Olgunluk",istişare
28.05.2021,"YÜCE ALLAH, MÜMİNLERİN YARDIMCISIDIR","Sabır, Tevekkül ve Manevi Olgunluk",tevekkül
28.05.2021,"YÜCE ALLAH, MÜMİNLERİN YARDIMCISIDIR","Sabır, Tevekkül ve Manevi Olgunluk",mucize
28.05.2021,"YÜCE ALLAH, MÜMİNLERİN YARDIMCISIDIR","Sabır, Tevekkül ve Manevi Olgunluk",sabır
04.06.2021,İSLAM ZARARLI ALIŞKANLIKLARI YASAKLAR,"Aile, Çocuk ve Nesil",zararlı alışkanlıklar
04.06.2021,İSLAM ZARARLI ALIŞKANLIKLARI YASAKLAR,"Aile, Çocuk ve Nesil",helal-haram
04.06.2021,İSLAM ZARARLI ALIŞKANLIKLARI YASAKLAR,"Aile, Çocuk ve Nesil",sağlık
04.06.2021,İSLAM ZARARLI ALIŞKANLIKLARI YASAKLAR,"Aile, Çocuk ve Nesil",gençlik
04.06.2021,İSLAM ZARARLI ALIŞKANLIKLARI YASAKLAR,"Aile, Çocuk ve Nesil",koruyucu tedbir
04.06.2021,İSLAM ZARARLI ALIŞKANLIKLARI YASAKLAR,"Aile, Çocuk ve Nesil",aile bilinci
11.06.2021,AİLEMDE MERHAMET VE HUZUR VAR,"Toplumsal Dayanışma, Merhamet ve Kardeşlik",aile
11.06.2021,AİLEMDE MERHAMET VE HUZUR VAR,"Toplumsal Dayanışma, Merhamet ve Kardeşlik",merhamet
11.06.2021,AİLEMDE MERHAMET VE HUZUR VAR,"Toplumsal Dayanışma, Merhamet ve Kardeşlik",huzur
11.06.2021,AİLEMDE MERHAMET VE HUZUR VAR,"Toplumsal Dayanışma, Merhamet ve Kardeşlik",eşler arası sevgi
11.06.2021,AİLEMDE MERHAMET VE HUZUR VAR,"Toplumsal Dayanışma, Merhamet ve Kardeşlik",rahmân’ın merhameti
11.06.2021,AİLEMDE MERHAMET VE HUZUR VAR,"Toplumsal Dayanışma, Merhamet ve Kardeşlik",toplumsal ahlak
18.06.2021,MÜSLÜMAN ŞAHSİYETİ,"Ahlak, Erdem ve Söz",müslüman şahsiyeti
18.06.2021,MÜSLÜMAN ŞAHSİYETİ,"Ahlak, Erdem ve Söz",kimlik inşası
18.06.2021,MÜSLÜMAN ŞAHSİYETİ,"Ahlak, Erdem ve Söz",ahlak
18.06.2021,MÜSLÜMAN ŞAHSİYETİ,"Ahlak, Erdem ve Söz",değerler
18.06.2021,MÜSLÜMAN ŞAHSİYETİ,"Ahlak, Erdem ve Söz",istikamet
18.06.2021,MÜSLÜMAN ŞAHSİYETİ,"Ahlak, Erdem ve Söz",kişilik gelişimi
25.06.2021,KUR’AN’IN MANEVÎ İKLİMİYLE BULUŞALIM,Kur'an-ı Kerim,kur’an
25.06.2021,KUR’AN’IN MANEVÎ İKLİMİYLE BULUŞALIM,Kur'an-ı Kerim,abdullah b. mesûd
25.06.2021,KUR’AN’IN MANEVÎ İKLİMİYLE BULUŞALIM,Kur'an-ı Kerim,kur’an tilaveti
25.06.2021,KUR’AN’IN MANEVÎ İKLİMİYLE BULUŞALIM,Kur'an-ı Kerim,manevi iklim
25.06.2021,KUR’AN’IN MANEVÎ İKLİMİYLE BULUŞALIM,Kur'an-ı Kerim,öğrenme ve öğretme
25.06.2021,KUR’AN’IN MANEVÎ İKLİMİYLE BULUŞALIM,Kur'an-ı Kerim,ibadet
02.07.2021,DÜĞÜNLERİMİZDE NEBEVÎ ÖLÇÜYE RİAYET EDELİM,"Aile, Çocuk ve Nesil",düğün
02.07.2021,DÜĞÜNLERİMİZDE NEBEVÎ ÖLÇÜYE RİAYET EDELİM,"Aile, Çocuk ve Nesil",evlilik
02.07.2021,DÜĞÜNLERİMİZDE NEBEVÎ ÖLÇÜYE RİAYET EDELİM,"Aile, Çocuk ve Nesil",israf
02.07.2021,DÜĞÜNLERİMİZDE NEBEVÎ ÖLÇÜYE RİAYET EDELİM,"Aile, Çocuk ve Nesil",sadelik
02.07.2021,DÜĞÜNLERİMİZDE NEBEVÎ ÖLÇÜYE RİAYET EDELİM,"Aile, Çocuk ve Nesil",hz. fâtıma ve hz. ali
02.07.2021,DÜĞÜNLERİMİZDE NEBEVÎ ÖLÇÜYE RİAYET EDELİM,"Aile, Çocuk ve Nesil",nebevi ölçü
09.07.2021,"İHANETE KARŞI SADAKATE, CESARETE VE ŞEHADETE ŞAHİDİZ","Vatan, Millet ve Tarih",ihanet
09.07.2021,"İHANETE KARŞI SADAKATE, CESARETE VE ŞEHADETE ŞAHİDİZ","Vatan, Millet ve Tarih",mescid-i dırâr
09.07.2021,"İHANETE KARŞI SADAKATE, CESARETE VE ŞEHADETE ŞAHİDİZ","Vatan, Millet ve Tarih",sadakat
09.07.2021,"İHANETE KARŞI SADAKATE, CESARETE VE ŞEHADETE ŞAHİDİZ","Vatan, Millet ve Tarih",münafıklık
09.07.2021,"İHANETE KARŞI SADAKATE, CESARETE VE ŞEHADETE ŞAHİDİZ","Vatan, Millet ve Tarih",şehitlik
09.07.2021,"İHANETE KARŞI SADAKATE, CESARETE VE ŞEHADETE ŞAHİDİZ","Vatan, Millet ve Tarih",vatan
16.07.2021,"KURBAN: TEVHİDİN SEMBOLÜ, İSLAM’IN ŞİARI","Ramazan, Oruç ve Bayramlar",kurban
16.07.2021,"KURBAN: TEVHİDİN SEMBOLÜ, İSLAM’IN ŞİARI","Ramazan, Oruç ve Bayramlar",tevhid
16.07.2021,"KURBAN: TEVHİDİN SEMBOLÜ, İSLAM’IN ŞİARI","Ramazan, Oruç ve Bayramlar",bayram namazı
16.07.2021,"KURBAN: TEVHİDİN SEMBOLÜ, İSLAM’IN ŞİARI","Ramazan, Oruç ve Bayramlar",i̇slam’ın şiarı
16.07.2021,"KURBAN: TEVHİDİN SEMBOLÜ, İSLAM’IN ŞİARI","Ramazan, Oruç ve Bayramlar",ibadet
16.07.2021,"KURBAN: TEVHİDİN SEMBOLÜ, İSLAM’IN ŞİARI","Ramazan, Oruç ve Bayramlar",paylaşma
20.07.2021,KURBAN BAYRAMI,"Ramazan, Oruç ve Bayramlar",kurban bayramı
20.07.2021,KURBAN BAYRAMI,"Ramazan, Oruç ve Bayramlar",zilhicce
20.07.2021,KURBAN BAYRAMI,"Ramazan, Oruç ve Bayramlar",şükür
20.07.2021,KURBAN BAYRAMI,"Ramazan, Oruç ve Bayramlar",ibadet
20.07.2021,KURBAN BAYRAMI,"Ramazan, Oruç ve Bayramlar",bayram tebriği
20.07.2021,KURBAN BAYRAMI,"Ramazan, Oruç ve Bayramlar",kulluk
23.07.2021,MÜSLÜMAN’IN MÜSLÜMAN ÜZERİNDEKİ HAKLARI,"Toplumsal Dayanışma, Merhamet ve Kardeşlik",müslüman kardeşliği
23.07.2021,MÜSLÜMAN’IN MÜSLÜMAN ÜZERİNDEKİ HAKLARI,"Toplumsal Dayanışma, Merhamet ve Kardeşlik",hukuk-u i̇slam
23.07.2021,MÜSLÜMAN’IN MÜSLÜMAN ÜZERİNDEKİ HAKLARI,"Toplumsal Dayanışma, Merhamet ve Kardeşlik",selamlaşma
23.07.2021,MÜSLÜMAN’IN MÜSLÜMAN ÜZERİNDEKİ HAKLARI,"Toplumsal Dayanışma, Merhamet ve Kardeşlik",hasta ziyareti
23.07.2021,MÜSLÜMAN’IN MÜSLÜMAN ÜZERİNDEKİ HAKLARI,"Toplumsal Dayanışma, Merhamet ve Kardeşlik",birlik
23.07.2021,MÜSLÜMAN’IN MÜSLÜMAN ÜZERİNDEKİ HAKLARI,"Toplumsal Dayanışma, Merhamet ve Kardeşlik",dayanışma
30.07.2021,AFETLERE KARŞI SORUMLULUĞUMUZUN İDRAKİNDE OLALIM,"Afet, Kriz ve Sağlık",afet bilinci
30.07.2021,AFETLERE KARŞI SORUMLULUĞUMUZUN İDRAKİNDE OLALIM,"Afet, Kriz ve Sağlık",çevre
30.07.2021,AFETLERE KARŞI SORUMLULUĞUMUZUN İDRAKİNDE OLALIM,"Afet, Kriz ve Sağlık",emanet
30.07.2021,AFETLERE KARŞI SORUMLULUĞUMUZUN İDRAKİNDE OLALIM,"Afet, Kriz ve Sağlık",halifelik
30.07.2021,AFETLERE KARŞI SORUMLULUĞUMUZUN İDRAKİNDE OLALIM,"Afet, Kriz ve Sağlık",doğa koruma
30.07.2021,AFETLERE KARŞI SORUMLULUĞUMUZUN İDRAKİNDE OLALIM,"Afet, Kriz ve Sağlık",şefkat
06.08.2021,ZORLUKLAR BİRLİKTE AŞILIR,"Afet, Kriz ve Sağlık",orman yangını
06.08.2021,ZORLUKLAR BİRLİKTE AŞILIR,"Afet, Kriz ve Sağlık",afet
06.08.2021,ZORLUKLAR BİRLİKTE AŞILIR,"Afet, Kriz ve Sağlık",dayanışma
06.08.2021,ZORLUKLAR BİRLİKTE AŞILIR,"Afet, Kriz ve Sağlık",çevre felaketi
06.08.2021,ZORLUKLAR BİRLİKTE AŞILIR,"Afet, Kriz ve Sağlık",gönüllülük
06.08.2021,ZORLUKLAR BİRLİKTE AŞILIR,"Afet, Kriz ve Sağlık",sabır
13.08.2021,KERBELÂ’YI İBRET NAZARIYLA OKUYALIM,"Kandiller, Muharrem ve Mübarek Geceler",kerbelâ
13.08.2021,KERBELÂ’YI İBRET NAZARIYLA OKUYALIM,"Kandiller, Muharrem ve Mübarek Geceler",muharrem
13.08.2021,KERBELÂ’YI İBRET NAZARIYLA OKUYALIM,"Kandiller, Muharrem ve Mübarek Geceler",hicri yıl
13.08.2021,KERBELÂ’YI İBRET NAZARIYLA OKUYALIM,"Kandiller, Muharrem ve Mübarek Geceler",hicret
13.08.2021,KERBELÂ’YI İBRET NAZARIYLA OKUYALIM,"Kandiller, Muharrem ve Mübarek Geceler",sabır
13.08.2021,KERBELÂ’YI İBRET NAZARIYLA OKUYALIM,"Kandiller, Muharrem ve Mübarek Geceler",ibret
20.08.2021,MÜSLÜMAN İŞİNİ SAĞLAM VE GÜZEL YAPAR,"Ekonomik Hayat: Kazanç, Zekat ve İsraf",iş ahlakı
20.08.2021,MÜSLÜMAN İŞİNİ SAĞLAM VE GÜZEL YAPAR,"Ekonomik Hayat: Kazanç, Zekat ve İsraf",kalite
20.08.2021,MÜSLÜMAN İŞİNİ SAĞLAM VE GÜZEL YAPAR,"Ekonomik Hayat: Kazanç, Zekat ve İsraf",özen
20.08.2021,MÜSLÜMAN İŞİNİ SAĞLAM VE GÜZEL YAPAR,"Ekonomik Hayat: Kazanç, Zekat ve İsraf",emek
20.08.2021,MÜSLÜMAN İŞİNİ SAĞLAM VE GÜZEL YAPAR,"Ekonomik Hayat: Kazanç, Zekat ve İsraf",ihsan
20.08.2021,MÜSLÜMAN İŞİNİ SAĞLAM VE GÜZEL YAPAR,"Ekonomik Hayat: Kazanç, Zekat ve İsraf",çalışma bilinci
27.08.2021,ALLAH’IN YARDIM ETTİĞİNE MAĞLUBİYET YOKTUR,"Vatan, Millet ve Tarih",allah’ın yardımı
27.08.2021,ALLAH’IN YARDIM ETTİĞİNE MAĞLUBİYET YOKTUR,"Vatan, Millet ve Tarih",tevhid
27.08.2021,ALLAH’IN YARDIM ETTİĞİNE MAĞLUBİYET YOKTUR,"Vatan, Millet ve Tarih",zafer
27.08.2021,ALLAH’IN YARDIM ETTİĞİNE MAĞLUBİYET YOKTUR,"Vatan, Millet ve Tarih",şehitlik
27.08.2021,ALLAH’IN YARDIM ETTİĞİNE MAĞLUBİYET YOKTUR,"Vatan, Millet ve Tarih",tevekkül
27.08.2021,ALLAH’IN YARDIM ETTİĞİNE MAĞLUBİYET YOKTUR,"Vatan, Millet ve Tarih",30 ağustos
03.09.2021,ALLAH İLİM YOLCUSUNA CENNETİ KOLAYLAŞTIRIR,"Eğitim, Teknoloji, Çevre ve Toplumsal Değişim",ilim
03.09.2021,ALLAH İLİM YOLCUSUNA CENNETİ KOLAYLAŞTIRIR,"Eğitim, Teknoloji, Çevre ve Toplumsal Değişim",eğitim öğretim
03.09.2021,ALLAH İLİM YOLCUSUNA CENNETİ KOLAYLAŞTIRIR,"Eğitim, Teknoloji, Çevre ve Toplumsal Değişim",âlim
03.09.2021,ALLAH İLİM YOLCUSUNA CENNETİ KOLAYLAŞTIRIR,"Eğitim, Teknoloji, Çevre ve Toplumsal Değişim",faydalı bilgi
03.09.2021,ALLAH İLİM YOLCUSUNA CENNETİ KOLAYLAŞTIRIR,"Eğitim, Teknoloji, Çevre ve Toplumsal Değişim",okullar
03.09.2021,ALLAH İLİM YOLCUSUNA CENNETİ KOLAYLAŞTIRIR,"Eğitim, Teknoloji, Çevre ve Toplumsal Değişim",salgın tedbiri
10.09.2021,CUMA NAMAZI: HAFTALIK BULUŞMAMIZ,İbadet ve Kulluk,cuma namazı
10.09.2021,CUMA NAMAZI: HAFTALIK BULUŞMAMIZ,İbadet ve Kulluk,hutbe adabı
10.09.2021,CUMA NAMAZI: HAFTALIK BULUŞMAMIZ,İbadet ve Kulluk,cuma günü
10.09.2021,CUMA NAMAZI: HAFTALIK BULUŞMAMIZ,İbadet ve Kulluk,cemaatle ibadet
10.09.2021,CUMA NAMAZI: HAFTALIK BULUŞMAMIZ,İbadet ve Kulluk,gusül ve temizlik
17.09.2021,TİCARET HAYATINDA HELAL HARAM BİLİNCİ,"Ekonomik Hayat: Kazanç, Zekat ve İsraf",ticaret ahlakı
17.09.2021,TİCARET HAYATINDA HELAL HARAM BİLİNCİ,"Ekonomik Hayat: Kazanç, Zekat ve İsraf",helal kazanç
17.09.2021,TİCARET HAYATINDA HELAL HARAM BİLİNCİ,"Ekonomik Hayat: Kazanç, Zekat ve İsraf",dürüstlük
17.09.2021,TİCARET HAYATINDA HELAL HARAM BİLİNCİ,"Ekonomik Hayat: Kazanç, Zekat ve İsraf",ahilik
17.09.2021,TİCARET HAYATINDA HELAL HARAM BİLİNCİ,"Ekonomik Hayat: Kazanç, Zekat ve İsraf",karaborsacılık
17.09.2021,TİCARET HAYATINDA HELAL HARAM BİLİNCİ,"Ekonomik Hayat: Kazanç, Zekat ve İsraf",ölçü tartı
24.09.2021,TAKVA: RABBİMİZİN RIZASINI DİRİ TUTMA BİLİNCİ,"İman, Tevhid ve Ahiret",takva
24.09.2021,TAKVA: RABBİMİZİN RIZASINI DİRİ TUTMA BİLİNCİ,"İman, Tevhid ve Ahiret",kelime-i tevhid
24.09.2021,TAKVA: RABBİMİZİN RIZASINI DİRİ TUTMA BİLİNCİ,"İman, Tevhid ve Ahiret",allah'a itaat
24.09.2021,TAKVA: RABBİMİZİN RIZASINI DİRİ TUTMA BİLİNCİ,"İman, Tevhid ve Ahiret",kalbin arınması
24.09.2021,TAKVA: RABBİMİZİN RIZASINI DİRİ TUTMA BİLİNCİ,"İman, Tevhid ve Ahiret",muttakiler
01.10.2021,MÜMİN CAMİYE VEFALIDIR,İbadet ve Kulluk,cami
01.10.2021,MÜMİN CAMİYE VEFALIDIR,İbadet ve Kulluk,mescit
01.10.2021,MÜMİN CAMİYE VEFALIDIR,İbadet ve Kulluk,camiler ve din görevlileri haftası
01.10.2021,MÜMİN CAMİYE VEFALIDIR,İbadet ve Kulluk,din görevlileri
01.10.2021,MÜMİN CAMİYE VEFALIDIR,İbadet ve Kulluk,cemaat
08.10.2021,SONSUZ HAYAT AHİRET,"İman, Tevhid ve Ahiret",ahiret
08.10.2021,SONSUZ HAYAT AHİRET,"İman, Tevhid ve Ahiret",hesap günü
08.10.2021,SONSUZ HAYAT AHİRET,"İman, Tevhid ve Ahiret",ölüm ve diriliş
08.10.2021,SONSUZ HAYAT AHİRET,"İman, Tevhid ve Ahiret",amel defteri
08.10.2021,SONSUZ HAYAT AHİRET,"İman, Tevhid ve Ahiret",dünya hayatının geçiciliği
15.10.2021,MÜBAREK GECE MEVLİD-İ NEBİ,Peygamberimiz ve Ashab,mevlid-i nebi
15.10.2021,MÜBAREK GECE MEVLİD-İ NEBİ,Peygamberimiz ve Ashab,peygamberimiz ve vefa toplumu
15.10.2021,MÜBAREK GECE MEVLİD-İ NEBİ,Peygamberimiz ve Ashab,hz. muhammed
15.10.2021,MÜBAREK GECE MEVLİD-İ NEBİ,Peygamberimiz ve Ashab,sünnet
15.10.2021,MÜBAREK GECE MEVLİD-İ NEBİ,Peygamberimiz ve Ashab,mevlid kandili
22.10.2021,"ONUN BİZE MİRASI, EŞSİZ VEFASI","Aile, Çocuk ve Nesil",vefa
22.10.2021,"ONUN BİZE MİRASI, EŞSİZ VEFASI","Aile, Çocuk ve Nesil",peygamberimiz ve vefa toplumu
22.10.2021,"ONUN BİZE MİRASI, EŞSİZ VEFASI","Aile, Çocuk ve Nesil",ahde vefa
22.10.2021,"ONUN BİZE MİRASI, EŞSİZ VEFASI","Aile, Çocuk ve Nesil",hz. hatice
22.10.2021,"ONUN BİZE MİRASI, EŞSİZ VEFASI","Aile, Çocuk ve Nesil",çevreye vefa
29.10.2021,"YAŞLILARIMIZA VEFA, RAHMET VE MAĞFİRET VESİLEMİZDİR",İbadet ve Kulluk,yaşlılara vefa
29.10.2021,"YAŞLILARIMIZA VEFA, RAHMET VE MAĞFİRET VESİLEMİZDİR",İbadet ve Kulluk,hürmet
29.10.2021,"YAŞLILARIMIZA VEFA, RAHMET VE MAĞFİRET VESİLEMİZDİR",İbadet ve Kulluk,büyüklere saygı
29.10.2021,"YAŞLILARIMIZA VEFA, RAHMET VE MAĞFİRET VESİLEMİZDİR",İbadet ve Kulluk,cumhuriyet bayramı
29.10.2021,"YAŞLILARIMIZA VEFA, RAHMET VE MAĞFİRET VESİLEMİZDİR",İbadet ve Kulluk,dua
05.11.2021,İNSAN İMANLA YÜCELİR,"İman, Tevhid ve Ahiret",iman
05.11.2021,İNSAN İMANLA YÜCELİR,"İman, Tevhid ve Ahiret",iman esasları
05.11.2021,İNSAN İMANLA YÜCELİR,"İman, Tevhid ve Ahiret",kader
05.11.2021,İNSAN İMANLA YÜCELİR,"İman, Tevhid ve Ahiret",salih amel
05.11.2021,İNSAN İMANLA YÜCELİR,"İman, Tevhid ve Ahiret",amentü
12.11.2021,İBADET: ALLAH İLE KUL ARASINDAKİ KUTLU BAĞ,"İman, Tevhid ve Ahiret",ibadet
12.11.2021,İBADET: ALLAH İLE KUL ARASINDAKİ KUTLU BAĞ,"İman, Tevhid ve Ahiret",kulluk
12.11.2021,İBADET: ALLAH İLE KUL ARASINDAKİ KUTLU BAĞ,"İman, Tevhid ve Ahiret",şirk
12.11.2021,İBADET: ALLAH İLE KUL ARASINDAKİ KUTLU BAĞ,"İman, Tevhid ve Ahiret",muaz b. cebel
12.11.2021,İBADET: ALLAH İLE KUL ARASINDAKİ KUTLU BAĞ,"İman, Tevhid ve Ahiret",ihlas
19.11.2021,ŞİDDET İNSAN ONURUYLA ASLA BAĞDAŞMAZ,"Aile, Çocuk ve Nesil",şiddet
19.11.2021,ŞİDDET İNSAN ONURUYLA ASLA BAĞDAŞMAZ,"Aile, Çocuk ve Nesil",kadına yönelik şiddet
19.11.2021,ŞİDDET İNSAN ONURUYLA ASLA BAĞDAŞMAZ,"Aile, Çocuk ve Nesil",veda hutbesi
19.11.2021,ŞİDDET İNSAN ONURUYLA ASLA BAĞDAŞMAZ,"Aile, Çocuk ve Nesil",can dokunulmazlığı
19.11.2021,ŞİDDET İNSAN ONURUYLA ASLA BAĞDAŞMAZ,"Aile, Çocuk ve Nesil",merhamet
26.11.2021,MÜMİN FAYDASIZ SÖZLERDEN VE LÜZUMSUZ İŞLERDEN UZAK DURUR,"İman, Tevhid ve Ahiret",faydasız söz ve davranış
26.11.2021,MÜMİN FAYDASIZ SÖZLERDEN VE LÜZUMSUZ İŞLERDEN UZAK DURUR,"İman, Tevhid ve Ahiret",vakit israfı
26.11.2021,MÜMİN FAYDASIZ SÖZLERDEN VE LÜZUMSUZ İŞLERDEN UZAK DURUR,"İman, Tevhid ve Ahiret",mahşer
26.11.2021,MÜMİN FAYDASIZ SÖZLERDEN VE LÜZUMSUZ İŞLERDEN UZAK DURUR,"İman, Tevhid ve Ahiret",amel defteri
26.11.2021,MÜMİN FAYDASIZ SÖZLERDEN VE LÜZUMSUZ İŞLERDEN UZAK DURUR,"İman, Tevhid ve Ahiret",hesap günü
03.12.2021,ENGELLERİ HEP BİRLİKTE VE SEVGİYLE AŞALIM,"Toplumsal Dayanışma, Merhamet ve Kardeşlik",engelliler
03.12.2021,ENGELLERİ HEP BİRLİKTE VE SEVGİYLE AŞALIM,"Toplumsal Dayanışma, Merhamet ve Kardeşlik",abdullah b. ümmi mektum
03.12.2021,ENGELLERİ HEP BİRLİKTE VE SEVGİYLE AŞALIM,"Toplumsal Dayanışma, Merhamet ve Kardeşlik",sadaka
03.12.2021,ENGELLERİ HEP BİRLİKTE VE SEVGİYLE AŞALIM,"Toplumsal Dayanışma, Merhamet ve Kardeşlik",hayatı kolaylaştırmak
03.12.2021,ENGELLERİ HEP BİRLİKTE VE SEVGİYLE AŞALIM,"Toplumsal Dayanışma, Merhamet ve Kardeşlik",saygı
10.12.2021,MÜMİN CANA YAKINDIR,"Sabır, Tevekkül ve Manevi Olgunluk",cana yakınlık
10.12.2021,MÜMİN CANA YAKINDIR,"Sabır, Tevekkül ve Manevi Olgunluk",bireyselleşme
10.12.2021,MÜMİN CANA YAKINDIR,"Sabır, Tevekkül ve Manevi Olgunluk",dijital bağımlılık
10.12.2021,MÜMİN CANA YAKINDIR,"Sabır, Tevekkül ve Manevi Olgunluk",komşuluk
10.12.2021,MÜMİN CANA YAKINDIR,"Sabır, Tevekkül ve Manevi Olgunluk",yalnızlaşma
17.12.2021,"MÜSLÜMAN, DİNÎ VE AHLAKİ DEĞERLERİYLE YAŞAR","Ahlak, Erdem ve Söz",dini ve ahlaki değerler
17.12.2021,"MÜSLÜMAN, DİNÎ VE AHLAKİ DEĞERLERİYLE YAŞAR","Ahlak, Erdem ve Söz",popüler kültür
17.12.2021,"MÜSLÜMAN, DİNÎ VE AHLAKİ DEĞERLERİYLE YAŞAR","Ahlak, Erdem ve Söz",kimlik
17.12.2021,"MÜSLÜMAN, DİNÎ VE AHLAKİ DEĞERLERİYLE YAŞAR","Ahlak, Erdem ve Söz",taklit
17.12.2021,"MÜSLÜMAN, DİNÎ VE AHLAKİ DEĞERLERİYLE YAŞAR","Ahlak, Erdem ve Söz",helal kazanç
24.12.2021,AHİRET DAHA HAYIRLI VE SÜREKLİDİR,"İman, Tevhid ve Ahiret",ahiret
24.12.2021,AHİRET DAHA HAYIRLI VE SÜREKLİDİR,"İman, Tevhid ve Ahiret",ölüme hazırlık
24.12.2021,AHİRET DAHA HAYIRLI VE SÜREKLİDİR,"İman, Tevhid ve Ahiret",hesap günü
24.12.2021,AHİRET DAHA HAYIRLI VE SÜREKLİDİR,"İman, Tevhid ve Ahiret",salgın
24.12.2021,AHİRET DAHA HAYIRLI VE SÜREKLİDİR,"İman, Tevhid ve Ahiret",amel defteri
31.12.2021,"GEÇMİŞİMİZİ MUHASEBE EDELİM, GELECEĞİMİZE YÖN VERELİM","Sabır, Tevekkül ve Manevi Olgunluk",yıl sonu muhasebesi
31.12.2021,"GEÇMİŞİMİZİ MUHASEBE EDELİM, GELECEĞİMİZE YÖN VERELİM","Sabır, Tevekkül ve Manevi Olgunluk",nefis muhasebesi
31.12.2021,"GEÇMİŞİMİZİ MUHASEBE EDELİM, GELECEĞİMİZE YÖN VERELİM","Sabır, Tevekkül ve Manevi Olgunluk",hz. ömer
31.12.2021,"GEÇMİŞİMİZİ MUHASEBE EDELİM, GELECEĞİMİZE YÖN VERELİM","Sabır, Tevekkül ve Manevi Olgunluk",tövbe
31.12.2021,"GEÇMİŞİMİZİ MUHASEBE EDELİM, GELECEĞİMİZE YÖN VERELİM","Sabır, Tevekkül ve Manevi Olgunluk",kulluk ahdi
07.01.2022,TÖVBE: GÜNAHLARDAN ARINMA İRADESİ,"İman, Tevhid ve Ahiret",tövbe
07.01.2022,TÖVBE: GÜNAHLARDAN ARINMA İRADESİ,"İman, Tevhid ve Ahiret",istiğfar
07.01.2022,TÖVBE: GÜNAHLARDAN ARINMA İRADESİ,"İman, Tevhid ve Ahiret",günahlardan arınma
07.01.2022,TÖVBE: GÜNAHLARDAN ARINMA İRADESİ,"İman, Tevhid ve Ahiret",pişmanlık
07.01.2022,TÖVBE: GÜNAHLARDAN ARINMA İRADESİ,"İman, Tevhid ve Ahiret",nasuh tövbesi
14.01.2022,KELİME-İ ŞEHÂDET: İMANIN ÖZÜ,"İman, Tevhid ve Ahiret",kelime-i şehadet
14.01.2022,KELİME-İ ŞEHÂDET: İMANIN ÖZÜ,"İman, Tevhid ve Ahiret",tevhid
14.01.2022,KELİME-İ ŞEHÂDET: İMANIN ÖZÜ,"İman, Tevhid ve Ahiret",iman
14.01.2022,KELİME-İ ŞEHÂDET: İMANIN ÖZÜ,"İman, Tevhid ve Ahiret",muaz b. cebel
14.01.2022,KELİME-İ ŞEHÂDET: İMANIN ÖZÜ,"İman, Tevhid ve Ahiret",koronavirüs tedbirleri
21.01.2022,İSLAM: ALLAH KATINDA YEGÂNE DİN,"İman, Tevhid ve Ahiret",islam
21.01.2022,İSLAM: ALLAH KATINDA YEGÂNE DİN,"İman, Tevhid ve Ahiret",tevhid
21.01.2022,İSLAM: ALLAH KATINDA YEGÂNE DİN,"İman, Tevhid ve Ahiret",hak din
21.01.2022,İSLAM: ALLAH KATINDA YEGÂNE DİN,"İman, Tevhid ve Ahiret",istikamet
21.01.2022,İSLAM: ALLAH KATINDA YEGÂNE DİN,"İman, Tevhid ve Ahiret",vahiy
28.01.2022,ÜÇ AYLAR: RAHMET VE MAĞFİRET VESİLEMİZ,"Ramazan, Oruç ve Bayramlar",üç aylar
28.01.2022,ÜÇ AYLAR: RAHMET VE MAĞFİRET VESİLEMİZ,"Ramazan, Oruç ve Bayramlar",regaib gecesi
28.01.2022,ÜÇ AYLAR: RAHMET VE MAĞFİRET VESİLEMİZ,"Ramazan, Oruç ve Bayramlar",receb ayı
28.01.2022,ÜÇ AYLAR: RAHMET VE MAĞFİRET VESİLEMİZ,"Ramazan, Oruç ve Bayramlar",rahmet ve mağfiret
28.01.2022,ÜÇ AYLAR: RAHMET VE MAĞFİRET VESİLEMİZ,"Ramazan, Oruç ve Bayramlar",ramazana hazırlık
04.02.2022,SÖZ VE DAVRANIŞLARIMIZDA DOĞRU OLALIM,"Ahlak, Erdem ve Söz",doğruluk
04.02.2022,SÖZ VE DAVRANIŞLARIMIZDA DOĞRU OLALIM,"Ahlak, Erdem ve Söz",yalan
04.02.2022,SÖZ VE DAVRANIŞLARIMIZDA DOĞRU OLALIM,"Ahlak, Erdem ve Söz",sosyal medya
04.02.2022,SÖZ VE DAVRANIŞLARIMIZDA DOĞRU OLALIM,"Ahlak, Erdem ve Söz",dedikodu
04.02.2022,SÖZ VE DAVRANIŞLARIMIZDA DOĞRU OLALIM,"Ahlak, Erdem ve Söz",haber doğrulama
11.02.2022,İSLAM’I TEMSİL SORUMLULUĞUMUZ,"Ahlak, Erdem ve Söz",islam'ı temsil
11.02.2022,İSLAM’I TEMSİL SORUMLULUĞUMUZ,"Ahlak, Erdem ve Söz",örnek olmak
11.02.2022,İSLAM’I TEMSİL SORUMLULUĞUMUZ,"Ahlak, Erdem ve Söz",davet
11.02.2022,İSLAM’I TEMSİL SORUMLULUĞUMUZ,"Ahlak, Erdem ve Söz",hz. ali
11.02.2022,İSLAM’I TEMSİL SORUMLULUĞUMUZ,"Ahlak, Erdem ve Söz",ahlaklı yaşayış
18.02.2022,PEYGAMBERİMİZİN AHLAKI KUR’AN’DI,Peygamberimiz ve Ashab,peygamberimizin ahlakı
18.02.2022,PEYGAMBERİMİZİN AHLAKI KUR’AN’DI,Peygamberimiz ve Ashab,hz. aişe
18.02.2022,PEYGAMBERİMİZİN AHLAKI KUR’AN’DI,Peygamberimiz ve Ashab,güzel ahlak
18.02.2022,PEYGAMBERİMİZİN AHLAKI KUR’AN’DI,Peygamberimiz ve Ashab,kur'an
18.02.2022,PEYGAMBERİMİZİN AHLAKI KUR’AN’DI,Peygamberimiz ve Ashab,örnek şahsiyet
25.02.2022,MÜMİNİN MİRACI NAMAZ,İbadet ve Kulluk,miraç gecesi
25.02.2022,MÜMİNİN MİRACI NAMAZ,İbadet ve Kulluk,namaz
25.02.2022,MÜMİNİN MİRACI NAMAZ,İbadet ve Kulluk,beş vakit namaz
25.02.2022,MÜMİNİN MİRACI NAMAZ,İbadet ve Kulluk,namazın fazileti
25.02.2022,MÜMİNİN MİRACI NAMAZ,İbadet ve Kulluk,kandil
04.03.2022,BAĞIMLILIK: İNSAN ONURUYLA BAĞDAŞMAYAN HASTALIK,"Afet, Kriz ve Sağlık",bağımlılık
04.03.2022,BAĞIMLILIK: İNSAN ONURUYLA BAĞDAŞMAYAN HASTALIK,"Afet, Kriz ve Sağlık",uyuşturucu
04.03.2022,BAĞIMLILIK: İNSAN ONURUYLA BAĞDAŞMAYAN HASTALIK,"Afet, Kriz ve Sağlık",kumar
04.03.2022,BAĞIMLILIK: İNSAN ONURUYLA BAĞDAŞMAYAN HASTALIK,"Afet, Kriz ve Sağlık",dijital bağımlılık
04.03.2022,BAĞIMLILIK: İNSAN ONURUYLA BAĞDAŞMAYAN HASTALIK,"Afet, Kriz ve Sağlık",alkol
04.03.2022,BAĞIMLILIK: İNSAN ONURUYLA BAĞDAŞMAYAN HASTALIK,"Afet, Kriz ve Sağlık",gençlik
11.03.2022,DÜNYA HAYATI BİR İYİLİK YOLCULUĞUDUR,"Ahlak, Erdem ve Söz",iyilik
11.03.2022,DÜNYA HAYATI BİR İYİLİK YOLCULUĞUDUR,"Ahlak, Erdem ve Söz",berat gecesi
11.03.2022,DÜNYA HAYATI BİR İYİLİK YOLCULUĞUDUR,"Ahlak, Erdem ve Söz",güzel ahlak
11.03.2022,DÜNYA HAYATI BİR İYİLİK YOLCULUĞUDUR,"Ahlak, Erdem ve Söz",yardımlaşma
11.03.2022,DÜNYA HAYATI BİR İYİLİK YOLCULUĞUDUR,"Ahlak, Erdem ve Söz",sadaka
18.03.2022,ÇANAKKALE ZAFERİ: BİR MİLLETİN YENİDEN DİRİLİŞİ,"Vatan, Millet ve Tarih",çanakkale zaferi
18.03.2022,ÇANAKKALE ZAFERİ: BİR MİLLETİN YENİDEN DİRİLİŞİ,"Vatan, Millet ve Tarih",şehitlik
18.03.2022,ÇANAKKALE ZAFERİ: BİR MİLLETİN YENİDEN DİRİLİŞİ,"Vatan, Millet ve Tarih",gaziler
18.03.2022,ÇANAKKALE ZAFERİ: BİR MİLLETİN YENİDEN DİRİLİŞİ,"Vatan, Millet ve Tarih",vatan sevgisi
18.03.2022,ÇANAKKALE ZAFERİ: BİR MİLLETİN YENİDEN DİRİLİŞİ,"Vatan, Millet ve Tarih",istiklal mücadelesi
25.03.2022,"AİLEMİZ: SEVGİ, RAHMET VE GÜVEN İKLİMİMİZ","Aile, Çocuk ve Nesil",aile
25.03.2022,"AİLEMİZ: SEVGİ, RAHMET VE GÜVEN İKLİMİMİZ","Aile, Çocuk ve Nesil",eşler arası sevgi ve rahmet
25.03.2022,"AİLEMİZ: SEVGİ, RAHMET VE GÜVEN İKLİMİMİZ","Aile, Çocuk ve Nesil",anne baba
25.03.2022,"AİLEMİZ: SEVGİ, RAHMET VE GÜVEN İKLİMİMİZ","Aile, Çocuk ve Nesil",aile kurumu
25.03.2022,"AİLEMİZ: SEVGİ, RAHMET VE GÜVEN İKLİMİMİZ","Aile, Çocuk ve Nesil",huzurlu yuva
01.04.2022,MERHABA YA ŞEHR-İ RAMAZAN,"Ramazan, Oruç ve Bayramlar",ramazan
01.04.2022,MERHABA YA ŞEHR-İ RAMAZAN,"Ramazan, Oruç ve Bayramlar",oruç
01.04.2022,MERHABA YA ŞEHR-İ RAMAZAN,"Ramazan, Oruç ve Bayramlar",iftar
01.04.2022,MERHABA YA ŞEHR-İ RAMAZAN,"Ramazan, Oruç ve Bayramlar",teravih
01.04.2022,MERHABA YA ŞEHR-İ RAMAZAN,"Ramazan, Oruç ve Bayramlar",kur'an ayı
01.04.2022,MERHABA YA ŞEHR-İ RAMAZAN,"Ramazan, Oruç ve Bayramlar",bereket
08.04.2022,RAMAZAN VE DOĞRULUK,"Ahlak, Erdem ve Söz",doğruluk
08.04.2022,RAMAZAN VE DOĞRULUK,"Ahlak, Erdem ve Söz",ramazan
08.04.2022,RAMAZAN VE DOĞRULUK,"Ahlak, Erdem ve Söz",dürüstlük
08.04.2022,RAMAZAN VE DOĞRULUK,"Ahlak, Erdem ve Söz",aile içi güven
08.04.2022,RAMAZAN VE DOĞRULUK,"Ahlak, Erdem ve Söz",sanal âlemde dürüstlük
15.04.2022,ZEKÂT VE İNFAK: İSLAM’IN KARDEŞLİK KÖPRÜSÜ,"Ekonomik Hayat: Kazanç, Zekat ve İsraf",zekât
15.04.2022,ZEKÂT VE İNFAK: İSLAM’IN KARDEŞLİK KÖPRÜSÜ,"Ekonomik Hayat: Kazanç, Zekat ve İsraf",infak
15.04.2022,ZEKÂT VE İNFAK: İSLAM’IN KARDEŞLİK KÖPRÜSÜ,"Ekonomik Hayat: Kazanç, Zekat ve İsraf",sadaka
15.04.2022,ZEKÂT VE İNFAK: İSLAM’IN KARDEŞLİK KÖPRÜSÜ,"Ekonomik Hayat: Kazanç, Zekat ve İsraf",kardeşlik köprüsü
15.04.2022,ZEKÂT VE İNFAK: İSLAM’IN KARDEŞLİK KÖPRÜSÜ,"Ekonomik Hayat: Kazanç, Zekat ve İsraf",türkiye diyanet vakfı
22.04.2022,LEYLETÜ’L-KADR: İLAHİ LÜTUF VE İKRAM GECESİ,"Kandiller, Muharrem ve Mübarek Geceler",kadir gecesi
22.04.2022,LEYLETÜ’L-KADR: İLAHİ LÜTUF VE İKRAM GECESİ,"Kandiller, Muharrem ve Mübarek Geceler",kur'an
22.04.2022,LEYLETÜ’L-KADR: İLAHİ LÜTUF VE İKRAM GECESİ,"Kandiller, Muharrem ve Mübarek Geceler",itikaf
22.04.2022,LEYLETÜ’L-KADR: İLAHİ LÜTUF VE İKRAM GECESİ,"Kandiller, Muharrem ve Mübarek Geceler",ramazan'ın son on günü
22.04.2022,LEYLETÜ’L-KADR: İLAHİ LÜTUF VE İKRAM GECESİ,"Kandiller, Muharrem ve Mübarek Geceler",af ve mağfiret
29.04.2022,HAYATI HELAL KILABİLMEK,"Ekonomik Hayat: Kazanç, Zekat ve İsraf",helal ve haram
29.04.2022,HAYATI HELAL KILABİLMEK,"Ekonomik Hayat: Kazanç, Zekat ve İsraf",şüpheli şeyler
29.04.2022,HAYATI HELAL KILABİLMEK,"Ekonomik Hayat: Kazanç, Zekat ve İsraf",israf
29.04.2022,HAYATI HELAL KILABİLMEK,"Ekonomik Hayat: Kazanç, Zekat ve İsraf",bayram
29.04.2022,HAYATI HELAL KILABİLMEK,"Ekonomik Hayat: Kazanç, Zekat ve İsraf",trafik güvenliği
02.05.2022,"BAYRAMIMIZ KUTLU, GÖNLÜMÜZ İMAN VE NEŞE DOLU OLSUN","Ramazan, Oruç ve Bayramlar",ramazan bayramı
02.05.2022,"BAYRAMIMIZ KUTLU, GÖNLÜMÜZ İMAN VE NEŞE DOLU OLSUN","Ramazan, Oruç ve Bayramlar",bayram ziyaretleri
02.05.2022,"BAYRAMIMIZ KUTLU, GÖNLÜMÜZ İMAN VE NEŞE DOLU OLSUN","Ramazan, Oruç ve Bayramlar",kardeşlik
02.05.2022,"BAYRAMIMIZ KUTLU, GÖNLÜMÜZ İMAN VE NEŞE DOLU OLSUN","Ramazan, Oruç ve Bayramlar",barışma
02.05.2022,"BAYRAMIMIZ KUTLU, GÖNLÜMÜZ İMAN VE NEŞE DOLU OLSUN","Ramazan, Oruç ve Bayramlar",şükür
06.05.2022,ŞÜKÜR SANA EY ŞEKÛR,"İman, Tevhid ve Ahiret",şükür
06.05.2022,ŞÜKÜR SANA EY ŞEKÛR,"İman, Tevhid ve Ahiret",nimetler
06.05.2022,ŞÜKÜR SANA EY ŞEKÛR,"İman, Tevhid ve Ahiret",kulluk
06.05.2022,ŞÜKÜR SANA EY ŞEKÛR,"İman, Tevhid ve Ahiret",hamd
06.05.2022,ŞÜKÜR SANA EY ŞEKÛR,"İman, Tevhid ve Ahiret",nankörlük
13.05.2022,İŞ VE ÇALIŞMA AHLAKI,"Ekonomik Hayat: Kazanç, Zekat ve İsraf",iş ve çalışma ahlakı
13.05.2022,İŞ VE ÇALIŞMA AHLAKI,"Ekonomik Hayat: Kazanç, Zekat ve İsraf",işçi işveren ilişkisi
13.05.2022,İŞ VE ÇALIŞMA AHLAKI,"Ekonomik Hayat: Kazanç, Zekat ve İsraf",emeğin karşılığı
13.05.2022,İŞ VE ÇALIŞMA AHLAKI,"Ekonomik Hayat: Kazanç, Zekat ve İsraf",iş güvenliği
13.05.2022,İŞ VE ÇALIŞMA AHLAKI,"Ekonomik Hayat: Kazanç, Zekat ve İsraf",helal kazanç
20.05.2022,DİJİTAL DÜNYADA DEĞERLERİYLE AİLE OLMAK,"Aile, Çocuk ve Nesil",dijital dünya
20.05.2022,DİJİTAL DÜNYADA DEĞERLERİYLE AİLE OLMAK,"Aile, Çocuk ve Nesil",aile
20.05.2022,DİJİTAL DÜNYADA DEĞERLERİYLE AİLE OLMAK,"Aile, Çocuk ve Nesil",sanal âlem
20.05.2022,DİJİTAL DÜNYADA DEĞERLERİYLE AİLE OLMAK,"Aile, Çocuk ve Nesil",aile içi iletişim
20.05.2022,DİJİTAL DÜNYADA DEĞERLERİYLE AİLE OLMAK,"Aile, Çocuk ve Nesil",milli ve manevi değerler
27.05.2022,ALLAH’IN KİTABINA VE PEYGAMBERİNİN SÜNNETİNE BAĞLILIK,"Vatan, Millet ve Tarih",kur'an ve sünnet
27.05.2022,ALLAH’IN KİTABINA VE PEYGAMBERİNİN SÜNNETİNE BAĞLILIK,"Vatan, Millet ve Tarih",sünnete bağlılık
27.05.2022,ALLAH’IN KİTABINA VE PEYGAMBERİNİN SÜNNETİNE BAĞLILIK,"Vatan, Millet ve Tarih",hidayet
27.05.2022,ALLAH’IN KİTABINA VE PEYGAMBERİNİN SÜNNETİNE BAĞLILIK,"Vatan, Millet ve Tarih",mehmetçik
27.05.2022,ALLAH’IN KİTABINA VE PEYGAMBERİNİN SÜNNETİNE BAĞLILIK,"Vatan, Millet ve Tarih",şehit ve gaziler
03.06.2022,ÇEVREYE VEFA MÜMİNİN ŞİARIDIR,"Eğitim, Teknoloji, Çevre ve Toplumsal Değişim",çevre
03.06.2022,ÇEVREYE VEFA MÜMİNİN ŞİARIDIR,"Eğitim, Teknoloji, Çevre ve Toplumsal Değişim",israf
03.06.2022,ÇEVREYE VEFA MÜMİNİN ŞİARIDIR,"Eğitim, Teknoloji, Çevre ve Toplumsal Değişim",doğal denge
03.06.2022,ÇEVREYE VEFA MÜMİNİN ŞİARIDIR,"Eğitim, Teknoloji, Çevre ve Toplumsal Değişim",su tasarrufu
03.06.2022,ÇEVREYE VEFA MÜMİNİN ŞİARIDIR,"Eğitim, Teknoloji, Çevre ve Toplumsal Değişim",çevre kirliliği
10.06.2022,BİR YUVA KURALIM,"Aile, Çocuk ve Nesil",nikâh
10.06.2022,BİR YUVA KURALIM,"Aile, Çocuk ve Nesil",evlilik
10.06.2022,BİR YUVA KURALIM,"Aile, Çocuk ve Nesil",düğün israfı
10.06.2022,BİR YUVA KURALIM,"Aile, Çocuk ve Nesil",gençlere nasihat
10.06.2022,BİR YUVA KURALIM,"Aile, Çocuk ve Nesil",aile kurmak
17.06.2022,"HAYDİ KOŞ GEL, CAMİLER SENİNLE GÜZEL","Aile, Çocuk ve Nesil",çocuk terbiyesi
17.06.2022,"HAYDİ KOŞ GEL, CAMİLER SENİNLE GÜZEL","Aile, Çocuk ve Nesil",yaz kur'an kursları
17.06.2022,"HAYDİ KOŞ GEL, CAMİLER SENİNLE GÜZEL","Aile, Çocuk ve Nesil",ebeveyn sorumluluğu
17.06.2022,"HAYDİ KOŞ GEL, CAMİLER SENİNLE GÜZEL","Aile, Çocuk ve Nesil",çocuk eğitimi
17.06.2022,"HAYDİ KOŞ GEL, CAMİLER SENİNLE GÜZEL","Aile, Çocuk ve Nesil",cami
24.06.2022,KURBAN: TAKVAYA ULAŞMA ARZUSU,"Ramazan, Oruç ve Bayramlar",kurban
24.06.2022,KURBAN: TAKVAYA ULAŞMA ARZUSU,"Ramazan, Oruç ve Bayramlar",takva
24.06.2022,KURBAN: TAKVAYA ULAŞMA ARZUSU,"Ramazan, Oruç ve Bayramlar",kurban bayramı
24.06.2022,KURBAN: TAKVAYA ULAŞMA ARZUSU,"Ramazan, Oruç ve Bayramlar",vekâlet yoluyla kurban
24.06.2022,KURBAN: TAKVAYA ULAŞMA ARZUSU,"Ramazan, Oruç ve Bayramlar",türkiye diyanet vakfı
24.06.2022,KURBAN: TAKVAYA ULAŞMA ARZUSU,"Ramazan, Oruç ve Bayramlar",zilhicce
01.07.2022,AHİRET GÜNÜ VE HESAP VERME BİLİNCİ,"İman, Tevhid ve Ahiret",ahiret günü
01.07.2022,AHİRET GÜNÜ VE HESAP VERME BİLİNCİ,"İman, Tevhid ve Ahiret",hesap verme bilinci
01.07.2022,AHİRET GÜNÜ VE HESAP VERME BİLİNCİ,"İman, Tevhid ve Ahiret",kıyamet
01.07.2022,AHİRET GÜNÜ VE HESAP VERME BİLİNCİ,"İman, Tevhid ve Ahiret",mahşer
01.07.2022,AHİRET GÜNÜ VE HESAP VERME BİLİNCİ,"İman, Tevhid ve Ahiret",ölüm
08.07.2022,HAC: İLÂHİ DAVET,İbadet ve Kulluk,hac
08.07.2022,HAC: İLÂHİ DAVET,İbadet ve Kulluk,arefe
08.07.2022,HAC: İLÂHİ DAVET,İbadet ve Kulluk,arafat
08.07.2022,HAC: İLÂHİ DAVET,İbadet ve Kulluk,dua
08.07.2022,HAC: İLÂHİ DAVET,İbadet ve Kulluk,kurban bayramı
08.07.2022,HAC: İLÂHİ DAVET,İbadet ve Kulluk,yolculuk güvenliği
09.07.2022,KURBAN BAYRAMI: ALLAH’A YAKLAŞMA SEVİNCİMİZ,"Ramazan, Oruç ve Bayramlar",kurban bayramı
09.07.2022,KURBAN BAYRAMI: ALLAH’A YAKLAŞMA SEVİNCİMİZ,"Ramazan, Oruç ve Bayramlar",bayram namazı
09.07.2022,KURBAN BAYRAMI: ALLAH’A YAKLAŞMA SEVİNCİMİZ,"Ramazan, Oruç ve Bayramlar",sünnet
09.07.2022,KURBAN BAYRAMI: ALLAH’A YAKLAŞMA SEVİNCİMİZ,"Ramazan, Oruç ve Bayramlar",allah’a yakınlık
09.07.2022,KURBAN BAYRAMI: ALLAH’A YAKLAŞMA SEVİNCİMİZ,"Ramazan, Oruç ve Bayramlar",paylaşma
09.07.2022,KURBAN BAYRAMI: ALLAH’A YAKLAŞMA SEVİNCİMİZ,"Ramazan, Oruç ve Bayramlar",hamd
15.07.2022,15 TEMMUZ: BİRLİK VE BERABERLİĞİN ZAFERİ,"Vatan, Millet ve Tarih",15 temmuz
15.07.2022,15 TEMMUZ: BİRLİK VE BERABERLİĞİN ZAFERİ,"Vatan, Millet ve Tarih",darbe girişimi
15.07.2022,15 TEMMUZ: BİRLİK VE BERABERLİĞİN ZAFERİ,"Vatan, Millet ve Tarih",birlik ve beraberlik
15.07.2022,15 TEMMUZ: BİRLİK VE BERABERLİĞİN ZAFERİ,"Vatan, Millet ve Tarih",şehitlik
15.07.2022,15 TEMMUZ: BİRLİK VE BERABERLİĞİN ZAFERİ,"Vatan, Millet ve Tarih",vatan
15.07.2022,15 TEMMUZ: BİRLİK VE BERABERLİĞİN ZAFERİ,"Vatan, Millet ve Tarih",kardeşlik
22.07.2022,HER CAN MUKADDESTİR,"Toplumsal Dayanışma, Merhamet ve Kardeşlik",can güvenliği
22.07.2022,HER CAN MUKADDESTİR,"Toplumsal Dayanışma, Merhamet ve Kardeşlik",insan onuru
22.07.2022,HER CAN MUKADDESTİR,"Toplumsal Dayanışma, Merhamet ve Kardeşlik",yaşam hakkı
22.07.2022,HER CAN MUKADDESTİR,"Toplumsal Dayanışma, Merhamet ve Kardeşlik",halifelik
22.07.2022,HER CAN MUKADDESTİR,"Toplumsal Dayanışma, Merhamet ve Kardeşlik",güvenilirlik
22.07.2022,HER CAN MUKADDESTİR,"Toplumsal Dayanışma, Merhamet ve Kardeşlik",ahlak
29.07.2022,HİCRETİMİZ RABBİMİZE OLSUN,Peygamberimiz ve Ashab,hicret
29.07.2022,HİCRETİMİZ RABBİMİZE OLSUN,Peygamberimiz ve Ashab,mekke’den medine’ye
29.07.2022,HİCRETİMİZ RABBİMİZE OLSUN,Peygamberimiz ve Ashab,zulme direniş
29.07.2022,HİCRETİMİZ RABBİMİZE OLSUN,Peygamberimiz ve Ashab,allah’a yöneliş
29.07.2022,HİCRETİMİZ RABBİMİZE OLSUN,Peygamberimiz ve Ashab,iman mücadelesi
29.07.2022,HİCRETİMİZ RABBİMİZE OLSUN,Peygamberimiz ve Ashab,sabır
05.08.2022,MUHARREM AYI VE KERBELÂ,"Kandiller, Muharrem ve Mübarek Geceler",muharrem ayı
05.08.2022,MUHARREM AYI VE KERBELÂ,"Kandiller, Muharrem ve Mübarek Geceler",kerbelâ
05.08.2022,MUHARREM AYI VE KERBELÂ,"Kandiller, Muharrem ve Mübarek Geceler",âşûrâ
05.08.2022,MUHARREM AYI VE KERBELÂ,"Kandiller, Muharrem ve Mübarek Geceler",hicri yıl
05.08.2022,MUHARREM AYI VE KERBELÂ,"Kandiller, Muharrem ve Mübarek Geceler",oruç
05.08.2022,MUHARREM AYI VE KERBELÂ,"Kandiller, Muharrem ve Mübarek Geceler",şehitlik
12.08.2022,"İMAN, SALİH AMEL VE GÜZEL AHLAKLA KEMALE ERER","Sabır, Tevekkül ve Manevi Olgunluk",iman
12.08.2022,"İMAN, SALİH AMEL VE GÜZEL AHLAKLA KEMALE ERER","Sabır, Tevekkül ve Manevi Olgunluk",salih amel
12.08.2022,"İMAN, SALİH AMEL VE GÜZEL AHLAKLA KEMALE ERER","Sabır, Tevekkül ve Manevi Olgunluk",güzel ahlak
12.08.2022,"İMAN, SALİH AMEL VE GÜZEL AHLAKLA KEMALE ERER","Sabır, Tevekkül ve Manevi Olgunluk",sorumluluk bilinci
12.08.2022,"İMAN, SALİH AMEL VE GÜZEL AHLAKLA KEMALE ERER","Sabır, Tevekkül ve Manevi Olgunluk",kemal
12.08.2022,"İMAN, SALİH AMEL VE GÜZEL AHLAKLA KEMALE ERER","Sabır, Tevekkül ve Manevi Olgunluk",dua
19.08.2022,ARŞIN GÖLGESİNDE KORUNMAKLA MÜJDELENEN GENÇ,İbadet ve Kulluk,gençlik
19.08.2022,ARŞIN GÖLGESİNDE KORUNMAKLA MÜJDELENEN GENÇ,İbadet ve Kulluk,arşın gölgesi
19.08.2022,ARŞIN GÖLGESİNDE KORUNMAKLA MÜJDELENEN GENÇ,İbadet ve Kulluk,ibadet
19.08.2022,ARŞIN GÖLGESİNDE KORUNMAKLA MÜJDELENEN GENÇ,İbadet ve Kulluk,ashâb-ı kehf
19.08.2022,ARŞIN GÖLGESİNDE KORUNMAKLA MÜJDELENEN GENÇ,İbadet ve Kulluk,kimlik arayışı
19.08.2022,ARŞIN GÖLGESİNDE KORUNMAKLA MÜJDELENEN GENÇ,İbadet ve Kulluk,rehberlik
26.08.2022,ZAFERLERİMİZİN ARDINDAKİ RUH VE MANA,"Vatan, Millet ve Tarih",30 ağustos
26.08.2022,ZAFERLERİMİZİN ARDINDAKİ RUH VE MANA,"Vatan, Millet ve Tarih",zafer
26.08.2022,ZAFERLERİMİZİN ARDINDAKİ RUH VE MANA,"Vatan, Millet ve Tarih",kurtuluş savaşı
26.08.2022,ZAFERLERİMİZİN ARDINDAKİ RUH VE MANA,"Vatan, Millet ve Tarih",iman
26.08.2022,ZAFERLERİMİZİN ARDINDAKİ RUH VE MANA,"Vatan, Millet ve Tarih",şehitlik
26.08.2022,ZAFERLERİMİZİN ARDINDAKİ RUH VE MANA,"Vatan, Millet ve Tarih",tarih bilinci
02.09.2022,ANNE BABA: CENNETİ KAZANMA VESİLESİ,"Aile, Çocuk ve Nesil",anne baba hakkı
02.09.2022,ANNE BABA: CENNETİ KAZANMA VESİLESİ,"Aile, Çocuk ve Nesil",vefa
02.09.2022,ANNE BABA: CENNETİ KAZANMA VESİLESİ,"Aile, Çocuk ve Nesil",cennet
02.09.2022,ANNE BABA: CENNETİ KAZANMA VESİLESİ,"Aile, Çocuk ve Nesil",aile
02.09.2022,ANNE BABA: CENNETİ KAZANMA VESİLESİ,"Aile, Çocuk ve Nesil",itaat
02.09.2022,ANNE BABA: CENNETİ KAZANMA VESİLESİ,"Aile, Çocuk ve Nesil",kulluk
09.09.2022,İLİM BİR NURDUR,"Eğitim, Teknoloji, Çevre ve Toplumsal Değişim",ilim
09.09.2022,İLİM BİR NURDUR,"Eğitim, Teknoloji, Çevre ve Toplumsal Değişim",eğitim
09.09.2022,İLİM BİR NURDUR,"Eğitim, Teknoloji, Çevre ve Toplumsal Değişim",mescid-i nebevî
09.09.2022,İLİM BİR NURDUR,"Eğitim, Teknoloji, Çevre ve Toplumsal Değişim",hikmet
09.09.2022,İLİM BİR NURDUR,"Eğitim, Teknoloji, Çevre ve Toplumsal Değişim",öğrenme
09.09.2022,İLİM BİR NURDUR,"Eğitim, Teknoloji, Çevre ve Toplumsal Değişim",müjde
16.09.2022,"TAKVA, HAYÂ VE TESETTÜR","Ahlak, Erdem ve Söz",tesettür
16.09.2022,"TAKVA, HAYÂ VE TESETTÜR","Ahlak, Erdem ve Söz",hayâ
16.09.2022,"TAKVA, HAYÂ VE TESETTÜR","Ahlak, Erdem ve Söz",takva
16.09.2022,"TAKVA, HAYÂ VE TESETTÜR","Ahlak, Erdem ve Söz",giyim ahlakı
16.09.2022,"TAKVA, HAYÂ VE TESETTÜR","Ahlak, Erdem ve Söz",azerbaycan
16.09.2022,"TAKVA, HAYÂ VE TESETTÜR","Ahlak, Erdem ve Söz",şehitlik
23.09.2022,HELAL KAZANÇ VE ALIN TERİ,"Ekonomik Hayat: Kazanç, Zekat ve İsraf",helal kazanç
23.09.2022,HELAL KAZANÇ VE ALIN TERİ,"Ekonomik Hayat: Kazanç, Zekat ve İsraf",alın teri
23.09.2022,HELAL KAZANÇ VE ALIN TERİ,"Ekonomik Hayat: Kazanç, Zekat ve İsraf",ticaret ahlakı
23.09.2022,HELAL KAZANÇ VE ALIN TERİ,"Ekonomik Hayat: Kazanç, Zekat ve İsraf",dürüstlük
23.09.2022,HELAL KAZANÇ VE ALIN TERİ,"Ekonomik Hayat: Kazanç, Zekat ve İsraf",rızık
23.09.2022,HELAL KAZANÇ VE ALIN TERİ,"Ekonomik Hayat: Kazanç, Zekat ve İsraf",kur’an kursu
30.09.2022,ONUN (S.A.S) ÇAĞRISI,İbadet ve Kulluk,peygamberlik
30.09.2022,ONUN (S.A.S) ÇAĞRISI,İbadet ve Kulluk,ilahi davet
30.09.2022,ONUN (S.A.S) ÇAĞRISI,İbadet ve Kulluk,hakikat
30.09.2022,ONUN (S.A.S) ÇAĞRISI,İbadet ve Kulluk,kulluk
30.09.2022,ONUN (S.A.S) ÇAĞRISI,İbadet ve Kulluk,vahiy
30.09.2022,ONUN (S.A.S) ÇAĞRISI,İbadet ve Kulluk,tebliğ
07.10.2022,ÂLEMLERE RAHMET HZ. MUHAMMED (S.A.S),Peygamberimiz ve Ashab,mevlid-i nebi
07.10.2022,ÂLEMLERE RAHMET HZ. MUHAMMED (S.A.S),Peygamberimiz ve Ashab,hz. muhammed
07.10.2022,ÂLEMLERE RAHMET HZ. MUHAMMED (S.A.S),Peygamberimiz ve Ashab,rahmet
07.10.2022,ÂLEMLERE RAHMET HZ. MUHAMMED (S.A.S),Peygamberimiz ve Ashab,kur’an ve sünnet
07.10.2022,ÂLEMLERE RAHMET HZ. MUHAMMED (S.A.S),Peygamberimiz ve Ashab,örnek şahsiyet
07.10.2022,ÂLEMLERE RAHMET HZ. MUHAMMED (S.A.S),Peygamberimiz ve Ashab,rehberlik
14.10.2022,KUL VE KAMU HAKKI,"Toplumsal Dayanışma, Merhamet ve Kardeşlik",kul hakkı
14.10.2022,KUL VE KAMU HAKKI,"Toplumsal Dayanışma, Merhamet ve Kardeşlik",kamu hakkı
14.10.2022,KUL VE KAMU HAKKI,"Toplumsal Dayanışma, Merhamet ve Kardeşlik",adalet
14.10.2022,KUL VE KAMU HAKKI,"Toplumsal Dayanışma, Merhamet ve Kardeşlik",haklar
14.10.2022,KUL VE KAMU HAKKI,"Toplumsal Dayanışma, Merhamet ve Kardeşlik",dürüstlük
14.10.2022,KUL VE KAMU HAKKI,"Toplumsal Dayanışma, Merhamet ve Kardeşlik",hesap günü
21.10.2022,KOMŞULUK HUKUKU,"Toplumsal Dayanışma, Merhamet ve Kardeşlik",komşuluk hukuku
21.10.2022,KOMŞULUK HUKUKU,"Toplumsal Dayanışma, Merhamet ve Kardeşlik",iyi komşuluk
21.10.2022,KOMŞULUK HUKUKU,"Toplumsal Dayanışma, Merhamet ve Kardeşlik",sosyal ilişkiler
21.10.2022,KOMŞULUK HUKUKU,"Toplumsal Dayanışma, Merhamet ve Kardeşlik",paylaşma
21.10.2022,KOMŞULUK HUKUKU,"Toplumsal Dayanışma, Merhamet ve Kardeşlik",ahlak
21.10.2022,KOMŞULUK HUKUKU,"Toplumsal Dayanışma, Merhamet ve Kardeşlik",şefkat
28.10.2022,AİLE OLMAK: İLAHİ LÜTUF,"Aile, Çocuk ve Nesil",aile
28.10.2022,AİLE OLMAK: İLAHİ LÜTUF,"Aile, Çocuk ve Nesil",evlilik
28.10.2022,AİLE OLMAK: İLAHİ LÜTUF,"Aile, Çocuk ve Nesil",huzur
28.10.2022,AİLE OLMAK: İLAHİ LÜTUF,"Aile, Çocuk ve Nesil",nesil
28.10.2022,AİLE OLMAK: İLAHİ LÜTUF,"Aile, Çocuk ve Nesil",sekinet
28.10.2022,AİLE OLMAK: İLAHİ LÜTUF,"Aile, Çocuk ve Nesil",dua
04.11.2022,HAYAT REHBERİMİZ KUR’AN,"İman, Tevhid ve Ahiret",kur’an
04.11.2022,HAYAT REHBERİMİZ KUR’AN,"İman, Tevhid ve Ahiret",hayat rehberi
04.11.2022,HAYAT REHBERİMİZ KUR’AN,"İman, Tevhid ve Ahiret",hidayet
04.11.2022,HAYAT REHBERİMİZ KUR’AN,"İman, Tevhid ve Ahiret",din eğitimi
04.11.2022,HAYAT REHBERİMİZ KUR’AN,"İman, Tevhid ve Ahiret",nesillere aktarım
04.11.2022,HAYAT REHBERİMİZ KUR’AN,"İman, Tevhid ve Ahiret",iman
11.11.2022,ÖNCE TEDBİR SONRA TEVEKKÜL,"Afet, Kriz ve Sağlık",tedbir
11.11.2022,ÖNCE TEDBİR SONRA TEVEKKÜL,"Afet, Kriz ve Sağlık",tevekkül
11.11.2022,ÖNCE TEDBİR SONRA TEVEKKÜL,"Afet, Kriz ve Sağlık",sünnetullah
11.11.2022,ÖNCE TEDBİR SONRA TEVEKKÜL,"Afet, Kriz ve Sağlık",sebep-sonuç
11.11.2022,ÖNCE TEDBİR SONRA TEVEKKÜL,"Afet, Kriz ve Sağlık",afet
11.11.2022,ÖNCE TEDBİR SONRA TEVEKKÜL,"Afet, Kriz ve Sağlık",dua
18.11.2022,İMAN VE İSTİKAMET,Peygamberimiz ve Ashab,istikamet
18.11.2022,İMAN VE İSTİKAMET,Peygamberimiz ve Ashab,iman
18.11.2022,İMAN VE İSTİKAMET,Peygamberimiz ve Ashab,doğruluk
18.11.2022,İMAN VE İSTİKAMET,Peygamberimiz ve Ashab,nasihat
18.11.2022,İMAN VE İSTİKAMET,Peygamberimiz ve Ashab,sahabi kıssası
18.11.2022,İMAN VE İSTİKAMET,Peygamberimiz ve Ashab,dua
25.11.2022,MERHAMET TOPLUMU,"Toplumsal Dayanışma, Merhamet ve Kardeşlik",merhamet
25.11.2022,MERHAMET TOPLUMU,"Toplumsal Dayanışma, Merhamet ve Kardeşlik",şefkat
25.11.2022,MERHAMET TOPLUMU,"Toplumsal Dayanışma, Merhamet ve Kardeşlik",rahmân
25.11.2022,MERHAMET TOPLUMU,"Toplumsal Dayanışma, Merhamet ve Kardeşlik",toplumsal ahlak
25.11.2022,MERHAMET TOPLUMU,"Toplumsal Dayanışma, Merhamet ve Kardeşlik",hayvan hakları
25.11.2022,MERHAMET TOPLUMU,"Toplumsal Dayanışma, Merhamet ve Kardeşlik",gönül yumuşaklığı
02.12.2022,"ENGEL OLMA, FARKINDA OL","Toplumsal Dayanışma, Merhamet ve Kardeşlik",engellilik farkındalığı
02.12.2022,"ENGEL OLMA, FARKINDA OL","Toplumsal Dayanışma, Merhamet ve Kardeşlik",insan onuru
02.12.2022,"ENGEL OLMA, FARKINDA OL","Toplumsal Dayanışma, Merhamet ve Kardeşlik",sadaka
02.12.2022,"ENGEL OLMA, FARKINDA OL","Toplumsal Dayanışma, Merhamet ve Kardeşlik",yardımlaşma
02.12.2022,"ENGEL OLMA, FARKINDA OL","Toplumsal Dayanışma, Merhamet ve Kardeşlik",toplumsal duyarlılık
02.12.2022,"ENGEL OLMA, FARKINDA OL","Toplumsal Dayanışma, Merhamet ve Kardeşlik",empati
09.12.2022,HAYDİ NAMAZA! HAYDİ KURTULUŞA!,İbadet ve Kulluk,namaz
09.12.2022,HAYDİ NAMAZA! HAYDİ KURTULUŞA!,İbadet ve Kulluk,ezan
09.12.2022,HAYDİ NAMAZA! HAYDİ KURTULUŞA!,İbadet ve Kulluk,ibadet
09.12.2022,HAYDİ NAMAZA! HAYDİ KURTULUŞA!,İbadet ve Kulluk,dinin direği
09.12.2022,HAYDİ NAMAZA! HAYDİ KURTULUŞA!,İbadet ve Kulluk,kurtuluş
09.12.2022,HAYDİ NAMAZA! HAYDİ KURTULUŞA!,İbadet ve Kulluk,cami
16.12.2022,ÇOCUK: RABBİMİZİN KIYMETLİ EMANETİ,"Aile, Çocuk ve Nesil",çocuk
16.12.2022,ÇOCUK: RABBİMİZİN KIYMETLİ EMANETİ,"Aile, Çocuk ve Nesil",emanet
16.12.2022,ÇOCUK: RABBİMİZİN KIYMETLİ EMANETİ,"Aile, Çocuk ve Nesil",ebeveyn sorumluluğu
16.12.2022,ÇOCUK: RABBİMİZİN KIYMETLİ EMANETİ,"Aile, Çocuk ve Nesil",imtihan
16.12.2022,ÇOCUK: RABBİMİZİN KIYMETLİ EMANETİ,"Aile, Çocuk ve Nesil",aile
16.12.2022,ÇOCUK: RABBİMİZİN KIYMETLİ EMANETİ,"Aile, Çocuk ve Nesil",dua
23.12.2022,BİZİ BİZ YAPAN DEĞERLERE SAHİP ÇIKALIM,"Eğitim, Teknoloji, Çevre ve Toplumsal Değişim",kimlik
23.12.2022,BİZİ BİZ YAPAN DEĞERLERE SAHİP ÇIKALIM,"Eğitim, Teknoloji, Çevre ve Toplumsal Değişim",değerler
23.12.2022,BİZİ BİZ YAPAN DEĞERLERE SAHİP ÇIKALIM,"Eğitim, Teknoloji, Çevre ve Toplumsal Değişim",i̇slam medeniyeti
23.12.2022,BİZİ BİZ YAPAN DEĞERLERE SAHİP ÇIKALIM,"Eğitim, Teknoloji, Çevre ve Toplumsal Değişim",ahlak
23.12.2022,BİZİ BİZ YAPAN DEĞERLERE SAHİP ÇIKALIM,"Eğitim, Teknoloji, Çevre ve Toplumsal Değişim",kültür
23.12.2022,BİZİ BİZ YAPAN DEĞERLERE SAHİP ÇIKALIM,"Eğitim, Teknoloji, Çevre ve Toplumsal Değişim",âdâb-ı muaşeret
30.12.2022,HAYATIN TEKRARI YOK,"İman, Tevhid ve Ahiret",hesap günü
30.12.2022,HAYATIN TEKRARI YOK,"İman, Tevhid ve Ahiret",yılbaşı
30.12.2022,HAYATIN TEKRARI YOK,"İman, Tevhid ve Ahiret",zamanın kıymeti
30.12.2022,HAYATIN TEKRARI YOK,"İman, Tevhid ve Ahiret",ahiret
30.12.2022,HAYATIN TEKRARI YOK,"İman, Tevhid ve Ahiret",gaflet
30.12.2022,HAYATIN TEKRARI YOK,"İman, Tevhid ve Ahiret",hazırlık
06.01.2023,BESMELE: BEREKETE AÇILAN KAPI,İbadet ve Kulluk,besmele
06.01.2023,BESMELE: BEREKETE AÇILAN KAPI,İbadet ve Kulluk,mevlid-i şerif
06.01.2023,BESMELE: BEREKETE AÇILAN KAPI,İbadet ve Kulluk,bereket
06.01.2023,BESMELE: BEREKETE AÇILAN KAPI,İbadet ve Kulluk,zikir
06.01.2023,BESMELE: BEREKETE AÇILAN KAPI,İbadet ve Kulluk,dua
06.01.2023,BESMELE: BEREKETE AÇILAN KAPI,İbadet ve Kulluk,yağmur duası
13.01.2023,EN GÜZEL İSİMLER ALLAH’A AİTTİR,"İman, Tevhid ve Ahiret",esmâ-i hüsnâ
13.01.2023,EN GÜZEL İSİMLER ALLAH’A AİTTİR,"İman, Tevhid ve Ahiret",i̇hlâs suresi
13.01.2023,EN GÜZEL İSİMLER ALLAH’A AİTTİR,"İman, Tevhid ve Ahiret",allah’ın isimleri
13.01.2023,EN GÜZEL İSİMLER ALLAH’A AİTTİR,"İman, Tevhid ve Ahiret",tevhid
13.01.2023,EN GÜZEL İSİMLER ALLAH’A AİTTİR,"İman, Tevhid ve Ahiret",din eğitimi
13.01.2023,EN GÜZEL İSİMLER ALLAH’A AİTTİR,"İman, Tevhid ve Ahiret",zikir
20.01.2023,ALLAH’IM! ÜÇ AYLARI BİZE BEREKETLİ KIL,"Ramazan, Oruç ve Bayramlar",üç aylar
20.01.2023,ALLAH’IM! ÜÇ AYLARI BİZE BEREKETLİ KIL,"Ramazan, Oruç ve Bayramlar",recep ayı
20.01.2023,ALLAH’IM! ÜÇ AYLARI BİZE BEREKETLİ KIL,"Ramazan, Oruç ve Bayramlar",bereket
20.01.2023,ALLAH’IM! ÜÇ AYLARI BİZE BEREKETLİ KIL,"Ramazan, Oruç ve Bayramlar",dua
20.01.2023,ALLAH’IM! ÜÇ AYLARI BİZE BEREKETLİ KIL,"Ramazan, Oruç ve Bayramlar",manevi iklim
20.01.2023,ALLAH’IM! ÜÇ AYLARI BİZE BEREKETLİ KIL,"Ramazan, Oruç ve Bayramlar",ramazan’a hazırlık
27.01.2023,EN BÜYÜK MUCİZE KUR’AN-I KERİM,Kur'an-ı Kerim,kur’an-ı kerim
27.01.2023,EN BÜYÜK MUCİZE KUR’AN-I KERİM,Kur'an-ı Kerim,mucize
27.01.2023,EN BÜYÜK MUCİZE KUR’AN-I KERİM,Kur'an-ı Kerim,hidayet
27.01.2023,EN BÜYÜK MUCİZE KUR’AN-I KERİM,Kur'an-ı Kerim,vahiy
27.01.2023,EN BÜYÜK MUCİZE KUR’AN-I KERİM,Kur'an-ı Kerim,tilavet
27.01.2023,EN BÜYÜK MUCİZE KUR’AN-I KERİM,Kur'an-ı Kerim,nur
03.02.2023,İMANIN GEREĞİ: SALİH AMEL VE GÜZEL AHLAK,"Ahlak, Erdem ve Söz",iman
03.02.2023,İMANIN GEREĞİ: SALİH AMEL VE GÜZEL AHLAK,"Ahlak, Erdem ve Söz",salih amel
03.02.2023,İMANIN GEREĞİ: SALİH AMEL VE GÜZEL AHLAK,"Ahlak, Erdem ve Söz",güzel ahlak
03.02.2023,İMANIN GEREĞİ: SALİH AMEL VE GÜZEL AHLAK,"Ahlak, Erdem ve Söz",samimiyet
03.02.2023,İMANIN GEREĞİ: SALİH AMEL VE GÜZEL AHLAK,"Ahlak, Erdem ve Söz",kulluk
03.02.2023,İMANIN GEREĞİ: SALİH AMEL VE GÜZEL AHLAK,"Ahlak, Erdem ve Söz",dua
10.02.2023,"GÜN, MİLLETÇE KENETLENME GÜNÜDÜR","Toplumsal Dayanışma, Merhamet ve Kardeşlik",deprem
10.02.2023,"GÜN, MİLLETÇE KENETLENME GÜNÜDÜR","Toplumsal Dayanışma, Merhamet ve Kardeşlik",kenetlenme
10.02.2023,"GÜN, MİLLETÇE KENETLENME GÜNÜDÜR","Toplumsal Dayanışma, Merhamet ve Kardeşlik",dayanışma
10.02.2023,"GÜN, MİLLETÇE KENETLENME GÜNÜDÜR","Toplumsal Dayanışma, Merhamet ve Kardeşlik",yardım kampanyası
10.02.2023,"GÜN, MİLLETÇE KENETLENME GÜNÜDÜR","Toplumsal Dayanışma, Merhamet ve Kardeşlik",merhamet
10.02.2023,"GÜN, MİLLETÇE KENETLENME GÜNÜDÜR","Toplumsal Dayanışma, Merhamet ve Kardeşlik",afet
17.02.2023,MİRAÇ GECEMİZ: İLÂHÎ RAHMET VE SEKÎNET VESİLEMİZ,"Afet, Kriz ve Sağlık",deprem
17.02.2023,MİRAÇ GECEMİZ: İLÂHÎ RAHMET VE SEKÎNET VESİLEMİZ,"Afet, Kriz ve Sağlık",miraç gecesi
17.02.2023,MİRAÇ GECEMİZ: İLÂHÎ RAHMET VE SEKÎNET VESİLEMİZ,"Afet, Kriz ve Sağlık",dayanışma
17.02.2023,MİRAÇ GECEMİZ: İLÂHÎ RAHMET VE SEKÎNET VESİLEMİZ,"Afet, Kriz ve Sağlık",rahmet
17.02.2023,MİRAÇ GECEMİZ: İLÂHÎ RAHMET VE SEKÎNET VESİLEMİZ,"Afet, Kriz ve Sağlık",sekinet
17.02.2023,MİRAÇ GECEMİZ: İLÂHÎ RAHMET VE SEKÎNET VESİLEMİZ,"Afet, Kriz ve Sağlık",afet
24.02.2023,"KARDEŞLİK, DAYANIŞMA VE DUA VAKTİ","Toplumsal Dayanışma, Merhamet ve Kardeşlik",deprem
24.02.2023,"KARDEŞLİK, DAYANIŞMA VE DUA VAKTİ","Toplumsal Dayanışma, Merhamet ve Kardeşlik",kardeşlik
24.02.2023,"KARDEŞLİK, DAYANIŞMA VE DUA VAKTİ","Toplumsal Dayanışma, Merhamet ve Kardeşlik",dayanışma
24.02.2023,"KARDEŞLİK, DAYANIŞMA VE DUA VAKTİ","Toplumsal Dayanışma, Merhamet ve Kardeşlik",dua
24.02.2023,"KARDEŞLİK, DAYANIŞMA VE DUA VAKTİ","Toplumsal Dayanışma, Merhamet ve Kardeşlik",yardımlaşma
24.02.2023,"KARDEŞLİK, DAYANIŞMA VE DUA VAKTİ","Toplumsal Dayanışma, Merhamet ve Kardeşlik",afet
03.03.2023,MÜSLÜMANLAR BİRBİRİNİN UMUDUDUR,İbadet ve Kulluk,berat gecesi
03.03.2023,MÜSLÜMANLAR BİRBİRİNİN UMUDUDUR,İbadet ve Kulluk,üç aylar
03.03.2023,MÜSLÜMANLAR BİRBİRİNİN UMUDUDUR,İbadet ve Kulluk,umut
03.03.2023,MÜSLÜMANLAR BİRBİRİNİN UMUDUDUR,İbadet ve Kulluk,tevekkül
03.03.2023,MÜSLÜMANLAR BİRBİRİNİN UMUDUDUR,İbadet ve Kulluk,kardeşlik
03.03.2023,MÜSLÜMANLAR BİRBİRİNİN UMUDUDUR,İbadet ve Kulluk,dua
10.03.2023,MÜMİN GÜVENEN VE GÜVENİLEN KİŞİDİR,"Toplumsal Dayanışma, Merhamet ve Kardeşlik",güven
10.03.2023,MÜMİN GÜVENEN VE GÜVENİLEN KİŞİDİR,"Toplumsal Dayanışma, Merhamet ve Kardeşlik",emniyet
10.03.2023,MÜMİN GÜVENEN VE GÜVENİLEN KİŞİDİR,"Toplumsal Dayanışma, Merhamet ve Kardeşlik",ahlak
10.03.2023,MÜMİN GÜVENEN VE GÜVENİLEN KİŞİDİR,"Toplumsal Dayanışma, Merhamet ve Kardeşlik",toplumsal huzur
10.03.2023,MÜMİN GÜVENEN VE GÜVENİLEN KİŞİDİR,"Toplumsal Dayanışma, Merhamet ve Kardeşlik",dürüstlük
10.03.2023,MÜMİN GÜVENEN VE GÜVENİLEN KİŞİDİR,"Toplumsal Dayanışma, Merhamet ve Kardeşlik",iman
17.03.2023,RAMAZAN: RAHMET VE MAĞFİRET AYI,"Ramazan, Oruç ve Bayramlar",ramazan
17.03.2023,RAMAZAN: RAHMET VE MAĞFİRET AYI,"Ramazan, Oruç ve Bayramlar",rahmet
17.03.2023,RAMAZAN: RAHMET VE MAĞFİRET AYI,"Ramazan, Oruç ve Bayramlar",mağfiret
17.03.2023,RAMAZAN: RAHMET VE MAĞFİRET AYI,"Ramazan, Oruç ve Bayramlar",oruç
17.03.2023,RAMAZAN: RAHMET VE MAĞFİRET AYI,"Ramazan, Oruç ve Bayramlar",deprem şehitleri
17.03.2023,RAMAZAN: RAHMET VE MAĞFİRET AYI,"Ramazan, Oruç ve Bayramlar",dua
24.03.2023,RAMAZAN VE DAYANIŞMA,"Toplumsal Dayanışma, Merhamet ve Kardeşlik",ramazan
24.03.2023,RAMAZAN VE DAYANIŞMA,"Toplumsal Dayanışma, Merhamet ve Kardeşlik",dayanışma
24.03.2023,RAMAZAN VE DAYANIŞMA,"Toplumsal Dayanışma, Merhamet ve Kardeşlik",yardımlaşma
24.03.2023,RAMAZAN VE DAYANIŞMA,"Toplumsal Dayanışma, Merhamet ve Kardeşlik",kardeşlik
24.03.2023,RAMAZAN VE DAYANIŞMA,"Toplumsal Dayanışma, Merhamet ve Kardeşlik",sıkıntı giderme
24.03.2023,RAMAZAN VE DAYANIŞMA,"Toplumsal Dayanışma, Merhamet ve Kardeşlik",toplumsal destek
31.03.2023,ZEKÂT: İSLAM’IN DAYANIŞMA KÖPRÜSÜ,"Ekonomik Hayat: Kazanç, Zekat ve İsraf",zekât
31.03.2023,ZEKÂT: İSLAM’IN DAYANIŞMA KÖPRÜSÜ,"Ekonomik Hayat: Kazanç, Zekat ve İsraf",dayanışma
31.03.2023,ZEKÂT: İSLAM’IN DAYANIŞMA KÖPRÜSÜ,"Ekonomik Hayat: Kazanç, Zekat ve İsraf",şükür
31.03.2023,ZEKÂT: İSLAM’IN DAYANIŞMA KÖPRÜSÜ,"Ekonomik Hayat: Kazanç, Zekat ve İsraf",sadaka
31.03.2023,ZEKÂT: İSLAM’IN DAYANIŞMA KÖPRÜSÜ,"Ekonomik Hayat: Kazanç, Zekat ve İsraf",i̇slam'ın şartları
31.03.2023,ZEKÂT: İSLAM’IN DAYANIŞMA KÖPRÜSÜ,"Ekonomik Hayat: Kazanç, Zekat ve İsraf",yardım kampanyası
07.04.2023,İHSAN BİLİNCİ: KULLUĞUN ZİRVESİ,İbadet ve Kulluk,ihsan
07.04.2023,İHSAN BİLİNCİ: KULLUĞUN ZİRVESİ,İbadet ve Kulluk,kulluk
07.04.2023,İHSAN BİLİNCİ: KULLUĞUN ZİRVESİ,İbadet ve Kulluk,mescid-i aksâ
07.04.2023,İHSAN BİLİNCİ: KULLUĞUN ZİRVESİ,İbadet ve Kulluk,mükemmellik
07.04.2023,İHSAN BİLİNCİ: KULLUĞUN ZİRVESİ,İbadet ve Kulluk,ibadet bilinci
07.04.2023,İHSAN BİLİNCİ: KULLUĞUN ZİRVESİ,İbadet ve Kulluk,dayanışma
14.04.2023,KADİR GECESİ: BİR ÖMRE BEDEL GECE,"Ramazan, Oruç ve Bayramlar",kadir gecesi
14.04.2023,KADİR GECESİ: BİR ÖMRE BEDEL GECE,"Ramazan, Oruç ve Bayramlar",ramazan
14.04.2023,KADİR GECESİ: BİR ÖMRE BEDEL GECE,"Ramazan, Oruç ve Bayramlar",itikaf
14.04.2023,KADİR GECESİ: BİR ÖMRE BEDEL GECE,"Ramazan, Oruç ve Bayramlar",sadaka-i fıtır
14.04.2023,KADİR GECESİ: BİR ÖMRE BEDEL GECE,"Ramazan, Oruç ve Bayramlar",mağfiret
14.04.2023,KADİR GECESİ: BİR ÖMRE BEDEL GECE,"Ramazan, Oruç ve Bayramlar",bayrama hazırlık
21.04.2023,"RAMAZAN BAYRAMI: NEŞE, HUZUR VE KARDEŞLİK GÜNLERİ","Ramazan, Oruç ve Bayramlar",ramazan bayramı
21.04.2023,"RAMAZAN BAYRAMI: NEŞE, HUZUR VE KARDEŞLİK GÜNLERİ","Ramazan, Oruç ve Bayramlar",kardeşlik
21.04.2023,"RAMAZAN BAYRAMI: NEŞE, HUZUR VE KARDEŞLİK GÜNLERİ","Ramazan, Oruç ve Bayramlar",neşe
21.04.2023,"RAMAZAN BAYRAMI: NEŞE, HUZUR VE KARDEŞLİK GÜNLERİ","Ramazan, Oruç ve Bayramlar",bayram tebriği
21.04.2023,"RAMAZAN BAYRAMI: NEŞE, HUZUR VE KARDEŞLİK GÜNLERİ","Ramazan, Oruç ve Bayramlar",mağfiret
21.04.2023,"RAMAZAN BAYRAMI: NEŞE, HUZUR VE KARDEŞLİK GÜNLERİ","Ramazan, Oruç ve Bayramlar",toplumsal birlik
28.04.2023,İŞ AHLAKI: TOPLUMSAL HUZURUN KAYNAĞI,"Ahlak, Erdem ve Söz",iş ahlakı
28.04.2023,İŞ AHLAKI: TOPLUMSAL HUZURUN KAYNAĞI,"Ahlak, Erdem ve Söz",emek
28.04.2023,İŞ AHLAKI: TOPLUMSAL HUZURUN KAYNAĞI,"Ahlak, Erdem ve Söz",dürüstlük
28.04.2023,İŞ AHLAKI: TOPLUMSAL HUZURUN KAYNAĞI,"Ahlak, Erdem ve Söz",toplumsal huzur
28.04.2023,İŞ AHLAKI: TOPLUMSAL HUZURUN KAYNAĞI,"Ahlak, Erdem ve Söz",kalite
28.04.2023,İŞ AHLAKI: TOPLUMSAL HUZURUN KAYNAĞI,"Ahlak, Erdem ve Söz",çalışma bilinci
05.05.2023,İSRAF: TÜKETİRKEN TÜKENMEK,"Ahlak, Erdem ve Söz",israf
05.05.2023,İSRAF: TÜKETİRKEN TÜKENMEK,"Ahlak, Erdem ve Söz",iktisat
05.05.2023,İSRAF: TÜKETİRKEN TÜKENMEK,"Ahlak, Erdem ve Söz",denge
05.05.2023,İSRAF: TÜKETİRKEN TÜKENMEK,"Ahlak, Erdem ve Söz",tüketim ahlakı
05.05.2023,İSRAF: TÜKETİRKEN TÜKENMEK,"Ahlak, Erdem ve Söz",emanet bilinci
05.05.2023,İSRAF: TÜKETİRKEN TÜKENMEK,"Ahlak, Erdem ve Söz",hesap günü
12.05.2023,"KADIN VE ERKEK: HÜRMETE LAYIK, SAYGIN VARLIK","Aile, Çocuk ve Nesil",aile
12.05.2023,"KADIN VE ERKEK: HÜRMETE LAYIK, SAYGIN VARLIK","Aile, Çocuk ve Nesil",uluslararası aile günü
12.05.2023,"KADIN VE ERKEK: HÜRMETE LAYIK, SAYGIN VARLIK","Aile, Çocuk ve Nesil",nikah
12.05.2023,"KADIN VE ERKEK: HÜRMETE LAYIK, SAYGIN VARLIK","Aile, Çocuk ve Nesil",zina
12.05.2023,"KADIN VE ERKEK: HÜRMETE LAYIK, SAYGIN VARLIK","Aile, Çocuk ve Nesil",anne baba sorumluluğu
12.05.2023,"KADIN VE ERKEK: HÜRMETE LAYIK, SAYGIN VARLIK","Aile, Çocuk ve Nesil",fıtrat
12.05.2023,"KADIN VE ERKEK: HÜRMETE LAYIK, SAYGIN VARLIK","Aile, Çocuk ve Nesil",kadın erkek eşitliği
19.05.2023,"GENÇLERİMİZ, MİLLİ VE MANEVİ DEĞERLERİMİZİN EMANETÇİSİDİR","Aile, Çocuk ve Nesil",gençlik
19.05.2023,"GENÇLERİMİZ, MİLLİ VE MANEVİ DEĞERLERİMİZİN EMANETÇİSİDİR","Aile, Çocuk ve Nesil",ahlak eğitimi
19.05.2023,"GENÇLERİMİZ, MİLLİ VE MANEVİ DEĞERLERİMİZİN EMANETÇİSİDİR","Aile, Çocuk ve Nesil",anne baba sorumluluğu
19.05.2023,"GENÇLERİMİZ, MİLLİ VE MANEVİ DEĞERLERİMİZİN EMANETÇİSİDİR","Aile, Çocuk ve Nesil",milli manevi değerler
19.05.2023,"GENÇLERİMİZ, MİLLİ VE MANEVİ DEĞERLERİMİZİN EMANETÇİSİDİR","Aile, Çocuk ve Nesil",örnek şahsiyetler
19.05.2023,"GENÇLERİMİZ, MİLLİ VE MANEVİ DEĞERLERİMİZİN EMANETÇİSİDİR","Aile, Çocuk ve Nesil",gençlik günü
26.05.2023,BİRLİK VE BERABERLİK RUHU,"Toplumsal Dayanışma, Merhamet ve Kardeşlik",birlik ve beraberlik
26.05.2023,BİRLİK VE BERABERLİK RUHU,"Toplumsal Dayanışma, Merhamet ve Kardeşlik",kardeşlik
26.05.2023,BİRLİK VE BERABERLİK RUHU,"Toplumsal Dayanışma, Merhamet ve Kardeşlik",istanbul'un fethi
26.05.2023,BİRLİK VE BERABERLİK RUHU,"Toplumsal Dayanışma, Merhamet ve Kardeşlik",tefrika
26.05.2023,BİRLİK VE BERABERLİK RUHU,"Toplumsal Dayanışma, Merhamet ve Kardeşlik",vatan sevgisi
26.05.2023,BİRLİK VE BERABERLİK RUHU,"Toplumsal Dayanışma, Merhamet ve Kardeşlik",ecdat
02.06.2023,KALPLER ALLAH’I ZİKRETMEKLE HUZURA KAVUŞUR,İbadet ve Kulluk,zikir
02.06.2023,KALPLER ALLAH’I ZİKRETMEKLE HUZURA KAVUŞUR,İbadet ve Kulluk,kalp huzuru
02.06.2023,KALPLER ALLAH’I ZİKRETMEKLE HUZURA KAVUŞUR,İbadet ve Kulluk,namaz
02.06.2023,KALPLER ALLAH’I ZİKRETMEKLE HUZURA KAVUŞUR,İbadet ve Kulluk,esma-i hüsna
02.06.2023,KALPLER ALLAH’I ZİKRETMEKLE HUZURA KAVUŞUR,İbadet ve Kulluk,kur'an okumak
02.06.2023,KALPLER ALLAH’I ZİKRETMEKLE HUZURA KAVUŞUR,İbadet ve Kulluk,gaflet
09.06.2023,RABBİMİZ ÇEVRE İLE BİZLERE NE ÖĞRETİR?,"Eğitim, Teknoloji, Çevre ve Toplumsal Değişim",çevre bilinci
09.06.2023,RABBİMİZ ÇEVRE İLE BİZLERE NE ÖĞRETİR?,"Eğitim, Teknoloji, Çevre ve Toplumsal Değişim",israf
09.06.2023,RABBİMİZ ÇEVRE İLE BİZLERE NE ÖĞRETİR?,"Eğitim, Teknoloji, Çevre ve Toplumsal Değişim",doğal denge
09.06.2023,RABBİMİZ ÇEVRE İLE BİZLERE NE ÖĞRETİR?,"Eğitim, Teknoloji, Çevre ve Toplumsal Değişim",çevre kirliliği
09.06.2023,RABBİMİZ ÇEVRE İLE BİZLERE NE ÖĞRETİR?,"Eğitim, Teknoloji, Çevre ve Toplumsal Değişim",emanet bilinci
09.06.2023,RABBİMİZ ÇEVRE İLE BİZLERE NE ÖĞRETİR?,"Eğitim, Teknoloji, Çevre ve Toplumsal Değişim",hayvan hakları
16.06.2023,İSLAM’IN İKİ ŞİÂRI: EZAN VE KURBAN,"Ramazan, Oruç ve Bayramlar",ezan
16.06.2023,İSLAM’IN İKİ ŞİÂRI: EZAN VE KURBAN,"Ramazan, Oruç ve Bayramlar",kurban bayramı
16.06.2023,İSLAM’IN İKİ ŞİÂRI: EZAN VE KURBAN,"Ramazan, Oruç ve Bayramlar",vekaletle kurban
16.06.2023,İSLAM’IN İKİ ŞİÂRI: EZAN VE KURBAN,"Ramazan, Oruç ve Bayramlar",kurbiyyet
16.06.2023,İSLAM’IN İKİ ŞİÂRI: EZAN VE KURBAN,"Ramazan, Oruç ve Bayramlar",istiklal marşı
16.06.2023,İSLAM’IN İKİ ŞİÂRI: EZAN VE KURBAN,"Ramazan, Oruç ve Bayramlar",diyanet vakfı
23.06.2023,BABA: CENNETE AÇILAN KAPI,"Aile, Çocuk ve Nesil",baba
23.06.2023,BABA: CENNETE AÇILAN KAPI,"Aile, Çocuk ve Nesil",aile
23.06.2023,BABA: CENNETE AÇILAN KAPI,"Aile, Çocuk ve Nesil",anne baba hakkı
23.06.2023,BABA: CENNETE AÇILAN KAPI,"Aile, Çocuk ve Nesil",trafik güvenliği
23.06.2023,BABA: CENNETE AÇILAN KAPI,"Aile, Çocuk ve Nesil",kurban bayramı
23.06.2023,BABA: CENNETE AÇILAN KAPI,"Aile, Çocuk ve Nesil",çocuk eğitimi
28.06.2023,KURBAN BAYRAMI: KARDEŞLİK VE YARDIMLAŞMA GÜNLERİ,"Ramazan, Oruç ve Bayramlar",kurban bayramı
28.06.2023,KURBAN BAYRAMI: KARDEŞLİK VE YARDIMLAŞMA GÜNLERİ,"Ramazan, Oruç ve Bayramlar",bayram namazı
28.06.2023,KURBAN BAYRAMI: KARDEŞLİK VE YARDIMLAŞMA GÜNLERİ,"Ramazan, Oruç ve Bayramlar",sıla-i rahim
28.06.2023,KURBAN BAYRAMI: KARDEŞLİK VE YARDIMLAŞMA GÜNLERİ,"Ramazan, Oruç ve Bayramlar",teşrik tekbirleri
28.06.2023,KURBAN BAYRAMI: KARDEŞLİK VE YARDIMLAŞMA GÜNLERİ,"Ramazan, Oruç ve Bayramlar",kardeşlik
28.06.2023,KURBAN BAYRAMI: KARDEŞLİK VE YARDIMLAŞMA GÜNLERİ,"Ramazan, Oruç ve Bayramlar",kurban kesimi
30.06.2023,ÇOCUKLARIMIZIN ÜZERİMİZDE HAKKI,"Aile, Çocuk ve Nesil",çocuk hakları
30.06.2023,ÇOCUKLARIMIZIN ÜZERİMİZDE HAKKI,"Aile, Çocuk ve Nesil",yaz kur'an kursu
30.06.2023,ÇOCUKLARIMIZIN ÜZERİMİZDE HAKKI,"Aile, Çocuk ve Nesil",çocuk eğitimi
30.06.2023,ÇOCUKLARIMIZIN ÜZERİMİZDE HAKKI,"Aile, Çocuk ve Nesil",fıtrat
30.06.2023,ÇOCUKLARIMIZIN ÜZERİMİZDE HAKKI,"Aile, Çocuk ve Nesil",anne baba sorumluluğu
30.06.2023,ÇOCUKLARIMIZIN ÜZERİMİZDE HAKKI,"Aile, Çocuk ve Nesil",kur'an öğrenimi
07.07.2023,EVLİLİKLERİMİZ KOLAY OLSUN,"Aile, Çocuk ve Nesil",evlilik
07.07.2023,EVLİLİKLERİMİZ KOLAY OLSUN,"Aile, Çocuk ve Nesil",nikah
07.07.2023,EVLİLİKLERİMİZ KOLAY OLSUN,"Aile, Çocuk ve Nesil",düğün israfı
07.07.2023,EVLİLİKLERİMİZ KOLAY OLSUN,"Aile, Çocuk ve Nesil",aile kurumu
07.07.2023,EVLİLİKLERİMİZ KOLAY OLSUN,"Aile, Çocuk ve Nesil",mahremiyet
07.07.2023,EVLİLİKLERİMİZ KOLAY OLSUN,"Aile, Çocuk ve Nesil",vekaletle kurban
14.07.2023,"DİN SAMİMİYETTİR, İSTİSMAR İHANETTİR","Ahlak, Erdem ve Söz",samimiyet
14.07.2023,"DİN SAMİMİYETTİR, İSTİSMAR İHANETTİR","Ahlak, Erdem ve Söz",istismar
14.07.2023,"DİN SAMİMİYETTİR, İSTİSMAR İHANETTİR","Ahlak, Erdem ve Söz",15 temmuz
14.07.2023,"DİN SAMİMİYETTİR, İSTİSMAR İHANETTİR","Ahlak, Erdem ve Söz",fetö
14.07.2023,"DİN SAMİMİYETTİR, İSTİSMAR İHANETTİR","Ahlak, Erdem ve Söz",hicri yılbaşı
14.07.2023,"DİN SAMİMİYETTİR, İSTİSMAR İHANETTİR","Ahlak, Erdem ve Söz",din istismarı
21.07.2023,HİCRET: İDEALLER UĞRUNA ÇIKILAN KUTLU BİR SEFER,Peygamberimiz ve Ashab,hicret
21.07.2023,HİCRET: İDEALLER UĞRUNA ÇIKILAN KUTLU BİR SEFER,Peygamberimiz ve Ashab,hicri yılbaşı
21.07.2023,HİCRET: İDEALLER UĞRUNA ÇIKILAN KUTLU BİR SEFER,Peygamberimiz ve Ashab,orman yangınları
21.07.2023,HİCRET: İDEALLER UĞRUNA ÇIKILAN KUTLU BİR SEFER,Peygamberimiz ve Ashab,çevre bilinci
21.07.2023,HİCRET: İDEALLER UĞRUNA ÇIKILAN KUTLU BİR SEFER,Peygamberimiz ve Ashab,hz. ömer
21.07.2023,HİCRET: İDEALLER UĞRUNA ÇIKILAN KUTLU BİR SEFER,Peygamberimiz ve Ashab,istikamet
28.07.2023,MUHARREM AYININ ÖNEMİ VE EHL-İ BEYT-İ MUSTAFA,"Kandiller, Muharrem ve Mübarek Geceler",muharrem ayı
28.07.2023,MUHARREM AYININ ÖNEMİ VE EHL-İ BEYT-İ MUSTAFA,"Kandiller, Muharrem ve Mübarek Geceler",aşure günü
28.07.2023,MUHARREM AYININ ÖNEMİ VE EHL-İ BEYT-İ MUSTAFA,"Kandiller, Muharrem ve Mübarek Geceler",kerbela
28.07.2023,MUHARREM AYININ ÖNEMİ VE EHL-İ BEYT-İ MUSTAFA,"Kandiller, Muharrem ve Mübarek Geceler",ehl-i beyt
28.07.2023,MUHARREM AYININ ÖNEMİ VE EHL-İ BEYT-İ MUSTAFA,"Kandiller, Muharrem ve Mübarek Geceler",hz. hüseyin
28.07.2023,MUHARREM AYININ ÖNEMİ VE EHL-İ BEYT-İ MUSTAFA,"Kandiller, Muharrem ve Mübarek Geceler",mezhep birliği
04.08.2023,CUMA: HAFTALIK BAYRAM GÜNÜMÜZ,İbadet ve Kulluk,cuma namazı
04.08.2023,CUMA: HAFTALIK BAYRAM GÜNÜMÜZ,İbadet ve Kulluk,hutbe adabı
04.08.2023,CUMA: HAFTALIK BAYRAM GÜNÜMÜZ,İbadet ve Kulluk,ibadet özgürlüğü
04.08.2023,CUMA: HAFTALIK BAYRAM GÜNÜMÜZ,İbadet ve Kulluk,haftalık bayram
04.08.2023,CUMA: HAFTALIK BAYRAM GÜNÜMÜZ,İbadet ve Kulluk,namaz vakti düzenlemesi
11.08.2023,SILA-İ RAHİM: RAHMET VE BEREKET VESİLEMİZ,"Toplumsal Dayanışma, Merhamet ve Kardeşlik",sıla-i rahim
11.08.2023,SILA-İ RAHİM: RAHMET VE BEREKET VESİLEMİZ,"Toplumsal Dayanışma, Merhamet ve Kardeşlik",akrabalık bağları
11.08.2023,SILA-İ RAHİM: RAHMET VE BEREKET VESİLEMİZ,"Toplumsal Dayanışma, Merhamet ve Kardeşlik",yalnızlık
11.08.2023,SILA-İ RAHİM: RAHMET VE BEREKET VESİLEMİZ,"Toplumsal Dayanışma, Merhamet ve Kardeşlik",anne baba hakkı
11.08.2023,SILA-İ RAHİM: RAHMET VE BEREKET VESİLEMİZ,"Toplumsal Dayanışma, Merhamet ve Kardeşlik",komşuluk
11.08.2023,SILA-İ RAHİM: RAHMET VE BEREKET VESİLEMİZ,"Toplumsal Dayanışma, Merhamet ve Kardeşlik",dijital çağda ilişkiler
18.08.2023,AHİRET: EBEDİ YURDUMUZ,"İman, Tevhid ve Ahiret",ahiret inancı
18.08.2023,AHİRET: EBEDİ YURDUMUZ,"İman, Tevhid ve Ahiret",hesap günü
18.08.2023,AHİRET: EBEDİ YURDUMUZ,"İman, Tevhid ve Ahiret",mizan
18.08.2023,AHİRET: EBEDİ YURDUMUZ,"İman, Tevhid ve Ahiret",amel defteri
18.08.2023,AHİRET: EBEDİ YURDUMUZ,"İman, Tevhid ve Ahiret",dünya hayatının geçiciliği
18.08.2023,AHİRET: EBEDİ YURDUMUZ,"İman, Tevhid ve Ahiret",kul hakkı
25.08.2023,ALLAH’IN YARDIMI AZİZ MİLLETİMİZLE BERABERDİR,"Vatan, Millet ve Tarih",malazgirt zaferi
25.08.2023,ALLAH’IN YARDIMI AZİZ MİLLETİMİZLE BERABERDİR,"Vatan, Millet ve Tarih",çanakkale zaferi
25.08.2023,ALLAH’IN YARDIMI AZİZ MİLLETİMİZLE BERABERDİR,"Vatan, Millet ve Tarih",milli mücadele
25.08.2023,ALLAH’IN YARDIMI AZİZ MİLLETİMİZLE BERABERDİR,"Vatan, Millet ve Tarih",büyük taarruz
25.08.2023,ALLAH’IN YARDIMI AZİZ MİLLETİMİZLE BERABERDİR,"Vatan, Millet ve Tarih",vatan sevgisi
25.08.2023,ALLAH’IN YARDIMI AZİZ MİLLETİMİZLE BERABERDİR,"Vatan, Millet ve Tarih",şehitlik
01.09.2023,SAKIN İNCİTME BİR CÂNI!,"Toplumsal Dayanışma, Merhamet ve Kardeşlik",ırkçılık karşıtlığı
01.09.2023,SAKIN İNCİTME BİR CÂNI!,"Toplumsal Dayanışma, Merhamet ve Kardeşlik",insan onuru
01.09.2023,SAKIN İNCİTME BİR CÂNI!,"Toplumsal Dayanışma, Merhamet ve Kardeşlik",eşitlik
01.09.2023,SAKIN İNCİTME BİR CÂNI!,"Toplumsal Dayanışma, Merhamet ve Kardeşlik",bilal-i habeşi
01.09.2023,SAKIN İNCİTME BİR CÂNI!,"Toplumsal Dayanışma, Merhamet ve Kardeşlik",ayrımcılık
01.09.2023,SAKIN İNCİTME BİR CÂNI!,"Toplumsal Dayanışma, Merhamet ve Kardeşlik",suçun şahsiliği
08.09.2023,"İLİM YOLU, CENNET YOLUDUR","Eğitim, Teknoloji, Çevre ve Toplumsal Değişim",ilim
08.09.2023,"İLİM YOLU, CENNET YOLUDUR","Eğitim, Teknoloji, Çevre ve Toplumsal Değişim",eğitim öğretim yılı
08.09.2023,"İLİM YOLU, CENNET YOLUDUR","Eğitim, Teknoloji, Çevre ve Toplumsal Değişim",kur'an kursu
08.09.2023,"İLİM YOLU, CENNET YOLUDUR","Eğitim, Teknoloji, Çevre ve Toplumsal Değişim",cehalet
08.09.2023,"İLİM YOLU, CENNET YOLUDUR","Eğitim, Teknoloji, Çevre ve Toplumsal Değişim",alak suresi
08.09.2023,"İLİM YOLU, CENNET YOLUDUR","Eğitim, Teknoloji, Çevre ve Toplumsal Değişim",öğretmenlik
15.09.2023,AHÎLİK: DÜRÜSTLÜK VE MERHAMETİ TİCARETE HÂKİM KILMAK,"Ekonomik Hayat: Kazanç, Zekat ve İsraf",ahilik
15.09.2023,AHÎLİK: DÜRÜSTLÜK VE MERHAMETİ TİCARETE HÂKİM KILMAK,"Ekonomik Hayat: Kazanç, Zekat ve İsraf",helal kazanç
15.09.2023,AHÎLİK: DÜRÜSTLÜK VE MERHAMETİ TİCARETE HÂKİM KILMAK,"Ekonomik Hayat: Kazanç, Zekat ve İsraf",ticaret ahlakı
15.09.2023,AHÎLİK: DÜRÜSTLÜK VE MERHAMETİ TİCARETE HÂKİM KILMAK,"Ekonomik Hayat: Kazanç, Zekat ve İsraf",aldatma
15.09.2023,AHÎLİK: DÜRÜSTLÜK VE MERHAMETİ TİCARETE HÂKİM KILMAK,"Ekonomik Hayat: Kazanç, Zekat ve İsraf",karaborsacılık
15.09.2023,AHÎLİK: DÜRÜSTLÜK VE MERHAMETİ TİCARETE HÂKİM KILMAK,"Ekonomik Hayat: Kazanç, Zekat ve İsraf",hac ön kayıt
22.09.2023,MEVLİD-İ NEBİ,Peygamberimiz ve Ashab,mevlid-i nebi
22.09.2023,MEVLİD-İ NEBİ,Peygamberimiz ve Ashab,hz. muhammed
22.09.2023,MEVLİD-İ NEBİ,Peygamberimiz ve Ashab,mevlid kandili
22.09.2023,MEVLİD-İ NEBİ,Peygamberimiz ve Ashab,sünnet
22.09.2023,MEVLİD-İ NEBİ,Peygamberimiz ve Ashab,peygamber sevgisi
29.09.2023,"PEYGAMBERİMİZ, İMAN VE İSTİKAMET","Ahlak, Erdem ve Söz",istikamet
29.09.2023,"PEYGAMBERİMİZ, İMAN VE İSTİKAMET","Ahlak, Erdem ve Söz",iman
29.09.2023,"PEYGAMBERİMİZ, İMAN VE İSTİKAMET","Ahlak, Erdem ve Söz",ahlak
29.09.2023,"PEYGAMBERİMİZ, İMAN VE İSTİKAMET","Ahlak, Erdem ve Söz",samimiyet
29.09.2023,"PEYGAMBERİMİZ, İMAN VE İSTİKAMET","Ahlak, Erdem ve Söz",kul hakkı
29.09.2023,"PEYGAMBERİMİZ, İMAN VE İSTİKAMET","Ahlak, Erdem ve Söz",riyasızlık
06.10.2023,"CAMİLER  VE DİN GÖREVLİLERİ: HAYRIN ANAHTARI, ŞERRİN KİLİDİ",İbadet ve Kulluk,camiler
06.10.2023,"CAMİLER  VE DİN GÖREVLİLERİ: HAYRIN ANAHTARI, ŞERRİN KİLİDİ",İbadet ve Kulluk,din görevlileri haftası
06.10.2023,"CAMİLER  VE DİN GÖREVLİLERİ: HAYRIN ANAHTARI, ŞERRİN KİLİDİ",İbadet ve Kulluk,diyanet işleri başkanlığı
06.10.2023,"CAMİLER  VE DİN GÖREVLİLERİ: HAYRIN ANAHTARI, ŞERRİN KİLİDİ",İbadet ve Kulluk,din hizmetleri
06.10.2023,"CAMİLER  VE DİN GÖREVLİLERİ: HAYRIN ANAHTARI, ŞERRİN KİLİDİ",İbadet ve Kulluk,hac ön kayıt
13.10.2023,ZULÜMLE ÂBÂD OLUNMAZ,İslam Coğrafyası ve Küresel Meseleler,filistin
13.10.2023,ZULÜMLE ÂBÂD OLUNMAZ,İslam Coğrafyası ve Küresel Meseleler,gazze
13.10.2023,ZULÜMLE ÂBÂD OLUNMAZ,İslam Coğrafyası ve Küresel Meseleler,zulüm
13.10.2023,ZULÜMLE ÂBÂD OLUNMAZ,İslam Coğrafyası ve Küresel Meseleler,işgal
13.10.2023,ZULÜMLE ÂBÂD OLUNMAZ,İslam Coğrafyası ve Küresel Meseleler,mescid-i aksa
13.10.2023,ZULÜMLE ÂBÂD OLUNMAZ,İslam Coğrafyası ve Küresel Meseleler,mazlumlara destek
20.10.2023,RAHMET VE SEKİNET MÜJDESİ: İNŞİRÂH SURESİ,İslam Coğrafyası ve Küresel Meseleler,inşirah suresi
20.10.2023,RAHMET VE SEKİNET MÜJDESİ: İNŞİRÂH SURESİ,İslam Coğrafyası ve Küresel Meseleler,gazze
20.10.2023,RAHMET VE SEKİNET MÜJDESİ: İNŞİRÂH SURESİ,İslam Coğrafyası ve Küresel Meseleler,filistin
20.10.2023,RAHMET VE SEKİNET MÜJDESİ: İNŞİRÂH SURESİ,İslam Coğrafyası ve Küresel Meseleler,sabır
20.10.2023,RAHMET VE SEKİNET MÜJDESİ: İNŞİRÂH SURESİ,İslam Coğrafyası ve Küresel Meseleler,zorluk sonrası kolaylık
20.10.2023,RAHMET VE SEKİNET MÜJDESİ: İNŞİRÂH SURESİ,İslam Coğrafyası ve Küresel Meseleler,soykırım
27.10.2023,VATAN MİLLET SEVDASIYLA NİCE YÜZYILLARA,"Vatan, Millet ve Tarih",cumhuriyetin 100. yılı
27.10.2023,VATAN MİLLET SEVDASIYLA NİCE YÜZYILLARA,"Vatan, Millet ve Tarih",milli mücadele
27.10.2023,VATAN MİLLET SEVDASIYLA NİCE YÜZYILLARA,"Vatan, Millet ve Tarih",vatan sevgisi
27.10.2023,VATAN MİLLET SEVDASIYLA NİCE YÜZYILLARA,"Vatan, Millet ve Tarih",filistin
27.10.2023,VATAN MİLLET SEVDASIYLA NİCE YÜZYILLARA,"Vatan, Millet ve Tarih",istiklal marşı
27.10.2023,VATAN MİLLET SEVDASIYLA NİCE YÜZYILLARA,"Vatan, Millet ve Tarih",birlik beraberlik
03.11.2023,ZULME RIZA GÖSTERMEK ZULÜMDÜR,İslam Coğrafyası ve Küresel Meseleler,zulme rıza
03.11.2023,ZULME RIZA GÖSTERMEK ZULÜMDÜR,İslam Coğrafyası ve Küresel Meseleler,gazze
03.11.2023,ZULME RIZA GÖSTERMEK ZULÜMDÜR,İslam Coğrafyası ve Küresel Meseleler,filistin
03.11.2023,ZULME RIZA GÖSTERMEK ZULÜMDÜR,İslam Coğrafyası ve Küresel Meseleler,ümmet birliği
03.11.2023,ZULME RIZA GÖSTERMEK ZULÜMDÜR,İslam Coğrafyası ve Küresel Meseleler,soykırım
03.11.2023,ZULME RIZA GÖSTERMEK ZULÜMDÜR,İslam Coğrafyası ve Küresel Meseleler,kötülüğe engel olma
10.11.2023,AZİM VE GAYRET SAHİBİ BİR MÜMİN OLABİLMEK,"Ahlak, Erdem ve Söz",azim ve gayret
10.11.2023,AZİM VE GAYRET SAHİBİ BİR MÜMİN OLABİLMEK,"Ahlak, Erdem ve Söz",çalışma ahlakı
10.11.2023,AZİM VE GAYRET SAHİBİ BİR MÜMİN OLABİLMEK,"Ahlak, Erdem ve Söz",tembellik
10.11.2023,AZİM VE GAYRET SAHİBİ BİR MÜMİN OLABİLMEK,"Ahlak, Erdem ve Söz",sorumluluk bilinci
10.11.2023,AZİM VE GAYRET SAHİBİ BİR MÜMİN OLABİLMEK,"Ahlak, Erdem ve Söz",filistin
17.11.2023,"İMAN, İBADET VE AHLAK BÜTÜNLÜĞÜ","Ahlak, Erdem ve Söz",iman ibadet ahlak
17.11.2023,"İMAN, İBADET VE AHLAK BÜTÜNLÜĞÜ","Ahlak, Erdem ve Söz",kul hakkı
17.11.2023,"İMAN, İBADET VE AHLAK BÜTÜNLÜĞÜ","Ahlak, Erdem ve Söz",salih amel
17.11.2023,"İMAN, İBADET VE AHLAK BÜTÜNLÜĞÜ","Ahlak, Erdem ve Söz",ahlak bütünlüğü
17.11.2023,"İMAN, İBADET VE AHLAK BÜTÜNLÜĞÜ","Ahlak, Erdem ve Söz",şükür
24.11.2023,"İSLAM, ŞEFKAT VE MERHAMETİ EMREDER","Toplumsal Dayanışma, Merhamet ve Kardeşlik",şefkat ve merhamet
24.11.2023,"İSLAM, ŞEFKAT VE MERHAMETİ EMREDER","Toplumsal Dayanışma, Merhamet ve Kardeşlik",aile içi şiddet
24.11.2023,"İSLAM, ŞEFKAT VE MERHAMETİ EMREDER","Toplumsal Dayanışma, Merhamet ve Kardeşlik",gazze
24.11.2023,"İSLAM, ŞEFKAT VE MERHAMETİ EMREDER","Toplumsal Dayanışma, Merhamet ve Kardeşlik",öğretmenler günü
24.11.2023,"İSLAM, ŞEFKAT VE MERHAMETİ EMREDER","Toplumsal Dayanışma, Merhamet ve Kardeşlik",kul hakkı ihlali
01.12.2023,"İNSAN, ÖZÜ İTİBARİYLE DEĞERLİDİR","Toplumsal Dayanışma, Merhamet ve Kardeşlik",engelli hakları
01.12.2023,"İNSAN, ÖZÜ İTİBARİYLE DEĞERLİDİR","Toplumsal Dayanışma, Merhamet ve Kardeşlik",insan onuru
01.12.2023,"İNSAN, ÖZÜ İTİBARİYLE DEĞERLİDİR","Toplumsal Dayanışma, Merhamet ve Kardeşlik",eşitlik
01.12.2023,"İNSAN, ÖZÜ İTİBARİYLE DEĞERLİDİR","Toplumsal Dayanışma, Merhamet ve Kardeşlik",abdullah b. ümmü mektum
01.12.2023,"İNSAN, ÖZÜ İTİBARİYLE DEĞERLİDİR","Toplumsal Dayanışma, Merhamet ve Kardeşlik",gazze
01.12.2023,"İNSAN, ÖZÜ İTİBARİYLE DEĞERLİDİR","Toplumsal Dayanışma, Merhamet ve Kardeşlik",kolaylaştırma
08.12.2023,"BİZ, TEK BİR ÜMMETİZ","Toplumsal Dayanışma, Merhamet ve Kardeşlik",ümmet birliği
08.12.2023,"BİZ, TEK BİR ÜMMETİZ","Toplumsal Dayanışma, Merhamet ve Kardeşlik",selman-ı farisi
08.12.2023,"BİZ, TEK BİR ÜMMETİZ","Toplumsal Dayanışma, Merhamet ve Kardeşlik",ırkçılık karşıtlığı
08.12.2023,"BİZ, TEK BİR ÜMMETİZ","Toplumsal Dayanışma, Merhamet ve Kardeşlik",filistin
08.12.2023,"BİZ, TEK BİR ÜMMETİZ","Toplumsal Dayanışma, Merhamet ve Kardeşlik",kardeşlik
08.12.2023,"BİZ, TEK BİR ÜMMETİZ","Toplumsal Dayanışma, Merhamet ve Kardeşlik",tefrika
15.12.2023,ADALET: HER HAK SAHİBİNE HAKKINI VERMEK,"Toplumsal Dayanışma, Merhamet ve Kardeşlik",adalet
15.12.2023,ADALET: HER HAK SAHİBİNE HAKKINI VERMEK,"Toplumsal Dayanışma, Merhamet ve Kardeşlik",el-adl
15.12.2023,ADALET: HER HAK SAHİBİNE HAKKINI VERMEK,"Toplumsal Dayanışma, Merhamet ve Kardeşlik",gazze
15.12.2023,ADALET: HER HAK SAHİBİNE HAKKINI VERMEK,"Toplumsal Dayanışma, Merhamet ve Kardeşlik",ticaret ahlakı
15.12.2023,ADALET: HER HAK SAHİBİNE HAKKINI VERMEK,"Toplumsal Dayanışma, Merhamet ve Kardeşlik",aile içi adalet
15.12.2023,ADALET: HER HAK SAHİBİNE HAKKINI VERMEK,"Toplumsal Dayanışma, Merhamet ve Kardeşlik",mizan
22.12.2023,MÜMİNLERİN EBEDİ YURDU: CENNET,"Sabır, Tevekkül ve Manevi Olgunluk",cennet
22.12.2023,MÜMİNLERİN EBEDİ YURDU: CENNET,"Sabır, Tevekkül ve Manevi Olgunluk",ahiret
22.12.2023,MÜMİNLERİN EBEDİ YURDU: CENNET,"Sabır, Tevekkül ve Manevi Olgunluk",salih amel
22.12.2023,MÜMİNLERİN EBEDİ YURDU: CENNET,"Sabır, Tevekkül ve Manevi Olgunluk",güzel ahlak
22.12.2023,MÜMİNLERİN EBEDİ YURDU: CENNET,"Sabır, Tevekkül ve Manevi Olgunluk",iyilik
22.12.2023,MÜMİNLERİN EBEDİ YURDU: CENNET,"Sabır, Tevekkül ve Manevi Olgunluk",sabır
29.12.2023,MUHASEBE BİLİNCİYLE BİR ÖMÜR GEÇİRMEK,"İman, Tevhid ve Ahiret",muhasebe bilinci
29.12.2023,MUHASEBE BİLİNCİYLE BİR ÖMÜR GEÇİRMEK,"İman, Tevhid ve Ahiret",yılbaşı kutlamaları
29.12.2023,MUHASEBE BİLİNCİYLE BİR ÖMÜR GEÇİRMEK,"İman, Tevhid ve Ahiret",hesap günü
29.12.2023,MUHASEBE BİLİNCİYLE BİR ÖMÜR GEÇİRMEK,"İman, Tevhid ve Ahiret",terör saldırısı
29.12.2023,MUHASEBE BİLİNCİYLE BİR ÖMÜR GEÇİRMEK,"İman, Tevhid ve Ahiret",alkol ve kumar
29.12.2023,MUHASEBE BİLİNCİYLE BİR ÖMÜR GEÇİRMEK,"İman, Tevhid ve Ahiret",tövbe
05.01.2024,RAHMET VE MAĞFİRET İKLİMİ: ÜÇ AYLAR,"Kandiller, Muharrem ve Mübarek Geceler",üç aylar
05.01.2024,RAHMET VE MAĞFİRET İKLİMİ: ÜÇ AYLAR,"Kandiller, Muharrem ve Mübarek Geceler",recep ayı
05.01.2024,RAHMET VE MAĞFİRET İKLİMİ: ÜÇ AYLAR,"Kandiller, Muharrem ve Mübarek Geceler",regaib gecesi
05.01.2024,RAHMET VE MAĞFİRET İKLİMİ: ÜÇ AYLAR,"Kandiller, Muharrem ve Mübarek Geceler",tövbe
05.01.2024,RAHMET VE MAĞFİRET İKLİMİ: ÜÇ AYLAR,"Kandiller, Muharrem ve Mübarek Geceler",sarıkamış şehitleri
05.01.2024,RAHMET VE MAĞFİRET İKLİMİ: ÜÇ AYLAR,"Kandiller, Muharrem ve Mübarek Geceler",mağfiret
12.01.2024,ALLAH’IN RAHMET VE İNAYETİNE SIĞINMANIN ADI: EÛZÜ-BESMELE,İbadet ve Kulluk,eûzü besmele
12.01.2024,ALLAH’IN RAHMET VE İNAYETİNE SIĞINMANIN ADI: EÛZÜ-BESMELE,İbadet ve Kulluk,recep ayı
12.01.2024,ALLAH’IN RAHMET VE İNAYETİNE SIĞINMANIN ADI: EÛZÜ-BESMELE,İbadet ve Kulluk,şeytandan sığınma
12.01.2024,ALLAH’IN RAHMET VE İNAYETİNE SIĞINMANIN ADI: EÛZÜ-BESMELE,İbadet ve Kulluk,bereket
12.01.2024,ALLAH’IN RAHMET VE İNAYETİNE SIĞINMANIN ADI: EÛZÜ-BESMELE,İbadet ve Kulluk,dua
19.01.2024,"BİZİ GÜÇLÜ KILAN, BİRLİK VE BERABERLİĞİMİZDİR","Vatan, Millet ve Tarih",birlik ve beraberlik
19.01.2024,"BİZİ GÜÇLÜ KILAN, BİRLİK VE BERABERLİĞİMİZDİR","Vatan, Millet ve Tarih",terör saldırısı
19.01.2024,"BİZİ GÜÇLÜ KILAN, BİRLİK VE BERABERLİĞİMİZDİR","Vatan, Millet ve Tarih",kardeşlik
19.01.2024,"BİZİ GÜÇLÜ KILAN, BİRLİK VE BERABERLİĞİMİZDİR","Vatan, Millet ve Tarih",filistin
19.01.2024,"BİZİ GÜÇLÜ KILAN, BİRLİK VE BERABERLİĞİMİZDİR","Vatan, Millet ve Tarih",şehitlik
19.01.2024,"BİZİ GÜÇLÜ KILAN, BİRLİK VE BERABERLİĞİMİZDİR","Vatan, Millet ve Tarih",fitne
26.01.2024,MÜLK SÛRESİNDEN MESAJLAR,İslam Coğrafyası ve Küresel Meseleler,mülk suresi
26.01.2024,MÜLK SÛRESİNDEN MESAJLAR,İslam Coğrafyası ve Küresel Meseleler,imtihan
26.01.2024,MÜLK SÛRESİNDEN MESAJLAR,İslam Coğrafyası ve Küresel Meseleler,kudret
26.01.2024,MÜLK SÛRESİNDEN MESAJLAR,İslam Coğrafyası ve Küresel Meseleler,gazze
26.01.2024,MÜLK SÛRESİNDEN MESAJLAR,İslam Coğrafyası ve Küresel Meseleler,boykot
26.01.2024,MÜLK SÛRESİNDEN MESAJLAR,İslam Coğrafyası ve Küresel Meseleler,ölüm ve hayat
02.02.2024,"RABBİMİZ, MÜMİNLERİ YALNIZ VE YARDIMSIZ BIRAKMAZ",İslam Coğrafyası ve Küresel Meseleler,kahramanmaraş depremi
02.02.2024,"RABBİMİZ, MÜMİNLERİ YALNIZ VE YARDIMSIZ BIRAKMAZ",İslam Coğrafyası ve Küresel Meseleler,miraç kandili
02.02.2024,"RABBİMİZ, MÜMİNLERİ YALNIZ VE YARDIMSIZ BIRAKMAZ",İslam Coğrafyası ve Küresel Meseleler,mescid-i aksa
02.02.2024,"RABBİMİZ, MÜMİNLERİ YALNIZ VE YARDIMSIZ BIRAKMAZ",İslam Coğrafyası ve Küresel Meseleler,deprem tedbirleri
02.02.2024,"RABBİMİZ, MÜMİNLERİ YALNIZ VE YARDIMSIZ BIRAKMAZ",İslam Coğrafyası ve Küresel Meseleler,gazze
02.02.2024,"RABBİMİZ, MÜMİNLERİ YALNIZ VE YARDIMSIZ BIRAKMAZ",İslam Coğrafyası ve Küresel Meseleler,dayanışma
09.02.2024,HAYATI DEĞERLİ KILAN ÖLÇÜ: İMAN,"Vatan, Millet ve Tarih",iman
09.02.2024,HAYATI DEĞERLİ KILAN ÖLÇÜ: İMAN,"Vatan, Millet ve Tarih",çanakkale zaferi
09.02.2024,HAYATI DEĞERLİ KILAN ÖLÇÜ: İMAN,"Vatan, Millet ve Tarih",kurtuluş savaşı
09.02.2024,HAYATI DEĞERLİ KILAN ÖLÇÜ: İMAN,"Vatan, Millet ve Tarih",gazze direnişi
09.02.2024,HAYATI DEĞERLİ KILAN ÖLÇÜ: İMAN,"Vatan, Millet ve Tarih",ahlak
09.02.2024,HAYATI DEĞERLİ KILAN ÖLÇÜ: İMAN,"Vatan, Millet ve Tarih",salih amel
16.02.2024,DÜNYAYI BARIŞ VE İTİDALE ÇAĞIRIYORUZ,İslam Coğrafyası ve Küresel Meseleler,barış
16.02.2024,DÜNYAYI BARIŞ VE İTİDALE ÇAĞIRIYORUZ,İslam Coğrafyası ve Küresel Meseleler,gazze
16.02.2024,DÜNYAYI BARIŞ VE İTİDALE ÇAĞIRIYORUZ,İslam Coğrafyası ve Küresel Meseleler,refah
16.02.2024,DÜNYAYI BARIŞ VE İTİDALE ÇAĞIRIYORUZ,İslam Coğrafyası ve Küresel Meseleler,doğu türkistan
16.02.2024,DÜNYAYI BARIŞ VE İTİDALE ÇAĞIRIYORUZ,İslam Coğrafyası ve Küresel Meseleler,erzincan göçük
16.02.2024,DÜNYAYI BARIŞ VE İTİDALE ÇAĞIRIYORUZ,İslam Coğrafyası ve Küresel Meseleler,zulme rıza
23.02.2024,BERAT GECESİ: GÜNAHLARDAN ARINMA VESİLESİ,İslam Coğrafyası ve Küresel Meseleler,berat gecesi
23.02.2024,BERAT GECESİ: GÜNAHLARDAN ARINMA VESİLESİ,İslam Coğrafyası ve Küresel Meseleler,tövbe
23.02.2024,BERAT GECESİ: GÜNAHLARDAN ARINMA VESİLESİ,İslam Coğrafyası ve Küresel Meseleler,dua
23.02.2024,BERAT GECESİ: GÜNAHLARDAN ARINMA VESİLESİ,İslam Coğrafyası ve Küresel Meseleler,af ve mağfiret
23.02.2024,BERAT GECESİ: GÜNAHLARDAN ARINMA VESİLESİ,İslam Coğrafyası ve Küresel Meseleler,gazze
23.02.2024,BERAT GECESİ: GÜNAHLARDAN ARINMA VESİLESİ,İslam Coğrafyası ve Küresel Meseleler,doğu türkistan
01.03.2024,ZARARLI ALIŞKANLIKLARIN ESİRİ OLMAYALIM,"Afet, Kriz ve Sağlık",alkol
01.03.2024,ZARARLI ALIŞKANLIKLARIN ESİRİ OLMAYALIM,"Afet, Kriz ve Sağlık",kumar
01.03.2024,ZARARLI ALIŞKANLIKLARIN ESİRİ OLMAYALIM,"Afet, Kriz ve Sağlık",uyuşturucu bağımlılığı
01.03.2024,ZARARLI ALIŞKANLIKLARIN ESİRİ OLMAYALIM,"Afet, Kriz ve Sağlık",dijital bağımlılık
01.03.2024,ZARARLI ALIŞKANLIKLARIN ESİRİ OLMAYALIM,"Afet, Kriz ve Sağlık",zararlı alışkanlıklar
01.03.2024,ZARARLI ALIŞKANLIKLARIN ESİRİ OLMAYALIM,"Afet, Kriz ve Sağlık",gençlik
08.03.2024,RAMAZAN GELİYOR! HAZIR MIYIZ?,"Ramazan, Oruç ve Bayramlar",ramazan ayı
08.03.2024,RAMAZAN GELİYOR! HAZIR MIYIZ?,"Ramazan, Oruç ve Bayramlar",oruç
08.03.2024,RAMAZAN GELİYOR! HAZIR MIYIZ?,"Ramazan, Oruç ve Bayramlar",teravih
08.03.2024,RAMAZAN GELİYOR! HAZIR MIYIZ?,"Ramazan, Oruç ve Bayramlar",zekat ve sadaka
08.03.2024,RAMAZAN GELİYOR! HAZIR MIYIZ?,"Ramazan, Oruç ve Bayramlar",gazze
08.03.2024,RAMAZAN GELİYOR! HAZIR MIYIZ?,"Ramazan, Oruç ve Bayramlar",kur'an ayı
15.03.2024,"ORUÇ, BEDENİMİZE SIHHAT, GÖNLÜMÜZE SEKİNET VERİR",İslam Coğrafyası ve Küresel Meseleler,oruç
15.03.2024,"ORUÇ, BEDENİMİZE SIHHAT, GÖNLÜMÜZE SEKİNET VERİR",İslam Coğrafyası ve Küresel Meseleler,ramazan
15.03.2024,"ORUÇ, BEDENİMİZE SIHHAT, GÖNLÜMÜZE SEKİNET VERİR",İslam Coğrafyası ve Küresel Meseleler,sekinet
15.03.2024,"ORUÇ, BEDENİMİZE SIHHAT, GÖNLÜMÜZE SEKİNET VERİR",İslam Coğrafyası ve Küresel Meseleler,gazze
15.03.2024,"ORUÇ, BEDENİMİZE SIHHAT, GÖNLÜMÜZE SEKİNET VERİR",İslam Coğrafyası ve Küresel Meseleler,doğu türkistan
15.03.2024,"ORUÇ, BEDENİMİZE SIHHAT, GÖNLÜMÜZE SEKİNET VERİR",İslam Coğrafyası ve Küresel Meseleler,çanakkale zaferi
15.03.2024,"ORUÇ, BEDENİMİZE SIHHAT, GÖNLÜMÜZE SEKİNET VERİR",İslam Coğrafyası ve Küresel Meseleler,helal kazanç
22.03.2024,RAMAZAN VE AHİRET BİLİNCİ,"İman, Tevhid ve Ahiret",ahiret bilinci
22.03.2024,RAMAZAN VE AHİRET BİLİNCİ,"İman, Tevhid ve Ahiret",iman
22.03.2024,RAMAZAN VE AHİRET BİLİNCİ,"İman, Tevhid ve Ahiret",hesap günü
22.03.2024,RAMAZAN VE AHİRET BİLİNCİ,"İman, Tevhid ve Ahiret",itidal
22.03.2024,RAMAZAN VE AHİRET BİLİNCİ,"İman, Tevhid ve Ahiret",dürüstlük
22.03.2024,RAMAZAN VE AHİRET BİLİNCİ,"İman, Tevhid ve Ahiret",zulme rıza göstermemek
29.03.2024,KARDEŞLİĞİMİZ ZEKÂTLA BEREKETLENSİN,"Ekonomik Hayat: Kazanç, Zekat ve İsraf",zekât
29.03.2024,KARDEŞLİĞİMİZ ZEKÂTLA BEREKETLENSİN,"Ekonomik Hayat: Kazanç, Zekat ve İsraf",kardeşlik
29.03.2024,KARDEŞLİĞİMİZ ZEKÂTLA BEREKETLENSİN,"Ekonomik Hayat: Kazanç, Zekat ve İsraf",türkiye diyanet vakfı
29.03.2024,KARDEŞLİĞİMİZ ZEKÂTLA BEREKETLENSİN,"Ekonomik Hayat: Kazanç, Zekat ve İsraf",infak
29.03.2024,KARDEŞLİĞİMİZ ZEKÂTLA BEREKETLENSİN,"Ekonomik Hayat: Kazanç, Zekat ve İsraf",yoksula yardım
29.03.2024,KARDEŞLİĞİMİZ ZEKÂTLA BEREKETLENSİN,"Ekonomik Hayat: Kazanç, Zekat ve İsraf",bereket
05.04.2024,KADİR GECESİ: KUR’AN’LA AYDINLANAN GECE,İslam Coğrafyası ve Küresel Meseleler,kadir gecesi
05.04.2024,KADİR GECESİ: KUR’AN’LA AYDINLANAN GECE,İslam Coğrafyası ve Küresel Meseleler,kur'an
05.04.2024,KADİR GECESİ: KUR’AN’LA AYDINLANAN GECE,İslam Coğrafyası ve Küresel Meseleler,ramazan bayramı
05.04.2024,KADİR GECESİ: KUR’AN’LA AYDINLANAN GECE,İslam Coğrafyası ve Küresel Meseleler,gazze
05.04.2024,KADİR GECESİ: KUR’AN’LA AYDINLANAN GECE,İslam Coğrafyası ve Küresel Meseleler,trafik güvenliği
05.04.2024,KADİR GECESİ: KUR’AN’LA AYDINLANAN GECE,İslam Coğrafyası ve Küresel Meseleler,dua
10.04.2024,"RAMAZAN BAYRAMI: BİRLİK, BERABERLİK VE KARDEŞLİK GÜNLERİ","Aile, Çocuk ve Nesil",ramazan bayramı
10.04.2024,"RAMAZAN BAYRAMI: BİRLİK, BERABERLİK VE KARDEŞLİK GÜNLERİ","Aile, Çocuk ve Nesil",kardeşlik
10.04.2024,"RAMAZAN BAYRAMI: BİRLİK, BERABERLİK VE KARDEŞLİK GÜNLERİ","Aile, Çocuk ve Nesil",gazze
10.04.2024,"RAMAZAN BAYRAMI: BİRLİK, BERABERLİK VE KARDEŞLİK GÜNLERİ","Aile, Çocuk ve Nesil",aile bağları
10.04.2024,"RAMAZAN BAYRAMI: BİRLİK, BERABERLİK VE KARDEŞLİK GÜNLERİ","Aile, Çocuk ve Nesil",yetim
10.04.2024,"RAMAZAN BAYRAMI: BİRLİK, BERABERLİK VE KARDEŞLİK GÜNLERİ","Aile, Çocuk ve Nesil",dargınlıkların bitirilmesi
12.04.2024,GÖZÜMÜZÜN NURU: NAMAZ,İbadet ve Kulluk,namaz
12.04.2024,GÖZÜMÜZÜN NURU: NAMAZ,İbadet ve Kulluk,abdest
12.04.2024,GÖZÜMÜZÜN NURU: NAMAZ,İbadet ve Kulluk,cemaatle namaz
12.04.2024,GÖZÜMÜZÜN NURU: NAMAZ,İbadet ve Kulluk,ibadet
12.04.2024,GÖZÜMÜZÜN NURU: NAMAZ,İbadet ve Kulluk,cennet müjdesi
12.04.2024,GÖZÜMÜZÜN NURU: NAMAZ,İbadet ve Kulluk,çocuklara namaz alıştırma
19.04.2024,HAYATIN HER ALANINDA ÖFKEMİZE HÂKİM OLALIM,"Sabır, Tevekkül ve Manevi Olgunluk",öfke kontrolü
19.04.2024,HAYATIN HER ALANINDA ÖFKEMİZE HÂKİM OLALIM,"Sabır, Tevekkül ve Manevi Olgunluk",sabır
19.04.2024,HAYATIN HER ALANINDA ÖFKEMİZE HÂKİM OLALIM,"Sabır, Tevekkül ve Manevi Olgunluk",affetme
19.04.2024,HAYATIN HER ALANINDA ÖFKEMİZE HÂKİM OLALIM,"Sabır, Tevekkül ve Manevi Olgunluk",aile içi şiddet
19.04.2024,HAYATIN HER ALANINDA ÖFKEMİZE HÂKİM OLALIM,"Sabır, Tevekkül ve Manevi Olgunluk",trafik
19.04.2024,HAYATIN HER ALANINDA ÖFKEMİZE HÂKİM OLALIM,"Sabır, Tevekkül ve Manevi Olgunluk",merhamet
26.04.2024,HER İŞİN BİR AHLAKI VARDIR,"Ekonomik Hayat: Kazanç, Zekat ve İsraf",iş ahlakı
26.04.2024,HER İŞİN BİR AHLAKI VARDIR,"Ekonomik Hayat: Kazanç, Zekat ve İsraf",helal kazanç
26.04.2024,HER İŞİN BİR AHLAKI VARDIR,"Ekonomik Hayat: Kazanç, Zekat ve İsraf",işçi hakları
26.04.2024,HER İŞİN BİR AHLAKI VARDIR,"Ekonomik Hayat: Kazanç, Zekat ve İsraf",kamu görevi
26.04.2024,HER İŞİN BİR AHLAKI VARDIR,"Ekonomik Hayat: Kazanç, Zekat ve İsraf",emanete riayet
26.04.2024,HER İŞİN BİR AHLAKI VARDIR,"Ekonomik Hayat: Kazanç, Zekat ve İsraf",kul hakkı
03.05.2024,DUA: RABBİMİZE SIĞINMANIN SÖZLÜ İFADESİ,Peygamberimiz ve Ashab,dua
03.05.2024,DUA: RABBİMİZE SIĞINMANIN SÖZLÜ İFADESİ,Peygamberimiz ve Ashab,peygamberlerin duaları
03.05.2024,DUA: RABBİMİZE SIĞINMANIN SÖZLÜ İFADESİ,Peygamberimiz ve Ashab,hz. âdem
03.05.2024,DUA: RABBİMİZE SIĞINMANIN SÖZLÜ İFADESİ,Peygamberimiz ve Ashab,hz. eyyûb
03.05.2024,DUA: RABBİMİZE SIĞINMANIN SÖZLÜ İFADESİ,Peygamberimiz ve Ashab,gazze
03.05.2024,DUA: RABBİMİZE SIĞINMANIN SÖZLÜ İFADESİ,Peygamberimiz ve Ashab,sabır
10.05.2024,"MEDENİYETİMİZ, VAKIF MEDENİYETİDİR","Ekonomik Hayat: Kazanç, Zekat ve İsraf",vakıf
10.05.2024,"MEDENİYETİMİZ, VAKIF MEDENİYETİDİR","Ekonomik Hayat: Kazanç, Zekat ve İsraf",hayır kurumu
10.05.2024,"MEDENİYETİMİZ, VAKIF MEDENİYETİDİR","Ekonomik Hayat: Kazanç, Zekat ve İsraf",türkiye diyanet vakfı
10.05.2024,"MEDENİYETİMİZ, VAKIF MEDENİYETİDİR","Ekonomik Hayat: Kazanç, Zekat ve İsraf",sadaka-i câriye
10.05.2024,"MEDENİYETİMİZ, VAKIF MEDENİYETİDİR","Ekonomik Hayat: Kazanç, Zekat ve İsraf",gazze
10.05.2024,"MEDENİYETİMİZ, VAKIF MEDENİYETİDİR","Ekonomik Hayat: Kazanç, Zekat ve İsraf",yardımlaşma
17.05.2024,AİLEMİZ: HUZUR VE GÜVEN KAYNAĞIMIZ,"Aile, Çocuk ve Nesil",aile
17.05.2024,AİLEMİZ: HUZUR VE GÜVEN KAYNAĞIMIZ,"Aile, Çocuk ve Nesil",evlilik
17.05.2024,AİLEMİZ: HUZUR VE GÜVEN KAYNAĞIMIZ,"Aile, Çocuk ve Nesil",gençlik
17.05.2024,AİLEMİZ: HUZUR VE GÜVEN KAYNAĞIMIZ,"Aile, Çocuk ve Nesil",bireysellik
17.05.2024,AİLEMİZ: HUZUR VE GÜVEN KAYNAĞIMIZ,"Aile, Çocuk ve Nesil",fıtrat
17.05.2024,AİLEMİZ: HUZUR VE GÜVEN KAYNAĞIMIZ,"Aile, Çocuk ve Nesil",gazze
24.05.2024,İSLAM MEFKÛRESİNİ DİRİ TUTALIM,"Vatan, Millet ve Tarih",islam mefkûresi
24.05.2024,İSLAM MEFKÛRESİNİ DİRİ TUTALIM,"Vatan, Millet ve Tarih",çanakkale
24.05.2024,İSLAM MEFKÛRESİNİ DİRİ TUTALIM,"Vatan, Millet ve Tarih",istanbul'un fethi
24.05.2024,İSLAM MEFKÛRESİNİ DİRİ TUTALIM,"Vatan, Millet ve Tarih",malazgirt
24.05.2024,İSLAM MEFKÛRESİNİ DİRİ TUTALIM,"Vatan, Millet ve Tarih",milli mücadele
24.05.2024,İSLAM MEFKÛRESİNİ DİRİ TUTALIM,"Vatan, Millet ve Tarih",gazze
31.05.2024,HARAM: ALLAH İLE KUL ARASINDAKİ EN BÜYÜK ENGEL,"Ekonomik Hayat: Kazanç, Zekat ve İsraf",helal haram
31.05.2024,HARAM: ALLAH İLE KUL ARASINDAKİ EN BÜYÜK ENGEL,"Ekonomik Hayat: Kazanç, Zekat ve İsraf",faiz
31.05.2024,HARAM: ALLAH İLE KUL ARASINDAKİ EN BÜYÜK ENGEL,"Ekonomik Hayat: Kazanç, Zekat ve İsraf",şirk
31.05.2024,HARAM: ALLAH İLE KUL ARASINDAKİ EN BÜYÜK ENGEL,"Ekonomik Hayat: Kazanç, Zekat ve İsraf",gazze soykırımı
31.05.2024,HARAM: ALLAH İLE KUL ARASINDAKİ EN BÜYÜK ENGEL,"Ekonomik Hayat: Kazanç, Zekat ve İsraf",haksız kazanç
31.05.2024,HARAM: ALLAH İLE KUL ARASINDAKİ EN BÜYÜK ENGEL,"Ekonomik Hayat: Kazanç, Zekat ve İsraf",mahremiyet
07.06.2024,KURBAN: RABBİMİZE VE KARDEŞLERİMİZE YAKINLAŞMANIN VESİLESİ,"Ramazan, Oruç ve Bayramlar",kurban bayramı
07.06.2024,KURBAN: RABBİMİZE VE KARDEŞLERİMİZE YAKINLAŞMANIN VESİLESİ,"Ramazan, Oruç ve Bayramlar",vekâletle kurban
07.06.2024,KURBAN: RABBİMİZE VE KARDEŞLERİMİZE YAKINLAŞMANIN VESİLESİ,"Ramazan, Oruç ve Bayramlar",türkiye diyanet vakfı
07.06.2024,KURBAN: RABBİMİZE VE KARDEŞLERİMİZE YAKINLAŞMANIN VESİLESİ,"Ramazan, Oruç ve Bayramlar",takva
07.06.2024,KURBAN: RABBİMİZE VE KARDEŞLERİMİZE YAKINLAŞMANIN VESİLESİ,"Ramazan, Oruç ve Bayramlar",deprem bölgesi
07.06.2024,KURBAN: RABBİMİZE VE KARDEŞLERİMİZE YAKINLAŞMANIN VESİLESİ,"Ramazan, Oruç ve Bayramlar",gazze
14.06.2024,"İNSANI İHYA, TOPLUMU İNŞA EDEN İBADET: HAC",İbadet ve Kulluk,hac
14.06.2024,"İNSANI İHYA, TOPLUMU İNŞA EDEN İBADET: HAC",İbadet ve Kulluk,ihram
14.06.2024,"İNSANI İHYA, TOPLUMU İNŞA EDEN İBADET: HAC",İbadet ve Kulluk,arafat
14.06.2024,"İNSANI İHYA, TOPLUMU İNŞA EDEN İBADET: HAC",İbadet ve Kulluk,tavaf
14.06.2024,"İNSANI İHYA, TOPLUMU İNŞA EDEN İBADET: HAC",İbadet ve Kulluk,ümmet bilinci
14.06.2024,"İNSANI İHYA, TOPLUMU İNŞA EDEN İBADET: HAC",İbadet ve Kulluk,kurban bayramı
16.06.2024,KURBAN BAYRAMI,"Ramazan, Oruç ve Bayramlar",kurban bayramı
16.06.2024,KURBAN BAYRAMI,"Ramazan, Oruç ve Bayramlar",akraba ziyareti
16.06.2024,KURBAN BAYRAMI,"Ramazan, Oruç ve Bayramlar",yetim
16.06.2024,KURBAN BAYRAMI,"Ramazan, Oruç ve Bayramlar",bayram sevinci
16.06.2024,KURBAN BAYRAMI,"Ramazan, Oruç ve Bayramlar",gazze
16.06.2024,KURBAN BAYRAMI,"Ramazan, Oruç ve Bayramlar",kurban kesimi
21.06.2024,YAZA KUR’AN’LA MERHABA,"Eğitim, Teknoloji, Çevre ve Toplumsal Değişim",yaz kur'an kursu
21.06.2024,YAZA KUR’AN’LA MERHABA,"Eğitim, Teknoloji, Çevre ve Toplumsal Değişim",çocuk eğitimi
21.06.2024,YAZA KUR’AN’LA MERHABA,"Eğitim, Teknoloji, Çevre ve Toplumsal Değişim",dijital bağımlılık
21.06.2024,YAZA KUR’AN’LA MERHABA,"Eğitim, Teknoloji, Çevre ve Toplumsal Değişim",aile
21.06.2024,YAZA KUR’AN’LA MERHABA,"Eğitim, Teknoloji, Çevre ve Toplumsal Değişim",ahlak eğitimi
21.06.2024,YAZA KUR’AN’LA MERHABA,"Eğitim, Teknoloji, Çevre ve Toplumsal Değişim",tatil
28.06.2024,"İSLAM, İNANDIĞIMIZ GİBİ YAŞAMAYI BİZE EMREDER","Ekonomik Hayat: Kazanç, Zekat ve İsraf",kur'an ve sünnet
28.06.2024,"İSLAM, İNANDIĞIMIZ GİBİ YAŞAMAYI BİZE EMREDER","Ekonomik Hayat: Kazanç, Zekat ve İsraf",helal ticaret
28.06.2024,"İSLAM, İNANDIĞIMIZ GİBİ YAŞAMAYI BİZE EMREDER","Ekonomik Hayat: Kazanç, Zekat ve İsraf",faiz
28.06.2024,"İSLAM, İNANDIĞIMIZ GİBİ YAŞAMAYI BİZE EMREDER","Ekonomik Hayat: Kazanç, Zekat ve İsraf",ahlak
28.06.2024,"İSLAM, İNANDIĞIMIZ GİBİ YAŞAMAYI BİZE EMREDER","Ekonomik Hayat: Kazanç, Zekat ve İsraf",aile hukuku
28.06.2024,"İSLAM, İNANDIĞIMIZ GİBİ YAŞAMAYI BİZE EMREDER","Ekonomik Hayat: Kazanç, Zekat ve İsraf",kul hakkı
05.07.2024,ZARÛRÂT-I HAMSEYİ MUHAFAZA EDELİM,"Toplumsal Dayanışma, Merhamet ve Kardeşlik",zarûrât-ı hamse
05.07.2024,ZARÛRÂT-I HAMSEYİ MUHAFAZA EDELİM,"Toplumsal Dayanışma, Merhamet ve Kardeşlik",can güvenliği
05.07.2024,ZARÛRÂT-I HAMSEYİ MUHAFAZA EDELİM,"Toplumsal Dayanışma, Merhamet ve Kardeşlik",güvenilirlik
05.07.2024,ZARÛRÂT-I HAMSEYİ MUHAFAZA EDELİM,"Toplumsal Dayanışma, Merhamet ve Kardeşlik",muharrem ayı
05.07.2024,ZARÛRÂT-I HAMSEYİ MUHAFAZA EDELİM,"Toplumsal Dayanışma, Merhamet ve Kardeşlik",hicri yılbaşı
05.07.2024,ZARÛRÂT-I HAMSEYİ MUHAFAZA EDELİM,"Toplumsal Dayanışma, Merhamet ve Kardeşlik",toplumsal huzur
12.07.2024,15 TEMMUZ: MİLLETİMİZİN DESTANSI ZAFERİ,"Vatan, Millet ve Tarih",15 temmuz
12.07.2024,15 TEMMUZ: MİLLETİMİZİN DESTANSI ZAFERİ,"Vatan, Millet ve Tarih",fetö
12.07.2024,15 TEMMUZ: MİLLETİMİZİN DESTANSI ZAFERİ,"Vatan, Millet ve Tarih",aşûrâ
12.07.2024,15 TEMMUZ: MİLLETİMİZİN DESTANSI ZAFERİ,"Vatan, Millet ve Tarih",kerbelâ
12.07.2024,15 TEMMUZ: MİLLETİMİZİN DESTANSI ZAFERİ,"Vatan, Millet ve Tarih",milli birlik
12.07.2024,15 TEMMUZ: MİLLETİMİZİN DESTANSI ZAFERİ,"Vatan, Millet ve Tarih",hainlik
19.07.2024,MÜSLÜMAN TAKVA SAHİBİDİR,"Aile, Çocuk ve Nesil",takva
19.07.2024,MÜSLÜMAN TAKVA SAHİBİDİR,"Aile, Çocuk ve Nesil",tesettür
19.07.2024,MÜSLÜMAN TAKVA SAHİBİDİR,"Aile, Çocuk ve Nesil",düğün israfı
19.07.2024,MÜSLÜMAN TAKVA SAHİBİDİR,"Aile, Çocuk ve Nesil",mahremiyet
19.07.2024,MÜSLÜMAN TAKVA SAHİBİDİR,"Aile, Çocuk ve Nesil",nikâh
19.07.2024,MÜSLÜMAN TAKVA SAHİBİDİR,"Aile, Çocuk ve Nesil",iffet
26.07.2024,"CENNET VESİLEMİZ, AİLE BÜYÜKLERİMİZ","Aile, Çocuk ve Nesil",aile büyükleri
26.07.2024,"CENNET VESİLEMİZ, AİLE BÜYÜKLERİMİZ","Aile, Çocuk ve Nesil",yaşlılara saygı
26.07.2024,"CENNET VESİLEMİZ, AİLE BÜYÜKLERİMİZ","Aile, Çocuk ve Nesil",anne baba hakkı
26.07.2024,"CENNET VESİLEMİZ, AİLE BÜYÜKLERİMİZ","Aile, Çocuk ve Nesil",bireyselleşme
26.07.2024,"CENNET VESİLEMİZ, AİLE BÜYÜKLERİMİZ","Aile, Çocuk ve Nesil",akraba ziyareti
26.07.2024,"CENNET VESİLEMİZ, AİLE BÜYÜKLERİMİZ","Aile, Çocuk ve Nesil",huzurevi
02.08.2024,TEBBET SÛRESİNDEN MESAJLAR,İslam Coğrafyası ve Küresel Meseleler,tebbet sûresi
02.08.2024,TEBBET SÛRESİNDEN MESAJLAR,İslam Coğrafyası ve Küresel Meseleler,ebû leheb
02.08.2024,TEBBET SÛRESİNDEN MESAJLAR,İslam Coğrafyası ve Küresel Meseleler,zulüm
02.08.2024,TEBBET SÛRESİNDEN MESAJLAR,İslam Coğrafyası ve Küresel Meseleler,gazze soykırımı
02.08.2024,TEBBET SÛRESİNDEN MESAJLAR,İslam Coğrafyası ve Küresel Meseleler,zalime destek
02.08.2024,TEBBET SÛRESİNDEN MESAJLAR,İslam Coğrafyası ve Küresel Meseleler,birlik beraberlik
09.08.2024,VEHEN: BİRLİK VE BERABERLİĞİMİZİN ÖNÜNDEKİ BÜYÜK ENGEL,İbadet ve Kulluk,vehen
09.08.2024,VEHEN: BİRLİK VE BERABERLİĞİMİZİN ÖNÜNDEKİ BÜYÜK ENGEL,İbadet ve Kulluk,dünya sevgisi
09.08.2024,VEHEN: BİRLİK VE BERABERLİĞİMİZİN ÖNÜNDEKİ BÜYÜK ENGEL,İbadet ve Kulluk,tembellik
09.08.2024,VEHEN: BİRLİK VE BERABERLİĞİMİZİN ÖNÜNDEKİ BÜYÜK ENGEL,İbadet ve Kulluk,dünyevileşme
09.08.2024,VEHEN: BİRLİK VE BERABERLİĞİMİZİN ÖNÜNDEKİ BÜYÜK ENGEL,İbadet ve Kulluk,hac ön kayıt
09.08.2024,VEHEN: BİRLİK VE BERABERLİĞİMİZİN ÖNÜNDEKİ BÜYÜK ENGEL,İbadet ve Kulluk,birlik beraberlik
16.08.2024,ÇEVREMİZ BİZE EMANETTİR,"Eğitim, Teknoloji, Çevre ve Toplumsal Değişim",çevre bilinci
16.08.2024,ÇEVREMİZ BİZE EMANETTİR,"Eğitim, Teknoloji, Çevre ve Toplumsal Değişim",israf
16.08.2024,ÇEVREMİZ BİZE EMANETTİR,"Eğitim, Teknoloji, Çevre ve Toplumsal Değişim",su tasarrufu
16.08.2024,ÇEVREMİZ BİZE EMANETTİR,"Eğitim, Teknoloji, Çevre ve Toplumsal Değişim",orman yangınları
16.08.2024,ÇEVREMİZ BİZE EMANETTİR,"Eğitim, Teknoloji, Çevre ve Toplumsal Değişim",doğal denge
16.08.2024,ÇEVREMİZ BİZE EMANETTİR,"Eğitim, Teknoloji, Çevre ve Toplumsal Değişim",temizlik
23.08.2024,ÂDÂB-I MUÂŞERETTE DE REHBERİMİZ ALLAH RESÛLÜ (S.A.S)’DİR,"Vatan, Millet ve Tarih",âdâb-ı muâşeret
23.08.2024,ÂDÂB-I MUÂŞERETTE DE REHBERİMİZ ALLAH RESÛLÜ (S.A.S)’DİR,"Vatan, Millet ve Tarih",selamlaşma
23.08.2024,ÂDÂB-I MUÂŞERETTE DE REHBERİMİZ ALLAH RESÛLÜ (S.A.S)’DİR,"Vatan, Millet ve Tarih",sosyal medya ahlakı
23.08.2024,ÂDÂB-I MUÂŞERETTE DE REHBERİMİZ ALLAH RESÛLÜ (S.A.S)’DİR,"Vatan, Millet ve Tarih",ziyaret adabı
23.08.2024,ÂDÂB-I MUÂŞERETTE DE REHBERİMİZ ALLAH RESÛLÜ (S.A.S)’DİR,"Vatan, Millet ve Tarih",zafer haftası
23.08.2024,ÂDÂB-I MUÂŞERETTE DE REHBERİMİZ ALLAH RESÛLÜ (S.A.S)’DİR,"Vatan, Millet ve Tarih",nezaket
30.08.2024,"BİZİ BİZ YAPAN, BİZİ MİLLET KILAN RUH","Vatan, Millet ve Tarih",30 ağustos zaferi
30.08.2024,"BİZİ BİZ YAPAN, BİZİ MİLLET KILAN RUH","Vatan, Millet ve Tarih",vatan sevgisi
30.08.2024,"BİZİ BİZ YAPAN, BİZİ MİLLET KILAN RUH","Vatan, Millet ve Tarih",istiklal marşı
30.08.2024,"BİZİ BİZ YAPAN, BİZİ MİLLET KILAN RUH","Vatan, Millet ve Tarih",millet ruhu
30.08.2024,"BİZİ BİZ YAPAN, BİZİ MİLLET KILAN RUH","Vatan, Millet ve Tarih",şehitlik
30.08.2024,"BİZİ BİZ YAPAN, BİZİ MİLLET KILAN RUH","Vatan, Millet ve Tarih",malazgirt
06.09.2024,"İLİM VE EĞİTİM, AHLAKLA YÜCELİR","Eğitim, Teknoloji, Çevre ve Toplumsal Değişim",ilim ve eğitim
06.09.2024,"İLİM VE EĞİTİM, AHLAKLA YÜCELİR","Eğitim, Teknoloji, Çevre ve Toplumsal Değişim",ahlak
06.09.2024,"İLİM VE EĞİTİM, AHLAKLA YÜCELİR","Eğitim, Teknoloji, Çevre ve Toplumsal Değişim",öğretmenlik
06.09.2024,"İLİM VE EĞİTİM, AHLAKLA YÜCELİR","Eğitim, Teknoloji, Çevre ve Toplumsal Değişim",okulların açılması
06.09.2024,"İLİM VE EĞİTİM, AHLAKLA YÜCELİR","Eğitim, Teknoloji, Çevre ve Toplumsal Değişim",kur'an kursu
06.09.2024,"İLİM VE EĞİTİM, AHLAKLA YÜCELİR","Eğitim, Teknoloji, Çevre ve Toplumsal Değişim",gazze
13.09.2024,MEVLİD-İ NEBİ,Peygamberimiz ve Ashab,mevlid-i nebi
13.09.2024,MEVLİD-İ NEBİ,Peygamberimiz ve Ashab,peygamberimizin ahlakı
13.09.2024,MEVLİD-İ NEBİ,Peygamberimiz ve Ashab,şahsiyet inşası
13.09.2024,MEVLİD-İ NEBİ,Peygamberimiz ve Ashab,gazze
13.09.2024,MEVLİD-İ NEBİ,Peygamberimiz ve Ashab,sünnete bağlılık
13.09.2024,MEVLİD-İ NEBİ,Peygamberimiz ve Ashab,yetim hakları
20.09.2024,PEYGAMBERİMİZ (S.A.S) VE ŞAHSİYET İNŞASI,İbadet ve Kulluk,şahsiyet inşası
20.09.2024,PEYGAMBERİMİZ (S.A.S) VE ŞAHSİYET İNŞASI,İbadet ve Kulluk,iman
20.09.2024,PEYGAMBERİMİZ (S.A.S) VE ŞAHSİYET İNŞASI,İbadet ve Kulluk,güzel ahlak
20.09.2024,PEYGAMBERİMİZ (S.A.S) VE ŞAHSİYET İNŞASI,İbadet ve Kulluk,bireysellik
20.09.2024,PEYGAMBERİMİZ (S.A.S) VE ŞAHSİYET İNŞASI,İbadet ve Kulluk,dünyevileşme
20.09.2024,PEYGAMBERİMİZ (S.A.S) VE ŞAHSİYET İNŞASI,İbadet ve Kulluk,hac kaydı
27.09.2024,ŞAHSİYETİMİZİ İMAR EDEN KUTLU MEKÂN: CAMİ,İbadet ve Kulluk,cami
27.09.2024,ŞAHSİYETİMİZİ İMAR EDEN KUTLU MEKÂN: CAMİ,İbadet ve Kulluk,din görevlileri haftası
27.09.2024,ŞAHSİYETİMİZİ İMAR EDEN KUTLU MEKÂN: CAMİ,İbadet ve Kulluk,ahilik
27.09.2024,ŞAHSİYETİMİZİ İMAR EDEN KUTLU MEKÂN: CAMİ,İbadet ve Kulluk,cemaatle ibadet
27.09.2024,ŞAHSİYETİMİZİ İMAR EDEN KUTLU MEKÂN: CAMİ,İbadet ve Kulluk,gazze
27.09.2024,ŞAHSİYETİMİZİ İMAR EDEN KUTLU MEKÂN: CAMİ,İbadet ve Kulluk,şahsiyet inşası
04.10.2024,ZULÜM ASLA PAYİDAR OLMAZ,"Toplumsal Dayanışma, Merhamet ve Kardeşlik",zulüm
04.10.2024,ZULÜM ASLA PAYİDAR OLMAZ,"Toplumsal Dayanışma, Merhamet ve Kardeşlik",gazze soykırımı
04.10.2024,ZULÜM ASLA PAYİDAR OLMAZ,"Toplumsal Dayanışma, Merhamet ve Kardeşlik",ümmet bilinci
04.10.2024,ZULÜM ASLA PAYİDAR OLMAZ,"Toplumsal Dayanışma, Merhamet ve Kardeşlik",birlik beraberlik
04.10.2024,ZULÜM ASLA PAYİDAR OLMAZ,"Toplumsal Dayanışma, Merhamet ve Kardeşlik",mazluma destek
04.10.2024,ZULÜM ASLA PAYİDAR OLMAZ,"Toplumsal Dayanışma, Merhamet ve Kardeşlik",hazırlıklı olmak
11.10.2024,KÖTÜLÜĞE İYİLİKLE ENGEL OLALIM,"Ahlak, Erdem ve Söz",emr-i bi'l-ma'rûf
11.10.2024,KÖTÜLÜĞE İYİLİKLE ENGEL OLALIM,"Ahlak, Erdem ve Söz",iyilik
11.10.2024,KÖTÜLÜĞE İYİLİKLE ENGEL OLALIM,"Ahlak, Erdem ve Söz",kötülükten sakındırma
11.10.2024,KÖTÜLÜĞE İYİLİKLE ENGEL OLALIM,"Ahlak, Erdem ve Söz",sapkın ideolojiler
11.10.2024,KÖTÜLÜĞE İYİLİKLE ENGEL OLALIM,"Ahlak, Erdem ve Söz",gençlik
11.10.2024,KÖTÜLÜĞE İYİLİKLE ENGEL OLALIM,"Ahlak, Erdem ve Söz",toplumsal ahlak
18.10.2024,"ALLAH’I, ÖLÜMÜ VE AHİRETİ UNUTMADAN BİR ÖMÜR SÜRELİM","İman, Tevhid ve Ahiret",ahiret bilinci
18.10.2024,"ALLAH’I, ÖLÜMÜ VE AHİRETİ UNUTMADAN BİR ÖMÜR SÜRELİM","İman, Tevhid ve Ahiret",ölümü hatırlamak
18.10.2024,"ALLAH’I, ÖLÜMÜ VE AHİRETİ UNUTMADAN BİR ÖMÜR SÜRELİM","İman, Tevhid ve Ahiret",gaflet
18.10.2024,"ALLAH’I, ÖLÜMÜ VE AHİRETİ UNUTMADAN BİR ÖMÜR SÜRELİM","İman, Tevhid ve Ahiret",gazze soykırımı
18.10.2024,"ALLAH’I, ÖLÜMÜ VE AHİRETİ UNUTMADAN BİR ÖMÜR SÜRELİM","İman, Tevhid ve Ahiret",dijital mecralarda haram
18.10.2024,"ALLAH’I, ÖLÜMÜ VE AHİRETİ UNUTMADAN BİR ÖMÜR SÜRELİM","İman, Tevhid ve Ahiret",gençlik
25.10.2024,VATAN MÜDAFAASI MUKADDESTİR,"Vatan, Millet ve Tarih",vatan müdafaası
25.10.2024,VATAN MÜDAFAASI MUKADDESTİR,"Vatan, Millet ve Tarih",milli mücadele
25.10.2024,VATAN MÜDAFAASI MUKADDESTİR,"Vatan, Millet ve Tarih",çanakkale
25.10.2024,VATAN MÜDAFAASI MUKADDESTİR,"Vatan, Millet ve Tarih",terör saldırısı
25.10.2024,VATAN MÜDAFAASI MUKADDESTİR,"Vatan, Millet ve Tarih",birlik beraberlik
25.10.2024,VATAN MÜDAFAASI MUKADDESTİR,"Vatan, Millet ve Tarih",ankara saldırısı
01.11.2024,HER CANIN DOKUNULMAZLIĞI VARDIR,"Aile, Çocuk ve Nesil",can dokunulmazlığı
01.11.2024,HER CANIN DOKUNULMAZLIĞI VARDIR,"Aile, Çocuk ve Nesil",veda hutbesi
01.11.2024,HER CANIN DOKUNULMAZLIĞI VARDIR,"Aile, Çocuk ve Nesil",kürtaj
01.11.2024,HER CANIN DOKUNULMAZLIĞI VARDIR,"Aile, Çocuk ve Nesil",töre cinayeti
01.11.2024,HER CANIN DOKUNULMAZLIĞI VARDIR,"Aile, Çocuk ve Nesil",gazze soykırımı
01.11.2024,HER CANIN DOKUNULMAZLIĞI VARDIR,"Aile, Çocuk ve Nesil",şiddet
08.11.2024,MERHAMET EDEN MERHAMET BULUR,"Toplumsal Dayanışma, Merhamet ve Kardeşlik",merhamet
08.11.2024,MERHAMET EDEN MERHAMET BULUR,"Toplumsal Dayanışma, Merhamet ve Kardeşlik",şefkat
08.11.2024,MERHAMET EDEN MERHAMET BULUR,"Toplumsal Dayanışma, Merhamet ve Kardeşlik",aile içi şiddet
08.11.2024,MERHAMET EDEN MERHAMET BULUR,"Toplumsal Dayanışma, Merhamet ve Kardeşlik",kin ve nefret
08.11.2024,MERHAMET EDEN MERHAMET BULUR,"Toplumsal Dayanışma, Merhamet ve Kardeşlik",toplumsal huzur
08.11.2024,MERHAMET EDEN MERHAMET BULUR,"Toplumsal Dayanışma, Merhamet ve Kardeşlik",affetmek
15.11.2024,ÂDÂB VE ERKÂNIYLA CUMA NAMAZI,İbadet ve Kulluk,cuma namazı
15.11.2024,ÂDÂB VE ERKÂNIYLA CUMA NAMAZI,İbadet ve Kulluk,hutbe adabı
15.11.2024,ÂDÂB VE ERKÂNIYLA CUMA NAMAZI,İbadet ve Kulluk,cami adabı
15.11.2024,ÂDÂB VE ERKÂNIYLA CUMA NAMAZI,İbadet ve Kulluk,ibadet disiplinini
15.11.2024,ÂDÂB VE ERKÂNIYLA CUMA NAMAZI,İbadet ve Kulluk,farz ibadetler
15.11.2024,ÂDÂB VE ERKÂNIYLA CUMA NAMAZI,İbadet ve Kulluk,cep telefonu
22.11.2024,"İLİM İZZETE, ŞİDDET ZİLLETE GÖTÜRÜR","Aile, Çocuk ve Nesil",ilim
22.11.2024,"İLİM İZZETE, ŞİDDET ZİLLETE GÖTÜRÜR","Aile, Çocuk ve Nesil",şiddet
22.11.2024,"İLİM İZZETE, ŞİDDET ZİLLETE GÖTÜRÜR","Aile, Çocuk ve Nesil",öğretmenlik
22.11.2024,"İLİM İZZETE, ŞİDDET ZİLLETE GÖTÜRÜR","Aile, Çocuk ve Nesil",kadına yönelik şiddet
22.11.2024,"İLİM İZZETE, ŞİDDET ZİLLETE GÖTÜRÜR","Aile, Çocuk ve Nesil",eğitim
22.11.2024,"İLİM İZZETE, ŞİDDET ZİLLETE GÖTÜRÜR","Aile, Çocuk ve Nesil",kul hakkı
29.11.2024,MADDİ VE MANEVİ TÜKENİŞ: KUMAR,"Ekonomik Hayat: Kazanç, Zekat ve İsraf",kumar
29.11.2024,MADDİ VE MANEVİ TÜKENİŞ: KUMAR,"Ekonomik Hayat: Kazanç, Zekat ve İsraf",bahis
29.11.2024,MADDİ VE MANEVİ TÜKENİŞ: KUMAR,"Ekonomik Hayat: Kazanç, Zekat ve İsraf",şans oyunları
29.11.2024,MADDİ VE MANEVİ TÜKENİŞ: KUMAR,"Ekonomik Hayat: Kazanç, Zekat ve İsraf",dijital bağımlılık
29.11.2024,MADDİ VE MANEVİ TÜKENİŞ: KUMAR,"Ekonomik Hayat: Kazanç, Zekat ve İsraf",haksız kazanç
29.11.2024,MADDİ VE MANEVİ TÜKENİŞ: KUMAR,"Ekonomik Hayat: Kazanç, Zekat ve İsraf",gençlik
06.12.2024,MİRAS: SINIRLARINI ALLAH’IN BELİRLEDİĞİ HAK,"Toplumsal Dayanışma, Merhamet ve Kardeşlik",miras
06.12.2024,MİRAS: SINIRLARINI ALLAH’IN BELİRLEDİĞİ HAK,"Toplumsal Dayanışma, Merhamet ve Kardeşlik",hudûdullah
06.12.2024,MİRAS: SINIRLARINI ALLAH’IN BELİRLEDİĞİ HAK,"Toplumsal Dayanışma, Merhamet ve Kardeşlik",kız çocuklarının hakkı
06.12.2024,MİRAS: SINIRLARINI ALLAH’IN BELİRLEDİĞİ HAK,"Toplumsal Dayanışma, Merhamet ve Kardeşlik",adalet
06.12.2024,MİRAS: SINIRLARINI ALLAH’IN BELİRLEDİĞİ HAK,"Toplumsal Dayanışma, Merhamet ve Kardeşlik",aile içi anlaşmazlık
06.12.2024,MİRAS: SINIRLARINI ALLAH’IN BELİRLEDİĞİ HAK,"Toplumsal Dayanışma, Merhamet ve Kardeşlik",kul hakkı
13.12.2024,HER ZORLUKTAN SONRA KOLAYLIK VARDIR,İslam Coğrafyası ve Küresel Meseleler,mekke'nin fethi
13.12.2024,HER ZORLUKTAN SONRA KOLAYLIK VARDIR,İslam Coğrafyası ve Küresel Meseleler,af ve bağışlama
13.12.2024,HER ZORLUKTAN SONRA KOLAYLIK VARDIR,İslam Coğrafyası ve Küresel Meseleler,zorluktan sonra kolaylık
13.12.2024,HER ZORLUKTAN SONRA KOLAYLIK VARDIR,İslam Coğrafyası ve Küresel Meseleler,mazlumun bedduası
13.12.2024,HER ZORLUKTAN SONRA KOLAYLIK VARDIR,İslam Coğrafyası ve Küresel Meseleler,zulmün sonu
13.12.2024,HER ZORLUKTAN SONRA KOLAYLIK VARDIR,İslam Coğrafyası ve Küresel Meseleler,tevekkül
20.12.2024,MİLLİ VE MANEVİ DEĞERLERİMİZİ MUHAFAZA EDELİM,"Kandiller, Muharrem ve Mübarek Geceler",milli ve manevi değerler
20.12.2024,MİLLİ VE MANEVİ DEĞERLERİMİZİ MUHAFAZA EDELİM,"Kandiller, Muharrem ve Mübarek Geceler",yılbaşı kutlaması
20.12.2024,MİLLİ VE MANEVİ DEĞERLERİMİZİ MUHAFAZA EDELİM,"Kandiller, Muharrem ve Mübarek Geceler",hz. îsâ
20.12.2024,MİLLİ VE MANEVİ DEĞERLERİMİZİ MUHAFAZA EDELİM,"Kandiller, Muharrem ve Mübarek Geceler",batıl inançlar
20.12.2024,MİLLİ VE MANEVİ DEĞERLERİMİZİ MUHAFAZA EDELİM,"Kandiller, Muharrem ve Mübarek Geceler",kültürel yozlaşma
20.12.2024,MİLLİ VE MANEVİ DEĞERLERİMİZİ MUHAFAZA EDELİM,"Kandiller, Muharrem ve Mübarek Geceler",kumar ve alkol
27.12.2024,"HATA YAPANLARIN EN HAYIRLISI, HATASINA TÖVBE EDENDİR","Kandiller, Muharrem ve Mübarek Geceler",tövbe
27.12.2024,"HATA YAPANLARIN EN HAYIRLISI, HATASINA TÖVBE EDENDİR","Kandiller, Muharrem ve Mübarek Geceler",recep ayı
27.12.2024,"HATA YAPANLARIN EN HAYIRLISI, HATASINA TÖVBE EDENDİR","Kandiller, Muharrem ve Mübarek Geceler",üç aylar
27.12.2024,"HATA YAPANLARIN EN HAYIRLISI, HATASINA TÖVBE EDENDİR","Kandiller, Muharrem ve Mübarek Geceler",muhasebe
27.12.2024,"HATA YAPANLARIN EN HAYIRLISI, HATASINA TÖVBE EDENDİR","Kandiller, Muharrem ve Mübarek Geceler",hata ve günah
27.12.2024,"HATA YAPANLARIN EN HAYIRLISI, HATASINA TÖVBE EDENDİR","Kandiller, Muharrem ve Mübarek Geceler",af dileme
03.01.2025,MÜMİNİN HAYATINDA UMUTSUZLUĞA YER YOKTUR,Peygamberimiz ve Ashab,umut
03.01.2025,MÜMİNİN HAYATINDA UMUTSUZLUĞA YER YOKTUR,Peygamberimiz ve Ashab,umutsuzluk
03.01.2025,MÜMİNİN HAYATINDA UMUTSUZLUĞA YER YOKTUR,Peygamberimiz ve Ashab,hz. eyyûb
03.01.2025,MÜMİNİN HAYATINDA UMUTSUZLUĞA YER YOKTUR,Peygamberimiz ve Ashab,hz. nûh
03.01.2025,MÜMİNİN HAYATINDA UMUTSUZLUĞA YER YOKTUR,Peygamberimiz ve Ashab,gazze
03.01.2025,MÜMİNİN HAYATINDA UMUTSUZLUĞA YER YOKTUR,Peygamberimiz ve Ashab,tevekkül
10.01.2025,"FITRATI KORUMAK, AİLEYİ KORUMAKTIR","Aile, Çocuk ve Nesil",fıtrat
10.01.2025,"FITRATI KORUMAK, AİLEYİ KORUMAKTIR","Aile, Çocuk ve Nesil",cinsiyetsizleştirme
10.01.2025,"FITRATI KORUMAK, AİLEYİ KORUMAKTIR","Aile, Çocuk ve Nesil",aile
10.01.2025,"FITRATI KORUMAK, AİLEYİ KORUMAKTIR","Aile, Çocuk ve Nesil",mahremiyet bilinci
10.01.2025,"FITRATI KORUMAK, AİLEYİ KORUMAKTIR","Aile, Çocuk ve Nesil",nikahsız birliktelik
10.01.2025,"FITRATI KORUMAK, AİLEYİ KORUMAKTIR","Aile, Çocuk ve Nesil",nesil koruma
10.01.2025,"FITRATI KORUMAK, AİLEYİ KORUMAKTIR","Aile, Çocuk ve Nesil",dijital tehlikeler
17.01.2025,"İSLAM, VARLIK SEBEBİMİZDİR",Kur'an-ı Kerim,islamın üstünlüğü
17.01.2025,"İSLAM, VARLIK SEBEBİMİZDİR",Kur'an-ı Kerim,cahiliye
17.01.2025,"İSLAM, VARLIK SEBEBİMİZDİR",Kur'an-ı Kerim,takva
17.01.2025,"İSLAM, VARLIK SEBEBİMİZDİR",Kur'an-ı Kerim,kimliğe yabancılaşma
17.01.2025,"İSLAM, VARLIK SEBEBİMİZDİR",Kur'an-ı Kerim,örnek müslüman
17.01.2025,"İSLAM, VARLIK SEBEBİMİZDİR",Kur'an-ı Kerim,kur'an ve sünnet
24.01.2025,"MİRACIN HEDİYESİ, DİNİMİZİN DİREĞİ NAMAZ",İbadet ve Kulluk,miraç
24.01.2025,"MİRACIN HEDİYESİ, DİNİMİZİN DİREĞİ NAMAZ",İbadet ve Kulluk,namaz
24.01.2025,"MİRACIN HEDİYESİ, DİNİMİZİN DİREĞİ NAMAZ",İbadet ve Kulluk,dinin direği
24.01.2025,"MİRACIN HEDİYESİ, DİNİMİZİN DİREĞİ NAMAZ",İbadet ve Kulluk,huşu
24.01.2025,"MİRACIN HEDİYESİ, DİNİMİZİN DİREĞİ NAMAZ",İbadet ve Kulluk,cemaatle namaz
24.01.2025,"MİRACIN HEDİYESİ, DİNİMİZİN DİREĞİ NAMAZ",İbadet ve Kulluk,bolu yangını
31.01.2025,EBEDİYET YOLCUSUNU UĞURLARKEN,"Toplumsal Dayanışma, Merhamet ve Kardeşlik",cenaze adabı
31.01.2025,EBEDİYET YOLCUSUNU UĞURLARKEN,"Toplumsal Dayanışma, Merhamet ve Kardeşlik",taziye
31.01.2025,EBEDİYET YOLCUSUNU UĞURLARKEN,"Toplumsal Dayanışma, Merhamet ve Kardeşlik",ölüm
31.01.2025,EBEDİYET YOLCUSUNU UĞURLARKEN,"Toplumsal Dayanışma, Merhamet ve Kardeşlik",kefenleme
31.01.2025,EBEDİYET YOLCUSUNU UĞURLARKEN,"Toplumsal Dayanışma, Merhamet ve Kardeşlik",deprem
31.01.2025,EBEDİYET YOLCUSUNU UĞURLARKEN,"Toplumsal Dayanışma, Merhamet ve Kardeşlik",vefat
07.02.2025,"DİL, İNSANIN YA CENNETİ YA DA CEHENNEMİDİR","Ahlak, Erdem ve Söz",dilin afetleri
07.02.2025,"DİL, İNSANIN YA CENNETİ YA DA CEHENNEMİDİR","Ahlak, Erdem ve Söz",gıybet
07.02.2025,"DİL, İNSANIN YA CENNETİ YA DA CEHENNEMİDİR","Ahlak, Erdem ve Söz",yalan haber
07.02.2025,"DİL, İNSANIN YA CENNETİ YA DA CEHENNEMİDİR","Ahlak, Erdem ve Söz",dijital mecralarda söz
07.02.2025,"DİL, İNSANIN YA CENNETİ YA DA CEHENNEMİDİR","Ahlak, Erdem ve Söz",kul hakkı
07.02.2025,"DİL, İNSANIN YA CENNETİ YA DA CEHENNEMİDİR","Ahlak, Erdem ve Söz",berat gecesi
14.02.2025,"MAHREMİYET, İNSANI SAYGIN KILAR","Eğitim, Teknoloji, Çevre ve Toplumsal Değişim",mahremiyet
14.02.2025,"MAHREMİYET, İNSANI SAYGIN KILAR","Eğitim, Teknoloji, Çevre ve Toplumsal Değişim",aile mahremiyeti
14.02.2025,"MAHREMİYET, İNSANI SAYGIN KILAR","Eğitim, Teknoloji, Çevre ve Toplumsal Değişim",dijital paylaşım
14.02.2025,"MAHREMİYET, İNSANI SAYGIN KILAR","Eğitim, Teknoloji, Çevre ve Toplumsal Değişim",medya ve mahremiyet
14.02.2025,"MAHREMİYET, İNSANI SAYGIN KILAR","Eğitim, Teknoloji, Çevre ve Toplumsal Değişim",gıybet
14.02.2025,"MAHREMİYET, İNSANI SAYGIN KILAR","Eğitim, Teknoloji, Çevre ve Toplumsal Değişim",eş mahremiyeti
21.02.2025,GAYBIN BİLGİSİ YALNIZCA ALLAH’A AİTTİR,"Eğitim, Teknoloji, Çevre ve Toplumsal Değişim",sihir ve büyü
21.02.2025,GAYBIN BİLGİSİ YALNIZCA ALLAH’A AİTTİR,"Eğitim, Teknoloji, Çevre ve Toplumsal Değişim",fal
21.02.2025,GAYBIN BİLGİSİ YALNIZCA ALLAH’A AİTTİR,"Eğitim, Teknoloji, Çevre ve Toplumsal Değişim",medyumluk
21.02.2025,GAYBIN BİLGİSİ YALNIZCA ALLAH’A AİTTİR,"Eğitim, Teknoloji, Çevre ve Toplumsal Değişim",gayb bilgisi
21.02.2025,GAYBIN BİLGİSİ YALNIZCA ALLAH’A AİTTİR,"Eğitim, Teknoloji, Çevre ve Toplumsal Değişim",hurafe
21.02.2025,GAYBIN BİLGİSİ YALNIZCA ALLAH’A AİTTİR,"Eğitim, Teknoloji, Çevre ve Toplumsal Değişim",sahih dini bilgi
21.02.2025,GAYBIN BİLGİSİ YALNIZCA ALLAH’A AİTTİR,"Eğitim, Teknoloji, Çevre ve Toplumsal Değişim",din istismarı
28.02.2025,RAHMET VE MAĞFİRET MEVSİMİNE GİRERKEN,İbadet ve Kulluk,ramazan
28.02.2025,RAHMET VE MAĞFİRET MEVSİMİNE GİRERKEN,İbadet ve Kulluk,teravih
28.02.2025,RAHMET VE MAĞFİRET MEVSİMİNE GİRERKEN,İbadet ve Kulluk,sahur
28.02.2025,RAHMET VE MAĞFİRET MEVSİMİNE GİRERKEN,İbadet ve Kulluk,oruç
28.02.2025,RAHMET VE MAĞFİRET MEVSİMİNE GİRERKEN,İbadet ve Kulluk,kur'an ayı
28.02.2025,RAHMET VE MAĞFİRET MEVSİMİNE GİRERKEN,İbadet ve Kulluk,israf
28.02.2025,RAHMET VE MAĞFİRET MEVSİMİNE GİRERKEN,İbadet ve Kulluk,iftar sofrası
07.03.2025,İYİLİK AYI RAMAZAN,"Ahlak, Erdem ve Söz",iyilik
07.03.2025,İYİLİK AYI RAMAZAN,"Ahlak, Erdem ve Söz",güzel ahlak
07.03.2025,İYİLİK AYI RAMAZAN,"Ahlak, Erdem ve Söz",yardımlaşma
07.03.2025,İYİLİK AYI RAMAZAN,"Ahlak, Erdem ve Söz",gazze
07.03.2025,İYİLİK AYI RAMAZAN,"Ahlak, Erdem ve Söz",takva
07.03.2025,İYİLİK AYI RAMAZAN,"Ahlak, Erdem ve Söz",iyilik ayı ramazan
14.03.2025,İYİLİK KÖPRÜSÜ: ZEKÂT VE FITIR SADAKASI,"Ekonomik Hayat: Kazanç, Zekat ve İsraf",zekat
14.03.2025,İYİLİK KÖPRÜSÜ: ZEKÂT VE FITIR SADAKASI,"Ekonomik Hayat: Kazanç, Zekat ve İsraf",fıtır sadakası
14.03.2025,İYİLİK KÖPRÜSÜ: ZEKÂT VE FITIR SADAKASI,"Ekonomik Hayat: Kazanç, Zekat ve İsraf",iyilik haftası
14.03.2025,İYİLİK KÖPRÜSÜ: ZEKÂT VE FITIR SADAKASI,"Ekonomik Hayat: Kazanç, Zekat ve İsraf",diyanet vakfı
14.03.2025,İYİLİK KÖPRÜSÜ: ZEKÂT VE FITIR SADAKASI,"Ekonomik Hayat: Kazanç, Zekat ve İsraf",çanakkale zaferi
14.03.2025,İYİLİK KÖPRÜSÜ: ZEKÂT VE FITIR SADAKASI,"Ekonomik Hayat: Kazanç, Zekat ve İsraf",vekaleten zekat
21.03.2025,İNFAK VE KUR’AN AYI RAMAZAN,"Ramazan, Oruç ve Bayramlar",itikaf
21.03.2025,İNFAK VE KUR’AN AYI RAMAZAN,"Ramazan, Oruç ve Bayramlar",infak
21.03.2025,İNFAK VE KUR’AN AYI RAMAZAN,"Ramazan, Oruç ve Bayramlar",kadir gecesi
21.03.2025,İNFAK VE KUR’AN AYI RAMAZAN,"Ramazan, Oruç ve Bayramlar",gazze desteği
21.03.2025,İNFAK VE KUR’AN AYI RAMAZAN,"Ramazan, Oruç ve Bayramlar",borç yardımı
21.03.2025,İNFAK VE KUR’AN AYI RAMAZAN,"Ramazan, Oruç ve Bayramlar",ramazanın son on günü
28.03.2025,RAMAZAN’A VEDA EDERKEN,"Ramazan, Oruç ve Bayramlar",ramazana veda
28.03.2025,RAMAZAN’A VEDA EDERKEN,"Ramazan, Oruç ve Bayramlar",ibadet alışkanlığı
28.03.2025,RAMAZAN’A VEDA EDERKEN,"Ramazan, Oruç ve Bayramlar",sabır
28.03.2025,RAMAZAN’A VEDA EDERKEN,"Ramazan, Oruç ve Bayramlar",trafik güvenliği
28.03.2025,RAMAZAN’A VEDA EDERKEN,"Ramazan, Oruç ve Bayramlar",ramazan bayramı
28.03.2025,RAMAZAN’A VEDA EDERKEN,"Ramazan, Oruç ve Bayramlar",iyilik
30.03.2025,RAMAZAN BAYRAMI: SEVİNÇ VE KARDEŞLİK GÜNLERİ,"Ramazan, Oruç ve Bayramlar",ramazan bayramı
30.03.2025,RAMAZAN BAYRAMI: SEVİNÇ VE KARDEŞLİK GÜNLERİ,"Ramazan, Oruç ve Bayramlar",sıla-i rahim
30.03.2025,RAMAZAN BAYRAMI: SEVİNÇ VE KARDEŞLİK GÜNLERİ,"Ramazan, Oruç ve Bayramlar",kardeşlik
30.03.2025,RAMAZAN BAYRAMI: SEVİNÇ VE KARDEŞLİK GÜNLERİ,"Ramazan, Oruç ve Bayramlar",gazze
30.03.2025,RAMAZAN BAYRAMI: SEVİNÇ VE KARDEŞLİK GÜNLERİ,"Ramazan, Oruç ve Bayramlar",dargınlıkları bitirme
30.03.2025,RAMAZAN BAYRAMI: SEVİNÇ VE KARDEŞLİK GÜNLERİ,"Ramazan, Oruç ve Bayramlar",bayram sevinci
04.04.2025,GÜÇLÜ BİR TOPLUMUN İNŞASINDA ANNE BABANIN ROLÜ,"Aile, Çocuk ve Nesil",anne baba rolü
04.04.2025,GÜÇLÜ BİR TOPLUMUN İNŞASINDA ANNE BABANIN ROLÜ,"Aile, Çocuk ve Nesil",çocuk terbiyesi
04.04.2025,GÜÇLÜ BİR TOPLUMUN İNŞASINDA ANNE BABANIN ROLÜ,"Aile, Çocuk ve Nesil",hz. lokman
04.04.2025,GÜÇLÜ BİR TOPLUMUN İNŞASINDA ANNE BABANIN ROLÜ,"Aile, Çocuk ve Nesil",helal rızık
04.04.2025,GÜÇLÜ BİR TOPLUMUN İNŞASINDA ANNE BABANIN ROLÜ,"Aile, Çocuk ve Nesil",zararlı akımlar
04.04.2025,GÜÇLÜ BİR TOPLUMUN İNŞASINDA ANNE BABANIN ROLÜ,"Aile, Çocuk ve Nesil",nesil yetiştirme
11.04.2025,"ÜMMET OLMAK, BİRLİK OLMAKTIR","Toplumsal Dayanışma, Merhamet ve Kardeşlik",ümmet birliği
11.04.2025,"ÜMMET OLMAK, BİRLİK OLMAKTIR","Toplumsal Dayanışma, Merhamet ve Kardeşlik",gazze soykırımı
11.04.2025,"ÜMMET OLMAK, BİRLİK OLMAKTIR","Toplumsal Dayanışma, Merhamet ve Kardeşlik",islam kardeşliği
11.04.2025,"ÜMMET OLMAK, BİRLİK OLMAKTIR","Toplumsal Dayanışma, Merhamet ve Kardeşlik",tefrika
11.04.2025,"ÜMMET OLMAK, BİRLİK OLMAKTIR","Toplumsal Dayanışma, Merhamet ve Kardeşlik",sahabe örnekleri
11.04.2025,"ÜMMET OLMAK, BİRLİK OLMAKTIR","Toplumsal Dayanışma, Merhamet ve Kardeşlik",zulme rıza
18.04.2025,HUCURÂT SÛRESİ: ERDEMLİ BİR TOPLUMUN İNŞASI,"Ahlak, Erdem ve Söz",hucurat suresi
18.04.2025,HUCURÂT SÛRESİ: ERDEMLİ BİR TOPLUMUN İNŞASI,"Ahlak, Erdem ve Söz",yalan haber
18.04.2025,HUCURÂT SÛRESİ: ERDEMLİ BİR TOPLUMUN İNŞASI,"Ahlak, Erdem ve Söz",alay etmek
18.04.2025,HUCURÂT SÛRESİ: ERDEMLİ BİR TOPLUMUN İNŞASI,"Ahlak, Erdem ve Söz",gıybet
18.04.2025,HUCURÂT SÛRESİ: ERDEMLİ BİR TOPLUMUN İNŞASI,"Ahlak, Erdem ve Söz",zannın kötüsü
18.04.2025,HUCURÂT SÛRESİ: ERDEMLİ BİR TOPLUMUN İNŞASI,"Ahlak, Erdem ve Söz",ırkçılık yasağı
25.04.2025,ALIN TERİ MUKADDESTİR,"Ekonomik Hayat: Kazanç, Zekat ve İsraf",helal kazanç
25.04.2025,ALIN TERİ MUKADDESTİR,"Ekonomik Hayat: Kazanç, Zekat ve İsraf",işçi işveren hakları
25.04.2025,ALIN TERİ MUKADDESTİR,"Ekonomik Hayat: Kazanç, Zekat ve İsraf",faiz
25.04.2025,ALIN TERİ MUKADDESTİR,"Ekonomik Hayat: Kazanç, Zekat ve İsraf",alın teri
25.04.2025,ALIN TERİ MUKADDESTİR,"Ekonomik Hayat: Kazanç, Zekat ve İsraf",çalışma ahlakı
25.04.2025,ALIN TERİ MUKADDESTİR,"Ekonomik Hayat: Kazanç, Zekat ve İsraf",ücretin zamanında ödenmesi
02.05.2025,NEFSİ VE NESLİ İFSAT EDEN BÜYÜK GÜNAH: ZİNA,"Aile, Çocuk ve Nesil",zina
02.05.2025,NEFSİ VE NESLİ İFSAT EDEN BÜYÜK GÜNAH: ZİNA,"Aile, Çocuk ve Nesil",flört
02.05.2025,NEFSİ VE NESLİ İFSAT EDEN BÜYÜK GÜNAH: ZİNA,"Aile, Çocuk ve Nesil",eşcinsellik
02.05.2025,NEFSİ VE NESLİ İFSAT EDEN BÜYÜK GÜNAH: ZİNA,"Aile, Çocuk ve Nesil",mahremiyet ihlali
02.05.2025,NEFSİ VE NESLİ İFSAT EDEN BÜYÜK GÜNAH: ZİNA,"Aile, Çocuk ve Nesil",evlilik teşviki
02.05.2025,NEFSİ VE NESLİ İFSAT EDEN BÜYÜK GÜNAH: ZİNA,"Aile, Çocuk ve Nesil",medyada müstehcenlik
09.05.2025,"VAKIF: YARATAN’A HÜRMET, YARATILANA MERHAMET","Ekonomik Hayat: Kazanç, Zekat ve İsraf",vakıf
09.05.2025,"VAKIF: YARATAN’A HÜRMET, YARATILANA MERHAMET","Ekonomik Hayat: Kazanç, Zekat ve İsraf",hayır kurumları
09.05.2025,"VAKIF: YARATAN’A HÜRMET, YARATILANA MERHAMET","Ekonomik Hayat: Kazanç, Zekat ve İsraf",ecdad eserleri
09.05.2025,"VAKIF: YARATAN’A HÜRMET, YARATILANA MERHAMET","Ekonomik Hayat: Kazanç, Zekat ve İsraf",vakıf istismarı
09.05.2025,"VAKIF: YARATAN’A HÜRMET, YARATILANA MERHAMET","Ekonomik Hayat: Kazanç, Zekat ve İsraf",infak
09.05.2025,"VAKIF: YARATAN’A HÜRMET, YARATILANA MERHAMET","Ekonomik Hayat: Kazanç, Zekat ve İsraf",yardımlaşma kültürü
16.05.2025,"AİLE: GÜVEN, SADAKAT VE MERHAMET YUVASI","Aile, Çocuk ve Nesil",aile
16.05.2025,"AİLE: GÜVEN, SADAKAT VE MERHAMET YUVASI","Aile, Çocuk ve Nesil",anne baba rolü
16.05.2025,"AİLE: GÜVEN, SADAKAT VE MERHAMET YUVASI","Aile, Çocuk ve Nesil",aile içi şiddet
16.05.2025,"AİLE: GÜVEN, SADAKAT VE MERHAMET YUVASI","Aile, Çocuk ve Nesil",çocuk istismarı
16.05.2025,"AİLE: GÜVEN, SADAKAT VE MERHAMET YUVASI","Aile, Çocuk ve Nesil",evlilik
16.05.2025,"AİLE: GÜVEN, SADAKAT VE MERHAMET YUVASI","Aile, Çocuk ve Nesil",güven ve sadakat
23.05.2025,SADAKAT VE TESLİMİYETİN NİŞANESİ: KURBAN,"Ramazan, Oruç ve Bayramlar",kurban ibadeti
23.05.2025,SADAKAT VE TESLİMİYETİN NİŞANESİ: KURBAN,"Ramazan, Oruç ve Bayramlar",takva
23.05.2025,SADAKAT VE TESLİMİYETİN NİŞANESİ: KURBAN,"Ramazan, Oruç ve Bayramlar",kurban kesim şartları
23.05.2025,SADAKAT VE TESLİMİYETİN NİŞANESİ: KURBAN,"Ramazan, Oruç ve Bayramlar",vekaleten kurban
23.05.2025,SADAKAT VE TESLİMİYETİN NİŞANESİ: KURBAN,"Ramazan, Oruç ve Bayramlar",diyanet vakfı
23.05.2025,SADAKAT VE TESLİMİYETİN NİŞANESİ: KURBAN,"Ramazan, Oruç ve Bayramlar",kurban bayramı
30.05.2025,YÂSÎN SÛRESİ: KUR’AN’IN KALBİ,"İman, Tevhid ve Ahiret",yasin suresi
30.05.2025,YÂSÎN SÛRESİ: KUR’AN’IN KALBİ,"İman, Tevhid ve Ahiret",kur'an'ın kalbi
30.05.2025,YÂSÎN SÛRESİ: KUR’AN’IN KALBİ,"İman, Tevhid ve Ahiret",ahiret bilinci
30.05.2025,YÂSÎN SÛRESİ: KUR’AN’IN KALBİ,"İman, Tevhid ve Ahiret",hesap günü
30.05.2025,YÂSÎN SÛRESİ: KUR’AN’IN KALBİ,"İman, Tevhid ve Ahiret",zilhicce
30.05.2025,YÂSÎN SÛRESİ: KUR’AN’IN KALBİ,"İman, Tevhid ve Ahiret",istikamet
06.06.2025,KURBAN BAYRAMI: ALLAH’IN KULLARINA İHSAN VE İKRAMI,"Ramazan, Oruç ve Bayramlar",kurban bayramı
06.06.2025,KURBAN BAYRAMI: ALLAH’IN KULLARINA İHSAN VE İKRAMI,"Ramazan, Oruç ve Bayramlar",kurban kesimi
06.06.2025,KURBAN BAYRAMI: ALLAH’IN KULLARINA İHSAN VE İKRAMI,"Ramazan, Oruç ve Bayramlar",paylaşma
06.06.2025,KURBAN BAYRAMI: ALLAH’IN KULLARINA İHSAN VE İKRAMI,"Ramazan, Oruç ve Bayramlar",teşrik tekbirleri
06.06.2025,KURBAN BAYRAMI: ALLAH’IN KULLARINA İHSAN VE İKRAMI,"Ramazan, Oruç ve Bayramlar",gazze
06.06.2025,KURBAN BAYRAMI: ALLAH’IN KULLARINA İHSAN VE İKRAMI,"Ramazan, Oruç ve Bayramlar",sıla-i rahim
13.06.2025,DÜĞÜN YAPMANIN DA BİR ÂDÂBI VARDIR,"Aile, Çocuk ve Nesil",düğün adabı
13.06.2025,DÜĞÜN YAPMANIN DA BİR ÂDÂBI VARDIR,"Aile, Çocuk ve Nesil",israf
13.06.2025,DÜĞÜN YAPMANIN DA BİR ÂDÂBI VARDIR,"Aile, Çocuk ve Nesil",evlilik
13.06.2025,DÜĞÜN YAPMANIN DA BİR ÂDÂBI VARDIR,"Aile, Çocuk ve Nesil",alkollü kutlama
13.06.2025,DÜĞÜN YAPMANIN DA BİR ÂDÂBI VARDIR,"Aile, Çocuk ve Nesil",gösteriş
13.06.2025,DÜĞÜN YAPMANIN DA BİR ÂDÂBI VARDIR,"Aile, Çocuk ve Nesil",nikahın kolaylaştırılması
20.06.2025,"HER YAZ YENİ BİR HEYECAN: CAMİ, ÇOCUK VE KUR’AN","Aile, Çocuk ve Nesil",çocuk terbiyesi
20.06.2025,"HER YAZ YENİ BİR HEYECAN: CAMİ, ÇOCUK VE KUR’AN","Aile, Çocuk ve Nesil",yaz kur'an kursları
20.06.2025,"HER YAZ YENİ BİR HEYECAN: CAMİ, ÇOCUK VE KUR’AN","Aile, Çocuk ve Nesil",dijital tehlikeler
20.06.2025,"HER YAZ YENİ BİR HEYECAN: CAMİ, ÇOCUK VE KUR’AN","Aile, Çocuk ve Nesil",akran zorbalığı
20.06.2025,"HER YAZ YENİ BİR HEYECAN: CAMİ, ÇOCUK VE KUR’AN","Aile, Çocuk ve Nesil",üniversite sınavı
20.06.2025,"HER YAZ YENİ BİR HEYECAN: CAMİ, ÇOCUK VE KUR’AN","Aile, Çocuk ve Nesil",cami çocuk
27.06.2025,KAMU HAKKI DOKUNULMAZDIR,"Kandiller, Muharrem ve Mübarek Geceler",kamu hakkı
27.06.2025,KAMU HAKKI DOKUNULMAZDIR,"Kandiller, Muharrem ve Mübarek Geceler",rüşvet
27.06.2025,KAMU HAKKI DOKUNULMAZDIR,"Kandiller, Muharrem ve Mübarek Geceler",vergi kaçakçılığı
27.06.2025,KAMU HAKKI DOKUNULMAZDIR,"Kandiller, Muharrem ve Mübarek Geceler",torpil
27.06.2025,KAMU HAKKI DOKUNULMAZDIR,"Kandiller, Muharrem ve Mübarek Geceler",kaçak elektrik su
27.06.2025,KAMU HAKKI DOKUNULMAZDIR,"Kandiller, Muharrem ve Mübarek Geceler",hicri yılbaşı
04.07.2025,GEÇMİŞE İBRETLE GELECEĞE FERASETLE BAKALIM,"Kandiller, Muharrem ve Mübarek Geceler",muharrem ayı
04.07.2025,GEÇMİŞE İBRETLE GELECEĞE FERASETLE BAKALIM,"Kandiller, Muharrem ve Mübarek Geceler",aşure
04.07.2025,GEÇMİŞE İBRETLE GELECEĞE FERASETLE BAKALIM,"Kandiller, Muharrem ve Mübarek Geceler",kerbela
04.07.2025,GEÇMİŞE İBRETLE GELECEĞE FERASETLE BAKALIM,"Kandiller, Muharrem ve Mübarek Geceler",hz. hüseyin
04.07.2025,GEÇMİŞE İBRETLE GELECEĞE FERASETLE BAKALIM,"Kandiller, Muharrem ve Mübarek Geceler",birlik beraberlik
04.07.2025,GEÇMİŞE İBRETLE GELECEĞE FERASETLE BAKALIM,"Kandiller, Muharrem ve Mübarek Geceler",orman yangınları
11.07.2025,SAHİH DİNİ BİLGİNİN ÖNEMİ,"Vatan, Millet ve Tarih",15 temmuz
11.07.2025,SAHİH DİNİ BİLGİNİN ÖNEMİ,"Vatan, Millet ve Tarih",feto
11.07.2025,SAHİH DİNİ BİLGİNİN ÖNEMİ,"Vatan, Millet ve Tarih",din istismarı
11.07.2025,SAHİH DİNİ BİLGİNİN ÖNEMİ,"Vatan, Millet ve Tarih",sahih dini bilgi
11.07.2025,SAHİH DİNİ BİLGİNİN ÖNEMİ,"Vatan, Millet ve Tarih",darbe girişimi
11.07.2025,SAHİH DİNİ BİLGİNİN ÖNEMİ,"Vatan, Millet ve Tarih",pençe-kilit harekatı
18.07.2025,SUYUMUZU İSRAF ETMEYELİM,"Ekonomik Hayat: Kazanç, Zekat ve İsraf",su israfı
18.07.2025,SUYUMUZU İSRAF ETMEYELİM,"Ekonomik Hayat: Kazanç, Zekat ve İsraf",kuraklık
18.07.2025,SUYUMUZU İSRAF ETMEYELİM,"Ekonomik Hayat: Kazanç, Zekat ve İsraf",çevre kirliliği
18.07.2025,SUYUMUZU İSRAF ETMEYELİM,"Ekonomik Hayat: Kazanç, Zekat ve İsraf",abdest ve israf
18.07.2025,SUYUMUZU İSRAF ETMEYELİM,"Ekonomik Hayat: Kazanç, Zekat ve İsraf",su kaynaklarının korunması
18.07.2025,SUYUMUZU İSRAF ETMEYELİM,"Ekonomik Hayat: Kazanç, Zekat ve İsraf",kaçak su kullanımı
25.07.2025,GAZZE: İNSANLIĞIN ONUR SINAVI,İslam Coğrafyası ve Küresel Meseleler,gazze
25.07.2025,GAZZE: İNSANLIĞIN ONUR SINAVI,İslam Coğrafyası ve Küresel Meseleler,ashabül uhdud
25.07.2025,GAZZE: İNSANLIĞIN ONUR SINAVI,İslam Coğrafyası ve Küresel Meseleler,siyonist zulüm
25.07.2025,GAZZE: İNSANLIĞIN ONUR SINAVI,İslam Coğrafyası ve Küresel Meseleler,boykot
25.07.2025,GAZZE: İNSANLIĞIN ONUR SINAVI,İslam Coğrafyası ve Küresel Meseleler,mazlumlara destek
25.07.2025,GAZZE: İNSANLIĞIN ONUR SINAVI,İslam Coğrafyası ve Küresel Meseleler,orman yangını şehitleri
01.08.2025,"HAYÂ: ALLAH’IN EMRİ, FITRATIN GEREĞİ","Ahlak, Erdem ve Söz",hayâ
01.08.2025,"HAYÂ: ALLAH’IN EMRİ, FITRATIN GEREĞİ","Ahlak, Erdem ve Söz",tesettür
01.08.2025,"HAYÂ: ALLAH’IN EMRİ, FITRATIN GEREĞİ","Ahlak, Erdem ve Söz",estetik ameliyat
01.08.2025,"HAYÂ: ALLAH’IN EMRİ, FITRATIN GEREĞİ","Ahlak, Erdem ve Söz",mahremiyet ihlali
01.08.2025,"HAYÂ: ALLAH’IN EMRİ, FITRATIN GEREĞİ","Ahlak, Erdem ve Söz",giyim kuşam
01.08.2025,"HAYÂ: ALLAH’IN EMRİ, FITRATIN GEREĞİ","Ahlak, Erdem ve Söz",iffet
08.08.2025,SILA-İ RAHİMLE BEREKETLENEN TATİL,"Toplumsal Dayanışma, Merhamet ve Kardeşlik",tatil
08.08.2025,SILA-İ RAHİMLE BEREKETLENEN TATİL,"Toplumsal Dayanışma, Merhamet ve Kardeşlik",sıla-i rahim
08.08.2025,SILA-İ RAHİMLE BEREKETLENEN TATİL,"Toplumsal Dayanışma, Merhamet ve Kardeşlik",israf
08.08.2025,SILA-İ RAHİMLE BEREKETLENEN TATİL,"Toplumsal Dayanışma, Merhamet ve Kardeşlik",akraba ziyareti
08.08.2025,SILA-İ RAHİMLE BEREKETLENEN TATİL,"Toplumsal Dayanışma, Merhamet ve Kardeşlik",boş vakit
08.08.2025,SILA-İ RAHİMLE BEREKETLENEN TATİL,"Toplumsal Dayanışma, Merhamet ve Kardeşlik",anne baba ziyareti
15.08.2025,KUL HAKKI ATEŞTEN GÖMLEKTİR,"Ahlak, Erdem ve Söz",kul hakkı
15.08.2025,KUL HAKKI ATEŞTEN GÖMLEKTİR,"Ahlak, Erdem ve Söz",müflis hadisi
15.08.2025,KUL HAKKI ATEŞTEN GÖMLEKTİR,"Ahlak, Erdem ve Söz",miras hakkı
15.08.2025,KUL HAKKI ATEŞTEN GÖMLEKTİR,"Ahlak, Erdem ve Söz",ticarette hile
15.08.2025,KUL HAKKI ATEŞTEN GÖMLEKTİR,"Ahlak, Erdem ve Söz",iftira
15.08.2025,KUL HAKKI ATEŞTEN GÖMLEKTİR,"Ahlak, Erdem ve Söz",helallik
22.08.2025,"İBADET; RUHA SEKİNET, TOPLUMA HUZUR VERİR",İbadet ve Kulluk,ibadet
22.08.2025,"İBADET; RUHA SEKİNET, TOPLUMA HUZUR VERİR",İbadet ve Kulluk,kulluk bilinci
22.08.2025,"İBADET; RUHA SEKİNET, TOPLUMA HUZUR VERİR",İbadet ve Kulluk,helal kazanç
22.08.2025,"İBADET; RUHA SEKİNET, TOPLUMA HUZUR VERİR",İbadet ve Kulluk,malazgirt zaferi
22.08.2025,"İBADET; RUHA SEKİNET, TOPLUMA HUZUR VERİR",İbadet ve Kulluk,büyük taarruz
22.08.2025,"İBADET; RUHA SEKİNET, TOPLUMA HUZUR VERİR",İbadet ve Kulluk,cami
29.08.2025,ÂLEMLERE RAHMET HZ. MUHAMMED (S.A.S),Peygamberimiz ve Ashab,mevlid-i nebi
29.08.2025,ÂLEMLERE RAHMET HZ. MUHAMMED (S.A.S),Peygamberimiz ve Ashab,hz. muhammed
29.08.2025,ÂLEMLERE RAHMET HZ. MUHAMMED (S.A.S),Peygamberimiz ve Ashab,rahmet peygamberi
29.08.2025,ÂLEMLERE RAHMET HZ. MUHAMMED (S.A.S),Peygamberimiz ve Ashab,merhamet
29.08.2025,ÂLEMLERE RAHMET HZ. MUHAMMED (S.A.S),Peygamberimiz ve Ashab,30 ağustos zaferi
29.08.2025,ÂLEMLERE RAHMET HZ. MUHAMMED (S.A.S),Peygamberimiz ve Ashab,aile ahlakı
05.09.2025,İLİM HAKKI BİLMEKTİR,"Eğitim, Teknoloji, Çevre ve Toplumsal Değişim",ilim öğrenmek
05.09.2025,İLİM HAKKI BİLMEKTİR,"Eğitim, Teknoloji, Çevre ve Toplumsal Değişim",eğitim öğretim yılı
05.09.2025,İLİM HAKKI BİLMEKTİR,"Eğitim, Teknoloji, Çevre ve Toplumsal Değişim",din kültürü dersi
05.09.2025,İLİM HAKKI BİLMEKTİR,"Eğitim, Teknoloji, Çevre ve Toplumsal Değişim",sanal kumar
05.09.2025,İLİM HAKKI BİLMEKTİR,"Eğitim, Teknoloji, Çevre ve Toplumsal Değişim",akran zorbalığı
05.09.2025,İLİM HAKKI BİLMEKTİR,"Eğitim, Teknoloji, Çevre ve Toplumsal Değişim",öğretmenlik
12.09.2025,PEYGAMBERİMİZ VE AİLE AHLAKI,"Aile, Çocuk ve Nesil",peygamberimiz ve aile
12.09.2025,PEYGAMBERİMİZ VE AİLE AHLAKI,"Aile, Çocuk ve Nesil",aile ahlakı
12.09.2025,PEYGAMBERİMİZ VE AİLE AHLAKI,"Aile, Çocuk ve Nesil",nikahsız beraberlik
12.09.2025,PEYGAMBERİMİZ VE AİLE AHLAKI,"Aile, Çocuk ve Nesil",evlilik teşviki
12.09.2025,PEYGAMBERİMİZ VE AİLE AHLAKI,"Aile, Çocuk ve Nesil",aile içi iletişim
12.09.2025,PEYGAMBERİMİZ VE AİLE AHLAKI,"Aile, Çocuk ve Nesil",hz. hatice
19.09.2025,PEYGAMBERİMİZ (S.A.S) VE TİCARET AHLAKI,"Ekonomik Hayat: Kazanç, Zekat ve İsraf",ticaret ahlakı
19.09.2025,PEYGAMBERİMİZ (S.A.S) VE TİCARET AHLAKI,"Ekonomik Hayat: Kazanç, Zekat ve İsraf",muhammedü'l-emin
19.09.2025,PEYGAMBERİMİZ (S.A.S) VE TİCARET AHLAKI,"Ekonomik Hayat: Kazanç, Zekat ve İsraf",ahilik
19.09.2025,PEYGAMBERİMİZ (S.A.S) VE TİCARET AHLAKI,"Ekonomik Hayat: Kazanç, Zekat ve İsraf",karaborsacılık
19.09.2025,PEYGAMBERİMİZ (S.A.S) VE TİCARET AHLAKI,"Ekonomik Hayat: Kazanç, Zekat ve İsraf",stokçuluk
19.09.2025,PEYGAMBERİMİZ (S.A.S) VE TİCARET AHLAKI,"Ekonomik Hayat: Kazanç, Zekat ve İsraf",helal kazanç
26.09.2025,"PEYGAMBERİMİZ (S.A.S), CAMİ VE NAMAZ",İbadet ve Kulluk,namaz
26.09.2025,"PEYGAMBERİMİZ (S.A.S), CAMİ VE NAMAZ",İbadet ve Kulluk,cami
26.09.2025,"PEYGAMBERİMİZ (S.A.S), CAMİ VE NAMAZ",İbadet ve Kulluk,peygamberimiz ve namaz
26.09.2025,"PEYGAMBERİMİZ (S.A.S), CAMİ VE NAMAZ",İbadet ve Kulluk,camiler haftası
26.09.2025,"PEYGAMBERİMİZ (S.A.S), CAMİ VE NAMAZ",İbadet ve Kulluk,sabah namazı
26.09.2025,"PEYGAMBERİMİZ (S.A.S), CAMİ VE NAMAZ",İbadet ve Kulluk,ibadet bilinci
03.10.2025,HENDEK’TEN GAZZE’YE: ZAFER İNANANLARINDIR,"Toplumsal Dayanışma, Merhamet ve Kardeşlik",hendek savaşı
03.10.2025,HENDEK’TEN GAZZE’YE: ZAFER İNANANLARINDIR,"Toplumsal Dayanışma, Merhamet ve Kardeşlik",gazze direnişi
03.10.2025,HENDEK’TEN GAZZE’YE: ZAFER İNANANLARINDIR,"Toplumsal Dayanışma, Merhamet ve Kardeşlik",birlik beraberlik
03.10.2025,HENDEK’TEN GAZZE’YE: ZAFER İNANANLARINDIR,"Toplumsal Dayanışma, Merhamet ve Kardeşlik",sabır
03.10.2025,HENDEK’TEN GAZZE’YE: ZAFER İNANANLARINDIR,"Toplumsal Dayanışma, Merhamet ve Kardeşlik",ümmet bilinci
03.10.2025,HENDEK’TEN GAZZE’YE: ZAFER İNANANLARINDIR,"Toplumsal Dayanışma, Merhamet ve Kardeşlik",zafer
10.10.2025,CENÂB-I HAKK’IN NAZARGÂHI: KALP,İbadet ve Kulluk,kalp
10.10.2025,CENÂB-I HAKK’IN NAZARGÂHI: KALP,İbadet ve Kulluk,zikir
10.10.2025,CENÂB-I HAKK’IN NAZARGÂHI: KALP,İbadet ve Kulluk,günahın etkisi
10.10.2025,CENÂB-I HAKK’IN NAZARGÂHI: KALP,İbadet ve Kulluk,kalbin katılaşması
10.10.2025,CENÂB-I HAKK’IN NAZARGÂHI: KALP,İbadet ve Kulluk,tövbe istiğfar
10.10.2025,CENÂB-I HAKK’IN NAZARGÂHI: KALP,İbadet ve Kulluk,iyilik ve kalp
17.10.2025,MÜSLÜMANIN HAYATINA YÖN VEREN REHBER: SÜNNET-İ SENİYYE,Peygamberimiz ve Ashab,sünnet-i seniyye
17.10.2025,MÜSLÜMANIN HAYATINA YÖN VEREN REHBER: SÜNNET-İ SENİYYE,Peygamberimiz ve Ashab,peygamber sevgisi
17.10.2025,MÜSLÜMANIN HAYATINA YÖN VEREN REHBER: SÜNNET-İ SENİYYE,Peygamberimiz ve Ashab,örnek ahlak
17.10.2025,MÜSLÜMANIN HAYATINA YÖN VEREN REHBER: SÜNNET-İ SENİYYE,Peygamberimiz ve Ashab,kur'an ve sünnet
17.10.2025,MÜSLÜMANIN HAYATINA YÖN VEREN REHBER: SÜNNET-İ SENİYYE,Peygamberimiz ve Ashab,veda hutbesi
24.10.2025,"BİRLİKTE BEREKET, KARDEŞLİKTE RAHMET VARDIR","Vatan, Millet ve Tarih",iman kardeşliği
24.10.2025,"BİRLİKTE BEREKET, KARDEŞLİKTE RAHMET VARDIR","Vatan, Millet ve Tarih",malazgirt
24.10.2025,"BİRLİKTE BEREKET, KARDEŞLİKTE RAHMET VARDIR","Vatan, Millet ve Tarih",istanbul'un fethi
24.10.2025,"BİRLİKTE BEREKET, KARDEŞLİKTE RAHMET VARDIR","Vatan, Millet ve Tarih",çanakkale
24.10.2025,"BİRLİKTE BEREKET, KARDEŞLİKTE RAHMET VARDIR","Vatan, Millet ve Tarih",birlik beraberlik
24.10.2025,"BİRLİKTE BEREKET, KARDEŞLİKTE RAHMET VARDIR","Vatan, Millet ve Tarih",milli değerler
31.10.2025,AİLEDE HUZURUN KAYNAĞI: MERHAMET VE MUHABBET,"Aile, Çocuk ve Nesil",aile
31.10.2025,AİLEDE HUZURUN KAYNAĞI: MERHAMET VE MUHABBET,"Aile, Çocuk ve Nesil",merhamet ve muhabbet
31.10.2025,AİLEDE HUZURUN KAYNAĞI: MERHAMET VE MUHABBET,"Aile, Çocuk ve Nesil",nine dede
31.10.2025,AİLEDE HUZURUN KAYNAĞI: MERHAMET VE MUHABBET,"Aile, Çocuk ve Nesil",çocuk sevgisi
31.10.2025,AİLEDE HUZURUN KAYNAĞI: MERHAMET VE MUHABBET,"Aile, Çocuk ve Nesil",aile büyüklerine hürmet
31.10.2025,AİLEDE HUZURUN KAYNAĞI: MERHAMET VE MUHABBET,"Aile, Çocuk ve Nesil",sade nikah
07.11.2025,VEFA İMANDANDIR,"Aile, Çocuk ve Nesil",vefa
07.11.2025,VEFA İMANDANDIR,"Aile, Çocuk ve Nesil",sadakat
07.11.2025,VEFA İMANDANDIR,"Aile, Çocuk ve Nesil",peygamber sevgisi
07.11.2025,VEFA İMANDANDIR,"Aile, Çocuk ve Nesil",ecdada vefa
07.11.2025,VEFA İMANDANDIR,"Aile, Çocuk ve Nesil",vefa muhasebesi
07.11.2025,VEFA İMANDANDIR,"Aile, Çocuk ve Nesil",ahde vefa
14.11.2025,VATAN VE MİLLET RUHUMUZ,"Vatan, Millet ve Tarih",vatan sevgisi
14.11.2025,VATAN VE MİLLET RUHUMUZ,"Vatan, Millet ve Tarih",millet ruhu
14.11.2025,VATAN VE MİLLET RUHUMUZ,"Vatan, Millet ve Tarih",şehitlik
14.11.2025,VATAN VE MİLLET RUHUMUZ,"Vatan, Millet ve Tarih",bağımsızlık
14.11.2025,VATAN VE MİLLET RUHUMUZ,"Vatan, Millet ve Tarih",fedakârlık
14.11.2025,VATAN VE MİLLET RUHUMUZ,"Vatan, Millet ve Tarih",gazilik
21.11.2025,ŞİDDETİN ÇARESİ MERHAMET EĞİTİMİ,"Toplumsal Dayanışma, Merhamet ve Kardeşlik",şiddet
21.11.2025,ŞİDDETİN ÇARESİ MERHAMET EĞİTİMİ,"Toplumsal Dayanışma, Merhamet ve Kardeşlik",merhamet eğitimi
21.11.2025,ŞİDDETİN ÇARESİ MERHAMET EĞİTİMİ,"Toplumsal Dayanışma, Merhamet ve Kardeşlik",aile içi şiddet
21.11.2025,ŞİDDETİN ÇARESİ MERHAMET EĞİTİMİ,"Toplumsal Dayanışma, Merhamet ve Kardeşlik",dijital şiddet
21.11.2025,ŞİDDETİN ÇARESİ MERHAMET EĞİTİMİ,"Toplumsal Dayanışma, Merhamet ve Kardeşlik",insan onuru
21.11.2025,ŞİDDETİN ÇARESİ MERHAMET EĞİTİMİ,"Toplumsal Dayanışma, Merhamet ve Kardeşlik",empati
28.11.2025,FEDAKÂRLIĞIN ZİRVESİ: ÎSÂR,"Toplumsal Dayanışma, Merhamet ve Kardeşlik",îsâr
28.11.2025,FEDAKÂRLIĞIN ZİRVESİ: ÎSÂR,"Toplumsal Dayanışma, Merhamet ve Kardeşlik",fedakârlık
28.11.2025,FEDAKÂRLIĞIN ZİRVESİ: ÎSÂR,"Toplumsal Dayanışma, Merhamet ve Kardeşlik",paylaşma
28.11.2025,FEDAKÂRLIĞIN ZİRVESİ: ÎSÂR,"Toplumsal Dayanışma, Merhamet ve Kardeşlik",kardeşlik
28.11.2025,FEDAKÂRLIĞIN ZİRVESİ: ÎSÂR,"Toplumsal Dayanışma, Merhamet ve Kardeşlik",cömertlik
28.11.2025,FEDAKÂRLIĞIN ZİRVESİ: ÎSÂR,"Toplumsal Dayanışma, Merhamet ve Kardeşlik",yardımlaşma
05.12.2025,"İNSAN, HUZURU İBADETLE ELDE EDER",İbadet ve Kulluk,ibadet
05.12.2025,"İNSAN, HUZURU İBADETLE ELDE EDER",İbadet ve Kulluk,huzur
05.12.2025,"İNSAN, HUZURU İBADETLE ELDE EDER",İbadet ve Kulluk,niyet
05.12.2025,"İNSAN, HUZURU İBADETLE ELDE EDER",İbadet ve Kulluk,kulluk
05.12.2025,"İNSAN, HUZURU İBADETLE ELDE EDER",İbadet ve Kulluk,amaç
05.12.2025,"İNSAN, HUZURU İBADETLE ELDE EDER",İbadet ve Kulluk,dua
12.12.2025,İNSAN: KÂİNATIN GÖZBEBEĞİ,"İman, Tevhid ve Ahiret",kıyamet
12.12.2025,İNSAN: KÂİNATIN GÖZBEBEĞİ,"İman, Tevhid ve Ahiret",hesap günü
12.12.2025,İNSAN: KÂİNATIN GÖZBEBEĞİ,"İman, Tevhid ve Ahiret",gaflet
12.12.2025,İNSAN: KÂİNATIN GÖZBEBEĞİ,"İman, Tevhid ve Ahiret",insanın yaratılış gayesi
12.12.2025,İNSAN: KÂİNATIN GÖZBEBEĞİ,"İman, Tevhid ve Ahiret",ahiret
12.12.2025,İNSAN: KÂİNATIN GÖZBEBEĞİ,"İman, Tevhid ve Ahiret",hayır işleme
19.12.2025,HER ANIMIZI EBEDİ KAZANCA DÖNÜŞTÜREBİLİRİZ,"Sabır, Tevekkül ve Manevi Olgunluk",zaman
19.12.2025,HER ANIMIZI EBEDİ KAZANCA DÖNÜŞTÜREBİLİRİZ,"Sabır, Tevekkül ve Manevi Olgunluk",asr suresi
19.12.2025,HER ANIMIZI EBEDİ KAZANCA DÖNÜŞTÜREBİLİRİZ,"Sabır, Tevekkül ve Manevi Olgunluk",salih amel
19.12.2025,HER ANIMIZI EBEDİ KAZANCA DÖNÜŞTÜREBİLİRİZ,"Sabır, Tevekkül ve Manevi Olgunluk",iman
19.12.2025,HER ANIMIZI EBEDİ KAZANCA DÖNÜŞTÜREBİLİRİZ,"Sabır, Tevekkül ve Manevi Olgunluk",zamanın kıymeti
19.12.2025,HER ANIMIZI EBEDİ KAZANCA DÖNÜŞTÜREBİLİRİZ,"Sabır, Tevekkül ve Manevi Olgunluk",kazanç
26.12.2025,KİMLİĞİMİZ GELECEĞİMİZDİR,"Vatan, Millet ve Tarih",kimlik
26.12.2025,KİMLİĞİMİZ GELECEĞİMİZDİR,"Vatan, Millet ve Tarih",milli ve manevi değerler
26.12.2025,KİMLİĞİMİZ GELECEĞİMİZDİR,"Vatan, Millet ve Tarih",gelecek bilinci
26.12.2025,KİMLİĞİMİZ GELECEĞİMİZDİR,"Vatan, Millet ve Tarih",ahiret
26.12.2025,KİMLİĞİMİZ GELECEĞİMİZDİR,"Vatan, Millet ve Tarih",muhasebe
26.12.2025,KİMLİĞİMİZ GELECEĞİMİZDİR,"Vatan, Millet ve Tarih",kültürel miras
