satir,durum,skor,eski_kaynak,eski_bolum,yeni_kaynak,yeni_bolum,dipnot_no,dipnot_ref,csv_tarih,hutbe,metin_kaynagi,esleme,alinti
2,dogru,1.0,Tirmizî,Birr,Tirmizî,Birr,4,"Tirmizî, Birr, 15; Ebû Dâvûd, Edeb, 66",15.04.2011,15.04.2011 MERHAMET EĞİTİMİ,metinler,baslik_eslesti,"Küçüklerimize sevgi, büyüklerimize saygı göstermeyen bizden değildir.."
3,dogru,1.0,Tirmizî,Birr,Tirmizî,Birr,4,"Tirmizi Birr, 15.",12.04.2013,12.04.2013 PEYGAMBERİMİZ VE İNSAN ONURU,metinler,baslik_eslesti,Küçüklerimize sevgi ile muamele etmeyen bizden değildir.
4,dogru,1.0,Tirmizî,Birr,Tirmizî,Birr,9,"Tirmizi Birr, 15.",12.04.2013,12.04.2013 PEYGAMBERİMİZ VE İNSAN ONURU,metinler,baslik_eslesti,Büyüklerimize saygı göstermeyen bizden değildir.
5,kirpilmis_duzeltildi,1.0,Tirmizî,Birr,Tirmizî,Birr ve Sıla,1,"Tirmizî, Birr ve Sıla, 33.",14.06.2013,14.06.2013 YAZ KUR’AN KURSLARI,metinler,baslik_eslesti,Hiçbir anne-baba çocuğuna güzel terbiyeden daha kıymetli bir miras bırakamaz.
6,dogru,1.0,Tirmizî,Birr,Tirmizî,Birr,5,"Tirmizî, Birr, 33.",28.06.2013,28.06.2013 İSLÂMÎ BİR DEĞERİMİZ: EDEB,metinler,baslik_eslesti,Hiçbir baba çocuğuna edebden daha değerli bir şey kazandıramaz.
7,kirpilmis_duzeltildi,1.0,Tirmizî,Birr,Tirmizî,Birr ve sıla,9,"Tirmizî, Birr ve sıla, 58.",14.02.2014,14.02.2014 AFFETMEK,metinler,baslik_eslesti,Husumeti sürdürmen sana günah olarak yeter.
8,kirpilmis_duzeltildi,1.0,Tirmizî,Birr,Tirmizî,Birr ve Sıla,6,"Tirmizi, Birr ve Sıla, 36.",04.04.2014,04.04.2014 DOĞRULUK VE SADAKA,metinler,baslik_eslesti,Kardeşinin yüzüne tebessüm etmen sadakadır.
9,dogru,1.0,Tirmizî,Birr,Tirmizî,Birr,11,"Tirmizî, Birr, 36.",04.04.2014,04.04.2014 DOĞRULUK VE SADAKA,metinler,baslik_eslesti,Doldurduğun kovayı kardeşinin boş kovasına boşaltman sadakadır.
10,kirpilmis_duzeltildi,1.0,Tirmizî,Birr,Tirmizî,Birr ve Sıla,3,"Tirmizî, Birr ve Sıla, 33.",20.06.2014,"20.06.2014 CAMİYE KOŞALIM, KUR’AN’LA BULUŞALIM",metinler,baslik_eslesti,"Hiçbir anne-baba, çocuğuna güzel ahlaktan daha kıymetli bir miras bırakmamıştır."
11,kirpilmis_duzeltildi,1.0,Tirmizî,Birr,Tirmizî,Birr ve Sıla,1,"Tirmizî, Birr ve Sıla, 15.",11.07.2014,11.07.2014 KİMSESİZLERİN KİMSESİ OLABİLMEK,metinler,baslik_eslesti,"Büyüklerimize saygı, küçüklerimize sevgi ve şefkat göstermeyen bizden değildir."
12,kirpilmis_duzeltildi,1.0,Tirmizî,Birr,Tirmizî,Birr ve Sıla,6,"Tirmizî, Birr ve Sıla, 14.",03.07.2015,03.07.2015 CENNET KAPILARININ ANAHTARI: YETİMLER,metinler,baslik_eslesti,"Kim, Müslümanlar arasında bir yetimi yiyecek ve içeceğini üstlenecek şekilde sahiplenirse Allah onu mutlaka cennete koyacaktır. Ancak affedilmeyecek bir günah işlemiş ise o başka."
13,HATALI,1.0,Tirmizî,Birr,Müslim,Sıfâtu’l Münâfikın,2,"Müslim, Sıfâtu’l Münâfikın, 78.",17.07.2015,17.07.2015 RAMAZAN MEKTEBİNİN ÖĞRETTİKLERİ,veriseti,baslik_eslesti,"Biliniz ki, Allah katında amellerin en makbulü, az da olsa devamlı olanıdır."
14,kirpilmis_duzeltildi,1.0,Tirmizî,Birr,Tirmizî,Birr ve Sıla,2,"Tirmizi, Birr ve Sıla, 16.",18.12.2015,18.12.2015 RAHMET VE MERHAMET YÜKLÜ ADALET PEYGAMBE,metinler,baslik_eslesti,Yerdeki bütün mahlukata merhamet edin ki göktekiler de size merhamet etsin.
15,dogru,1.0,Tirmizî,Birr,Tirmizî,Birr,4,"Tirmizî, Birr, 15.",10.06.2016,"17.06.2016 KUR’ÂN, RAMAZAN VE ÇOCUK",metinler,baslik_eslesti+tarih_duzeltildi,Küçüğümüze merhamet etmeyen bizden değildir.
16,dogru,1.0,Tirmizî,Birr,Tirmizî,Birr,2,"Tirmizî, Birr, 33; İbn Hanbel, IV, 77.",23.09.2016,23.09.2016 ALLAH’IM! İLİMLE YÜCELT BİZİ!,metinler,baslik_eslesti,"Hiçbir anne baba, çocuğuna güzel terbiyeden daha kıymetli bir miras bırakmamıştır."
17,dogru,1.0,Tirmizî,Birr,Tirmizî,Birr,2,"Tirmizî, Birr, 48; İbn Hanbel, I, 405.",04.08.2017,04.08.2017 RAHMAN’A HAS KUL OLABİLMEK,metinler,baslik_eslesti,"Mümin, insanları karalayan, lânet eden, kaba ve kötü sözlü, hayâsız birisi olamaz."
18,kirpilmis_duzeltildi,1.0,Tirmizî,Birr,Tirmizî,Birr ve sıla,4,"Tirmizî, Birr ve sıla, 33.",12.10.2018,"12.10.2018 CENÂB-I HAK, HER HAK SAHİBİNE HAKKINI VE",metinler,baslik_eslesti,"Hiçbir anne baba, çocuğuna güzel terbiyeden daha kıymetli bir bağışta bulunmamıştır."
19,dogru,1.0,Tirmizî,Birr,Tirmizî,Birr,3,"Tirmizî, Birr, 3.",22.02.2019,"22.02.2019 YAŞLILARA HÜRMET, ÖMRÜMÜZE BEREKET",metinler,baslik_eslesti,"Rabbin rızası, anne babanın rızasına, öfkesi de anne babanın öfkesine bağlıdır"
20,dogru,1.0,Tirmizî,Birr,Tirmizî,Birr,6,"Tirmizî, Birr, 75.",22.02.2019,"22.02.2019 YAŞLILARA HÜRMET, ÖMRÜMÜZE BEREKET",metinler,baslik_eslesti,"Bir genç, ihtiyar bir kimseye yaşından dolayı hürmet ederse, Allah da ona yaşlılığında kendisine hürmet edecek birisini hazırlar."
21,dogru,1.0,Tirmizî,Birr,Tirmizî,Birr,3,"Tirmizî, Birr, 28.",05.04.2019,05.04.2019 MÜSLÜMAN HAYIRLI BİR KOMŞUDUR,metinler,baslik_eslesti,"Cebrâil, bana komşu hakkından o kadar çok bahsetti ki, neredeyse komşuyu komşuya mirasçı yapacak zannettim"
22,dogru,1.0,Tirmizî,Birr,Tirmizî,Birr,2,"Tirmizî, Birr, 33; İbn Hanbel, IV, 77.",14.06.2019,"14.06.2019 CAMİLER ÇOCUK DOLSUN, AHLAKI KUR’AN OLSU",metinler,baslik_eslesti,"Hiçbir baba, çocuğuna güzel ahlaktan daha kıymetli bir miras bırakmamıştır."
23,dogru,1.0,Tirmizî,Birr,Tirmizî,Birr,4,"Tirmizî, Birr, 15.",15.11.2019,15.11.2019 PEYGAMBERİMİZ VE AİLE,metinler,baslik_eslesti,"Büyüklerimize saygı, küçüklerimize sevgi ve şefkat göstermeyen bizden değildir."
24,dogru,1.0,Tirmizî,Birr,Tirmizî,Birr,1,"Tirmizî, Birr, 33.",24.01.2020,24.01.2020 SORUMLULUK SAHİBİ BİR BABA OLABİLMEK,metinler,baslik_eslesti,Bir baba çocuğuna güzel ahlâktan daha değerli bir miras bırakmış olamaz.
25,dogru,1.0,Tirmizî,Birr,Tirmizî,Birr,1,"Tirmizî, Birr, 33; İbn Hanbel, IV, 77.",26.06.2020,26.06.2020 YUVALARIMIZ KUR’AN İLE AYDINLANSIN,metinler,baslik_eslesti,"Hiçbir baba, çocuğuna güzel ahlaktan daha kıymetli bir miras bırakmamıştır."
26,dogru,1.0,Tirmizî,Birr,Tirmizî,Birr,2,"Tirmizî, Birr, 33; İbn Hanbel, IV, 77.",30.10.2020,30.10.2020 PEYGAMBERİMİZ VE ÇOCUK,metinler,baslik_eslesti,"Hiçbir baba, çocuğuna güzel terbiyeden daha kıymetli bir miras bırakmamıştır."
27,dogru,1.0,Tirmizî,Birr,Tirmizî,Birr,3,"Tirmizî, Birr, 3.",19.03.2021,"19.03.2021 ANNE-BABA RIZASI, RABBİMİZİN RIZASINA VE",metinler,baslik_eslesti,"Rabbin hoşnutluğu, anne-babanın hoşnutluğundadır. Rabbin öfkesi de anne-babanın öfkesindedir."
28,dogru,1.0,Tirmizî,Birr,Tirmizî,Birr,4,"Tirmizî, Birr, 33.",25.06.2021,25.06.2021 KUR’AN’IN MANEVÎ İKLİMİYLE BULUŞALIM,metinler,baslik_eslesti,Hiçbir anne baba çocuğuna güzel terbiyeden daha kıymetli bir bağışta bulunmamıştır.
29,dogru,1.0,Tirmizî,Birr,Tirmizî,Birr,2,"Tirmizi, Birr, 64.",23.07.2021,23.07.2021 MÜSLÜMAN’IN MÜSLÜMAN ÜZERİNDEKİ HAKLARI,metinler,baslik_eslesti,"Ne iyi ettin! Attığın adımlar hayırlı olsun, cennette bir yerin yuvan olsun."
30,dogru,1.0,Tirmizî,Birr,Tirmizî,Birr,2,"Tirmizî, Birr, 75.",29.10.2021,"29.10.2021 YAŞLILARIMIZA VEFA, RAHMET VE MAĞFİRET V",metinler,baslik_eslesti,"Bir genç, bir yaşlıya yaşından dolayı hürmet ederse, Allah da ona, yaşlılığında hürmet edecek birisini gönderir."
31,dogru,1.0,Tirmizî,Birr,Tirmizî,Birr,6,"Tirmizî, Birr, 33.",18.02.2022,18.02.2022 PEYGAMBERİMİZİN AHLAKI KUR’AN’DI,metinler,baslik_eslesti,"Hiçbir anne baba, çocuğuna güzel terbiyeden daha kıymetli bir bağışta bulunamaz."
32,dogru,1.0,Tirmizî,Birr,Tirmizî,Birr,2,"Tirmizî, Birr, 33.",17.06.2022,"17.06.2022 HAYDİ KOŞ GEL, CAMİLER SENİNLE GÜZEL",metinler,baslik_eslesti,"Hiçbir anne baba, çocuğuna güzel terbiyeden daha kıymetli bir bağışta bulunmamıştır."
33,dogru,1.0,Tirmizî,Birr,Tirmizî,Birr,4,"Tirmizi, Birr, 11.",05.08.2022,05.08.2022 MUHARREM AYI VE KERBELÂ,metinler,baslik_eslesti,"Dünyadaki çiçeğim, reyhanım"
34,dogru,1.0,Tirmizî,Birr,Tirmizî,Birr,3,"Tirmizî, Birr, 3.",02.09.2022,02.09.2022 ANNE BABA: CENNETİ KAZANMA VESİLESİ,metinler,baslik_eslesti,"Rabbin hoşnutluğu anne babanın hoşnutluğuna, Rabbin öfkesi de, anne babanın öfkesine bağlıdır."
35,dogru,1.0,Tirmizî,Birr,Tirmizî,Birr,4,"Tirmizî, Birr, 3.",02.09.2022,02.09.2022 ANNE BABA: CENNETİ KAZANMA VESİLESİ,metinler,baslik_eslesti,"Anne baba, kişinin cennete girmesine vesile olacak en yüce kapılardan birisidir. Bu kapıdan girme fırsatını kaybetmek ya da değerlendirmek artık sana kalmıştır!"
36,dogru,1.0,Tirmizî,Birr,Tirmizî,Birr,5,"Tirmizî, Birr, 3.",23.06.2023,23.06.2023 BABA: CENNETE AÇILAN KAPI,metinler,baslik_eslesti,"Anne baba, kişinin cennete girmesine vesile olacak ana kapılardan birisidir…"
37,dogru,1.0,Tirmizî,Birr,Tirmizî,Birr,2,"Tirmizî, Birr, 33.",30.06.2023,30.06.2023 ÇOCUKLARIMIZIN ÜZERİMİZDE HAKKI,metinler,baslik_eslesti,"Hiçbir anne baba, çocuğuna güzel terbiyeden daha kıymetli bir bağışta bulunmamıştır."
38,dogru,1.0,Tirmizî,Birr,Tirmizî,Birr,4,"Tirmizî, Birr, 11.",28.07.2023,28.07.2023 MUHARREM AYININ ÖNEMİ VE EHL-İ BEYT-İ MU,metinler,baslik_eslesti,"Benim dünyadaki çiçeğim, reyhanım"
39,dogru,1.0,Tirmizî,Birr,Tirmizî,Birr,2,"Tirmizî, Birr, 33.",21.06.2024,21.06.2024 YAZA KUR’AN’LA MERHABA,metinler,baslik_eslesti,"Hiçbir anne baba, çocuğuna güzel terbiyeden daha kıymetli bir bağışta bulunmamıştır."
40,dogru,1.0,Tirmizî,Birr,Tirmizî,Birr,5,"Tirmizî, Birr, 75.",26.07.2024,"26.07.2024 CENNET VESİLEMİZ, AİLE BÜYÜKLERİMİZ",metinler,baslik_eslesti,"Bir genç, bir ihtiyara hürmet ederse, Allah da ona yaşlılığında hürmet edecek birisini hazırlar."
41,dogru,1.0,Tirmizî,Birr,Tirmizî,Birr,2,"Tirmizî, Birr, 16.",08.11.2024,08.11.2024 MERHAMET EDEN MERHAMET BULUR,metinler,baslik_eslesti,"Siz yerdekilere merhamet edin ki, göktekiler de size merhamet etsin."
42,dogru,1.0,Tirmizî,Birr,Tirmizî,Birr,4,"Tirmizî, Birr, 85.",14.02.2025,"14.02.2025 MAHREMİYET, İNSANI SAYGIN KILAR",metinler,baslik_eslesti,"…Müslümanların gıybetini yapmayın ve onların gizli hâllerini araştırmayın. Müslüman kardeşinin ayıbını ortaya dökenin, Allah da ayıbını ortaya döker..."
43,dogru,1.0,Tirmizî,Birr,Tirmizî,Birr,8,"Tirmizî, Birr, 33.",04.04.2025,04.04.2025 GÜÇLÜ BİR TOPLUMUN İNŞASINDA ANNE BABANI,metinler,baslik_eslesti,"Hiçbir baba, çocuğuna güzel terbiyeden daha kıymetli bir miras bırakmamıştır."
44,dogru,1.0,Tirmizî,Birr,Tirmizî,Birr,4,"Tirmizî, Birr, 33.",20.06.2025,"20.06.2025 HER YAZ YENİ BİR HEYECAN: CAMİ, ÇOCUK VE",metinler,baslik_eslesti,"Hiçbir anne baba, çocuğuna güzel terbiyeden daha kıymetli bir bağışta bulunmamıştır."
45,dogru,1.0,Tirmizî,Birr,Tirmizî,Birr,5,"Tirmizî, Birr, 3.",08.08.2025,08.08.2025 SILA-İ RAHİMLE BEREKETLENEN TATİL,metinler,baslik_eslesti,"Rabbin hoşnutluğu, anne babanın hoşnutluğuna, Rabbin öfkesi de anne babanın öfkesine bağlıdır."
46,dogru,1.0,Tirmizî,Birr,Tirmizî,Birr,5,"Tirmizî, Birr, 75.",29.08.2025,29.08.2025 ÂLEMLERE RAHMET HZ. MUHAMMED (S.A.S),metinler,baslik_eslesti,"Kim bir yaşlıya yaşından dolayı hürmet ederse, Allah da ona, yaşlılığında hürmet edecek birisini gönderir."
47,dogru,1.0,Tirmizî,Birr,Tirmizî,Birr,5,"Tirmizî, Birr, 33; İbn Hanbel, IV, 77.",05.09.2025,05.09.2025 İLİM HAKKI BİLMEKTİR,metinler,baslik_eslesti,"Hiçbir anne baba, çocuğuna güzel terbiyeden daha kıymetli bir bağışta bulunmamıştır."
48,kirpilmis_duzeltildi,1.0,Müslim,Birr,Müslim,Birr ve Sıla,5,"Müslim, Birr ve Sıla, 30.",19.08.2012,19.08.2012 RAMAZAN BAYRAMI,metinler,baslik_eslesti,Birbirinizle ilgiyi kesmeyin! Birbirinize sırt çevirmeyin! Birbirinize kin gütmeyin! Birbirinize haset etmeyin! Allah'ın size emrettiği gibi kardeş olun!
49,kirpilmis_duzeltildi,1.0,Müslim,Birr,Müslim,Birr ve Sıla,2,"Müslim, Birr ve Sıla, 34.",28.09.2012,28.09.2012 YETER Kİ GÖNÜLLER ENGELLİ OLMASIN,metinler,baslik_eslesti,"Allah sizin görünüşünüze, malınıza, mülkünüze bakmaz; yalnızca kalplerinize ve amellerinize bakar."
50,kirpilmis_duzeltildi,1.0,Müslim,Birr,Müslim,Birr ve Sıla,14,"Müslim, Birr ve Sıla, 34.",12.04.2013,12.04.2013 PEYGAMBERİMİZ VE İNSAN ONURU,metinler,baslik_eslesti,"Allah sizin görünüşünüze, malınıza, mülkünüze bakmaz; yalnızca kalplerinize ve amellerinize bakar."
51,dogru,1.0,Müslim,Birr,Müslim,Birr,1,"Müslim, Birr, 58; Tirmizi, Hudud, 3",31.01.2014,31.01.2014 NASIL BİR KARDEŞLİK?,metinler,baslik_eslesti,"Müslüman, Müslümanın kardeşidir. Ona zulmetmez, onu yalnızlığa terk etmez. Kim din kardeşinin bir ihtiyacını giderirse, Allah da onun ihtiyacını giderir. Kim bir Müslümanın bir sıkıntısını giderirse, Allah da onun kıyamet sıkıntılarından birini giderir…"
52,kirpilmis_duzeltildi,1.0,Müslim,Birr,Müslim,Birr ve sıla,2,"Müslim, Birr ve sıla, 69.",14.02.2014,14.02.2014 AFFETMEK,metinler,baslik_eslesti,"…Allah, affeden bir kulun ancak şerefini artırır…"
53,kirpilmis_duzeltildi,1.0,Müslim,Birr,Müslim,Birr ve Sıla,2,"Müslim, Birr ve Sıla, 105.",04.04.2014,04.04.2014 DOĞRULUK VE SADAKA,metinler,baslik_eslesti,"Doğruluktan ayrılmayın, zira doğruluk sizi iyiliğe, iyilik de cennete götürür. Kişi sürekli doğru söyler ve doğrunun peşinde olursa Allah katında doğrulardan yazılır. Yalandan kaçının, zira yalan sizi kötülüklere götürür. Kişi sürekli yalan söyler, yalanın peşinde olursa Allah katında yalancılardan olduğu yazılır."
54,kirpilmis_duzeltildi,1.0,Müslim,Birr,Müslim,Birr ve Sıla,2,"Müslim, Birr ve Sıla, 66.",27.06.2014,"27.06.2014 KİMSE KİMSESİZ KALMASIN, BU RAMAZAN VE H",metinler,baslik_eslesti,"Müminler birbirlerini sevmede, birbirlerine merhamet etmede ve birbirlerine şefkat göstermede tek bir beden gibidir. O bedenin bir organı (bir mümin) acı çektiği zaman, bedenin diğer (organları/müminler) de uykusuz kalıp acı çekerler."
55,kirpilmis_duzeltildi,1.0,Müslim,Birr,Müslim,Birr ve Sıla,2,"Müslim, Birr ve Sıla, 30.",04.10.2014,04.10.2014 KURBAN BAYRAMI,metinler,baslik_eslesti,Birbirinizle ilgiyi kesmeyin! Birbirinize sırt çevirmeyin! Birbirinize kin gütmeyin! Birbirinize haset etmeyin! Allah'ın size emrettiği gibi kardeş olun!
56,dogru,1.0,Müslim,Birr,Müslim,Birr,1,"Müslim, Birr, 58; Tirmizi, Hudud, 3.",10.10.2014,10.10.2014 BİZ KARDEŞİZ,metinler,baslik_eslesti,"Müslüman, Müslümanın kardeşidir. Ona zulmetmez, onu yalnızlığa terk etmez. Kim din kardeşinin bir ihtiyacını giderirse, Allah da onun ihtiyacını giderir. Kim bir Müslümanın bir sıkıntısını giderirse, Allah da onun kıyamet sıkıntılarından birini giderir…"
57,kirpilmis_duzeltildi,1.0,Müslim,Birr,Müslim,Birr ve Sıla,2,"Müslim, Birr ve Sıla, 66.",26.06.2015,26.06.2015 TEVHİD İLE GELEN VAHDET,metinler,baslik_eslesti,"Müminler, birbirlerini sevmede, birbirlerine merhamet ve şefkat göstermede, tıpkı bir organı rahatsızlandığında diğer organları da uykusuzluk ve yüksek ateşle bu acıyı paylaşan bir bedene benzer."
58,dogru,1.0,Müslim,Birr,Müslim,Birr,3,"Müslim, Birr, 34.",03.06.2016,03.06.2016 GELİN GÖNÜLLER YAPALIM,metinler,baslik_eslesti,"Allah, sizin suretlerinize ve mallarınıza değil, kalplerinize ve yapmış olduğunuz amellerinize bakar."
59,dogru,1.0,Müslim,Birr,Müslim,Birr,2,"Müslim, Birr, 34.",26.04.2019,26.04.2019 TİCARET HAYATININ BEREKETİ: İŞ AHLAKI,metinler,baslik_eslesti,"Allah sizin suretlerinize ve mallarınıza bakmaz, ancak kalplerinize ve amellerinize bakar."
60,dogru,1.0,Müslim,Birr,Müslim,Birr,6,"Müslim, Birr, 69.",20.09.2019,20.09.2019 TEVAZU İNSANI YÜCELTİR,metinler,baslik_eslesti,"…Allah, bir kulun hoşgörülü olması sebebiyle izzetini artırır, Allah için tevazu gösteren kişiyi ise yüceltir."
61,dogru,0.931,Müslim,Birr,Müslim,Birr,1,"Müslim, Birr, 59.",18.10.2019,18.10.2019 KUL VE KAMU HAKKI,metinler,baslik_eslesti,"Aksine gerçek müflis şu kimsedir: Kıyamet günü kıldığı namaz, tuttuğu oruç ve verdiği zekâtla gelir. Ancak dünyada iken şuna sövmüş, buna iftira atmış, ötekinin malını yemiş, berikinin kanını dökmüş, bir başkasını dövmüştür. İhlâl ettiği bu hakların karşılığı olarak onun iyiliklerinden alınıp hak sahiplerine verilir. Şayet hesabı görülmeden iyilikleri biterse, mağdur ettiği insanların günahlarında"
62,dogru,1.0,Müslim,Birr,Müslim,Birr,4,"Müslim, Birr, 34.",29.11.2019,29.11.2019 DİNİN ÖZÜ SAMİMİYETTİR,metinler,baslik_eslesti,"Allah sizin görünüşlerinize ve mallarınıza bakmaz, ancak kalplerinize ve amellerinize bakar."
63,dogru,1.0,Müslim,Birr,Müslim,Birr,2,"Müslim, Birr, 66.",06.11.2020,06.11.2020 MÜMİN SORUMLULUK SAHİBİDİR,metinler,baslik_eslesti,"Müminler, birbirlerini sevmede, birbirlerine merhamet ve şefkat göstermede, tıpkı bir bedene benzer. Öyle bir beden ki, bir uzvu rahatsızlandığında diğer uzuvları da uykusuzluk ve yüksek ateşle bu acıya ortak olur."
64,dogru,1.0,Müslim,Birr,Müslim,Birr,4,"Müslim, Birr, 34.",04.12.2020,29.11.2019 DİNİN ÖZÜ SAMİMİYETTİR,metinler,baslik_eslesti+tarih_duzeltildi,"Allah, sizin görünüşlerinize ve mallarınıza bakmaz, ancak kalplerinize ve amellerinize bakar."
65,dogru,1.0,Müslim,Birr,Müslim,Birr,3,"Müslim, Birr, 66.",13.05.2021,13.05.2021 KUDÜS’ÜN ÖZGÜR OLDUĞU BAYRAMLARA,metinler,baslik_eslesti,"Müminler, birbirlerini sevmede, birbirlerine merhamet ve şefkat göstermede, tıpkı bir organı rahatsızlandığında diğer organları da uykusuzluk ve yüksek ateşle bu acıyı paylaşan bir beden gibidir."
66,dogru,1.0,Müslim,Birr,Müslim,Birr,2,"Müslim, Birr, 66.",06.08.2021,06.08.2021 ZORLUKLAR BİRLİKTE AŞILIR,metinler,baslik_eslesti,"Müminler, birbirlerini sevmede, birbirlerine merhamet ve şefkat göstermede, tıpkı bir organı rahatsızlandığında diğer organları da uykusuzluk ve yüksek ateşle bu acıyı paylaşan bir beden gibidir."
67,dogru,1.0,Müslim,Birr,Müslim,Birr,3,"Müslim, Birr, 32.",24.09.2021,24.09.2021 TAKVA: RABBİMİZİN RIZASINI DİRİ TUTMA Bİ,metinler,baslik_eslesti,İşte takva buradadır.
68,dogru,1.0,Müslim,Birr,Müslim,Birr,2,"Müslim, Birr, 33.",03.12.2021,03.12.2021 ENGELLERİ HEP BİRLİKTE VE SEVGİYLE AŞALI,metinler,baslik_eslesti,"Allah sizin bedenlerinize ve dış görünüşlerinize değil, kalplerinize bakar."
69,dogru,1.0,Müslim,Birr,Müslim,Birr,2,"Müslim, Birr, 15.",11.03.2022,11.03.2022 DÜNYA HAYATI BİR İYİLİK YOLCULUĞUDUR,metinler,baslik_eslesti,İyilik güzel ahlaktır. Kötülük ise vicdanını rahatsız eden ve insanların bilmesini istemediğin şeydir.
70,dogru,1.0,Müslim,Birr,Müslim,Birr,3,"Müslim, Birr, 34.",08.07.2022,08.07.2022 HAC: İLÂHİ DAVET,metinler,baslik_eslesti,"Allah sizin şeklinize ve mallarınıza bakmaz, kalplerinize ve amellerinize bakar."
71,dogru,1.0,Müslim,Birr,Müslim,Birr,4,"Müslim, Birr, 34.",02.12.2022,"02.12.2022 ENGEL OLMA, FARKINDA OL",metinler,baslik_eslesti,"Allah, sizin görünüşünüze ve mallarınıza bakmaz, O ancak kalplerinize ve amellerinize bakar."
72,dogru,1.0,Müslim,Birr,Müslim,Birr,5,"Müslim, Birr, 58.",02.12.2022,"02.12.2022 ENGEL OLMA, FARKINDA OL",metinler,baslik_eslesti,"Kim, kardeşinin ihtiyacını giderirse Allah da onun ihtiyacını giderir."
73,dogru,1.0,Müslim,Birr,Müslim,Birr,1,"Müslim, Birr, 66.",10.02.2023,"10.02.2023 GÜN, MİLLETÇE KENETLENME GÜNÜDÜR",metinler,baslik_eslesti,"Müminler, birbirlerini sevmede, birbirlerine merhamet ve şefkat göstermede, tıpkı bir organı rahatsızlandığında diğer organları da bu acıyı paylaşan bir beden gibidir."
74,dogru,1.0,Müslim,Birr,Müslim,Birr,2,"Müslim, Birr, 34.",01.12.2023,"01.12.2023 İNSAN, ÖZÜ İTİBARİYLE DEĞERLİDİR",metinler,baslik_eslesti,"Allah sizin görünüşlerinize ve mallarınıza bakmaz, kalplerinize ve davranışlarınıza bakar."
75,dogru,1.0,Müslim,Birr,Müslim,Birr,3,"Müslim, Birr, 10.",26.07.2024,"26.07.2024 CENNET VESİLEMİZ, AİLE BÜYÜKLERİMİZ",metinler,baslik_eslesti,Burnu yerde sürtünsün
76,dogru,1.0,Müslim,Birr,Müslim,Birr,1,"Müslim, Birr, 15.",07.03.2025,07.03.2025 İYİLİK AYI RAMAZAN,metinler,baslik_eslesti,"İyilik, güzel ahlaktır; kötülük ise, vicdanını rahatsız eden ve insanların bilmesini istemediğin şeydir."
77,dogru,1.0,Müslim,Birr,Müslim,Birr,4,"Müslim, Birr, 66.",30.03.2025,30.03.2025 RAMAZAN BAYRAMI: SEVİNÇ VE KARDEŞLİK GÜN,metinler,baslik_eslesti,"Müminler, birbirini sevmede, birbirine merhamet ve şefkatte, tıpkı bir organı rahatsızlandığında diğer organları da bu acıyı paylaşan bir beden gibidir."
78,dogru,1.0,Müslim,Birr,Müslim,Birr,1,"Müslim, Birr, 1.",04.04.2025,04.04.2025 GÜÇLÜ BİR TOPLUMUN İNŞASINDA ANNE BABANI,metinler,baslik_eslesti,Öyle ise anne babana dön ve onların gönüllerini al.
79,dogru,1.0,Müslim,Birr,Müslim,Birr,4,"Müslim, Birr, 58.",06.06.2025,06.06.2025 KURBAN BAYRAMI: ALLAH’IN KULLARINA İHSAN,metinler,baslik_eslesti,"Müslüman, Müslümanın kardeşidir. Ona zulmetmez, onu düşmana teslim etmez…"
80,dogru,0.921,Müslim,Birr,Müslim,Birr,1,"Müslim, Birr, 59.",15.08.2025,15.08.2025 KUL HAKKI ATEŞTEN GÖMLEKTİR,metinler,baslik_eslesti,"Bir kişi kıyamet günü kıldığı namaz, tuttuğu oruç ve verdiği zekâtla gelir. Ancak dünyada iken birine sövmüş, diğerine iftira atmış, ötekinin malını yemiş, berikinin kanını dökmüş, bir başkasını dövmüştür. İhlal ettiği bu hakların karşılığı olarak onun iyiliklerinden alınıp hak sahiplerine verilir. Şayet hesap tamamlanmadan iyilikleri biterse, mağdur ettiği insanların günahlarından alınarak onun ü"
81,dogru,1.0,Buhârî,Edeb,Buhârî,Edeb,1,"Buhârî, Edeb, 111.",08.03.2013,08.03.2013 BİR KUL OLARAK KADIN,metinler,baslik_eslesti,"Ey Enceşe, sakin ol! Kristalleri dikkatli taşı!"
82,dogru,1.0,Buhârî,Edeb,Buhârî,Edeb,5,"Buhârî, Edeb, 34.",04.04.2014,04.04.2014 DOĞRULUK VE SADAKA,metinler,baslik_eslesti,Yumuşak söz sadakadır.
83,dogru,1.0,Buhârî,Edeb,Buhârî,Edeb,2,"Buhârî, Edeb, 31.",28.11.2014,28.11.2014 DİLİN ESİRİ OLMAYALIM!,metinler,baslik_eslesti,Allah'a ve ahiret gününe inanan ya hayır söylesin ya da sussun...
84,dogru,1.0,Buhârî,Edeb,Buhârî,Edeb,3,"Buhârî, Edeb, 31.",22.01.2016,22.01.2016 SÖZ AHLAKI,metinler,baslik_eslesti,"Ya hayır söyleyin, ya susun!"
85,dogru,1.0,Buhârî,Edeb,Buhârî,Edeb,2,"Buhârî, Edeb, 27.",07.07.2017,07.07.2017 İMANIMIZ VE İNSANLIĞIMIZIN İMTİHANI: MÜL,metinler,baslik_eslesti,"Müminler, birbirlerini sevmede, birbirlerine merhamet ve şefkat göstermede, tıpkı bir organı rahatsızlandığında diğer organları da bu acıyı paylaşan bir bedene benzer."
86,dogru,1.0,Buhârî,Edeb,Buhârî,Edeb,10,"Buhârî, Edeb, 83.",10.11.2017,10.11.2017 ÖRNEK İNSAN: MÜMİN,metinler,baslik_eslesti,"Mümin, bir delikten iki defa ısırılmaz."
87,dogru,1.0,Buhârî,Edeb,Buhârî,Edeb,1,"Buhârî, Edeb, 78.",25.01.2019,25.01.2019 İSLAM AHLÂKININ ÖZÜ HAYÂDIR,metinler,baslik_eslesti,Öteden beri insanların peygamberlerden öğrenegeldiği bir söz vardır: Utanmıyorsan dilediğini yap!
88,dogru,1.0,Buhârî,Edeb,Buhârî,Edeb,6,"Buhârî, Edeb, 77.",25.01.2019,25.01.2019 İSLAM AHLÂKININ ÖZÜ HAYÂDIR,metinler,baslik_eslesti,"Hayâ, ancak hayır getirir."
89,dogru,1.0,Buhârî,Edeb,Buhârî,Edeb,3,"Buhârî, Edeb, 33.",01.03.2019,01.03.2019 BEREKET MEVSİMİ: ÜÇ AYLAR,metinler,baslik_eslesti,Her iyilik sadakadır
90,dogru,1.0,Buhârî,Edeb,Buhârî,Edeb,6,"Buhârî, Edeb, 76; Müslim, Birr, 107.",13.09.2019,13.09.2019 HER CAN DOKUNULMAZDIR,metinler,baslik_eslesti,"Güçlü kimse, insanları güreşte yenen değildir. Bilakis güçlü kimse öfke anında kendisine hâkim olandır."
91,dogru,1.0,Buhârî,Edeb,Buhârî,Edeb,5,"Buhârî, Edeb, 33.",22.05.2020,22.05.2020 BİR ÖMRÜ RAMAZAN GİBİ YAŞAMAK,metinler,baslik_eslesti,Her iyilik bir sadakadır.
92,dogru,1.0,Buhârî,Edeb,Buhârî,Edeb,4,"Buhârî, Edeb, 83.",10.07.2020,10.07.2020 15 TEMMUZ VE BİRLİK RUHU,metinler,baslik_eslesti,Mümin bir delikten iki defa ısırılmaz.
93,dogru,1.0,Buhârî,Edeb,Buhârî,Edeb,2,"Buhârî, Edeb, 36.",02.04.2021,02.04.2021 BİRBİRİMİZİN FARKINDA OLALIM,metinler,baslik_eslesti,"Mümin, mümin kardeşi için birbirine sımsıkı kenetlenmiş tuğlalardan oluşan bir bina gibidir."
94,dogru,1.0,Buhârî,Edeb,Buhârî,Edeb,2,"Buhârî, Edeb, 69.",04.02.2022,04.02.2022 SÖZ VE DAVRANIŞLARIMIZDA DOĞRU OLALIM,metinler,baslik_eslesti,"Şüphesiz, doğruluk insanı iyiliğe, iyilik de cennete götürür. Kişi devamlı doğru söyler ve doğruluktan ayrılmazsa Allah katında sıddîk olarak tescillenir. Yalan insanı kötülüğe, kötülük de cehenneme götürür. Kişi devamlı yalan söyler, yalan peşinde koşarsa Allah katında yalancı olarak tescillenir."
95,dogru,1.0,Buhârî,Edeb,Buhârî,Edeb,2,"Buhârî, Edeb, 69.",08.04.2022,08.04.2022 RAMAZAN VE DOĞRULUK,metinler,baslik_eslesti,"Doğruluk insanı iyiliğe, iyilik de cennete götürür. Kişi devamlı doğru söyler ve doğruluktan ayrılmazsa Allah katında sıddîk olarak tescillenir…"
96,dogru,1.0,Buhârî,Edeb,Buhârî,Edeb,2,"Buhârî, Edeb, 57.",10.03.2023,10.03.2023 MÜMİN GÜVENEN VE GÜVENİLEN KİŞİDİR,metinler,baslik_eslesti,"Sizin en hayırlınız, kendisinden hayır umulan ve asla kötülük beklenmeyendir."
97,dogru,1.0,Buhârî,Edeb,Buhârî,Edeb,3,"Buhârî, Edeb, 76; Müslim, Birr, 107.",19.04.2024,19.04.2024 HAYATIN HER ALANINDA ÖFKEMİZE HÂKİM OLAL,metinler,baslik_eslesti,"Gerçek pehlivan güreşte rakibini yenen değil, öfkelendiğinde kendisine hâkim olandır."
98,dogru,1.0,Buhârî,Edeb,Buhârî,Edeb,2,"Buhârî, Edeb, 78.",19.07.2024,19.07.2024 MÜSLÜMAN TAKVA SAHİBİDİR,metinler,baslik_eslesti,"İnsanlık, ilk günden beri bütün peygamberlerin üzerinde ittifak ettikleri bir söz öğrenmiştir: Şayet utanmıyorsan dilediğini yap!"
99,dogru,1.0,Buhârî,Edeb,Buhârî,Edeb,1,"Buhârî, Edeb, 18.",08.11.2024,08.11.2024 MERHAMET EDEN MERHAMET BULUR,metinler,baslik_eslesti,Merhamet etmeyen kimseye merhamet olunmaz.
100,dogru,1.0,Buhârî,Edeb,Buhârî,Edeb,4,"Buhârî, Edeb, 33.",28.03.2025,28.03.2025 RAMAZAN’A VEDA EDERKEN,metinler,baslik_eslesti,Her iyilik bir sadakadır.
101,dogru,1.0,Buhârî,Edeb,Buhârî,Edeb,4,"Buhârî, Edeb, 83.",11.07.2025,11.07.2025 SAHİH DİNİ BİLGİNİN ÖNEMİ,metinler,baslik_eslesti,"Mümin, bir delikten iki kere ısırılmaz."
102,dogru,1.0,Buhârî,Edeb,Buhârî,Edeb,6,"Buhârî, Edeb, 12.",08.08.2025,08.08.2025 SILA-İ RAHİMLE BEREKETLENEN TATİL,metinler,baslik_eslesti,"Rızkının bol, ömrünün bereketli olmasını arzu eden, akrabalık bağını devam ettirsin."
103,dogru,1.0,Buhârî,Edeb,Buhârî,Edeb,2,"Buhârî, Edeb, 101.",19.12.2025,19.12.2025 HER ANIMIZI EBEDİ KAZANCA DÖNÜŞTÜREBİLİR,metinler,baslik_eslesti,Âdemoğlu zamana kahreder. Hâlbuki zamanı var eden benim! Gece de gündüz de benim elimdedir.
104,eksik_tamamlandi,1.0,Buhârî,-,Buhârî,Savm,1,"Buhârî , Savm, 9; Müslim, Sıyâm, 30.",20.07.2012,20.07.2012 “BEN ORUÇLUYUM” DİYEBİLMEK,metinler,baslik_eslesti,İnsanoğlunun yaptığı her şey kendisi içindir. Oruç müstesna. O benim içindir ve onun mükâfatını ben vereceğim…
105,eksik_tamamlandi,1.0,Buhârî,-,Buhârî,Îmân,5,"Buhârî, Îmân 4.",01.11.2013,01.11.2013 RAHMET’İN HİCRETİ,metinler,baslik_eslesti,"İyi Müslüman, dilinden ve elinden Müslümanların emin olduğu kişidir. Asıl hicret eden de Allah'ın yasakladıklarını terk edendir."
106,eksik_tamamlandi,0.982,Buhârî,-,Buhârî,İman,1,"Buharî, İman, 39.",21.02.2014,21.02.2014 KALB-İ SELİM (III),metinler,baslik_onek,"…Dikkat edin! Vücutta öyle bir et parçası vardır ki o iyi, doğru ve düzgün olursa bütün vücut iyi, doğru ve düzgün olur; o bozulursa bütün vücut bozulur. Dikkat edin! O, kalptir."
107,eksik_tamamlandi,1.0,Buhârî,-,Buhârî,Îmân,14,"Buhârî, Îmân, 41.",04.04.2014,04.04.2014 DOĞRULUK VE SADAKA,metinler,baslik_eslesti,Kişinin kendi ailesi için nafaka temin etmesi sadakadır.
108,eksik_tamamlandi,1.0,Buhârî,-,Buhârî,Îdeyn,2,"Buhârî, Îdeyn, 3.",24.09.2015,24.09.2015 KURBAN BAYRAMI,metinler,baslik_eslesti,"Bugün ilk işimiz, bayram namazı kılmak, sonra da kurban kesmektir. Böyle yapanlar, sünnetimize uygun davranmış olur."
109,eksik_tamamlandi,1.0,Buhârî,-,Buhârî,Îmân,2,"Buhârî, Îmân, 29.",15.07.2016,15.07.2016 HAYATIMIZI İBADET KILABİLMEK,metinler,baslik_eslesti,"Dinde, insanın gücünü aşacak uygulamalar yoktur. Takatinin üstünde ibadete kalkışan kimse, dini yaşama konusunda âciz kalır. Bunun için aşırıya kaçmayın!"
110,eksik_tamamlandi,1.0,Buhârî,-,Buhârî,Îmân,3,"Buhârî, Îmân, 4.",15.12.2017,15.12.2017 KARDEŞLİĞE SAPLANAN HANÇER: GIYBET,metinler,baslik_eslesti,elinden ve dilinden emin olunan insan
111,eksik_tamamlandi,1.0,Buhârî,-,Buhârî,Îmân,2,"Buhârî, Îmân, 39; Müslim, Müsâkât, 107.",22.12.2017,22.12.2017 HELAL HARAM DUYARLILIĞI,metinler,baslik_eslesti,"Helâl de bellidir, haram da bellidir. İkisinin arasında birtakım şüpheli hususlar vardır ki insanların çoğu bunları bilmezler. Kim şüpheli şeylerden sakınırsa, dinini ve haysiyetini korumuş olur. Kim de şüpheli şeylere düşerse, harama düşmüş olur…"
112,eksik_tamamlandi,1.0,Buhârî,-,Buhârî,Îmân,1,"Buhârî, Îmân, 37.",11.01.2019,"11.01.2019 İNSANIN KEMAL YOLCULUĞU: İSLAM, İMAN VE ",metinler,baslik_eslesti,"O, Cebrâil idi. Size dininizi öğretmeye gelmişti."
113,eksik_tamamlandi,1.0,Buhârî,-,Buhârî,Îmân,1,"Buhârî, Îmân, 39.",15.02.2019,15.02.2019 HAYATI YAŞANILIR KILMANIN YOLU: DİN VE M,metinler,baslik_eslesti,"Dikkat edin! Vücutta öyle bir et parçası vardır ki, o iyi, doğru ve düzgün olursa bütün vücut iyi, doğru ve düzgün olur; o bozulursa bütün vücut bozulur. Dikkat edin! O kalptir."
114,eksik_tamamlandi,1.0,Buhârî,-,Buhârî,Îmân,3,"Buhârî, Îmân, 28.",03.05.2019,03.05.2019 HOŞ GELDİN YA ŞEHR-İ RAMAZAN,metinler,baslik_eslesti,Kim inanarak ve karşılığını Allah'tan bekleyerek Ramazan orucunu tutarsa geçmiş günahları bağışlanır
115,eksik_tamamlandi,1.0,Buhârî,-,Buhârî,Îdeyn,1,"Buhârî, Îdeyn, 3.",11.08.2019,11.08.2019 KURBAN BAYRAMI,metinler,baslik_eslesti,"Bugün ilk işimiz, bayram namazını kılmak, sonra da kurban kesmektir. Böyle yapanlar sünnetimize uygun davranmış olur."
116,eksik_tamamlandi,1.0,Buhârî,-,Buhârî,Îdeyn,2,"Buhârî, Îdeyn, 3.",31.07.2020,31.07.2020 KURBAN BAYRAMI: TAKVA YOLCULUĞU,metinler,baslik_eslesti,"Bugün ilk işimiz, bayram namazı kılmak, sonra dönüp kurban kesmektir. Kim böyle yaparsa sünnetimize uymuş olur."
117,eksik_tamamlandi,1.0,Buhârî,-,Buhârî,Îmân,3,"Buhârî, Îmân, 29.",18.12.2020,18.12.2020 MÜMİN HER İŞİNDE MUTEDİLDİR,metinler,baslik_eslesti,"Aşırıya kaçmayın, dosdoğru yolu tutun ve böyle davrandığınız için alacağınız mükâfattan dolayı sevinin."
118,eksik_tamamlandi,1.0,Buhârî,-,Buhârî,Îmân,2,"Buhârî, Îmân, 39; Müslim, Müsâkât, 107.",29.04.2022,29.04.2022 HAYATI HELAL KILABİLMEK,metinler,baslik_eslesti,"Helal de bellidir, haram da bellidir. İkisinin arasında birtakım şüpheli hususlar vardır ki insanların çoğu bunları bilmezler. Kim şüpheli şeylerden sakınırsa, dinini ve haysiyetini korumuş olur. Kim de şüpheli şeylere düşerse, harama düşmüş olur…"
119,eksik_tamamlandi,1.0,Buhârî,-,Buhârî,Îdeyn,2,"Buhârî, Îdeyn, 3.",28.06.2023,28.06.2023 KURBAN BAYRAMI: KARDEŞLİK VE YARDIMLAŞMA,metinler,baslik_eslesti,"Bugün ilk işimiz, bayram namazı kılmak, sonra dönüp kurban kesmektir. Kim böyle yaparsa sünnetimize uymuş olur."
120,eksik_tamamlandi,1.0,Buhârî,-,Buhârî,Îmân,2,"Buhârî, Îmân, 39.",31.05.2024,31.05.2024 HARAM: ALLAH İLE KUL ARASINDAKİ EN BÜYÜK,metinler,baslik_eslesti,"Helâl bellidir; haram da bellidir. İkisinin arasında birtakım şüpheli şeyler vardır ki insanların çoğu bunları bilmezler. Kim şüpheli şeylerden sakınırsa, dinini ve haysiyetini korumuş olur. Kim de şüpheli şeylere düşerse, harama düşmüş olur."
121,eksik_tamamlandi,1.0,Buhârî,-,Buhârî,Îdeyn,1,"Buhârî, Îdeyn, 3.",16.06.2024,16.06.2024 KURBAN BAYRAMI,metinler,baslik_eslesti,"Bugün ilk işimiz, bayram namazı kılmak, sonra dönüp kurban kesmektir. Kim böyle yaparsa sünnetimize uymuş olur."
122,eksik_tamamlandi,1.0,Buhârî,-,Buhârî,Îdeyn,1,"Buhârî, Îdeyn, 3.",06.06.2025,06.06.2025 KURBAN BAYRAMI: ALLAH’IN KULLARINA İHSAN,metinler,baslik_eslesti,"Bugün ilk işimiz, bayram namazı kılmak, sonra da kurban kesmektir. Kim böyle yaparsa sünnetimize uymuş olur."
123,eksik_tamamlandi,1.0,Buhârî,-,Buhârî,Îmân,7,"Buhârî, Îmân, 8.",29.08.2025,29.08.2025 ÂLEMLERE RAHMET HZ. MUHAMMED (S.A.S),metinler,baslik_eslesti,"Sizden biriniz, beni anne ve babasından, çocuğundan ve bütün insanlardan daha çok sevmedikçe tam anlamıyla iman etmiş olmaz."
124,eksik_tamamlandi,1.0,Buhârî,-,Buhârî,Îmân,1,"Buhârî, Îmân, 39.",10.10.2025,10.10.2025 CENÂB-I HAKK’IN NAZARGÂHI: KALP,metinler,baslik_eslesti,"Dikkat edin! Vücutta öyle bir et parçası vardır ki o iyi olursa bedenin tamamı iyi olur. O bozulursa bütün vücut bozulur. Dikkat edin! İşte o et parçası, kalptir."
125,HATALI,0.906,Ebû Dâvûd,Edeb,Hakim,Müstedrek,6,"Hakim, Müstedrek, “Tevbe ve İnâbe” H.no:7632",21.02.2014,15.04.2011 MERHAMET EĞİTİMİ,metinler,baslik_onek+tarih_duzeltildi,"Merhamet, ancak kalbi katılaşmış inançsız bedhahların kalbinden çekilip alınmıştır"
126,HATALI,1.0,Ebû Dâvûd,Edeb,Müslim,Zekât,4,"Müslim, Zekât, 52.",20.03.2015,20.03.2015 İNSANI İYİLİK YAŞATIR,metinler,baslik_eslesti,Her iyilik sadakadır.
127,HATALI,1.0,Ebû Dâvûd,Edeb,Müslim,İmâre,4,"Müslim, İmâre, 30.",20.03.2015,27.03.2015 KUL VE KAMU HAKKI,metinler,baslik_eslesti+tarih_duzeltildi,Sizden kimi bir işte görevlendirirsek ve o da bizden iğne miktarı ya da daha büyük bir şeyi gizlerse bu bir ihanet olur ve kıyamet günü onu (kendi elleriyle) getirir.
128,tur_hatasi,1.0,Ebû Dâvûd,Edeb,Meryem,96,4,"Meryem, 19/96.",20.03.2015,"03.04.2015 HAKİKİ SEVGİ: ALLAH’I SEVMEK, ALLAH İÇİN",metinler,baslik_eslesti+tarih_duzeltildi,"İman edip, salih amel işleyenler var ya, Rahmân olan Allah onları (gönüllere) sevdirecektir."
129,dogru,1.0,Ebû Dâvûd,Edeb,Ebû Dâvûd,Edeb,9,"Ebu Davud, Edeb 111-112",08.05.2015,"05.06.2015 İSLÂM, IRKÇILIĞIN HER TÜRLÜSÜNÜ REDDEDER",metinler,baslik_eslesti+tarih_duzeltildi,Irkçılığa çağıran bizden değildir. Irkçılık davası uğruna savaşan bizden değildir. Irkçılık davası uğruna ölen de bizden değildir.
130,dogru,1.0,Ebû Dâvûd,Edeb,Ebû Dâvûd,Edeb,4,"Ebû Dâvûd, Edeb, 58.",16.10.2015,16.10.2015 MERHAMET İKSİRİNİ YUDUMLAYABİLMEK,metinler,baslik_eslesti,Siz yeryüzündekilere merhamet edin ki Yüce Allah da size merhamet etsin.
131,dogru,1.0,Ebû Dâvûd,Edeb,Ebû Dâvûd,Edeb,4,"Ebû Dâvûd, Edeb, 35.",15.12.2017,15.12.2017 KARDEŞLİĞE SAPLANAN HANÇER: GIYBET,metinler,baslik_eslesti,Birbirinizin gıybetini yapmayın. Gizli hâllerinizi araştırmayın. Çünkü her kim insanların gizli hâllerini araştırırsa Allah da onun gizli hâlini araştırır. Ve neticede onu evinde bile olsa rezil eder.
132,dogru,1.0,Ebû Dâvûd,Edeb,Ebû Dâvûd,Edeb,2,"Ebû Dâvûd, Edeb, 61.",29.06.2018,29.06.2018 EVLADIN ANNE-BABA ÜZERİNDEKİ HAKLARINDAN,metinler,baslik_eslesti,Siz kıyamet gününde kendi isimleriniz ve babalarınızın isimleriyle çağırılacaksınız. Öyleyse çocuklarınıza güzel isimler koyunuz.
133,dogru,1.0,Ebû Dâvûd,Edeb,Ebû Dâvûd,Edeb,8,"Ebû Dâvûd, Edeb, 42; Tirmizî, Cenâiz, 34.",05.10.2018,05.10.2018 CENAZE ÂDÂBI: AHİRET YOLCUSUNA,metinler,baslik_eslesti,"Ölülerinizin iyiliklerini anınız, kötülüklerini zikretmekten kaçınınız"
134,dogru,1.0,Ebû Dâvûd,Edeb,Ebû Dâvûd,Edeb,5,"Ebû Dâvûd, Edeb, 80.",04.01.2019,04.01.2019 ÖZÜ SÖZÜ DOĞRU OLMAK,metinler,baslik_eslesti,"Dikkatli ol, ona bir şey vermemiş olsaydın, bu senin için bir yalan olarak yazılacaktı"
135,dogru,1.0,Ebû Dâvûd,Edeb,Ebû Dâvûd,Edeb,2,"Ebû Dâvûd, Edeb, 11.",01.02.2019,01.02.2019 RIFK: ALLAH HER İŞTE ZERAFETİ SEVER,metinler,baslik_eslesti,Rıfktan mahrum kalan bir kimse hayrın tamamından mahrum kalmıştır.
136,dogru,1.0,Ebû Dâvûd,Edeb,Ebû Dâvûd,Edeb,7,"Ebû Dâvûd, Edeb, 80.",09.08.2019,09.08.2019 MÜMİN: HUZURLU TOPLUMUN TEMİNATI,metinler,baslik_eslesti,Her duyduğunu söylemesi kişiye yalan olarak yeter!
137,dogru,1.0,Ebû Dâvûd,Edeb,Ebû Dâvûd,Edeb,4,"Ebû Dâvûd, Edeb, 60.",31.01.2020,31.01.2020 AFETLERE KARŞI BİLİNÇLİ OLALIM,metinler,baslik_eslesti,"Bir kul, kardeşinin yardımında olduğu sürece, Allah da o kulun yardımcısıdır."
138,dogru,1.0,Ebû Dâvûd,Edeb,Ebû Dâvûd,Edeb,3,"Ebû Dâvûd, Edeb, 60.",30.04.2021,30.04.2021 İNFAK TOPLUMUN ŞİFASIDIR,metinler,baslik_eslesti,"Kul, kardeşinin yardımında olduğu sürece, Allah da onun yardımcısı olur."
139,dogru,1.0,Ebû Dâvûd,Edeb,Ebû Dâvûd,Edeb,2,"Ebû Dâvûd, Edeb, 58.",11.06.2021,11.06.2021 AİLEMDE MERHAMET VE HUZUR VAR,metinler,baslik_eslesti,"Merhamet edene Rahmân da merhamet eder. Siz yerdekilere merhamet edin ki, göktekiler de size merhamet etsin."
140,dogru,1.0,Ebû Dâvûd,Edeb,Ebû Dâvûd,Edeb,4,"Ebû Dâvûd, Edeb, 80.",04.02.2022,04.02.2022 SÖZ VE DAVRANIŞLARIMIZDA DOĞRU OLALIM,metinler,baslik_eslesti,Her duyduğunu söylemesi kişiye yalan olarak yeter!
141,dogru,1.0,Ebû Dâvûd,Edeb,Ebû Dâvûd,Edeb,5,"Ebû Dâvûd, Edeb, 60.",17.02.2023,17.02.2023 MİRAÇ GECEMİZ: İLÂHÎ RAHMET VE SEKÎNET V,metinler,baslik_eslesti,"Bir kul, kardeşine yardım ettiği sürece, Allah da o kula yardım eder."
142,dogru,1.0,Ebû Dâvûd,Edeb,Ebû Dâvûd,Edeb,3,"Ebû Dâvûd, Edeb, 78.",24.01.2025,"24.01.2025 MİRACIN HEDİYESİ, DİNİMİZİN DİREĞİ NAMAZ",metinler,baslik_eslesti,Kalk ya Bilâl! Bizi namaza çağır! Namazla bizi ferahlat!
143,dogru,1.0,Ebû Dâvûd,Edeb,Ebû Dâvûd,Edeb,4,"Ebû Dâvûd, Edeb, 60.",28.11.2025,28.11.2025 FEDAKÂRLIĞIN ZİRVESİ: ÎSÂR,metinler,baslik_eslesti,"Kul, kardeşinin yardımında olduğu sürece, Allah da onun yardımcısı olur."
144,dogru,1.0,Ebû Dâvûd,Edeb,Ebû Dâvûd,Edeb,2,"Ebû Dâvûd, Edeb, 5.",12.12.2025,12.12.2025 İNSAN: KÂİNATIN GÖZBEBEĞİ,metinler,baslik_eslesti,Mümin aziz ve cömerttir. Fâcir ise saygısız ve cimridir.
145,eksik_tamamlandi,1.0,Müslim,-,Müslim,Îmân,2,"Müslim, Îmân, 78.",08.09.2017,08.09.2017 MAZLUMUN YANINDA YER ALMAK,metinler,baslik_eslesti,"Bir kötülüğe şahit olan, gücü yettiği takdirde onu eli ile düzeltsin. Buna gücü yetmez ise dili ile düzeltsin. Buna da gücü yetmezse kalbi ile o kötülüğe karşı tavır koysun. Kaldı ki bu durum da imanın asgarî gereğidir."
146,eksik_tamamlandi,1.0,Müslim,-,Müslim,Îmân,9,"Müslim, Îmân, 164.",10.11.2017,10.11.2017 ÖRNEK İNSAN: MÜMİN,metinler,baslik_eslesti,Aldatan bizden değildir.
147,eksik_tamamlandi,1.0,Müslim,-,Müslim,Îmân,11,"Müslim, Îmân, 147.",10.11.2017,10.11.2017 ÖRNEK İNSAN: MÜMİN,metinler,baslik_eslesti,Kalbinde zerre miktarı kibir bulunan kişi cennete giremez.
148,tur_hatasi,1.0,Müslim,-,Hud,114,4,"Hûd, 11/114.",06.04.2018,06.04.2018 İYİLİK: PAYLAŞILDIKÇA ARTAN DEĞER,metinler,baslik_eslesti,İyilikler kötülükleri yok eder.
149,eksik_tamamlandi,1.0,Müslim,-,Müslim,Îmân,4,"Müslim, Îmân, 65.",26.10.2018,26.10.2018 AİLEDE ŞEFKAT VE NEZAKET DİLİ,metinler,baslik_eslesti,elinden ve dilinden emin olunan kimse
150,eksik_tamamlandi,1.0,Müslim,-,Müslim,Îmân,4,"Müslim, Îmân, 78.",08.03.2019,08.03.2019 İYİLİK PAYLAŞTIKÇA ÇOĞALIR,metinler,baslik_eslesti,İçinizden biri bir kötülük görürse onu eliyle düzeltsin. Buna gücü yetmiyorsa diliyle düzeltsin. Buna da gücü yetmiyorsa kalbiyle buğzetsin. Bu ise imanın asgarî gereğidir.
151,eksik_tamamlandi,1.0,Müslim,-,Müslim,Îmân,5,"Müslim, Îmân, 73.",05.04.2019,05.04.2019 MÜSLÜMAN HAYIRLI BİR KOMŞUDUR,metinler,baslik_eslesti,"Komşusunun, şerrinden emin olmadığı kimse cennete giremez"
152,eksik_tamamlandi,1.0,Müslim,-,Müslim,Îmân,4,"Müslim, Îmân, 164.",12.07.2019,"12.07.2019 15 TEMMUZ’U ANMAK, İHANETİ ANLAMAK",metinler,baslik_eslesti,Bizi aldatan bizden değildir.
153,eksik_tamamlandi,1.0,Müslim,-,Müslim,Îmân,7,"Müslim, Îmân, 147.",20.09.2019,20.09.2019 TEVAZU İNSANI YÜCELTİR,metinler,baslik_eslesti,Hakikati inkâr etmek ve insanları küçük görmektir.
154,eksik_tamamlandi,1.0,Müslim,-,Müslim,Îmân,6,"Müslim, Îmân, 147; Tirmizî, Edeb, 41.",06.03.2020,"06.03.2020 ALLAH TEMİZDİR, TEMİZLİĞİ SEVER",metinler,baslik_eslesti,"Allah güzeldir, güzel olanı sever; temizdir, temizliği sever; kerem sahibidir; cömertliği sever."
155,eksik_tamamlandi,1.0,Müslim,-,Müslim,Îmân,4,"Müslim, Îmân, 78.",21.05.2021,21.05.2021 ZULÜM CEZASIZ KALMAZ,metinler,baslik_eslesti,Kim bir kötülük görürse onu eliyle düzeltsin; eğer buna gücü yetmiyorsa diliyle düzeltsin; buna da gücü yetmezse kalbi ile o kötülüğe tavır koysun. Bu da imanın asgarî gereğidir.
156,eksik_tamamlandi,1.0,Müslim,-,Müslim,Îmân,1,"Müslim, Îmân, 164.",14.10.2022,14.10.2022 KUL VE KAMU HAKKI,metinler,baslik_eslesti,"Bizi aldatan, bizden değildir!"
157,eksik_tamamlandi,1.0,Müslim,-,Müslim,Îmân,2,"Müslim, Îmân, 73.",21.10.2022,21.10.2022 KOMŞULUK HUKUKU,metinler,baslik_eslesti,Komşusu şerrinden emin olmayan kimse cennete giremez.
158,eksik_tamamlandi,1.0,Müslim,-,Müslim,Îmân,3,"Müslim, Îmân, 164.",28.04.2023,28.04.2023 İŞ AHLAKI: TOPLUMSAL HUZURUN KAYNAĞI,metinler,baslik_eslesti,"Bizi aldatan, bizden değildir"
159,eksik_tamamlandi,1.0,Müslim,-,Müslim,Îmân,3,"Müslim, Îmân, 95.",14.07.2023,"14.07.2023 DİN SAMİMİYETTİR, İSTİSMAR İHANETTİR",metinler,baslik_eslesti,"Din, samimiyettir."
160,eksik_tamamlandi,1.0,Müslim,-,Müslim,Îmân,3,"Müslim, Îmân, 164.",15.09.2023,15.09.2023 AHÎLİK: DÜRÜSTLÜK VE MERHAMETİ TİCARETE ,metinler,baslik_eslesti,Bizi aldatan bizden değildir.
161,eksik_tamamlandi,1.0,Müslim,-,Müslim,Îmân,2,"Müslim, Îmân, 29.",13.10.2023,13.10.2023 ZULÜMLE ÂBÂD OLUNMAZ,metinler,baslik_eslesti,Mazlumun bedduasından sakın. Çünkü onunla Allah arasında perde yoktur.
162,eksik_tamamlandi,1.0,Müslim,-,Müslim,Îmân,3,"Müslim, Îmân, 78.",03.11.2023,03.11.2023 ZULME RIZA GÖSTERMEK ZULÜMDÜR,metinler,baslik_eslesti,Kim bir kötülük ve haksızlık görürse onu eliyle düzeltsin; eğer buna gücü yetmiyorsa diliyle düzeltsin; buna da gücü yetmezse kalbiyle buğzetsin...
163,eksik_tamamlandi,1.0,Müslim,-,Müslim,Îmân,2,"Müslim, Îmân, 57.",01.08.2025,"01.08.2025 HAYÂ: ALLAH’IN EMRİ, FITRATIN GEREĞİ",metinler,baslik_eslesti,"…Hayâ, imandan bir parçadır."
164,eksik_tamamlandi,1.0,Müslim,-,Müslim,Îmân,4,"Müslim, Îmân, 164.",15.08.2025,15.08.2025 KUL HAKKI ATEŞTEN GÖMLEKTİR,metinler,baslik_eslesti,Bizi aldatan bizden değildir.
165,kirpilmis_duzeltildi,1.0,Tirmizî,Sıfatü’l-kıy,Tirmizî,Sıfatü’l-kıyâme,4,"Tirmizî, Sıfatü’l-kıyâme, 1.",25.01.2013,25.01.2013 ALLAH’IN SEVMEDİĞİ DAVRANIŞ: İSRAF,metinler,baslik_eslesti,"İnsanoğlu kıyamet günü beş şeyden hesaba çekilmedikçe yerinden kımıldayamayacaktır; Ömrünü nasıl tükettiğinden, gençliğini nasıl yıprattığından, malını nerede kazanıp nereye harcadığından ve öğrendiği bilgilerle nasıl amel ettiğinden"
166,kirpilmis_duzeltildi,1.0,Tirmizî,Sıfatü’l-kıy,Tirmizî,Sıfatü’l-kıyâme,2,"Tirmizî, Sıfatü’l-kıyâme, 59.",31.01.2014,31.01.2014 NASIL BİR KARDEŞLİK?,metinler,baslik_eslesti,Sizden biriniz kendisi için istediğini mümin kardeşi için de istemedikçe gerçek manada iman etmiş olamaz.
167,kirpilmis_duzeltildi,1.0,Tirmizî,Sıfatü’l-kıy,Tirmizî,Sıfatü’l-kıyâme,2,"Tirmizî, Sıfatü’l-kıyâme, 59.",10.10.2014,10.10.2014 BİZ KARDEŞİZ,metinler,baslik_eslesti,Sizden biriniz kendisi için istediğini mümin kardeşi için de istemedikçe gerçek manada iman etmiş olamaz.
168,kirpilmis_duzeltildi,1.0,Tirmizî,Sıfatü’l-kıy,Tirmizî,Sıfatü’l-kıyâme,2,"Tirmizî, Sıfatü’l-kıyâme, 17.",06.05.2016,06.05.2016 O BÜYÜK GÜNE HAZIR MIYIZ?,metinler,baslik_eslesti,Gaflete dalarak ölümü ve ölüm sonrası hayatı unutan kul ne bedbahttır!
169,kirpilmis_duzeltildi,1.0,Tirmizî,Sıfatü’l-kıy,Tirmizî,Sıfatü’l-kıyâme,3,"Tirmizî, Sıfatü’l-kıyâme, 1.",30.12.2016,30.12.2016 ÖMÜR NİMETİ,metinler,baslik_eslesti,Kıyamet gününde insanoğlu şu beş şeyden hesaba çekilmedikçe Rabbinin huzurundan bir yere kımıldayamaz.
170,kirpilmis_duzeltildi,1.0,Tirmizî,Sıfatü’l-kıy,Tirmizî,Sıfatü’l-kıyâme,1,"Tirmizî, Sıfatü’l-kıyâme, 51; Ebû Dâvûd, Edeb, 35.",15.12.2017,15.12.2017 KARDEŞLİĞE SAPLANAN HANÇER: GIYBET,metinler,baslik_eslesti,"Ey Aişe! Sen öyle bir söz söyledin ki, o söz denize karışsaydı denizin suyunu bile kirletirdi."
171,kirpilmis_duzeltildi,1.0,Tirmizî,Sıfatü’l-kıy,Tirmizî,Sıfatü’l-kıyâme,5,"Tirmizî, Sıfatü’l-kıyâme, 33.",10.08.2018,"10.08.2018 KURBAN, ALLAH’A YAKINLAŞMA VESİLESİDİR",metinler,baslik_eslesti,Ey Âişe! Desene bir kürek kemiği hariç hepsi bizim oldu
172,kirpilmis_duzeltildi,1.0,Tirmizî,Sıfatü’l-kıy,Tirmizî,Sıfatü’l-kıyâme,9,"Tirmizî, Sıfatü’l-kıyâme, 2.",12.10.2018,"12.10.2018 CENÂB-I HAK, HER HAK SAHİBİNE HAKKINI VE",metinler,baslik_eslesti,Âhiret gününde ne altın ne de gümüş para vardır. Bu nedenle haksızlık yapanın iyilik ve sevapları varsa bunlardan alınıp hak sahibine verilir. Şayet sevabı yoksa mağdur ettiği kişinin günahlarını yüklenir.
173,kirpilmis_duzeltildi,1.0,Tirmizî,Sıfatü’l-kıy,Tirmizî,Sıfatü’l-kıyâme,3,"Tirmizî, Sıfatü’l-kıyâme, 42.",04.06.2019,04.06.2019 RAMAZAN BAYRAMI,metinler,baslik_eslesti,"Ey insanlar! Selâmı aranızda yaygınlaştırın, yemek yedirin, akrabalık bağlarınızı gözetin, insanlar uyurken namaz kılın ki selâmetle cennete giresiniz."
174,kirpilmis_duzeltildi,1.0,Tirmizî,Sıfatü’l-kıy,Tirmizî,Sıfatü’l-kıyâme,5,"Tirmizî, Sıfatü’l-kıyâme, 60.",16.08.2019,16.08.2019 GÜVENLİ BİR HAYAT İÇİN AFETLERE HAZIR OL,metinler,baslik_eslesti,"önce devesini bağlar, sonra tevekkül eder."
175,kirpilmis_duzeltildi,1.0,Tirmizî,Sıfatü’l-kıy,Tirmizî,Sıfatü’l-kıyâme,4,"Tirmizî, Sıfatü’l-kıyâme, 33.",08.05.2020,"08.05.2020 RAMAZAN: İNFAK, YARDIMLAŞMA VE PAYLAŞMA ",metinler,baslik_eslesti,"Ey Âişe, desene bir kürek kemiği hariç tamamı bizim oldu."
176,kirpilmis_duzeltildi,1.0,Tirmizî,Sıfatü’l-kıy,Tirmizî,Sıfatü’l-kıyâme,2,"Tirmizî, Sıfatü’l-kıyâme, 17.",09.07.2021,"09.07.2021 İHANETE KARŞI SADAKATE, CESARETE VE ŞEHA",metinler,baslik_eslesti,Dini dünyaya alet eden insan ne kötüdür! Arzu ve isteklerinin kendisini saptırdığı insan ne kötüdür!
177,kirpilmis_duzeltildi,1.0,Tirmizî,Sıfatü’l-kıy,Tirmizî,Sıfatü’l-kıyâme,1,"Tirmizî, Sıfatü’l-kıyâme, 25.",31.12.2021,"31.12.2021 GEÇMİŞİMİZİ MUHASEBE EDELİM, GELECEĞİMİZ",metinler,baslik_eslesti,"Hesaba çekilmeden önce kendinizi hesaba çekin, büyük hesap günü için kendinizi hazırlayın! Çünkü kıyamet gününde hesap, ancak dünyada iken kendisini hesaba çekenler için kolay olacaktır."
178,kirpilmis_duzeltildi,1.0,Tirmizî,Sıfatü’l-kıy,Tirmizî,Sıfatü’l-kıyâme,2,"Tirmizî, Sıfatü’l-kıyâme, 1.",04.03.2022,04.03.2022 BAĞIMLILIK: İNSAN ONURUYLA BAĞDAŞMAYAN H,metinler,baslik_eslesti,"Kıyamet gününde insanoğlu şu beş şeyden hesaba çekilmedikçe Rabbinin huzurundan bir yere kımıldayamaz: Ömrünü nerede ve nasıl geçirdiğinden, gençliğini nerede yıprattığından, malını nereden kazandığından, malını nerede harcadığından, bildiği ile amel edip etmediğinden."
179,kirpilmis_duzeltildi,1.0,Tirmizî,Sıfatü’l-kıy,Tirmizî,Sıfatü’l-kıyâme,3,"Tirmizî, Sıfatü’l-kıyâme, 33.",24.06.2022,24.06.2022 KURBAN: TAKVAYA ULAŞMA ARZUSU,metinler,baslik_eslesti,"Desene, kürek kemiğinin dışında hepsi bize kaldı."
180,kirpilmis_duzeltildi,1.0,Tirmizî,Sıfatü’l-kıy,Tirmizî,Sıfatü’l-kıyâme,5,"Tirmizî, Sıfatü’l-kıyâme, 1.",23.09.2022,23.09.2022 HELAL KAZANÇ VE ALIN TERİ,metinler,baslik_eslesti,"Kıyamet gününde insanoğlu, malını nereden kazandığından ve nereye harcadığından hesaba çekilmedikçe Rabbinin huzurundan hiçbir yere kımıldayamaz."
181,kirpilmis_duzeltildi,1.0,Tirmizî,Sıfatü’l-kıy,Tirmizî,Sıfatü’l-kıyâme,4,"Tirmizî, Sıfatü’l-kıyâme, 59.",28.04.2023,28.04.2023 İŞ AHLAKI: TOPLUMSAL HUZURUN KAYNAĞI,metinler,baslik_eslesti,"Hiçbiriniz, kendisi için istediğini kardeşi için de istemedikçe tam anlamıyla iman etmiş olmaz."
182,kirpilmis_duzeltildi,1.0,Tirmizî,Sıfatü’l-kıy,Tirmizî,Sıfatü’l-kıyâme,2,"Tirmizî, Sıfatü’l-kıyâme, 17.",12.07.2024,12.07.2024 15 TEMMUZ: MİLLETİMİZİN DESTANSI ZAFERİ,metinler,baslik_eslesti,Dini dünyaya alet ederek istismar eden insan ne kötüdür!... Arzu ve isteklerinin kendisini saptırdığı insan ne kötüdür!
183,kirpilmis_duzeltildi,1.0,Tirmizî,Sıfatü’l-kıy,Tirmizî,Sıfatü’l-kıyâme,2,"Tirmizî, Sıfatü’l-kıyâme, 42.",30.03.2025,30.03.2025 RAMAZAN BAYRAMI: SEVİNÇ VE KARDEŞLİK GÜN,metinler,baslik_eslesti,"Ey insanlar! Selâmı aranızda yayın, yemek yedirin, akrabalık bağlarınızı gözetin, insanlar uyurken namaz kılın ki selâmetle cennete giresiniz."
184,kirpilmis_duzeltildi,1.0,Tirmizî,Sıfatü’l-kıy,Tirmizî,Sıfatü’l-kıyâme,5,"Tirmizî, Sıfatü’l-kıyâme, 17.",11.07.2025,11.07.2025 SAHİH DİNİ BİLGİNİN ÖNEMİ,metinler,baslik_eslesti,Dini dünya işlerine alet eden insan ne kötüdür! Arzu ve isteklerinin kendisini saptırdığı insan ne kötüdür!
185,kirpilmis_duzeltildi,1.0,Müslim,Sıy,Müslim,Sıyâm,7,"Müslim, Sıyâm, 31.",20.07.2012,20.07.2012 “BEN ORUÇLUYUM” DİYEBİLMEK,metinler,baslik_eslesti,"Bir kimse Allah yolunda bir gün oruç tutarsa, Allah bu tutulan oruç sebebiyle o kimsenin yüzünü cehennem ateşinden yetmiş sene sürecek mesafelik yere uzaklaştırır."
186,kirpilmis_duzeltildi,1.0,Müslim,Sıy,Müslim,Sıyâm,2,"Müslim, Sıyâm, 163.",05.07.2013,05.07.2013 RAMAZAN VE ORUÇ,metinler,baslik_eslesti,"Biriniz oruç tuttuğu gün kötü söz sarfetmesin, bağırıp çağırmasın, oruç perdedir…"
187,kirpilmis_duzeltildi,1.0,Müslim,Sıy,Müslim,Sıyâm,1,"Müslim, Sıyâm, 203.",08.11.2013,08.11.2013 MUHARREM AYI VE KERBELÂ,metinler,baslik_eslesti,hürmete şayan bir ay
188,kirpilmis_duzeltildi,1.0,Müslim,Sıy,Müslim,Sıyâm,1,"Müslim, Sıyâm, 203.",16.10.2015,16.10.2015 MERHAMET İKSİRİNİ YUDUMLAYABİLMEK,metinler,baslik_eslesti,hürmete layık bir aya
189,kirpilmis_duzeltildi,1.0,Müslim,Sıy,Müslim,Sıyâm,1,"Müslim, Sıyâm, 203.",07.10.2016,07.10.2016 YÜREKLERİMİZİ SAHRÂ-I KERBELÂ’YA DÖNÜŞTÜ,metinler,baslik_eslesti,hürmete şayan bir ay
190,alinti_bulunamadi,0.248,Müslim,Sıy,,,,,09.04.2021,09.04.2021 RAMAZAN: KUTLU MİSAFİR,metinler,baslik_eslesti,"Ramazan ayı geldiğinde cennet kapıları açılır, cehennem kapıları kapanır ve şeytanlar bağlanır."
191,kirpilmis_duzeltildi,1.0,Müslim,Sıy,Müslim,Sıyâm,3,"Müslim, Sıyâm, 183.",17.06.2022,"17.06.2022 HAYDİ KOŞ GEL, CAMİLER SENİNLE GÜZEL",metinler,baslik_eslesti,Çocuğunun senin üzerinde hakkı vardır.
192,kirpilmis_duzeltildi,1.0,Müslim,Sıy,Müslim,Sıyâm,1,"Müslim, Sıyâm, 203.",05.08.2022,05.08.2022 MUHARREM AYI VE KERBELÂ,metinler,baslik_eslesti,hürmete şayan
193,kirpilmis_duzeltildi,1.0,Müslim,Sıy,Müslim,Sıyâm,2,"Müslim, Sıyâm, 183.",16.12.2022,16.12.2022 ÇOCUK: RABBİMİZİN KIYMETLİ EMANETİ,metinler,baslik_eslesti,Çocuğunun senin üzerinde hakkı vardır.
194,kirpilmis_duzeltildi,1.0,Müslim,Sıy,Müslim,Sıyâm,3,"Müslim, Sıyâm, 183.",30.06.2023,30.06.2023 ÇOCUKLARIMIZIN ÜZERİMİZDE HAKKI,metinler,baslik_eslesti,Çocuğunun senin üzerinde hakkı var.
195,kirpilmis_duzeltildi,1.0,Müslim,Sıy,Müslim,Sıyâm,5,"Müslim, Sıyâm, 203.",05.07.2024,05.07.2024 ZARÛRÂT-I HAMSEYİ MUHAFAZA EDELİM,metinler,baslik_eslesti,hürmete layık
196,kirpilmis_duzeltildi,1.0,Müslim,Sıy,Müslim,Sıyâm,6,"Müslim, Sıyâm, 183.",04.04.2025,04.04.2025 GÜÇLÜ BİR TOPLUMUN İNŞASINDA ANNE BABANI,metinler,baslik_eslesti,Çocuğunun da senin üzerinde hakkı vardır.
197,kirpilmis_duzeltildi,1.0,Müslim,Sıy,Müslim,Sıyâm,3,"Müslim, Sıyâm, 183.",20.06.2025,"20.06.2025 HER YAZ YENİ BİR HEYECAN: CAMİ, ÇOCUK VE",metinler,baslik_eslesti,Çocuğunun senin üzerinde hakkı vardır.
198,kirpilmis_duzeltildi,1.0,Müslim,Sıy,Müslim,Sıyâm,1,"Müslim, Sıyâm, 203.",04.07.2025,04.07.2025 GEÇMİŞE İBRETLE GELECEĞE FERASETLE BAKAL,metinler,baslik_eslesti,hürmete layık
199,kirpilmis_duzeltildi,1.0,Tirmizî,Men,Tirmizî,Menâkıb,3,"Tirmizi, Menâkıb, 30.",23.10.2015,23.10.2015 KERBELÂ’YI DOĞRU ANLAMAK,metinler,baslik_eslesti,"Benim dünyadaki çiçeğim, reyhanım"
200,kirpilmis_duzeltildi,1.0,Tirmizî,Men,Tirmizî,Menâkıb,2,"Tirmizî, Menâkıb, 74.",08.04.2016,"08.04.2016 HZ. PEYGAMBER, TEVHİD VE VAHDET",metinler,baslik_eslesti,"İnsanlar, Âdem'in çocuklarıdır. Âdem de topraktan yaratılmıştır."
201,kirpilmis_duzeltildi,1.0,Tirmizî,Men,Tirmizî,Menâkıb,2,"Tirmizi, Menâkıb, 30.",07.10.2016,07.10.2016 YÜREKLERİMİZİ SAHRÂ-I KERBELÂ’YA DÖNÜŞTÜ,metinler,baslik_eslesti,"Benim dünyadaki çiçeğim, reyhanım"
202,kirpilmis_duzeltildi,1.0,Tirmizî,Men,Tirmizî,Menâkıb,1,"Tirmizî, Menâkıb, 63.",26.10.2018,26.10.2018 AİLEDE ŞEFKAT VE NEZAKET DİLİ,metinler,baslik_eslesti,"Sizin en hayırlınız, ailesine karşı en hayırlı olanınızdır. Ben de aileme karşı en hayırlı olanınızım"
203,kirpilmis_duzeltildi,1.0,Tirmizî,Men,Tirmizî,Menâkıb,2,"Tirmizî, Menâkıb, 63.",07.06.2019,"07.06.2019 AİLE OLMAK, AİLE KALMAK",metinler,baslik_eslesti,"Sizin en hayırlınız ailesine en güzel şekilde davranandır. Ben, aranızda ailesine en güzel davranan kişiyim."
204,kirpilmis_duzeltildi,1.0,Tirmizî,Men,Tirmizî,Menâkıb,3,"Tirmizî, Menâkıb, 63.",15.11.2019,15.11.2019 PEYGAMBERİMİZ VE AİLE,metinler,baslik_eslesti,"Sizin en hayırlınız, ailesine karşı en hayırlı olanınızdır. Ben de aileme karşı en iyi olanınızım!"
205,kirpilmis_duzeltildi,1.0,Tirmizî,Men,Tirmizî,Menâkıb,3,"Tirmizî, Menâkıb, 63.",11.06.2021,11.06.2021 AİLEMDE MERHAMET VE HUZUR VAR,metinler,baslik_eslesti,"Sizin en hayırlınız, ailesine karşı en hayırlı olandır. İçinizde ailesine karşı en hayırlı olan da benim."
206,kirpilmis_duzeltildi,1.0,Tirmizî,Men,Tirmizî,Menâkıb,5,"Tirmizî, Menâkıb, 30.",13.08.2021,13.08.2021 KERBELÂ’YI İBRET NAZARIYLA OKUYALIM,metinler,baslik_eslesti,Cennet gençlerinin efendisi
207,kirpilmis_duzeltildi,1.0,Tirmizî,Men,Tirmizî,Menâkıb,4,"Tirmizî, Menâkıb, 63.",18.02.2022,18.02.2022 PEYGAMBERİMİZİN AHLAKI KUR’AN’DI,metinler,baslik_eslesti,"Sizin en hayırlınız, ailesine en güzel davranandır. İçinizden ailesine karşı en güzel davranan da benim."
208,kirpilmis_duzeltildi,1.0,Tirmizî,Men,Tirmizî,Menâkıb,3,"Tirmizî, Menâkıb, 63.",25.03.2022,11.06.2021 AİLEMDE MERHAMET VE HUZUR VAR,metinler,baslik_eslesti+tarih_duzeltildi,"Sizin en hayırlınız, ailesine karşı en hayırlı olandır. İçinizde ailesine karşı en hayırlı olan da benim."
209,kirpilmis_duzeltildi,1.0,Tirmizî,Men,Tirmizî,Menâkıb,2,"Tirmizî, Menâkıb, 63.",12.05.2023,"12.05.2023 KADIN VE ERKEK: HÜRMETE LAYIK, SAYGIN VA",metinler,baslik_eslesti,Sizin en hayırlınız ailesine en güzel şekilde davranandır…
210,kirpilmis_duzeltildi,1.0,Tirmizî,Men,Tirmizî,Menâkıb,2,"Tirmizî, Menâkıb, 30.",28.07.2023,28.07.2023 MUHARREM AYININ ÖNEMİ VE EHL-İ BEYT-İ MU,metinler,baslik_eslesti,Hasan ve Hüseyin cennet gençlerinin efendisidir.
211,kirpilmis_duzeltildi,1.0,Tirmizî,Men,Tirmizî,Menâkıb,2,"Tirmizî, Menâkıb, 63.",17.05.2024,17.05.2024 AİLEMİZ: HUZUR VE GÜVEN KAYNAĞIMIZ,metinler,baslik_eslesti,"Sizin en hayırlınız, ailesine karşı en hayırlı davranandır. Ben de sizin ailesine karşı en hayırlı olanınızım."
212,kirpilmis_duzeltildi,1.0,Tirmizî,Men,Tirmizî,Menâkıb,5,"Tirmizî, Menâkıb, 63.",16.05.2025,"16.05.2025 AİLE: GÜVEN, SADAKAT VE MERHAMET YUVASI",metinler,baslik_eslesti,"Sizin en hayırlınız, ailesine karşı en hayırlı olanınızdır…"
213,dogru,1.0,Tirmizî,Zühd,Tirmizî,Zühd,1,"Tirmizî, Zühd, 60.",22.01.2016,22.01.2016 SÖZ AHLAKI,metinler,baslik_eslesti,Diline sahip ol! Fitneye bulaşma! Günahların için pişmanlıkla gözyaşı dök!
214,dogru,1.0,Tirmizî,Zühd,Tirmizî,Zühd,2,"Tirmizî, Zühd, 63.",26.05.2017,26.05.2017 ÜZERİMİZDE HER CANIN HAKKI VARDIR,metinler,baslik_eslesti,Üzerinde nefsinin hakkı vardır. Rabbinin hakkı vardır. Misafirinin hakkı vardır. Ailenin hakkı vardır. Her hak sahibine hakkını ver!
215,dogru,1.0,Tirmizî,Zühd,Tirmizî,Zühd,2,"Tirmizî, Zühd, 11.",01.09.2017,01.09.2017 İMAN VE İSLAM’IN TEZAHÜRÜ: FAYDASIZ ŞEYL,metinler,baslik_eslesti,"Kendisini ilgilendirmeyen söz, tutum ve davranışlardan uzak durması, kişinin iyi bir Müslüman olduğunun göstergesidir."
216,dogru,1.0,Tirmizî,Zühd,Tirmizî,Zühd,2,"Tirmizî, Zühd, 34.",09.11.2018,09.11.2018 SAĞLIK: DÜNYALARA DEĞER NİMET,metinler,baslik_eslesti,"Sizden kim huzuru yerinde, bedeni sağlıklı ve günlük yiyeceği de yanında olarak güne başlarsa, sanki dünyalar ona bağışlanmış gibidir."
217,dogru,1.0,Tirmizî,Zühd,Tirmizî,Zühd,2,"Tirmizî, Zühd, 21.",22.02.2019,"22.02.2019 YAŞLILARA HÜRMET, ÖMRÜMÜZE BEREKET",metinler,baslik_eslesti,"Ömrü uzun, ameli güzel olandır"
218,dogru,1.0,Tirmizî,Zühd,Tirmizî,Zühd,2,"Tirmizî, Zühd, 11; Muvatta’, Hüsnü’l-hulk,1.",27.11.2020,27.11.2020 FAYDASIZ İŞLERİ TERK ETMEK KULLUĞUN GÜZE,metinler,baslik_eslesti,"Faydasız işleri terk etmesi, bir kişinin iyi Müslüman olmasındandır."
219,dogru,1.0,Tirmizî,Zühd,Tirmizî,Zühd,1,"Tirmizî, Zühd, 50.",08.10.2021,08.10.2021 SONSUZ HAYAT AHİRET,metinler,baslik_eslesti,"Kişi sevdiğiyle beraberdir, sen de sevdiğinle beraber olacaksın."
220,dogru,1.0,Tirmizî,Zühd,Tirmizî,Zühd,3,"Tirmizî, Zühd, 44.",08.10.2021,08.10.2021 SONSUZ HAYAT AHİRET,metinler,baslik_eslesti,"Ben, dünyada bir ağacın altında gölgelendikten sonra yola koyulup orayı terk eden bir yolcu gibiyim."
221,dogru,1.0,Tirmizî,Zühd,Tirmizî,Zühd,2,"Tirmizî, Zühd, 11; İbn Mâce, Fiten, 12.",26.11.2021,26.11.2021 MÜMİN FAYDASIZ SÖZLERDEN VE LÜZUMSUZ İŞL,metinler,baslik_eslesti,"Faydasız işleri terk etmesi, bir kişinin iyi Müslüman olduğunu gösterir."
222,dogru,1.0,Tirmizî,Zühd,Tirmizî,Zühd,6,"Tirmizî, Zühd, 45.",04.02.2022,04.02.2022 SÖZ VE DAVRANIŞLARIMIZDA DOĞRU OLALIM,metinler,baslik_eslesti,Kişi dostunun dini üzerinedir.
223,dogru,1.0,Tirmizî,Zühd,Tirmizî,Zühd,4,"Tirmizî, Zühd, 2.",21.10.2022,21.10.2022 KOMŞULUK HUKUKU,metinler,baslik_eslesti,Komşuna iyilik yap ki mümin olasın.
224,dogru,1.0,Tirmizî,Zühd,Tirmizî,Zühd,1,"Tirmizî, Zühd, 44.",22.03.2024,22.03.2024 RAMAZAN VE AHİRET BİLİNCİ,metinler,baslik_eslesti,"Ben, dünyada bir ağacın altında kısa bir süre gölgelendikten sonra yola koyulup oradan ayrılan bir yolcu gibiyim."
225,dogru,1.0,Tirmizî,Zühd,Tirmizî,Zühd,3,"Tirmizî, Zühd, 11.",26.12.2025,26.12.2025 KİMLİĞİMİZ GELECEĞİMİZDİR,metinler,baslik_eslesti,Kişinin iyi Müslüman olduğunun işaretlerinden biri de faydasız söz ve lüzumsuz işleri terk etmesidir
226,kirpilmis_duzeltildi,1.0,Buhârî,Rik,Buhârî,Rikâk,5,"Buhârî, Rikâk, 1.",30.12.2011,30.12.2011 ZAMAN BİLİNCİ,metinler,baslik_eslesti,"İki nimet vardır ki, insanların çoğu onları değerlendirme hususunda aldanmıştır: Sağlık ve boş zaman."
227,kirpilmis_duzeltildi,1.0,Buhârî,Rik,Buhârî,Rikâk,3,"Buhârî, Rikâk, 3.",13.12.2013,13.12.2013 DÜNYADA YOLCU OLABİLMEK!,metinler,baslik_eslesti,Dünyada kimsesiz bir garip yahut bir yolcu gibi ol!
228,kirpilmis_duzeltildi,1.0,Buhârî,Rik,Buhârî,Rikâk,2,"Buhârî, Rikâk, 1.",27.12.2013,27.12.2013 ÖMÜR SERMAYESİ TÜKENİRKEN…,metinler,baslik_eslesti,İki nimet vardır ki insanların çoğu (onları değerlendirme hususunda) aldanmıştır: Sağlık ve boş zaman.
229,kirpilmis_duzeltildi,1.0,Buhârî,Rik,Buhârî,Rikâk,3,"Buhârî, Rikâk, 4.",25.12.2015,25.12.2015 SAYILI NEFESLERİMİZİ TÜKETİRKEN…,metinler,baslik_eslesti,"Bu dörtgenin ortasındaki çizgi insandır. Dörtgen de insanın ecelidir ve onu kuşatmıştır. Diğer çizgiler ise insanın arzu ve tutkularıdır. İnsan, bu arzu ve tutkuların peşinde koşup dururken, ecel ansızın onun önünü keser ve onu alıp götürür."
230,kirpilmis_duzeltildi,1.0,Buhârî,Rik,Buhârî,Rikâk,3,"Buhârî, Rikâk, 1.",09.11.2018,09.11.2018 SAĞLIK: DÜNYALARA DEĞER NİMET,metinler,baslik_eslesti,"İki nimet vardır ki, insanların çoğu onları değerlendirme hususunda aldanmıştır: Sağlık ve boş vakit."
231,kirpilmis_duzeltildi,1.0,Buhârî,Rik,Buhârî,Rikâk,5,"Buhârî, Rikâk, 38.",08.02.2019,08.02.2019 İBADET: KUL OLMA ŞUURU,metinler,baslik_eslesti,"Kulum, farz ibadetlerden daha sevimli bir şeyle bana yaklaşamaz. Nafile ibadetlerle de bana yaklaşmaya devam eder. Sonuçta ben onu severim. Sevince de onun işiten kulağı, gören gözü, tutan eli, yürüyen ayağı olurum. Benden istediğinde ona veririm. Bana sığındığında onu korurum."
232,kirpilmis_duzeltildi,1.0,Buhârî,Rik,Buhârî,Rikâk,2,"Buhârî, Rikâk, 3.",27.12.2019,27.12.2019 TEFEKKÜR İLE BİR ÖMÜR GEÇİRMEK,metinler,baslik_eslesti,Dünyada kimsesiz bir garip yahut gelip geçen bir yolcu gibi ol!
233,kirpilmis_duzeltildi,1.0,Buhârî,Rik,Buhârî,Rikâk,1,"Buhârî, Rikâk, 1.",17.01.2020,17.01.2020 TEKNOLOJİ BAĞIMLILIĞI VE SOSYAL MEDYA AH,metinler,baslik_eslesti,İki nimet vardır ki insanların çoğu onları değerlendirme hususunda aldanmıştır: Sağlık ve boş vakit.
234,kirpilmis_duzeltildi,1.0,Buhârî,Rik,Buhârî,Rikâk,2,"Buhârî, Rikâk, 3.",30.12.2022,30.12.2022 HAYATIN TEKRARI YOK,metinler,baslik_eslesti,"Dünyada, bir garip yahut bir yolcu gibi ol!"
235,kirpilmis_duzeltildi,1.0,Buhârî,Rik,Buhârî,Rikâk,3,"Buhârî, Rikâk, 1.",05.05.2023,05.05.2023 İSRAF: TÜKETİRKEN TÜKENMEK,metinler,baslik_eslesti,"İki nimet vardır ki insanların çoğu onları değerlendirme hususunda aldanmıştır. Bu iki nimet, sağlık ve boş vakittir."
236,kirpilmis_duzeltildi,1.0,Buhârî,Rik,Buhârî,Rikâk,4,"Buhârî, Rikâk, 1.",01.03.2024,01.03.2024 ZARARLI ALIŞKANLIKLARIN ESİRİ OLMAYALIM,metinler,baslik_eslesti,"İki nimet vardır ki insanların çoğu, onları değerlendirme hususunda aldanmıştır. Bunlar; sağlık ve boş vakittir."
237,kirpilmis_duzeltildi,1.0,Buhârî,Rik,Buhârî,Rikâk,7,"Buhârî, Rikâk, 1.",08.08.2025,08.08.2025 SILA-İ RAHİMLE BEREKETLENEN TATİL,metinler,baslik_eslesti,"İki nimet vardır ki insanların çoğu, onları değerlendirme hususunda aldanmıştır. Bunlar; sağlık ve boş vakittir."
238,kirpilmis_duzeltildi,1.0,Tirmizî,Ed,Tirmizî,Edâhî,2,"Tirmizî, Edâhî, 1.",03.10.2014,03.10.2014 KURBAN ALLAH’A YAKIN OLMAK İÇİNDİR,metinler,baslik_eslesti,"Âdemoğlu kurban günü Allah katında kurban kesmekten daha sevimli bir amel işlemez. Kurban, kıyamet günü bütün uzuvlarıyla (sevap olarak) gelir. Kurban, henüz kanı yere düşmeden, Allah tarafından kabul edilir. Bu yüzden gönül rahatlığıyla kurbanlarınızı kesin."
239,kirpilmis_duzeltildi,1.0,Tirmizî,Ed,Tirmizî,Edâhî,2,"Tirmizî, Edâhî, 1.",04.09.2015,18.09.2015 KURBANLARIMIZ KARDEŞLİK İÇİN!,metinler,baslik_eslesti+tarih_duzeltildi,Âdemoğlu kurban bayramı günlerinde Allah katında kurbandan daha sevimli bir amel işlemiş olmaz...
240,kirpilmis_duzeltildi,1.0,Tirmizî,Ed,Tirmizî,Edâhî,2,"Tirmizî, Edâhî, 1.",12.09.2016,12.09.2016 KURBAN BAYRAMI,metinler,baslik_eslesti,Âdemoğlu kurban bayramı günlerinde Allah katında kurbandan daha hayırlı bir amel işlemiş olmaz...
241,kirpilmis_duzeltildi,1.0,Tirmizî,Ed,Tirmizî,Edâhî,2,"Tirmizî, Edâhî, 1.",25.08.2017,25.08.2017 ALLAH’A YAKIN OLMA ARAYIŞI: KURBAN,metinler,baslik_eslesti,Âdemoğlu kurban bayramı günlerinde Allah katında kurban kesmekten daha sevimli bir ibadet yapmış olamaz...
242,kirpilmis_duzeltildi,1.0,Tirmizî,Ed,Tirmizî,Edâhî,2,"Tirmizî, Edâhî 1.",11.08.2019,11.08.2019 KURBAN BAYRAMI,metinler,baslik_eslesti,"Âdemoğlu kurban günü Allah katında kurban kesmekten daha güzel bir amel işlemez. Kurban, kıyamet günü boynuzları, kılları ve tırnaklarıyla sevap olarak gelir. Kurban, henüz kanı yere düşmeden, Allah tarafından kabul edilir. Bu sebeple kurban kesme konusunda gönlünüz hoş olsun."
243,kirpilmis_duzeltildi,1.0,Tirmizî,Ed,Tirmizî,Edâhî,2,"Tirmizî, Edâhî, 1.",17.07.2020,"17.07.2020 KURBANINI PAYLAŞ, KARDEŞİNLE YAKINLAŞ",metinler,baslik_eslesti,"Âdemoğlu kurban bayramı günü, Allah katında kurban kesmekten daha güzel bir amel işleyemez"
244,kirpilmis_duzeltildi,1.0,Tirmizî,Ed,Tirmizî,Edâhî,2,"Tirmizî, Edâhî, 1.",20.07.2021,20.07.2021 KURBAN BAYRAMI,metinler,baslik_eslesti,Âdemoğlu kurban günü Allah katında kurban kesmekten daha güzel bir amel işlememiştir.
245,kirpilmis_duzeltildi,1.0,Tirmizî,Ed,Tirmizî,Edâhî,2,"Tirmizî, Edâhî, 1.",24.06.2022,24.06.2022 KURBAN: TAKVAYA ULAŞMA ARZUSU,metinler,baslik_eslesti,"Âdemoğlu, kurban günlerinde, Allah için kurban kesmekten daha güzel bir amel işleyemez…"
246,kirpilmis_duzeltildi,1.0,Tirmizî,Ed,Tirmizî,Edâhî,2,"Tirmizî, Edâhî, 1.",07.06.2024,07.06.2024 KURBAN: RABBİMİZE VE KARDEŞLERİMİZE YAKI,metinler,baslik_eslesti,"Âdemoğlu kurban bayramı günü, Allah katında kurban kesmekten daha sevimli bir iş yapmamıştır…"
247,kirpilmis_duzeltildi,1.0,Tirmizî,Ed,Tirmizî,Edâhî,3,"Tirmizî, Edâhî, 1.",23.05.2025,23.05.2025 SADAKAT VE TESLİMİYETİN NİŞANESİ: KURBAN,metinler,baslik_eslesti,"Âdemoğlu kurban bayramı günü, Allah katında, kurban kesmekten daha sevimli bir iş yapamaz…"
248,dogru,1.0,Tirmizî,İlim,Tirmizî,İlim,3,"Tirmizî, İlim, 16.",21.02.2014,21.02.2014 KALB-İ SELİM (III),metinler,baslik_eslesti,"Yavrucuğum! Eğer kalbinde kimseye karşı gıll u gışş yani kötü ve aldatıcı duygular barındırmadan sabaha ve akşama erişmeye güç yetirebiliyorsan bunu yap. İşte bu benim sünnetimdir. Kim benim sünnetimi yaşatırsa beni sevmiş olur, kim de beni severse cennette benimle birlikte olur."
249,dogru,1.0,Tirmizî,İlim,Tirmizî,İlim,2,"Tirmizî, İlim, 14.",21.11.2014,21.11.2014 HAYIR HAZİNELER DOLUSUDUR,metinler,baslik_eslesti,"Hayra vesile olan, o hayrı işleyen gibi sevap kazanır"
250,dogru,1.0,Tirmizî,İlim,Tirmizî,İlim,2,"Tirmizi, İlim, 2.",02.10.2015,02.10.2015 YARATAN RABBİNİN ADIYLA OKU!,metinler,baslik_eslesti,"İlim için yola koyulan kimse, dönünceye kadar Allah yolundadır."
251,tur_hatasi,1.0,Tirmizî,İlim,Hicr,99,6,"Hicr, 15/99.",23.03.2018,23.03.2018 İBADET HAYATIMIZ VE GÖNÜL DÜNYAMIZ,metinler,baslik_eslesti,Sana ölüm gelinceye kadar Rabbine ibadet et
252,dogru,1.0,Tirmizî,İlim,Tirmizî,İlim,2,"Tirmizî, İlim, 2.",23.03.2018,30.03.2018 VAHYİN İNSANLIĞA İLK MESAJI: OKU!,metinler,baslik_eslesti+tarih_duzeltildi,"İlim için yola koyulan kimse, dönünceye kadar Allah yolundadır."
253,dogru,1.0,Tirmizî,İlim,Tirmizî,İlim,6,"Tirmizî, İlim, 19.",09.09.2022,09.09.2022 İLİM BİR NURDUR,metinler,baslik_eslesti,Kuşkusuz âlimler peygamberlerin vârisleridir. Peygamberler miras olarak ne altın ne de gümüş bırakmışlardır; onların bıraktıkları yegâne miras ilimdir.
254,dogru,1.0,Tirmizî,İlim,Tirmizî,İlim,7,"Tirmizî, İlim, 19.",09.09.2022,09.09.2022 İLİM BİR NURDUR,metinler,baslik_eslesti,Kim ilim öğrenmek için yola çıkarsa Allah da ona cennete giden yolu kolaylaştırır.
255,dogru,1.0,Tirmizî,İlim,Tirmizî,İlim,5,"Tirmizî, İlim, 19.",08.09.2023,"08.09.2023 İLİM YOLU, CENNET YOLUDUR",metinler,baslik_eslesti,"İlim öğrenmek için yola koyulan kişiye, Allah cennete giden yolu kolaylaştırır."
256,dogru,1.0,Tirmizî,İlim,Tirmizî,İlim,2,"Tirmizî, İlim, 19.",06.09.2024,"06.09.2024 İLİM VE EĞİTİM, AHLAKLA YÜCELİR",metinler,baslik_eslesti,"Kim ilim için yola çıkarsa Allah ona cennete giden yolu kolaylaştırır. Melekler, ilim tahsil edenler üzerine kanatlarını gerer..."
257,dogru,1.0,Tirmizî,İlim,Tirmizî,İlim,4,"Tirmizî, İlim, 19.",05.09.2025,05.09.2025 İLİM HAKKI BİLMEKTİR,metinler,baslik_eslesti,"Kim, ilim için yola çıkarsa Allah ona cennete giden yolu kolaylaştırır."
258,kirpilmis_duzeltildi,1.0,Müslim,Zühd,Müslim,Zühd ve rekâik,2,"Müslim, Zühd ve rekâik, 64.",16.05.2014,16.05.2014 MÜMİNLER TEK VÜCUT GİBİDİR,metinler,baslik_eslesti,Müminin durumuna şaşılır! Her hâli kendisi için hayırlıdır. Bu durum yalnız mümine mahsustur. Başına sevinecek bir hâl geldiğinde şükreder; bu onun için hayır olur. Başına bir sıkıntı geldiğinde ona sabreder; bu da onun için hayır olur.
259,kirpilmis_duzeltildi,1.0,Müslim,Zühd,Müslim,Zühd ve rekâik,7,"Müslim, Zühd ve rekâik, 64.",12.12.2014,"12.12.2014 MUSİBETLER KARŞISINDA SABIR, MÜMİNCE BİR",metinler,baslik_eslesti,Müminin durumu ne ilginçtir! Her hâli kendisi için hayırlıdır. Bu durum yalnız mümine mahsustur. Başına sevinecek bir hâl geldiğinde şükreder; bu onun için hayır olur. Başına bir sıkıntı gelecek olursa ona da sabreder; onun için bu da hayır olur.
260,dogru,1.0,Müslim,Zühd,Müslim,Zühd,4,"Müslim, Zühd, 44.",19.05.2017,19.05.2017 GERÇEK ÖZGÜRLÜK: ALLAH’A KULLUK,metinler,baslik_eslesti,"Her kim Allah için bir mescit inşa ederse, Allah da ona cennette benzeri bir köşk ihsan eder."
261,dogru,1.0,Müslim,Zühd,Müslim,Zühd,3,"Müslim, Zühd, 64.",22.11.2019,22.11.2019 MUSİBETLER KARŞISINDA MÜMİNİN TAVRI,metinler,baslik_eslesti,Müminin hali ne hoştur! Her hali kendisi için hayırlıdır ve bu durum yalnız mümine mahsustur. Başına güzel bir iş geldiğinde şükreder; bu onun için hayır olur. Başına bir sıkıntı geldiğinde sabreder; bu da onun için hayır olur.
262,dogru,1.0,Müslim,Zühd,Müslim,Zühd,2,"Müslim, Zühd, 64.",31.01.2020,31.01.2020 AFETLERE KARŞI BİLİNÇLİ OLALIM,metinler,baslik_eslesti,Müminin durumu ne hoştur! Her hâli kendisi için hayırlıdır. Bu durum sadece mümine hastır. Bir nimetle karşılaştığında şükreder; bu onun için hayır olur. Bir musibetle karşılaştığında ise sabreder; bu da onun için hayır olur.
263,dogru,1.0,Müslim,Zühd,Müslim,Zühd,7,"Müslim, Zühd, 64.",27.03.2020,27.03.2020 ZORLUKLAR KARŞISINDA MÜMİN,metinler,baslik_eslesti,Müminin durumu ne hoştur! Her hâli kendisi için hayırlıdır. Bu durum yalnız mümine mahsustur. Başına sevinecek bir hâl geldiğinde şükreder; bu onun için hayır olur. Başına bir sıkıntı geldiğinde sabreder; bu da onun için hayır olur.
264,dogru,1.0,Müslim,Zühd,Müslim,Zühd,3,"Müslim, Zühd, 44.",24.07.2020,"24.07.2020 AYASOFYA: FETHİN NİŞANESİ, FATİH’İN EMAN",metinler,baslik_eslesti,"Her kim Allah için bir mescit bina ederse, Allah da ona cennette bu mescidin benzeri bir köşk bina eder."
265,dogru,0.935,Müslim,Zühd,Müslim,Zühd,3,"Müslim, Zühd, 44.",16.10.2020,"24.07.2020 AYASOFYA: FETHİN NİŞANESİ, FATİH’İN EMAN",metinler,baslik_eslesti+tarih_duzeltildi,"Her kim Allah için bir mescit bina ederse, Allah da ona cennette bu mescidin bir benzerini bina eder."
266,dogru,1.0,Müslim,Zühd,Müslim,Zühd,4,"Müslim, Zühd, 64.",26.02.2021,26.02.2021 ZOR ZAMANLARDA MANEVİYATIMIZDAN DESTEK A,metinler,baslik_eslesti,Müminin durumu ne hoştur! Her hâli kendisi için hayırlıdır. Bu durum yalnız mümine mahsustur. Başına sevinecek bir hâl geldiğinde şükreder; bu onun için hayır olur. Başına bir sıkıntı geldiğinde sabreder; bu da onun için hayır olur.
267,kirpilmis_duzeltildi,1.0,Tirmizî,Deav,Tirmizî,Deavât,6,"Tirmizî, Deavât, 89.",21.02.2014,21.02.2014 KALB-İ SELİM (III),metinler,baslik_eslesti,Ey kalpleri bir halden diğer bir hale çeviren Rabbim! Benim kalbimi dinin üzere sabit kıl.
268,HATALI,1.0,Tirmizî,Deav,Müslim,İman,2,"Müslim, İman, 57.",22.08.2014,22.08.2014 HAYÂ HAYATTIR!,metinler,baslik_eslesti,İmanın yetmiş küsür şubesi vardır... Hayâ da imandan bir şubedir.
269,HATALI,1.0,Tirmizî,Deav,Buhârî,Umre,2,"Buharî, Umre 1.",22.08.2014,05.09.2014 HAC: KALBE YOLCULUK,metinler,baslik_eslesti+tarih_duzeltildi,Allah tarafından kabul edilmiş haccın karşılığı ancak cennettir.
270,kirpilmis_duzeltildi,1.0,Tirmizî,Deav,Tirmizî,Deavât,2,"Tirmizî, Deavât, 1.",10.02.2017,10.02.2017 MÜMİNCE YAKARIŞIN ADI: DUA,metinler,baslik_eslesti,"Dua, ibadetin özüdür."
271,kirpilmis_duzeltildi,1.0,Tirmizî,Deav,Tirmizî,Deavât,6,"Tirmizî, Deavât, 86.",21.08.2018,21.08.2018 KURBAN BAYRAMI,metinler,baslik_eslesti,Temizlik imanın yarısıdır
272,kirpilmis_duzeltildi,1.0,Tirmizî,Deav,Tirmizî,Deavât,7,"Tirmizî, Deavât, 15.",14.12.2018,14.12.2018 RAHMET VE MAĞFİRET KAPISI: TEVBE,metinler,baslik_eslesti,"Allahım! Sensin benim Rabbim, senden başka ilâh yok. Beni yarattın ben de senin kulunum. Ben gücüm yettiğince sana verdiğim sözün ve senin vaadin üzereyim. Yaptıklarımın şerrinden sana sığınırım. Üzerimdeki nimetini itiraf ediyorum. Ve günahımı da itiraf ediyorum. Beni, günahlarımı bağışla çünkü günahları senden başka affedecek hiç kimse yoktur."
273,kirpilmis_duzeltildi,1.0,Tirmizî,Deav,Tirmizî,Deavât,5,"Tirmizî, Deavât, 86.",11.08.2019,11.08.2019 KURBAN BAYRAMI,metinler,baslik_eslesti,Temizlik imanın yarısıdır
274,kirpilmis_duzeltildi,1.0,Tirmizî,Deav,Tirmizî,Deavât,3,"Tirmizî, Deavât, 86.",31.07.2020,31.07.2020 KURBAN BAYRAMI: TAKVA YOLCULUĞU,metinler,baslik_eslesti,Temizlik imanın yarısıdır.
275,kirpilmis_duzeltildi,1.0,Tirmizî,Deav,Tirmizî,Deavât,2,"Tirmizî, Deavât, 9.",26.02.2021,26.02.2021 ZOR ZAMANLARDA MANEVİYATIMIZDAN DESTEK A,metinler,baslik_eslesti,"Zor zamanlarda duasının kabul edilmesini isteyen kişi, rahat zamanında çokça dua etsin."
276,kirpilmis_duzeltildi,1.0,Tirmizî,Rad,Tirmizî,Radâ’,5,"Tirmizî, Radâ’, 11.",08.03.2013,08.03.2013 BİR KUL OLARAK KADIN,metinler,baslik_eslesti,Sizin en hayırlılarınız hanımlarına karşı en iyi davrananınızdır
277,kirpilmis_duzeltildi,1.0,Tirmizî,Rad,Tirmizî,Radâ,7,"Tirmizi, Radâ, 11.",12.04.2013,12.04.2013 PEYGAMBERİMİZ VE İNSAN ONURU,metinler,baslik_eslesti,Sizin hayırlılarınız kadınlarına iyi davrananlardır.
278,kirpilmis_duzeltildi,1.0,Tirmizî,Rad,Tirmizî,Radâ’,2,"Tirmizî, Radâ’, 11.",03.02.2017,"03.02.2017 AHİT, AKİT VE MİSAK OLARAK NİKÂH",metinler,baslik_eslesti,"Müminlerin iman bakımından en olgun olanları, ahlâkı en güzel olanlarıdır. Sizin en hayırlılarınız da eşine karşı en iyi davrananlarınızdır."
279,tur_hatasi,1.0,Tirmizî,Rad,Mutaffifin,1,2,"Mutaffifîn, 83/1-3.",02.03.2018,02.03.2018 İSLAM’DA TİCARET AHLAKI,metinler,baslik_eslesti,"Ölçü ve tartıda hile yapanlara yazıklar olsun. Onlar, insanlardan bir şey aldıklarında tam ölçüp tartarlar. Kendileri başkalarına vermek için ölçtüklerinde ise eksik tartarlar..."
280,kirpilmis_duzeltildi,1.0,Tirmizî,Rad,Tirmizî,Radâ,2,"Tirmizî, Radâ, 11.",02.03.2018,"09.03.2018 İSLAM'DA KADIN: ADALET, MERHAMET VE HAKK",metinler,baslik_eslesti+tarih_duzeltildi,"Biliniz ki, sizin, hanımlarınız üzerinde hakkınız olduğu gibi, hanımlarınızın da sizin üzerinizde hakları vardır"
281,kirpilmis_duzeltildi,1.0,Tirmizî,Rad,Tirmizî,Radâ,8,"Tirmizî, Radâ, 11.",02.03.2018,"09.03.2018 İSLAM'DA KADIN: ADALET, MERHAMET VE HAKK",metinler,baslik_eslesti+tarih_duzeltildi,Sizin en hayırlınız hanımlarına karşı en iyi davranandır
282,kirpilmis_duzeltildi,1.0,Tirmizî,Rad,Tirmizî,Radâ,5,"Tirmizî, Radâ, 11.",27.07.2018,27.07.2018 İMAN-AMEL İLİŞKİSİ,metinler,baslik_eslesti,Müminlerin iman bakımından en olgun olanları ahlakı en güzel olanlarıdır.
283,kirpilmis_duzeltildi,1.0,Tirmizî,Rad,Tirmizî,Radâ,2,"Tirmizî, Radâ, 11.",15.11.2019,15.11.2019 PEYGAMBERİMİZ VE AİLE,metinler,baslik_eslesti,"Sizin hanımlarınız üzerinde hakkınız olduğu gibi, hanımlarınızın da sizin üzerinizde hakları vardır."
284,kirpilmis_duzeltildi,1.0,Tirmizî,Rad,Tirmizî,Radâ,3,"Tirmizî, Radâ, 11.",29.08.2025,29.08.2025 ÂLEMLERE RAHMET HZ. MUHAMMED (S.A.S),metinler,baslik_eslesti,Dikkat edin! Sizin kadınlar üzerinde hakkınız olduğu gibi onların da sizin üzerinizde hakları vardır.
285,kirpilmis_duzeltildi,1.0,İbn Mâce,Nik,İbn Mâce,Nikâh,2,"İbn Mâce, Nikâh, 50.",13.05.2016,13.05.2016 HUZUR VE MUHABBET OCAĞI: AİLEMİZ,metinler,baslik_eslesti,"En hayırlınız, ailesine karşı en hayırlı olanınızdır."
286,kirpilmis_duzeltildi,1.0,İbn Mâce,Nik,İbn Mâce,Nikâh,4,"İbn Mâce, Nikâh, 46.",05.01.2018,05.01.2018 DÜNYADAKİ CENNETİMİZ: AİLE,metinler,baslik_eslesti,"Evleneceğiniz eş konusunda seçici davranın, denginizle evlenin. Kızlarınızı da emsalleriyle evlendirin."
287,kirpilmis_duzeltildi,1.0,İbn Mâce,Nik,İbn Mâce,Nikâh,2,"İbn Mâce, Nikâh, 50.",11.05.2018,11.05.2018 ADALET VE İHSAN YUVASI: AİLE,metinler,baslik_eslesti,"Sizin en hayırlınız ailesine en güzel şekilde davranandır. Ben, aranızda ailesine en güzel davranan kişiyim."
288,kirpilmis_duzeltildi,1.0,İbn Mâce,Nik,İbn Mâce,Nikâh,4,"İbn Mâce, Nikâh, 1.",07.06.2019,"07.06.2019 AİLE OLMAK, AİLE KALMAK",metinler,baslik_eslesti,Nikâh benim sünnetimdir. Kim benim sünnetimden yüz çevirirse benden değildir.
289,kirpilmis_duzeltildi,0.947,İbn Mâce,Nik,İbn Mâce,Nikâh,3,"İbn Mâce, Nikâh, 1.",20.05.2022,28.10.2022 AİLE OLMAK: İLAHİ LÜTUF,metinler,baslik_eslesti+tarih_duzeltildi,Nikâh benim sünnetimdir. Kim benim sünnetime uygun davranmazsa benden değildir.
290,kirpilmis_duzeltildi,1.0,İbn Mâce,Nik,İbn Mâce,Nikâh,3,"İbn Mâce, Nikâh, 1.",28.10.2022,28.10.2022 AİLE OLMAK: İLAHİ LÜTUF,metinler,baslik_eslesti,Nikâh benim sünnetimdir. Benim sünnetime uygun davranmayan benden değildir…
291,kirpilmis_duzeltildi,1.0,İbn Mâce,Nik,İbn Mâce,Nikâh,3,"İbn Mâce, Nikâh, 1.",07.07.2023,07.07.2023 EVLİLİKLERİMİZ KOLAY OLSUN,metinler,baslik_eslesti,Nikâh benim sünnetimdir. Kim benim sünnetime uygun davranmazsa benden değildir.
292,kirpilmis_duzeltildi,1.0,İbn Mâce,Nik,İbn Mâce,Nikâh,9,"İbn Mâce, Nikâh, 1.",13.06.2025,13.06.2025 DÜĞÜN YAPMANIN DA BİR ÂDÂBI VARDIR,metinler,baslik_eslesti,"Nikâh benim sünnetimdir. Kim benim sünnetime uygun davranmazsa benden değildir. Evlenin, çoğalın. Çünkü ben, kıyamet günü diğer ümmetlere karşı sizin çokluğunuzla iftihar edeceğim."
293,kirpilmis_duzeltildi,1.0,İbn Mâce,Nik,İbn Mâce,Nikâh,3,"İbn Mâce, Nikâh, 50.",31.10.2025,31.10.2025 AİLEDE HUZURUN KAYNAĞI: MERHAMET VE MUHA,metinler,baslik_eslesti,"Sizin en hayırlınız, ailesine en hayırlı olandır. İçinizde ailesine karşı en hayırlı olan da benim"
294,kirpilmis_duzeltildi,1.0,Buhârî,Nik,Buhârî,Nikâh,9,"Buhârî, Nikâh, 81.",25.11.2011,"25.11.2011 EŞİMİZ, EVLADIMIZ, ANNEMİZ: KADIN",metinler,baslik_eslesti,"Biz Peygamber(sas) zamanında hakkımızda vahiy indirilir korkusuyla, hanımlarımıza kaba davranmaktan ve onları incitici söz söylemekten çekinirdik. Maalesef Efendimizin(sas) vefatından sonra aynı duyarlılığı gösteremez olduk."
295,kirpilmis_duzeltildi,1.0,Buhârî,Nik,Buhârî,Nikâh,2,"Buhârî, Nikâh, 42.",05.01.2018,05.01.2018 DÜNYADAKİ CENNETİMİZ: AİLE,metinler,baslik_eslesti,Rızaları olmadan kızlarınızı evlendirmeyin!
296,kirpilmis_duzeltildi,1.0,Buhârî,Nik,Buhârî,Nikâh,5,"Buhârî, Nikâh, 69.",20.07.2018,20.07.2018 DÜĞÜN ÂDÂBI,metinler,baslik_eslesti,Bir koyunla dahi olsa düğün yemeği ver.
297,kirpilmis_duzeltildi,1.0,Buhârî,Nik,Buhârî,Nikâh,5,"Buhârî, Nikâh, 3, Müslîm, Nikâh, 1.",07.06.2019,"07.06.2019 AİLE OLMAK, AİLE KALMAK",metinler,baslik_eslesti,"Ey genç topluluğu, aranızdan evlenmeye gücü yetenler evlensin."
298,kirpilmis_duzeltildi,1.0,Buhârî,Nik,Buhârî,Nikâh,6,"Buhârî, Nikâh, 3, Müslîm, Nikâh, 1.",07.06.2019,"07.06.2019 AİLE OLMAK, AİLE KALMAK",metinler,baslik_eslesti,"evlenmek, gözü haramdan çevirmek ve iffeti korumak için en iyi yoldur."
299,kirpilmis_duzeltildi,1.0,Buhârî,Nik,Buhârî,Nikâh,2,"Buhârî, Nikâh, 3.",10.06.2022,10.06.2022 BİR YUVA KURALIM,metinler,baslik_eslesti,"Ey genç topluluğu! Aranızdan evlenmeye gücü yetenler evlensin. Çünkü evlenmek, gözü haramdan korumak ve iffeti muhafaza etmek için en iyi yoldur."
300,kirpilmis_duzeltildi,1.0,Buhârî,Nik,Buhârî,Nikâh,3,"Buhârî, Nikâh, 3.",16.05.2025,"16.05.2025 AİLE: GÜVEN, SADAKAT VE MERHAMET YUVASI",metinler,baslik_eslesti,"…Evlenmek, gözü haramdan korumak, iffeti muhafaza etmek için en iyi yoldur…"
301,kirpilmis_duzeltildi,1.0,Buhârî,Nik,Buhârî,Nikâh,4,"Buhârî, Nikâh, 3; Müslim, Nikâh, 1.",12.09.2025,12.09.2025 PEYGAMBERİMİZ VE AİLE AHLAKI,metinler,baslik_eslesti,"Evlenmek, gözü haramdan çevirmek ve iffeti korumak için en iyi yoldur."
302,dogru,1.0,Müslim,İman,Müslim,İman,4,"Müslim, İman, 93.",27.11.2015,27.11.2015 İMANI HAYAT KILABİLMEK,metinler,baslik_eslesti,"İman etmeden cennete giremezsiniz, birbirinizi sevmeden de gerçek anlamda iman etmiş olamazsınız."
303,dogru,1.0,Müslim,İman,Müslim,İman,3,"Müslim, İman, 164.",29.07.2016,"29.07.2016 EN BÜYÜK BOZGUNCULUK, DİNİN MUAZZEZ DEĞE",metinler,baslik_eslesti,Bizi aldatan bizden değildir
304,dogru,1.0,Müslim,İman,Müslim,İman,2,"Müslim, İman, 93.",28.04.2017,28.04.2017 GÜVEN VE MUHABBET KÖPRÜSÜ: SELAM,metinler,baslik_eslesti,İman etmedikçe cennete giremezsiniz! Birbirinizi sevmedikçe de kâmil anlamda iman etmiş olamazsınız! Size birbirinizi sevmenize vesile olacak bir davranış öğreteyim mi? Aranızda selâmı yayın!
305,dogru,1.0,Müslim,İman,Müslim,İman,1,"Müslim, İman, 164.",17.09.2021,17.09.2021 TİCARET HAYATINDA HELAL HARAM BİLİNCİ,metinler,baslik_eslesti,"Öyleyse insanların görmeleri için ıslak olan kısmı üste koyman gerekmez miydi? Bizi aldatan, bizden değildir!"
306,dipnotsuz,1.0,Müslim,İman,,,,,17.09.2021,17.09.2021 TİCARET HAYATINDA HELAL HARAM BİLİNCİ,metinler,baslik_eslesti,"Eline, diline, beline sahip ol! Kapını, kalbini, alnını açık tut! Eşine, işine, aşına özen göster. Harama bakma, haram yeme, haram içme! Yanlış ölçme, eksik tartma! Dünya malına tamah etme! Kuvvetli iken affetmesini, hiddetli iken yumuşamasını bil!"
307,dogru,1.0,Müslim,İman,Müslim,İman,4,"Müslim, İman, 164.",08.04.2022,08.04.2022 RAMAZAN VE DOĞRULUK,metinler,baslik_eslesti,Bizi aldatan bizden değildir.
308,dogru,1.0,Müslim,İman,Müslim,İman,3,"Müslim, İman, 93.",22.07.2022,22.07.2022 HER CAN MUKADDESTİR,metinler,baslik_eslesti,"İman etmeden cennete giremezsiniz, birbirinizi sevmeden de gerçek anlamda iman etmiş olamazsınız."
309,dogru,1.0,Müslim,İman,Müslim,İman,1,"Müslim, İman, 182.",27.06.2025,27.06.2025 KAMU HAKKI DOKUNULMAZDIR,metinler,baslik_eslesti,Hayır! Ben onu kamu malından çaldığı bir hırka ile cehennemde gördüm.
310,dogru,1.0,Buhârî,İlim,Buhârî,İlim,2,"Buhârî, İlim, 9; Müslim, Kasâme, 30.",05.07.2019,"05.07.2019 NESLİN KORUNMASI: ERDEMLİ BİR NESİL, HUZ",metinler,baslik_eslesti,"Ey insanlar! Bu Zilhicce ayınızda, bu Mekke şehrinizde, bu Kurban Bayramı gününüz nasıl mukaddes ise kanlarınız, mallarınız ve ırzlarınız da aynı şekilde mukaddestir."
311,dogru,1.0,Buhârî,İlim,Buhârî,İlim,3,"Buhârî, İlim, 9; Müslim, Kasâme, 30.",13.09.2019,13.09.2019 HER CAN DOKUNULMAZDIR,metinler,baslik_eslesti,"Bu Zilhicce ayınız, bu Mekke şehriniz, bu arefe gününüz nasıl mukaddes ise, kanlarınız, mallarınız ve ırzlarınız da aynı şekilde mukaddestir, dokunulmazdır."
312,dogru,1.0,Buhârî,İlim,Buhârî,İlim,4,"Buhârî, İlim, 11.",02.07.2021,02.07.2021 DÜĞÜNLERİMİZDE NEBEVÎ ÖLÇÜYE RİAYET EDEL,metinler,baslik_eslesti,"Kolaylaştırın, zorlaştırmayın! Müjdeleyin, nefret ettirmeyin!"
313,dogru,1.0,Buhârî,İlim,Buhârî,İlim,1,"Buhârî, İlim, 9.",19.11.2021,19.11.2021 ŞİDDET İNSAN ONURUYLA ASLA BAĞDAŞMAZ,metinler,baslik_eslesti,"Ey insanlar! Bu Zilhicce ayınız, bu Mekke şehriniz, bu gününüz nasıl mukaddes ise kanlarınız, mallarınız, ırzlarınız, şeref ve namusunuz da aynı şekilde mukaddestir."
314,dogru,1.0,Buhârî,İlim,Buhârî,İlim,1,"Buhârî, İlim, 11.",10.06.2022,10.06.2022 BİR YUVA KURALIM,metinler,baslik_eslesti,"Kolaylaştırın, zorlaştırmayın; müjdeleyin, nefret ettirmeyin!"
315,dogru,1.0,Buhârî,İlim,Buhârî,İlim,4,"Buhârî, İlim, 11.",01.12.2023,"01.12.2023 İNSAN, ÖZÜ İTİBARİYLE DEĞERLİDİR",metinler,baslik_eslesti,"Kolaylaştırın, zorlaştırmayın! Müjdeleyin, nefret ettirmeyin!"
316,dogru,1.0,Buhârî,İlim,Buhârî,İlim,1,"Buhârî, İlim, 9.",01.11.2024,01.11.2024 HER CANIN DOKUNULMAZLIĞI VARDIR,metinler,baslik_eslesti,"Ey insanlar! Bu Zilhicce ayınız, bu Mekke şehriniz, bu arefe gününüz nasıl mukaddes ise canlarınız, mallarınız, ırzlarınız, şeref ve namusunuz da aynı şekilde mukaddestir, dokunulmazdır."
317,kirpilmis_duzeltildi,1.0,Buhârî,İm,Buhârî,İmân,5,"Buhârî, İmân, 5.",27.07.2012,27.07.2012 SEVGİ VE BARIŞ DİLİ: SELÂM,metinler,baslik_eslesti,Yemek yedirmen ve tanıdığın tanımadığın herkese selâm vermendir.
318,kirpilmis_duzeltildi,1.0,Buhârî,İm,Buhârî,İmân,3,"Buhârî, İmân, 7.",13.06.2014,13.06.2014 İMANIN ŞUBELERİ,metinler,baslik_eslesti,Kendi nefsiniz için istediğiniz bir şeyi kardeşiniz için de istemedikçe gerçekten iman etmiş olmazsınız.
319,kirpilmis_duzeltildi,1.0,Buhârî,İm,Buhârî,İmân,3,"Buhârî, İmân, 7.",27.06.2014,"27.06.2014 KİMSE KİMSESİZ KALMASIN, BU RAMAZAN VE H",metinler,baslik_eslesti,Kişi kendisi için istediğini din kardeşi için de istemedikçe tam anlamıyla iman etmiş olamaz.
320,kirpilmis_duzeltildi,1.0,Buhârî,İm,Buhârî,İmân,2,"Buhari, İmân, 39.",08.08.2014,"08.08.2014 SADIK İMAN, SAMİMİ NİYET, SALİH AMEL",metinler,baslik_eslesti,"Dikkat edin! Vücutta öyle bir et parçası vardır ki, o salih yani iyi ve düzgün olursa bütün vücut salih yani iyi ve düzgün olur. O bozulursa bütün vücut bozulur. Dikkat edin! O, kalptir."
321,kirpilmis_duzeltildi,1.0,Buhârî,İm,Buhârî,İmân,2,"Buhârî, İmân, 7.",14.08.2015,14.08.2015 İMANIN TEZAHÜRÜ: FEDAKÂRLIK VE İSÂR,metinler,baslik_eslesti,"Sizden biriniz, kendisi için istediğini mümin kardeşi için de istemedikçe gerçek anlamda iman etmiş olamaz."
322,kirpilmis_duzeltildi,1.0,Buhârî,İm,Buhârî,İmân,2,"Buhârî, İmân, 7.",28.11.2025,28.11.2025 FEDAKÂRLIĞIN ZİRVESİ: ÎSÂR,metinler,baslik_eslesti,Kendiniz için istediğinizi mümin kardeşiniz için de istemedikçe gerçek anlamda iman etmiş olamazsınız
323,kirpilmis_duzeltildi,1.0,Müslim,Zek,Müslim,Zekât,4,"Müslim, Zekât, 19",26.09.2014,26.09.2014 İŞ VE TİCARET AHLAKI-ÂHİLİK,metinler,baslik_eslesti,"Yediği haram, içtiği haram, giydiği haram bir kimsenin duasına Allah cevap verir mi?"
324,kirpilmis_duzeltildi,1.0,Müslim,Zek,Müslim,Zekât,4,"Müslim, Zekât, 19",26.09.2014,26.09.2014 İŞ VE TİCARET AHLAKI-ÂHİLİK,metinler,baslik_eslesti,Emanetleri ehline verin
325,kirpilmis_duzeltildi,1.0,Müslim,Zek,Müslim,Zekât,2,"Müslim, Zekât, 65; Tirmizî,Tefsîru’l-Kur’ân, 2.",02.11.2018,02.11.2018 TEMİZ GIDA TEMİZ NESİL,metinler,baslik_eslesti,"Fakat onun yediği haram, içtiği haram, giydiği haram, gıdası haram idi. Peki, böyle birisinin duası nasıl kabul edilsin?"
326,kirpilmis_duzeltildi,1.0,Müslim,Zek,Müslim,Zekât,2,"Müslim, Zekât, 36.",10.05.2019,10.05.2019 RAMAZAN VE İNFAK,metinler,baslik_eslesti,"Ey Âdemoğlu! İnfak et ki, ben de sana infak edeyim."
327,kirpilmis_duzeltildi,1.0,Müslim,Zek,Müslim,Zekât,2,"Müslim, Zekât, 124.",03.07.2020,03.07.2020 SABRIN SONU SELAMETTİR,metinler,baslik_eslesti,"Kim sabrederse, Allah da ona dayanma gücü verir. Hiç kimseye sabırdan daha hayırlı ve daha geniş bir ikram verilmemiştir."
328,kirpilmis_duzeltildi,1.0,Müslim,Zek,Müslim,Zekât,2,"Müslim, Zekât, 36.",30.04.2021,30.04.2021 İNFAK TOPLUMUN ŞİFASIDIR,metinler,baslik_eslesti,"Ey Âdemoğlu! İnfak et ki, ben de sana infak edeyim."
329,dogru,1.0,İbn Mâce,Sunne,İbn Mâce,Sunne,1,"İbn Mâce, Sunne, 11/4.",02.12.2011,02.12.2011 KERBELA’YI ANLAMAK,metinler,baslik_eslesti,cennet gençlerinin efendileri
330,dogru,1.0,İbn Mâce,Sunne,İbn Mâce,Sunne,2,"İbn Mâce, Sunne, 11/4.",08.11.2013,08.11.2013 MUHARREM AYI VE KERBELÂ,metinler,baslik_eslesti,cennet gençlerinin efendileri
331,tur_hatasi,1.0,İbn Mâce,Sunne,Al-i İmran,147,7,"Âl-i İmrân, 3/147.",22.08.2014,29.08.2014 ZAFERLER ALLAH’TANDIR,metinler,baslik_eslesti+tarih_duzeltildi,"Ey Rabbimiz! Bizim günahlarımızı ve işlerimizdeki taşkınlıklarımızı bağışla! Ayaklarımızı dinin üzere sabit kıl! Ve Kâfirler güruhuna karşı bize yardım eyle, bize zafer ihsan eyle!"
332,dogru,1.0,İbn Mâce,Sunne,İbn Mâce,Sunne,7,"İbn Mâce, Sunne, 23.",22.08.2014,12.09.2014 BİLGİ AHLÂKI,metinler,baslik_eslesti+tarih_duzeltildi,"Allahım! Fayda vermeyen ilimden, kabul edilmeyen duadan, korkmayan kalpten ve doymayan nefisten sana sığınırım."
333,dogru,1.0,İbn Mâce,Sunne,İbn Mâce,Sunne,4,"İbn Mâce, Sunne, 11/4.",23.10.2015,23.10.2015 KERBELÂ’YI DOĞRU ANLAMAK,metinler,baslik_eslesti,cennet gençlerinin efendisi
334,dogru,1.0,İbn Mâce,Sunne,İbn Mâce,Sunne,3,"İbn Mâce, Sunne, 11/4.",07.10.2016,07.10.2016 YÜREKLERİMİZİ SAHRÂ-I KERBELÂ’YA DÖNÜŞTÜ,metinler,baslik_eslesti,cennet gençlerinin efendisi
335,kirpilmis_duzeltildi,1.0,İbn Mâce,İk,İbn Mâce,İkâmet,3,"İbn Mâce, İkâmet, 93.",19.07.2019,19.07.2019 CUMA NAMAZI VE ADABI,metinler,baslik_eslesti,Her kim önemsemediğinden dolayı Cuma namazını üç defa terk ederse kalbi mühürlenir.
336,kirpilmis_duzeltildi,1.0,İbn Mâce,İk,İbn Mâce,İkâme,1,"İbn Mâce, İkâme, 196; Ebû Dâvûd, Salat, 14.",07.02.2020,07.02.2020 KUDÜS İSLAM YURDUDUR,metinler,baslik_eslesti,Kandillerinde kullanılmak maksadıyla oraya zeytinyağı gönderirsin. Böyle yapan da oraya gitmiş gibi olur.
337,kirpilmis_duzeltildi,1.0,İbn Mâce,İk,İbn Mâce,İkâmet,3,"İbn Mâce, İkâmet, 93.",10.09.2021,10.09.2021 CUMA NAMAZI: HAFTALIK BULUŞMAMIZ,metinler,baslik_eslesti,Her kim önemsemediğinden dolayı Cuma namazını üç defa terk ederse kalbi mühürlenir.
338,kirpilmis_duzeltildi,1.0,İbn Mâce,İk,İbn Mâce,İkâmet,8,"İbn Mâce, İkâmet, 93.",09.12.2022,09.12.2022 HAYDİ NAMAZA! HAYDİ KURTULUŞA!,metinler,baslik_eslesti,Her kim önemsemediğinden dolayı Cuma namazını üç defa terk ederse kalbi mühürlenir.
339,kirpilmis_duzeltildi,1.0,İbn Mâce,İk,İbn Mâce,İkâmet,5,"İbn Mâce, İkâmet, 191.",23.02.2024,23.02.2024 BERAT GECESİ: GÜNAHLARDAN ARINMA VESİLES,metinler,baslik_eslesti,"Benden bağışlanma dileyen yok mu, onu bağışlayayım! Benden rızık isteyen yok mu, onu rızıklandırayım! Belaya düçar olan yok mu, ona afiyet vereyim!"
340,kirpilmis_duzeltildi,1.0,İbn Mâce,İk,İbn Mâce,İkâmet,4,"İbn Mâce, İkâmet, 93.",15.11.2024,15.11.2024 ÂDÂB VE ERKÂNIYLA CUMA NAMAZI,metinler,baslik_eslesti,"Kim, önemsemediğinden dolayı Cuma namazını üç defa terk ederse kalbi mühürlenir."
341,kirpilmis_duzeltildi,1.0,Buhârî,Sal,Buhârî,Salât,2,"Buhârî, Salât, 88; Müslim, Birr ve Sıla, 65.",21.08.2015,21.08.2015 BİRLİK VE BERABERLİĞİMİZİN HARCI: KARDEŞ,metinler,baslik_eslesti,"Müminlerin birbirlerine olan bağlılığı, birbirine kenetlenerek inşa edilmiş bir binanın duvarları gibidir."
342,kirpilmis_duzeltildi,1.0,Buhârî,Sal,Buhârî,Salât,2,"Buhârî, Salât, 56.",30.09.2016,30.09.2016 CAMİ VE KİTAP MEDENİYETİ,metinler,baslik_eslesti,"Yeryüzü, bana mescid kılındı; temiz kılındı."
343,kirpilmis_duzeltildi,1.0,Buhârî,Sal,Buhârî,Salât,2,"Buhârî, Salât, 88; Müslim, Birr ve Sıla, 65.",14.07.2017,14.07.2017 SALÂLARIN ŞAHİT OLDUĞU DİRENİŞ: 15 TEMMU,metinler,baslik_eslesti,"Müminler, bir binanın yapı taşları gibidir. Onlar, birbirlerinin hayata tutunmasını temin ederler."
344,kirpilmis_duzeltildi,1.0,Buhârî,Sal,Buhârî,Salât,4,"Buhârî, Salât, 88.",24.03.2023,24.03.2023 RAMAZAN VE DAYANIŞMA,metinler,baslik_eslesti,Müminler tuğlaları birbirine sımsıkı kenetlenmiş bir bina gibidir.
345,kirpilmis_duzeltildi,1.0,Buhârî,Sal,Buhârî,Salât,2,"Buhârî, Salât, 88.",19.01.2024,"19.01.2024 BİZİ GÜÇLÜ KILAN, BİRLİK VE BERABERLİĞİM",metinler,baslik_eslesti,"Müminler, birbirini destekleyen bir binanın tuğlaları gibidir."
346,kirpilmis_duzeltildi,1.0,Buhârî,Tal,Buhârî,Talâk,6,"Buhârî, Talâk, 25.",29.03.2013,29.03.2013 SOKAĞIN YETİMLERİ: ÇOCUKLARIMIZ,metinler,baslik_eslesti,"Ben ve yetime kol kanat geren kimse, cennette yan yana olacağız."
347,kirpilmis_duzeltildi,1.0,Buhârî,Tal,Buhârî,Talâk,2,"Buhârî, Talâk, 25.",11.07.2014,11.07.2014 KİMSESİZLERİN KİMSESİ OLABİLMEK,metinler,baslik_eslesti,Ben ve yetime kol kanat geren kimse cennette yan yana olacağız.
348,kirpilmis_duzeltildi,1.0,Buhârî,Tal,Buhârî,Talâk,4,"Buhârî, Talâk, 25.",23.04.2021,23.04.2021 YETİM: CENÂB-I HAKK’IN İNSANLIĞA EMANETİ,metinler,baslik_eslesti,"Ben ve yetime kol kanat geren kimse, cennette böyle yan yana olacağız"
349,kirpilmis_duzeltildi,1.0,Buhârî,Tal,Buhârî,Talâk,5,"Buhârî, Talâk, 25.",29.03.2024,29.03.2024 KARDEŞLİĞİMİZ ZEKÂTLA BEREKETLENSİN,metinler,baslik_eslesti,"İşaret parmağıyla orta parmağını göstererek, ben ve yetime kol kanat geren kimse cennette böyle yan yana olacağız."
350,kirpilmis_duzeltildi,1.0,Buhârî,Tal,Buhârî,Talâk,6,"Buhârî, Talâk, 25.",29.08.2025,29.08.2025 ÂLEMLERE RAHMET HZ. MUHAMMED (S.A.S),metinler,baslik_eslesti,"İşaret parmağıyla orta parmağını bir arada göstererek, ben ve yetime kol kanat geren kimse cennette böyle yan yana olacağız."
351,kirpilmis_duzeltildi,1.0,Buhârî,Tefs,Buhârî,Tefsîr,1,"Buhârî, Tefsîr, Şu’arâ, 2; Müslim, Îmân, 355.",05.08.2016,05.08.2016 KULLUK SADECE ALLAH’A ÖZGÜDÜR,metinler,baslik_eslesti,Ben sizi elîm bir azaba karşı uyarıyorum.
352,kirpilmis_duzeltildi,1.0,Buhârî,Tefs,Buhârî,Tefsîr,1,"Buhârî, Tefsîr, Şu’arâ, 2; Müslim, Îmân, 355.",14.04.2017,14.04.2017 HZ. PEYGAMBER VE GÜVEN TOPLUMU,metinler,baslik_eslesti,Ben sizi elîm bir azaba karşı uyarıyorum.
353,kirpilmis_duzeltildi,1.0,Buhârî,Tefs,Buhârî,Tefsîr,1,"Buhârî, Tefsîr, 74 (1-5); Müddessir, 74/1-5.",06.03.2020,"06.03.2020 ALLAH TEMİZDİR, TEMİZLİĞİ SEVER",metinler,baslik_eslesti,Ey örtüsüne bürünen! Kalk ve uyar! Sadece Rabbinin büyüklüğünü dile getir. Elbiseni tertemiz tut ve her türlü pislikten uzak dur.
354,kirpilmis_duzeltildi,1.0,Buhârî,Tefs,Buhârî,Tefsîr,1,"Buhârî, Tefsîr, (Fâtiha), 1.",08.01.2021,08.01.2021 FÂTİHA SÛRESİ: KUR’AN’IN MUKADDİMESİ,metinler,baslik_eslesti,"Bu sûre, yedi ayetten oluşan, namazlarda tekrar tekrar okunan Fâtiha sûresidir."
355,kirpilmis_duzeltildi,1.0,Buhârî,Tefs,Buhârî,Tefsîr,1,"Buhârî, Tefsîr, Şu’arâ, 2; Müslim, Îmân, 355.",12.11.2021,12.11.2021 İBADET: ALLAH İLE KUL ARASINDAKİ KUTLU B,metinler,baslik_eslesti,Ben sizi elîm bir azaba karşı uyarıyorum.
356,kirpilmis_duzeltildi,1.0,Buhârî,Zek,Buhârî,Zekât,3,"Buhârî, Zekât, 30; Müslim, Zekât, 55.",19.06.2015,19.06.2015 VAKİT İYİLİK VAKTİ: BU RAMAZAN VE HER ZA,metinler,baslik_eslesti,"Böyleleri iyilik yapsın, kendisini kötülükten alıkoysun. Çünkü bu da onun için bir sadakadır."
357,kirpilmis_duzeltildi,1.0,Buhârî,Zek,Buhârî,Zekât,7,"Buhârî, Zekât, 10.",24.06.2016,24.06.2016 ARINMA VESİLESİ: ZEKÂT VE İNFAK,metinler,baslik_eslesti,Yarım hurmayla da olsa cehennemden korunun.
358,kirpilmis_duzeltildi,1.0,Buhârî,Zek,Buhârî,Zekât,2,"Buhârî, Zekât, 63; Müslim, Îmân, 29",18.05.2018,18.05.2018 DİNMEYEN YARAMIZ: KUDÜS,metinler,baslik_eslesti,...Mazlumun bedduasından sakın. Çünkü onunla Allah arasında perde yoktur.
359,alinti_bulunamadi,0.26,Buhârî,Zek,,,,,18.09.2020,18.09.2020 BEREKET: MANEVİ BOLLUK,metinler,baslik_eslesti,"Bu dünya malı göz alıcı ve tatlıdır. Kim bu mala cömert bir gönülle sahip olursa, malı bereketlenir. Ama kim de hırs ve tamah dolu bir kalple bu malı isterse, malının bereketi kaçar."
360,kirpilmis_duzeltildi,1.0,Buhârî,Zek,Buhârî,Zekât,5,"Buhârî, Zekât, 63.",13.12.2024,13.12.2024 HER ZORLUKTAN SONRA KOLAYLIK VARDIR,metinler,baslik_eslesti,Mazlumun bedduasından sakın! Çünkü onunla Allah arasında hiçbir perde yoktur.
361,dogru,1.0,Dârimî,Mukaddime,Dârimî,Mukaddime,3,"Dârimî, Mukaddime, 26.",18.01.2019,18.01.2019 MÜSLÜMANLAR İLİM VE MEDENİYETİN ÖNCÜLERİ,metinler,baslik_eslesti,"Ya öğreten ol, ya öğrenen ol, ya dinleyen ol, ya da ilmi destekleyen ol. Beşincisi olma, helâk olursun!"
362,dogru,1.0,Dârimî,Mukaddime,Dârimî,Mukaddime,2,"Dârimî, Mukaddime, 32.",08.09.2023,"08.09.2023 İLİM YOLU, CENNET YOLUDUR",metinler,baslik_eslesti,"Ben, bir öğretmen olarak gönderildim."
363,dogru,1.0,Dârimî,Mukaddime,Dârimî,Mukaddime,8,"Dârimî, Mukaddime, 26.",08.09.2023,"08.09.2023 İLİM YOLU, CENNET YOLUDUR",metinler,baslik_eslesti,"Ya öğreten ol, ya öğrenen ol, ya dinleyen ol, ya da ilmi destekleyen ol. Beşincisi olma, helâk olursun!"
364,dogru,1.0,Dârimî,Mukaddime,Dârimî,Mukaddime,5,"Dârimî, Mukaddime, 32.",06.09.2024,"06.09.2024 İLİM VE EĞİTİM, AHLAKLA YÜCELİR",metinler,baslik_eslesti,"Ben, bir öğretmen olarak gönderildim."
365,dogru,1.0,Dârimî,Mukaddime,Dârimî,Mukaddime,3,"Dârimî, Mukaddime, 26.",05.09.2025,05.09.2025 İLİM HAKKI BİLMEKTİR,metinler,baslik_eslesti,"Ya öğreten ol, ya öğrenen ol, ya dinleyen ol, ya da ilmi destekleyen ol. Beşincisi olma, helâk olursun!"
366,kirpilmis_duzeltildi,1.0,Ebû Dâvûd,Zek,Ebû Dâvûd,Zekât,2,"Ebû Dâvûd, Zekât, 38.",19.06.2015,19.06.2015 VAKİT İYİLİK VAKTİ: BU RAMAZAN VE HER ZA,metinler,baslik_eslesti,"Allah için size sığınan kimseye sığınak olun. Allah için isteyen kimseye verin. Sizi davet edene icabet edin. Size bir iyilik yapana karşılığını verin. Eğer karşılık verecek bir şey bulamazsanız, -karşılıkta bulunduğunuza kanaat getirinceye kadar- ona dua edin."
367,kirpilmis_duzeltildi,1.0,Ebû Dâvûd,Zek,Ebû Dâvûd,Zekât,4,"Ebû Dâvûd, Zekât, 38.",17.07.2020,"17.07.2020 KURBANINI PAYLAŞ, KARDEŞİNLE YAKINLAŞ",metinler,baslik_eslesti,"Allah için size sığınan kimseye sığınak olun. Allah için isteyen kimseye verin. Sizi davet edene icabet edin, size bir iyilik yapana karşılığını verin. Eğer onun karşılığını verecek bir şey bulamazsanız, karşılıkta bulunduğunuza kanaat getirinceye kadar dua edin."
368,kirpilmis_duzeltildi,1.0,Ebû Dâvûd,Zek,Ebû Dâvûd,Zekât,2,"Ebû Dâvûd, Zekât, 32.",15.04.2022,15.04.2022 ZEKÂT VE İNFAK: İSLAM’IN KARDEŞLİK KÖPRÜ,metinler,baslik_eslesti,"Allah, zekâtı ancak mallarınızın kalan kısmını temizlemek için farz kıldı."
369,kirpilmis_duzeltildi,1.0,Ebû Dâvûd,Zek,Ebû Dâvûd,Zekât,2,"Ebû Dâvûd, Zekât, 32.",29.03.2024,29.03.2024 KARDEŞLİĞİMİZ ZEKÂTLA BEREKETLENSİN,metinler,baslik_eslesti,"Allah, zekâtı ancak mallarınızın kalan kısmını temizlemek için farz kıldı."
370,kirpilmis_duzeltildi,1.0,Ebû Dâvûd,Zek,Ebû Dâvûd,Zekât,6,"Ebû Dâvûd, Zekât, 45.",12.09.2025,12.09.2025 PEYGAMBERİMİZ VE AİLE AHLAKI,metinler,baslik_eslesti,"Ailesine karşı sorumluklarını ihmal etmesi, kişiye günah olarak yeter."
371,kirpilmis_duzeltildi,1.0,Tirmizî,Diy,Tirmizî,Diyât,3,"Tirmizî, Diyât, 7.",16.12.2016,16.12.2016 HER ZORLUKLA BERABER BİR KOLAYLIK VARDIR,metinler,baslik_eslesti,"Bir Müslümanın öldürülmesi, Allah katında dünyanın yok olmasından daha vahimdir."
372,kirpilmis_duzeltildi,1.0,Tirmizî,Diy,Tirmizî,Diyât,2,"Tirmizî, Diyât, 14.",07.04.2023,07.04.2023 İHSAN BİLİNCİ: KULLUĞUN ZİRVESİ,metinler,baslik_eslesti,Allah her şeyin en güzel şekilde yapılmasını emretmiştir.
373,kirpilmis_duzeltildi,1.0,Tirmizî,Diy,Tirmizî,Diyât,1,"Tirmizî, Diyât, 14.",02.02.2024,"02.02.2024 RABBİMİZ, MÜMİNLERİ YALNIZ VE YARDIMSIZ ",metinler,baslik_eslesti,Allah her şeyin en güzel şekilde yapılmasını emretmiştir.
374,kirpilmis_duzeltildi,1.0,Tirmizî,Diy,Tirmizî,Diyât,5,"Tirmizî, Diyât, 14.",07.03.2025,07.03.2025 İYİLİK AYI RAMAZAN,metinler,baslik_eslesti,"Allah, her işte iyiliği emretmiştir."
375,kirpilmis_duzeltildi,1.0,Tirmizî,Diy,Tirmizî,Diyât,2,"Tirmizî, Diyât, 14.",06.06.2025,06.06.2025 KURBAN BAYRAMI: ALLAH’IN KULLARINA İHSAN,metinler,baslik_eslesti,Allah her şeyin en güzel şekilde yapılmasını emretmiştir.
376,dogru,1.0,Tirmizî,İman,Tirmizî,İman,2,"Tirmizi, İman, 12.",13.07.2018,13.07.2018 MİLLETÇE YENİDEN DOĞUŞ: 15 TEMMUZ,metinler,baslik_eslesti,"Müslüman, elinden ve dilinden diğer Müslümanların güvende oldukları kişidir. Mümin, canları ve malları hususunda insanların kendisinden emin oldukları kişidir."
377,dogru,1.0,Tirmizî,İman,Tirmizî,İman,2,"Tirmizî, İman, 12.",09.08.2019,09.08.2019 MÜMİN: HUZURLU TOPLUMUN TEMİNATI,metinler,baslik_eslesti,"Müslüman, diğer Müslümanların elinden ve dilinden güvende olduğu kimsedir. Mümin de insanların canları ve malları konusunda kendisine karşı emniyet hissettikleri kişidir."
378,dogru,1.0,Tirmizî,İman,Tirmizî,İman,5,"Tirmizî, İman, 12.",22.07.2022,22.07.2022 HER CAN MUKADDESTİR,metinler,baslik_eslesti,"Müslüman, diğer Müslümanların elinden ve dilinden emin olduğu kimsedir. Mümin de insanların canları ve malları konusunda kendisine karşı güven hissettikleri kişidir."
379,dogru,1.0,Tirmizî,İman,Tirmizî,İman,2,"Tirmizî, İman, 12.",05.07.2024,05.07.2024 ZARÛRÂT-I HAMSEYİ MUHAFAZA EDELİM,metinler,baslik_eslesti,"Müslüman, diğer Müslümanların elinden ve dilinden güvende olduğu kimsedir. Mümin de insanların canları ve malları konusunda kendisine karşı emniyet hissettikleri kişidir."
380,dogru,1.0,Tirmizî,İman,Tirmizî,İman,1,"Tirmizî, İman, 12; İbn. Hanbel, VI, 22.",21.11.2025,21.11.2025 ŞİDDETİN ÇARESİ MERHAMET EĞİTİMİ,metinler,baslik_eslesti,"Müslüman, elinden ve dilinden insanların güvende olduğu kişidir."
381,dogru,1.0,İbn Mâce,Zühd,İbn Mâce,Zühd,5,"İbn Mâce, Zühd, 17.",25.01.2019,25.01.2019 İSLAM AHLÂKININ ÖZÜ HAYÂDIR,metinler,baslik_eslesti,İslâm ahlâkının özü hayâdır
382,dogru,1.0,İbn Mâce,Zühd,İbn Mâce,Zühd,1,"İbn Mâce, Zühd, 19.",24.12.2021,24.12.2021 AHİRET DAHA HAYIRLI VE SÜREKLİDİR,metinler,baslik_eslesti,Kardeşlerim! Ölüm için hazırlık yapın.
383,dogru,1.0,İbn Mâce,Zühd,İbn Mâce,Zühd,2,"İbn Mâce, Zühd, 30.",07.01.2022,07.01.2022 TÖVBE: GÜNAHLARDAN ARINMA İRADESİ,metinler,baslik_eslesti,"Günahından tövbe eden, hiç günahı olmayan kimse gibidir."
384,dogru,1.0,İbn Mâce,Zühd,İbn Mâce,Zühd,1,"İbn Mâce, Zühd, 31.",01.07.2022,01.07.2022 AHİRET GÜNÜ VE HESAP VERME BİLİNCİ,metinler,baslik_eslesti,"Müminlerin en akıllıları, ölümü en çok hatırlayanlar ve ölümden sonrası için en güzel şekilde hazırlananlardır."
385,dogru,1.0,İbn Mâce,Zühd,İbn Mâce,Zühd,4,"İbn Mâce, Zühd, 30.",27.12.2024,"27.12.2024 HATA YAPANLARIN EN HAYIRLISI, HATASINA T",metinler,baslik_eslesti,Âdemoğullarının hepsi hata yapar; hata yapanların en hayırlısı ise hatasına tövbe edendir.
386,cilt_temizlendi,1.0,Ahmed b. Hanbel,II,Ahmed b. Hanbel,,10,"Ahmed b. Hanbel, II, 400.",13.12.2013,13.12.2013 DÜNYADA YOLCU OLABİLMEK!,metinler,baslik_eslesti,"Mümin, kendisiyle dostluk kurulabilen kişidir. İnsanlarla dost olmayan ve kendisiyle dostluk kurulamayanda hayır yoktur."
387,cilt_temizlendi,1.0,Ahmed b. Hanbel,II,Ahmed b. Hanbel,,4,"Ahmed b. Hanbel, II, 312.",04.04.2014,04.04.2014 DOĞRULUK VE SADAKA,metinler,baslik_eslesti,Güzel söz sadakadır.
388,cilt_temizlendi,1.0,Ahmed b. Hanbel,II,Ahmed b. Hanbel,,8,"Ahmed b. Hanbel, II, 42, 154.",04.04.2014,04.04.2014 DOĞRULUK VE SADAKA,metinler,baslik_eslesti,Yolunu kaybedene yol göstermeniz sadakadır.
389,cilt_temizlendi,1.0,Ahmed b. Hanbel,II,Ahmed b. Hanbel,,10,"Ahmed b. Hanbel, II, 316, 350.",04.04.2014,04.04.2014 DOĞRULUK VE SADAKA,metinler,baslik_eslesti,Bir kimsenin yükünü yüklemesi için yardımcı olman sadakadır.
390,kirpilmis_duzeltildi,1.0,Beyhakî,Şüabü’l-,Beyhakî,Şüabü’l-îmân,2,"Beyhakî, Şüabü’l-îmân, 4/334.",20.08.2021,20.08.2021 MÜSLÜMAN İŞİNİ SAĞLAM VE GÜZEL YAPAR,metinler,baslik_eslesti,"Allah Teâlâ, birinizin yaptığı işi en iyi şekilde yapmasından memnun kalır."
391,kirpilmis_duzeltildi,1.0,Beyhakî,Şüabü’l-,Beyhakî,Şüabü’l-îmân,2,"Beyhakî, Şüabü’l-îmân, 4/334.",28.04.2023,28.04.2023 İŞ AHLAKI: TOPLUMSAL HUZURUN KAYNAĞI,metinler,baslik_eslesti,"Allah Teâlâ, birinizin yaptığı işi en güzel şekilde yapmasından memnun kalır."
392,kirpilmis_duzeltildi,1.0,Beyhakî,Şüabü’l-,Beyhakî,Şüabü’l-îmân,1,"Beyhakî, Şüabü’l-îmân, 4/334.",10.11.2023,10.11.2023 AZİM VE GAYRET SAHİBİ BİR MÜMİN OLABİLME,metinler,baslik_eslesti,"Allah Teâlâ, sizden birinin yaptığı işi en güzel şekilde yapmasından memnun kalır."
393,kirpilmis_duzeltildi,1.0,Beyhakî,Şüabü’l-,Beyhakî,Şüabü’l-îmân,2,"Beyhakî, Şüabü’l-îmân, 4/334.",26.04.2024,26.04.2024 HER İŞİN BİR AHLAKI VARDIR,metinler,baslik_eslesti,"Allah Teâlâ, işinizi en güzel şekilde yapmanızdan hoşnut olur."
394,kirpilmis_duzeltildi,1.0,Buhârî,Cen,Buhârî,Cenâiz,1,"Buhârî, Cenâiz, 31.",12.12.2014,"12.12.2014 MUSİBETLER KARŞISINDA SABIR, MÜMİNCE BİR",metinler,baslik_eslesti,"Sabır, musibet ilk başa geldiği anda ortaya konulan tavırdır."
395,kirpilmis_duzeltildi,1.0,Buhârî,Cen,Buhârî,Cenâiz,2,"Buhârî, Cenâiz, 43.",12.12.2014,"12.12.2014 MUSİBETLER KARŞISINDA SABIR, MÜMİNCE BİR",metinler,baslik_eslesti,"Akan bu gözyaşları merhamettendir. Göz ağlar, kalp hüzünlenir. Ama biz ancak Rabbimizin razı olacağı şeyleri söyleriz."
396,kirpilmis_duzeltildi,1.0,Buhârî,Cen,Buhârî,Cenâiz,1,"Buhârî, Cenâiz,31.",22.11.2019,22.11.2019 MUSİBETLER KARŞISINDA MÜMİNİN TAVRI,metinler,baslik_eslesti,"Gerçek sabır, musibetin geldiği ilk anda gösterilen sabırdır."
397,kirpilmis_duzeltildi,1.0,Buhârî,Cen,Buhârî,Cenâiz,3,"Buhârî, Cenâiz, 36; Müslim, Zekât, 48.",12.09.2025,12.09.2025 PEYGAMBERİMİZ VE AİLE AHLAKI,metinler,baslik_eslesti,Allah rızasını umarak ailene yaptığın her harcamadan muhakkak sevap alırsın.
398,kirpilmis_duzeltildi,1.0,Buhârî,Lib,Buhârî,Libâs,6,"Buhârî, Libâs, 1; Nesâî, Zekât, 66.",25.01.2013,25.01.2013 ALLAH’IN SEVMEDİĞİ DAVRANIŞ: İSRAF,metinler,baslik_eslesti,"Kibirsizce ve israfa kaçmadan yiyiniz, içiniz, giyininiz ve sadaka veriniz."
399,kirpilmis_duzeltildi,1.0,Buhârî,Lib,Buhârî,Libâs,3,"Buhârî, Libâs, 43.",15.07.2016,15.07.2016 HAYATIMIZI İBADET KILABİLMEK,metinler,baslik_eslesti,"Allah katında amellerin en sevimlisi, az da olsa devamlı olanıdır."
400,kirpilmis_duzeltildi,1.0,Buhârî,Lib,Buhârî,Libâs,3,"Buhârî, Libâs, 1; Nesâî, Zekât, 66.",09.02.2018,"09.02.2018 İSRAF, DİNÎ VE AHLAKÎ BİR İFLASTIR",metinler,baslik_eslesti,"Kibre kapılmadan ve israfa kaçmadan yiyiniz, içiniz, giyininiz ve sadaka veriniz."
401,kirpilmis_duzeltildi,1.0,Buhârî,Lib,Buhârî,Libâs,3,"Buhârî, Libâs, 1; Nesâî, Zekât, 66.",08.06.2018,"08.06.2018 AFİYET OLSUN, İSRAF OLMASIN",metinler,baslik_eslesti,"İsrafa kaçmadan ve kibre kapılmadan yiyiniz, içiniz, giyininiz ve sadaka veriniz."
402,kirpilmis_duzeltildi,1.0,Buhârî,Mez,Buhârî,Mezâlim,2,"Buhârî, Mezâlim, 3; Müslim, Birr, 58; Tirmizî, Birr, 18.",25.11.2011,"25.11.2011 EŞİMİZ, EVLADIMIZ, ANNEMİZ: KADIN",metinler,baslik_eslesti,"Müslüman müslümanın kardeşidir. Ona zulmetmez, ihanet etmez, yalan söylemez ve onu sıkıntıda bırakmaz. Müslümanın kanı (canı), namusu ve malı dokunulmazdır, saygındır…"
403,kirpilmis_duzeltildi,1.0,Buhârî,Mez,Buhârî,Mezâlim,9,"Buhârî, Mezâlim, 34.",04.04.2014,04.04.2014 DOĞRULUK VE SADAKA,metinler,baslik_eslesti,Yolda insanlara eziyet veren bir şeyi kaldırıp atman sadakadır.
404,kirpilmis_duzeltildi,1.0,Buhârî,Mez,Buhârî,Mezâlim,2,"Buhârî, Mezâlim, 8.",21.05.2021,21.05.2021 ZULÜM CEZASIZ KALMAZ,metinler,baslik_eslesti,"Zulüm, zalim için kıyamet gününde zifiri karanlık olacaktır."
405,kirpilmis_duzeltildi,1.0,Buhârî,Mez,Buhârî,Mezâlim,5,"Buhârî, Mezâlim, 8.",20.10.2023,20.10.2023 RAHMET VE SEKİNET MÜJDESİ: İNŞİRÂH SURES,metinler,baslik_eslesti,"Zulüm, zalim için kıyamet gününde zifiri karanlıktır."
406,dogru,1.0,Buhârî,Savm,Buhârî,Savm,5,"Buhârî, Savm, 5; Müslim, Sıyâm, 1.",20.07.2012,20.07.2012 “BEN ORUÇLUYUM” DİYEBİLMEK,metinler,baslik_eslesti,"…cennet kapıları açılır, cehennem kapıları kapanır, şeytanlar da zincire vurulur."
407,dogru,1.0,Buhârî,Savm,Buhârî,Savm,1,"Buhârî, Savm, 51.",12.10.2018,"12.10.2018 CENÂB-I HAK, HER HAK SAHİBİNE HAKKINI VE",metinler,baslik_eslesti,Selmân doğru söylemiş
408,dogru,1.0,Buhârî,Savm,Buhârî,Savm,2,"Buhârî, Savm, 2.",22.05.2020,22.05.2020 BİR ÖMRÜ RAMAZAN GİBİ YAŞAMAK,metinler,baslik_eslesti,Ben oruçluyum
409,dogru,1.0,Buhârî,Savm,Buhârî,Savm,4,"Buhârî, Savm, 20.",28.02.2025,28.02.2025 RAHMET VE MAĞFİRET MEVSİMİNE GİRERKEN,metinler,baslik_eslesti,Sahurda bereket vardır.
410,kirpilmis_duzeltildi,1.0,Buhârî,Tevh,Buhârî,Tevhîd,2,"Buhârî, Tevhîd, 31.",21.03.2014,21.03.2014 İMTİHAN DÜNYASI,metinler,baslik_eslesti,"Mümin, taze ekine benzer. Rüzgâr hangi taraftan eserse onu o tarafa yatırır (fakat yıkılmaz). Rüzgâr sakinleştiğinde yine doğrulur. İşte mümin böyledir; o belâ ve musibetler sebebiyle eğilir (fakat yıkılmaz)…"
411,kirpilmis_duzeltildi,1.0,Buhârî,Tevh,Buhârî,Tevhîd,5,"Buhârî, Tevhîd, 15.",07.08.2015,07.08.2015 KULLUĞUN ÖZÜ: İHSAN,metinler,baslik_eslesti,"… Beni andığı müddetçe ben kulumla beraberim. O beni kendi başına anarsa, ben de onu kendim anarım. O beni bir topluluk içinde anarsa, ben onu daha hayırlı bir topluluk içinde anarım… Kulum bana yürüyerek gelirse, ben ona koşarak gelirim!"
412,kirpilmis_duzeltildi,0.984,Buhârî,Tevh,Buhârî,Tevhîd,5,"Buhârî, Tevhîd, 15; Müslim, Zikir, 21.",14.02.2020,14.02.2020 ALLAH İLE KUL ARASINDAKİ BAĞ,metinler,baslik_eslesti,"Ben, kulumun benim hakkımdaki zannı ne ise öyleyim. Beni andığında onunla beraberim. O beni kendi başına anarsa, ben de onu kendi başıma anarım. O beni bir topluluk içinde anarsa, ben de onu o topluluktan daha hayırlı bir topluluk içinde anarım. O bana bir karış yaklaşırsa, ben ona bir arşın yaklaşırım. O bana bir arşın yaklaşırsa, ben ona bir kulaç yaklaşırım. O bana yürüyerek gelirse, ben ona ko"
413,kirpilmis_duzeltildi,1.0,Buhârî,Tevh,Buhârî,Tevhîd,2,"Buhârî, Tevhîd, 48.",19.03.2021,"19.03.2021 ANNE-BABA RIZASI, RABBİMİZİN RIZASINA VE",metinler,baslik_eslesti,Vaktinde kılınan namaz ve anne-babaya iyilik etmektir. Sonra da Allah yolunda cihat etmek gelir.
414,dogru,1.0,Buhârî,Tevhid,Buhârî,Tevhid,7,"Buhari, Tevhid, 2",15.04.2011,15.04.2011 MERHAMET EĞİTİMİ,metinler,baslik_eslesti,İnsanlara merhamet etmeyene Allah da merhamet etmez.
415,dogru,1.0,Buhârî,Tevhid,Buhârî,Tevhid,5,"Buhârî, Tevhid, 22.",16.10.2015,16.10.2015 MERHAMET İKSİRİNİ YUDUMLAYABİLMEK,metinler,baslik_eslesti,Rahmetim gazabımı geçti.
416,dogru,1.0,Buhârî,Tevhid,Buhârî,Tevhid,5,"Buhârî, Tevhid, 15.",29.01.2016,29.01.2016 EN GÜZEL İSİMLER O’NUNDUR,metinler,baslik_eslesti,"Kulum beni zikrederken onunla beraberim. O beni kendi başına zikrederse, ben de onu kendim zikrederim. O beni bir topluluk içinde anarsa, ben onu o topluluktan daha hayırlı bir topluluk içinde anarım."
417,dogru,1.0,Buhârî,Tevhid,Buhârî,Tevhid,1,"Buhari, Tevhid, 28.",25.10.2019,25.10.2019 DUALARIMIZ MEHMETÇİĞİMİZ İÇİN,metinler,baslik_eslesti,"Allah, sadece kendi yolunda cihad etmek ve kelime-i tevhidi doğrulamak üzere sefere çıkan kimseyi cennete sokmaya veya çıktığı evine sevap ve ganimet ile döndürmeye kefil olmuştur."
418,dogru,1.0,Buhârî,İman,Buhârî,İman,3,"Buhari, İman, 4-5; Müslim, İman, 64; Ebu Davud, Cihad, 2; Tirmizi, Kıyame, 52.",25.11.2011,"25.11.2011 EŞİMİZ, EVLADIMIZ, ANNEMİZ: KADIN",metinler,baslik_eslesti,"Müslüman, Müslümanın elinden ve dilinden güvende olduğu kimsedir."
419,dogru,1.0,Buhârî,İman,Buhârî,İman,2,"Buhari, İman, 7.",19.08.2012,19.08.2012 RAMAZAN BAYRAMI,metinler,baslik_eslesti,"Kendiniz için istediğinizi mümin kardeşiniz için istemedikçe, gerçekten iman etmiş olamazsınız."
420,dogru,1.0,Buhârî,İman,Buhârî,İman,3,"Buhârî, İman, 7.",27.11.2015,27.11.2015 İMANI HAYAT KILABİLMEK,metinler,baslik_eslesti,Kendiniz için istediğinizi kardeşiniz için de istemedikçe kâmil manada iman etmiş olamazsınız.
421,dogru,1.0,Buhârî,İman,Buhârî,İman,3,"Buhârî, İman, 39.",04.12.2015,04.12.2015 BEDEN ÜLKESİNİN SULTANI: KALP,metinler,baslik_eslesti,"Dikkat edin! Vücutta öyle bir et parçası vardır ki o iyi olursa bütün vücut iyi olur. O bozulursa bütün vücut bozulur. Dikkat edin! O, kalptir."
422,kirpilmis_duzeltildi,1.0,Müslim,Tah,Müslim,Tahâret,2,"Müslim, Tahâret, 1.",06.03.2020,"06.03.2020 ALLAH TEMİZDİR, TEMİZLİĞİ SEVER",metinler,baslik_eslesti,Temizlik imanın yarısıdır.
423,kirpilmis_duzeltildi,1.0,Müslim,Tah,Müslim,Tahâret,2,"Müslim, Tahâret, 1.",04.09.2020,"04.09.2020 İSLAM, TEMİZLİĞİ EMREDER",metinler,baslik_eslesti,"Temizlik, imanın yarısıdır."
424,kirpilmis_duzeltildi,1.0,Müslim,Tah,Müslim,Tahâret,3,"Müslim, Tahâret, 33.",13.11.2020,"13.11.2020 ABDEST: BEDENİMİZE SAĞLIK, RUHUMUZA HUZU",metinler,baslik_eslesti,"Her kim abdest alır ve abdestini güzelce almaya özen gösterirse, günahları vücudundan çıkar, hatta tırnaklarının altından süzülür gider."
425,kirpilmis_duzeltildi,1.0,Müslim,Tah,Müslim,Tahâret,3,"Müslim, Tahâret, 1.",09.07.2022,09.07.2022 KURBAN BAYRAMI: ALLAH’A YAKLAŞMA SEVİNCİ,metinler,baslik_eslesti,Temizlik imanın yarısıdır
426,dogru,1.0,Müslim,Zikir,Müslim,Zikir,2,"Müslim, Zikir, 38.",05.02.2016,05.02.2016 ŞİMDİ YARALARI SARMA ZAMANI!,metinler,baslik_eslesti,"Kişi, kardeşine yardım ettiği sürece Allah da ona yardım eder..."
427,dogru,1.0,Müslim,Zikir,Müslim,Zikir,2,"Müslim, Zikir, 38.",09.12.2016,09.12.2016 HALEP’TE İNSANLIK ÖLMESİN!,metinler,baslik_eslesti,"Kişi, kardeşine yardım ettiği sürece Allah da ona yardım eder..."
428,dogru,1.0,Müslim,Zikir,Müslim,Zikir,4,"Müslim, Zikir, 70.",09.02.2018,"09.02.2018 İSRAF, DİNÎ VE AHLAKÎ BİR İFLASTIR",metinler,baslik_eslesti,"Rabbimiz! Bütün işlerimizdeki israfımızı, ölçüsüzlüğümüzü, cahilliğimizi, hatalarımızı ve bizden daha iyi bildiğin her türlü kusurumuzu bağışla! Ya Rabbi! Ciddi ve şaka yollu yaptığımız yanlışlarımızı, bilerek ya da bilmeyerek işlediğimiz günahlarımızı affeyle!"
429,dogru,1.0,Müslim,Zikir,Müslim,Zikir,5,"Müslim, Zikir, 75.",10.01.2020,10.01.2020 PEYGAMBERİMİZİN DİLİNDEN DUALAR,metinler,baslik_eslesti,Ya Rabbi! Bu gecede olanların ve sonrasında olacakların hayrını senden dilerim. Bu gecede olanların ve daha sonrasında olacakların şerrinden de sana sığınırım.
430,kirpilmis_duzeltildi,1.0,Tirmizî,Büy,Tirmizî,Büyû’,3,"Tirmizî, Büyû’, 4.",17.09.2021,17.09.2021 TİCARET HAYATINDA HELAL HARAM BİLİNCİ,metinler,baslik_eslesti,"Dürüst ve güvenilir tüccar, peygamberler, sıddîklar ve şehitlerle beraberdir."
431,kirpilmis_duzeltildi,1.0,Tirmizî,Büy,Tirmizî,Büyû’,2,"Tirmizî, Büyû’, 4.",23.09.2022,23.09.2022 HELAL KAZANÇ VE ALIN TERİ,metinler,baslik_eslesti,"Dürüst ve güvenilir tüccar, peygamberler, sıddîklar ve şehitlerle beraberdir."
432,kirpilmis_duzeltildi,1.0,Tirmizî,Büy,Tirmizî,Büyû’,4,"Tirmizî, Büyû’, 4.",15.09.2023,15.09.2023 AHÎLİK: DÜRÜSTLÜK VE MERHAMETİ TİCARETE ,metinler,baslik_eslesti,"Dürüst ve güvenilir tüccar, ahirette peygamberler, sıddıklar ve şehitlerle beraber olacaktır."
433,kirpilmis_duzeltildi,1.0,Tirmizî,Büy,Tirmizî,Büyû’,6,"Tirmizî, Büyû’, 4.",19.09.2025,19.09.2025 PEYGAMBERİMİZ (S.A.S) VE TİCARET AHLAKI,metinler,baslik_eslesti,"Dürüst ve güvenilir tüccar, mahşerde peygamberler, sıddîklar ve şehitlerle beraberdir."
434,dogru,1.0,Tirmizî,Cum’a,Tirmizî,Cum’a,1,"Tirmizî, Cum’a, 79.",12.07.2013,12.07.2013 HELAL KAZANÇ HELAL LOKMA,metinler,baslik_eslesti,Haram lokma ile beslenip büyüyen bir insan ateşe daha layıktır
435,dogru,1.0,Tirmizî,Cum’a,Tirmizî,Cum’a,4,"Tirmizî, Cum’a, 79.",23.09.2022,23.09.2022 HELAL KAZANÇ VE ALIN TERİ,metinler,baslik_eslesti,Haramla beslenen vücudun layık olduğu yer ancak cehennemdir.
436,dogru,1.0,Tirmizî,Cum’a,Tirmizî,Cum’a,3,"Tirmizî, Cum’a, 79.",31.03.2023,31.03.2023 ZEKÂT: İSLAM’IN DAYANIŞMA KÖPRÜSÜ,metinler,baslik_eslesti,"Su, ateşi nasıl söndürüyorsa zekât da günahları öylece silip yok eder."
437,dogru,1.0,Tirmizî,Cum’a,Tirmizî,Cum’a,3,"Tirmizî, Cum’a, 79.",29.03.2024,29.03.2024 KARDEŞLİĞİMİZ ZEKÂTLA BEREKETLENSİN,metinler,baslik_eslesti,Suyun ateşi söndürdüğü gibi zekât da hata ve günahları silip yok etmektedir.
438,dogru,1.0,Tirmizî,Fiten,Tirmizî,Fiten,3,"Tirmizî, Fiten, 76.",21.11.2014,21.11.2014 HAYIR HAZİNELER DOLUSUDUR,metinler,baslik_eslesti,Hayırlınız kendisinden hayır umulan ve şerrinden emin olunandır. Şerliniz ise kendisinden hayır beklenmeyen ve şerrinden de emin olunmayandır.
439,dogru,1.0,Tirmizî,Fiten,Tirmizî,Fiten,2,"Tirmizî, Fiten, 76; Ahmed b. Hanbel, II, 268.",10.11.2017,10.11.2017 ÖRNEK İNSAN: MÜMİN,metinler,baslik_eslesti,"İyi olanınız, kendisinden herkesin hayır umduğu ve şerrinden emin olduğu kimsedir. Kötü olanınız ise kendisinden hiç kimsenin hayır ummadığı ve şerrinden emin olmadığı kimsedir."
440,dogru,1.0,Tirmizî,Fiten,Tirmizî,Fiten,2,"Tirmizî, Fiten, 76; İbn Hanbel, II, 368.",11.10.2024,11.10.2024 KÖTÜLÜĞE İYİLİKLE ENGEL OLALIM,metinler,baslik_eslesti,"Hayırlınız, kendisinden iyilik beklenilen ve kötülüğünden emin olunandır. Şerliniz ise kendisinden iyilik beklenilmeyen ve kötülüğünden de emin olunmayandır."
441,dogru,1.0,Tirmizî,Fiten,Tirmizî,Fiten,4,"Tirmizî, Fiten, 7.",02.05.2025,02.05.2025 NEFSİ VE NESLİ İFSAT EDEN BÜYÜK GÜNAH: Z,metinler,baslik_eslesti,"...Hiçbir erkek, mahremi olmayan bir kadınla yalnız başına kalmasın; zira yanlarındaki üçüncü kişi şeytan olur..."
442,kirpilmis_duzeltildi,1.0,Tirmizî,Tah,Tirmizî,Tahâret,11,"Tirmizî, Tahâret, 1.",09.10.2015,09.10.2015 NAMAZ DİRİLİŞTİR,metinler,baslik_eslesti,cennetin anahtarı
443,kirpilmis_duzeltildi,1.0,Tirmizî,Tah,Tirmizî,Tahâret,2,"Tirmizî, Tahâret, 1.",13.12.2019,13.12.2019 NAMAZ: RABBİMİZE YAKIN OLMA ÇABAMIZ,metinler,baslik_eslesti,Cennetin anahtarı namazdır.
444,kirpilmis_duzeltildi,1.0,Tirmizî,Tah,Tirmizî,Tahâret,2,"Tirmizî, Tahâret, 1.",13.11.2020,"13.11.2020 ABDEST: BEDENİMİZE SAĞLIK, RUHUMUZA HUZU",metinler,baslik_eslesti,"Cennetin anahtarı namaz, namazın anahtarı ise abdesttir."
445,kirpilmis_duzeltildi,1.0,Tirmizî,Tah,Tirmizî,Tahâret,3,"Tirmizî, Tahâret, 1.",09.12.2022,09.12.2022 HAYDİ NAMAZA! HAYDİ KURTULUŞA!,metinler,baslik_eslesti,"Namaz, cennetin anahtarıdır."
446,dogru,1.0,İbn Mâce,Edeb,İbn Mâce,Edeb,2,"İbn Mâce, Edeb, 6.",29.03.2013,29.03.2013 SOKAĞIN YETİMLERİ: ÇOCUKLARIMIZ,metinler,baslik_eslesti,"Müslümanlar arasında en hayırlı ev, içinde kendisine iyi davranılan bir yetimin bulunduğu evdir. Müslümanlar arasında en kötü ev ise içinde kendisine kötü davranılan bir yetimin bulunduğu evdir."
447,dogru,1.0,İbn Mâce,Edeb,İbn Mâce,Edeb,5,"İbn Mâce, Edeb, 6.",11.07.2014,11.07.2014 KİMSESİZLERİN KİMSESİ OLABİLMEK,metinler,baslik_eslesti,"Evlerin en hayırlısı, içinde kendisine iyi bakılan bir yetimin bulunduğu evdir. Evlerin en kötüsü ise kendisine iyi davranılmayan bir yetimin bulunduğu evdir."
448,dogru,1.0,İbn Mâce,Edeb,İbn Mâce,Edeb,2,"İbn Mâce, Edeb, 6.",23.04.2021,23.04.2021 YETİM: CENÂB-I HAKK’IN İNSANLIĞA EMANETİ,metinler,baslik_eslesti,"Müslümanların evleri arasında en hayırlı ev, içinde kendisine iyi davranılan bir yetimin bulunduğu evdir."
449,dogru,1.0,İbn Mâce,Edeb,İbn Mâce,Edeb,3,"İbn Mâce, Edeb, 6.",22.03.2024,22.03.2024 RAMAZAN VE AHİRET BİLİNCİ,metinler,baslik_eslesti,"Müslümanların evleri arasında en hayırlısı, içinde kendisine iyi davranılan bir yetimin bulunduğu evdir…"
450,kirpilmis_duzeltildi,1.0,İbn Mâce,Rüh,İbn Mâce,Rühûn,2,"İbn Mace, Rühûn, 4.",26.09.2014,26.09.2014 İŞ VE TİCARET AHLAKI-ÂHİLİK,metinler,baslik_eslesti,"Çalışana ücretini, teri kurumadan önce veriniz."
451,kirpilmis_duzeltildi,1.0,İbn Mâce,Rüh,İbn Mâce,Rühûn,1,"İbn Mâce, Rühûn, 4.",13.05.2022,13.05.2022 İŞ VE ÇALIŞMA AHLAKI,metinler,baslik_eslesti,"Çalışana ücretini, alın teri kurumadan önce veriniz."
452,kirpilmis_duzeltildi,1.0,İbn Mâce,Rüh,İbn Mâce,Rühûn,3,"İbn Mâce, Rühûn, 4.",26.04.2024,26.04.2024 HER İŞİN BİR AHLAKI VARDIR,metinler,baslik_eslesti,"İşçiye, ücretini teri kurumadan önce verin."
453,kirpilmis_duzeltildi,1.0,İbn Mâce,Rüh,İbn Mâce,Rühûn,3,"İbn Mâce, Rühûn, 4.",25.04.2025,25.04.2025 ALIN TERİ MUKADDESTİR,metinler,baslik_eslesti,"Çalışana ücretini, teri kurumadan verin."
454,kirpilmis_duzeltildi,1.0,Buhârî,Cih,Buhârî,Cihâd,17,"Buhârî, Cihâd, 62.",04.04.2014,04.04.2014 DOĞRULUK VE SADAKA,metinler,baslik_eslesti,Namaza attığınız her adım sadakadır.
455,kirpilmis_duzeltildi,1.0,Buhârî,Cih,Buhârî,Cihâd,2,"Buhârî, Cihâd, 21.",18.03.2022,18.03.2022 ÇANAKKALE ZAFERİ: BİR MİLLETİN YENİDEN D,metinler,baslik_eslesti,"Cennete giren hiçbir kimse, yeryüzündeki her şey kendisinin olsa bile dünyaya geri dönmeyi arzu etmez. Sadece şehit, gördüğü itibar ve ikram sebebiyle tekrar dünyaya dönmeyi ve onlarca kez yeniden şehit olmayı ister."
456,kirpilmis_duzeltildi,1.0,Buhârî,Cih,Buhârî,Cihâd,4,"Buhârî, Cihâd, 128.",07.02.2025,"07.02.2025 DİL, İNSANIN YA CENNETİ YA DA CEHENNEMİD",metinler,baslik_eslesti,Güzel söz sadakadır.
457,kirpilmis_duzeltildi,1.0,Buhârî,Enbiy,Buhârî,Enbiyâ,2,"Buhârî, Enbiyâ, 48.",30.10.2015,"30.10.2015 PEYGAMBERLER, İNSANLIĞIN YOLUNU AYDINLAT",metinler,baslik_eslesti,"Peygamberler, anneleri ayrı, babaları bir kardeşlerdir; dinleri de birdir."
458,kirpilmis_duzeltildi,1.0,Buhârî,Enbiy,Buhârî,Enbiyâ,2,"Buhari, Enbiyâ, 48.",19.02.2016,19.02.2016 PEYGAMBERLER ALLAH’IN KUTLU ELÇİLERİDİR,metinler,baslik_eslesti,"Peygamberler, ataları bir kardeşlerdir."
459,kirpilmis_duzeltildi,1.0,Buhârî,Enbiy,Buhârî,Enbiyâ,3,"Buhârî, Enbiyâ, 50.",20.12.2024,20.12.2024 MİLLİ VE MANEVİ DEĞERLERİMİZİ MUHAFAZA E,metinler,baslik_eslesti,"İçinizden öyleleri olacak ki, önceki kavimlerin âdetlerini karış karış, arşın arşın takip edecekler. Hatta onlar bir kertenkele deliğine girseler bile peşlerinden oraya girecekler."
460,kirpilmis_duzeltildi,1.0,Buhârî,Meg,Buhârî,Megâzî,1,"Buhârî, Megâzî, 49.",18.12.2015,18.12.2015 RAHMET VE MERHAMET YÜKLÜ ADALET PEYGAMBE,metinler,baslik_eslesti,"Gün, merhamet günüdür. Gün, kan akıtmanın haram olduğu gündür…"
461,kirpilmis_duzeltildi,1.0,Buhârî,Meg,Buhârî,Megâzî,2,"Buhârî, Megâzî, 61.",24.06.2016,24.06.2016 ARINMA VESİLESİ: ZEKÂT VE İNFAK,metinler,baslik_eslesti,"Kolaylaştırın, zorlaştırmayın! Müjdeleyin, nefret ettirmeyin!"
462,kirpilmis_duzeltildi,1.0,Buhârî,Meg,Buhârî,Megâzî,2,"Buhârî, Megâzî, 82.",03.06.2022,03.06.2022 ÇEVREYE VEFA MÜMİNİN ŞİARIDIR,metinler,baslik_eslesti,"Uhud bizi sever, biz de onu severiz."
463,kirpilmis_duzeltildi,1.0,Ebû Dâvûd,Lib,Ebû Dâvûd,Libâs,5,"Ebû Dâvûd, Libâs, 14.",19.10.2018,19.10.2018 MADDİ VE MANEVİ ARINMA: TEMİZLİK,metinler,baslik_eslesti,Bu adam elbisesini yıkayacak bir şey bulamamış mı?
464,kirpilmis_duzeltildi,1.0,Ebû Dâvûd,Lib,Ebû Dâvûd,Libâs,2,"Ebû Dâvûd, Libâs, 4.",23.12.2022,23.12.2022 BİZİ BİZ YAPAN DEĞERLERE SAHİP ÇIKALIM,metinler,baslik_eslesti,Kim bir kavme benzerse o da onlardandır.
465,kirpilmis_duzeltildi,1.0,Ebû Dâvûd,Lib,Ebû Dâvûd,Libâs,2,"Ebû Dâvûd, Libâs, 4.",20.12.2024,20.12.2024 MİLLİ VE MANEVİ DEĞERLERİMİZİ MUHAFAZA E,metinler,baslik_eslesti,Kim bir kavme benzerse o da onlardandır.
466,kirpilmis_duzeltildi,1.0,Ebû Dâvûd,Sal,Ebû Dâvûd,Salât,9,"Ebû Dâvûd, Salât, 26.",09.12.2022,09.12.2022 HAYDİ NAMAZA! HAYDİ KURTULUŞA!,metinler,baslik_eslesti,Yedi yaşına geldiklerinde çocuklarınızı namaza alıştırın.
467,kirpilmis_duzeltildi,1.0,Ebû Dâvûd,Sal,Ebû Dâvûd,Salât,5,"Ebû Dâvûd, Salât, 26.",12.04.2024,12.04.2024 GÖZÜMÜZÜN NURU: NAMAZ,metinler,baslik_eslesti,Yedi yaşına geldiklerinde çocuklarınızı namaza alıştırın.
468,kirpilmis_duzeltildi,1.0,Ebû Dâvûd,Sal,Ebû Dâvûd,Salât,6,"Ebû Dâvûd, Salât, 26.",20.06.2025,"20.06.2025 HER YAZ YENİ BİR HEYECAN: CAMİ, ÇOCUK VE",metinler,baslik_eslesti,Yedi yaşına geldiklerinde çocuklarınızı namaza alıştırın.
469,dogru,1.0,Ebû Dâvûd,Tatavvu’,Ebû Dâvûd,Tatavvu’,6,"Ebû Dâvûd, Tatavvu’, 25.",03.08.2018,03.08.2018 CAMİ VE CEMAAT ADABI,metinler,baslik_eslesti,Dikkat edin! Hepiniz Rabbinize münâcât ediyorsunuz. Birbirinizi rahatsız etmeyin!...
470,dogru,1.0,Ebû Dâvûd,Tatavvu’,Ebû Dâvûd,Tatavvu’,2,"Ebû Dâvûd, Tatavvu’, 27.",21.04.2023,21.04.2023 HAYATI RAMAZAN BİLİNCİYLE YAŞAMAK,veriseti,baslik_eslesti,"Allah katında amellerin en sevimlisi, az da olsa devamlı olanıdır."
471,dogru,1.0,Ebû Dâvûd,Tatavvu’,Ebû Dâvûd,Tatavvu’,4,"Ebû Dâvûd, Tatavvu’, 27.",05.12.2025,"05.12.2025 İNSAN, HUZURU İBADETLE ELDE EDER",metinler,baslik_eslesti,"…Allah katında amellerin en sevimlisi, az da olsa devamlı olanıdır"
472,dogru,1.0,Hakim,Müstedrek,Hakim,Müstedrek,3,"Hakim, Müstedrek, II, 12",15.04.2011,15.04.2011 MERHAMET EĞİTİMİ,metinler,baslik_eslesti,Komşusu açken tok olarak sabahlayan bizden değildir
473,dogru,1.0,Hakim,Müstedrek,Hakim,Müstedrek,6,"Hakim, Müstedrek, “Tevbe ve İnâbe” H.no:7632",15.04.2011,15.04.2011 MERHAMET EĞİTİMİ,metinler,baslik_eslesti,Merhamet ancak kalbi katılaşmış inançsız bedbahtların kalbinden kaldırılmıştır.
474,yazim_farki,1.0,Hakim,Müstedrek,Hakim,el-Müstedrek,6,"Hakim, el-Müstedrek, IV, 341.",30.12.2011,30.12.2011 ZAMAN BİLİNCİ,metinler,baslik_eslesti,"Beş şey gelmeden önce beş şeyin değerini iyi bil; ölümden önce hayatın, meşguliyetten önce boş zamanın, yokluktan önce varlığın, ihtiyarlıktan önce gençliğin ve hastalıktan önce sağlığın"
475,dogru,1.0,Müslim,Eşribe,Müslim,Eşribe,5,"Müslim, Eşribe, 136.",25.01.2013,25.01.2013 ALLAH’IN SEVMEDİĞİ DAVRANIŞ: İSRAF,metinler,baslik_eslesti,Birinizin elindeki lokma yere düşerse ondaki toz toprağı gidersin ve onu yesin...
476,dogru,1.0,Müslim,Eşribe,Müslim,Eşribe,1,"Müslim, Eşribe, 74.",25.12.2020,25.12.2020 İÇKİ: KÖTÜLÜĞÜN ZEHİRLİ ARKADAŞI,metinler,baslik_eslesti,Sarhoş eden her şey içkidir ve her türlü içki haramdır.
477,dogru,1.0,Müslim,Eşribe,Müslim,Eşribe,1,"Müslim, Eşribe, 74.",01.03.2024,01.03.2024 ZARARLI ALIŞKANLIKLARIN ESİRİ OLMAYALIM,metinler,baslik_eslesti,Sarhoş eden her şey içkidir ve her türlü içki haramdır.
478,kirpilmis_duzeltildi,1.0,Müslim,Fed,Müslim,Fedâilü’s-Sahâbe,1,"Müslim, Fedâilü’s-Sahâbe, 12.",06.07.2018,06.07.2018 ALLAH’IN RIZASINA ULAŞTIRAN SALİH AMELLE,metinler,baslik_eslesti,"Bu güzel davranışlar kimde bulunursa, o mutlaka cennete girer."
479,kirpilmis_duzeltildi,1.0,Müslim,Fed,Müslim,Fedâil,5,"Müslim, Fedâil, 62.",05.10.2018,05.10.2018 CENAZE ÂDÂBI: AHİRET YOLCUSUNA,metinler,baslik_eslesti,"Göz yaşarır, kalp mahzun olur. Fakat biz Rabbimizin razı olacağı şeylerden başkasını söylemeyiz. Vallahi, Ey İbrâhim, biz senin ölümünden dolayı gerçekten üzgünüz."
480,kirpilmis_duzeltildi,1.0,Müslim,Fed,Müslim,Fedâilü’s-sahâbe,2,"Müslim, Fedâilü’s-sahâbe, 75.",12.09.2025,12.09.2025 PEYGAMBERİMİZ VE AİLE AHLAKI,metinler,baslik_eslesti,Ben onun sevgisi ile rızıklandırıldım.
481,dogru,1.0,Müslim,Hac,Müslim,Hac,2,"Müslim, Hac, 511.",08.12.2017,08.12.2017 KAPANMAYAN YARAMIZ: KUDÜS,metinler,baslik_eslesti,"Üç mescit için ibadet maksadıyla yolculuğa çıkılabilir: Mescid-i Haram, Benim şu mescidim ve Mescid-i Aksa."
482,dogru,1.0,Müslim,Hac,Müslim,Hac,7,"Müslim, Hac, 147.",02.03.2018,"09.03.2018 İSLAM'DA KADIN: ADALET, MERHAMET VE HAKK",metinler,baslik_eslesti+tarih_duzeltildi,"Kadınlar hakkında Allah'tan korkun. Çünkü siz, onları Allah'ın emaneti olarak aldınız ve Allah'ın adını anarak (nikâh kıyıp) kendinize helâl kıldınız"
483,dogru,1.0,Müslim,Hac,Müslim,Hac,1,"Müslim, Hac, 147.",23.08.2019,23.08.2019 FAİZİN TOPLUMSAL ZARARLARI,metinler,baslik_eslesti,İyi bilin ki faizin her çeşidi kesinlikle kaldırılmıştır.
484,kirpilmis_duzeltildi,1.0,Müslim,Mes,Müslim,Mesâcid,2,"Müslim, Mesâcid, 283.",27.05.2016,27.05.2016 NAMAZ ARINMADIR,metinler,baslik_eslesti,İşte bilinç ve şuurla eda edilen beş vakit namaz da bunun gibidir. Kılınan bu namazlarla Allah günahları yok eder.
485,kirpilmis_duzeltildi,1.0,Müslim,Mes,Müslim,Mesâcid,2,"Müslim, Mesâcid, 288.",03.08.2018,03.08.2018 CAMİ VE CEMAAT ADABI,metinler,baslik_eslesti,Allah katında en makbul mekânlardır.
486,kirpilmis_duzeltildi,1.0,Müslim,Mes,Müslim,Mesâcid,7,"Müslim, Mesâcid, 57; İbn Mâce, Edeb, 7.",16.08.2024,16.08.2024 ÇEVREMİZ BİZE EMANETTİR,metinler,baslik_eslesti,"Ümmetimin iyi ve kötü bütün amelleri bana gösterildi; iyi amelleri arasında, insanlara eziyet veren şeylerin yoldan kaldırılması, kötü amelleri arasında ise yerlere tükürmek ve yerleri kirletmek vardı."
487,kirpilmis_duzeltildi,1.0,Müslim,Nik,Müslim,Nikâh,7,"Müslim, Nikâh, 1.",11.12.2015,11.12.2015 DÜNYA-AHİRET DENGESİ,metinler,baslik_eslesti,Sünnetimden yüz çeviren benden değildir.
488,kirpilmis_duzeltildi,1.0,Müslim,Nik,Müslim,Nikâh,3,"Müslim, Nikâh, 79.",20.07.2018,20.07.2018 DÜĞÜN ÂDÂBI,metinler,baslik_eslesti,Allah senin için bu düğünü mübarek eylesin.
489,kirpilmis_duzeltildi,1.0,Müslim,Nik,Müslim,Nikâh,2,"Müslim, Nikâh, 124.",14.02.2025,"14.02.2025 MAHREMİYET, İNSANI SAYGIN KILAR",metinler,baslik_eslesti,"Kıyamet günü Allah katında hesabı sorulacak en büyük ihanetlerden biri, kişinin, eşinin mahremiyetini ifşa etmesidir."
490,HATALI,1.0,Müslim,Sal,Buhârî,Mezâlim,2,"Buhârî, Mezâlim, 8; Müslim, Birr, 57.",08.08.2013,"16.08.2013 MAZLUMUN AHI, TİTRETİR ARŞ-I RAHMAN’I",metinler,baslik_eslesti+tarih_duzeltildi,"Zulüm, kıyâmet günü (sahibini saran) karanlıklar (olacak)tır"
491,tur_hatasi,1.0,Müslim,Sal,Nisa,93,2,"Nisâ, 4/93.",08.08.2013,"23.08.2013 İNSANIN KATLİ, İNSANLIĞIN KATLİDİR",metinler,baslik_eslesti+tarih_duzeltildi,"Kim bir mümini kasten öldürürse cezası, içinde ebedî kalacağı cehennemdir. Allah ona gazap etmiş, lânet etmiş ve onun için büyük bir azap hazırlamıştır."
492,kirpilmis_duzeltildi,1.0,Müslim,Sal,Müslim,Salât,3,"Müslim, Salât, 38.",08.01.2021,08.01.2021 FÂTİHA SÛRESİ: KUR’AN’IN MUKADDİMESİ,metinler,baslik_eslesti,Kuluma dilediği verilecektir.
493,dogru,1.0,Müslim,Vasiyyet,Müslim,Vasiyyet,2,"Müslim, Vasiyyet, 14.",22.06.2018,22.06.2018 YAZ KUR’AN KURSLARI VE ÖNEMİ,metinler,baslik_eslesti,"İnsanoğlu ebediyete irtihal ettiği zaman amel defteri kapanır. Şu üç kişinin defteri ise kapanmaz ve bunlara sevap yazılmaya devam eder: Ardında sadakayı cariye, yani kalıcı bir hayır bırakan kişi. İlmini insanlığın hayır ve hizmetine sunan kişi. Kendisine hayır duada bulunan bir evlat yetiştiren kişi."
494,dogru,1.0,Müslim,Vasiyyet,Müslim,Vasiyyet,1,"Müslim, Vasiyyet, 14.",14.05.2021,14.05.2021 VAKIF: ŞEFKAT VE MERHAMET MEDENİYETİ,metinler,baslik_eslesti,"İnsan ölünce şu üçü dışında bütün amellerinin sevabı kesilir: Sadaka-i câriye yani faydası kalıcı hayır, kendisinden istifade edilen ilim ve arkasından dua eden hayırlı evlât."
495,dogru,1.0,Müslim,Vasiyyet,Müslim,Vasiyyet,2,"Müslim, Vasiyyet, 15.",14.05.2021,14.05.2021 VAKIF: ŞEFKAT VE MERHAMET MEDENİYETİ,metinler,baslik_eslesti,Aslını vakfet. Mahsulünü de sadaka olarak dağıt.
496,eksik_tamamlandi,1.0,Tirmizî,-,Tirmizî,Îmân,4,"Tirmizî, Îmân, 8; İbn Mâce, Mesâcid, 19.",01.10.2021,01.10.2021 MÜMİN CAMİYE VEFALIDIR,metinler,baslik_eslesti,"Bir kişinin sürekli mescide, camiye gittiğini görürseniz onun imanına şahitlik edin."
497,eksik_tamamlandi,1.0,Tirmizî,-,Tirmizî,Îmân,1,"Tirmizî, Îmân, 8.",07.02.2025,"07.02.2025 DİL, İNSANIN YA CENNETİ YA DA CEHENNEMİD",metinler,baslik_eslesti,"İnsanları cehenneme sürükleyen, dilleriyle kazandıkları değil midir?"
498,eksik_tamamlandi,1.0,Tirmizî,-,Tirmizî,Îmân,4,"Tirmizî, Îmân, 8.",26.09.2025,"26.09.2025 PEYGAMBERİMİZ (S.A.S), CAMİ VE NAMAZ",metinler,baslik_eslesti,Bir kişinin namaz kılmak için sürekli mescide gittiğini görürseniz onun imanına şahitlik ediniz!
499,HATALI,1.0,Tirmizî,Kıraat,İbn Mâce,Nikah,2,"İbn Mâce, Nikah, 50.",08.05.2015,08.05.2015 CANA CAN OLMAK: AİLE,metinler,baslik_eslesti,"En hayırlınız, ailesine en güzel şekilde davranandır. Ben, aranızda ailesine en güzel davranan kişiyim."
500,HATALI,1.0,Tirmizî,Kıraat,Tirmizî,Zühd,2,"Tirmizî, Zühd, 11.",08.05.2015,22.05.2015 BOŞ ŞEYLERİ TERK EDEREK HAYATI ANLAMLI K,metinler,baslik_eslesti+tarih_duzeltildi,"Faydasız söz ve lüzumsuz işleri terk etmesi, kişinin iyi Müslüman oluşundandır."
501,dipnotsuz,0.912,Tirmizî,Kıraat,,,,,08.05.2015,21.06.2013 BERATA ULAŞABİLMEK,metinler,baslik_eslesti+tarih_duzeltildi,"Bağışlanmak dileyen yok mu, onu bağışlayayım! Rızık isteyen yok mu, ona rızık vereyim! Belâya dûçar olan yok mu, ona afiyet vereyim!"
502,dogru,1.0,Tirmizî,Savm,Tirmizî,Savm,3,"Tirmizî, Savm,1; İbn Mâce, Sıyâm, 2.",25.05.2018,25.05.2018 ORUÇ VE KUR’ÂN AYI RAMAZAN,metinler,baslik_eslesti,Ey iyilik isteyen! İbadete ve kulluğa gel! Ey kötülük isteyen! Günahlarından vazgeç!
503,dogru,1.0,Tirmizî,Savm,Tirmizî,Savm,4,"Tirmizî, Savm,1; İbn Mâce, Sıyâm, 2.",03.05.2019,03.05.2019 HOŞ GELDİN YA ŞEHR-İ RAMAZAN,metinler,baslik_eslesti,"ilk gecesinden itibaren şeytanların bağlandığı, cehennem kapılarının kapatıldığı, cennet kapılarının açıldığı, sayısız müminin ateşten azat edildiği"
504,dogru,1.0,Tirmizî,Savm,Tirmizî,Savm,1,"Tirmizî, Savm, 39.",26.03.2021,26.03.2021 BERAT GECESİ: AF VE MAĞFİRET GECESİ,metinler,baslik_eslesti,"Şaban ayının yarısına denk gelen bu gece, Allah dünya semasına rahmetiyle tecelli eder ve Kelb kabilesinin koyunlarının yünlerinden daha fazla sayıda insanı affeder."
505,kirpilmis_duzeltildi,1.0,Tirmizî,Sıf,Tirmizî,Sıfâtü’l-kıyâme,1,"Tirmizî, Sıfâtü’l-kıyâme, 42.",07.12.2018,07.12.2018 SELÂM: İSLÂM’IN GÜVEN VE BARIŞ ÇAĞRISI,metinler,baslik_eslesti,"Ey insanlar! Selâmı aranızda yayın, birbirinize yemek ikram edin, insanlar uykuda iken namaz kılın ki, selâmetle cennete giresiniz."
506,kirpilmis_duzeltildi,1.0,Tirmizî,Sıf,Tirmizî,Sıfâtü’l-kıyâme,4,"Tirmizî, Sıfâtü’l-kıyâme, 1.",05.05.2023,05.05.2023 İSRAF: TÜKETİRKEN TÜKENMEK,metinler,baslik_eslesti,"İnsanoğlu kıyamet günü ömrünü nerede tükettiğinden, gençliğini nerede geçirdiğinden, malını nereden kazandığından ve nereye harcadığından, öğrendikleriyle amel edip etmediğinden hesaba çekilmedikçe yerinden asla kımıldayamayacaktır."
507,kirpilmis_duzeltildi,1.0,Tirmizî,Sıf,Tirmizî,Sıfâtü’l-kıyâme,2,"Tirmizî, Sıfâtü’l-kıyâme, 17.",18.10.2024,"18.10.2024 ALLAH’I, ÖLÜMÜ VE AHİRETİ UNUTMADAN BİR ",metinler,baslik_eslesti,"…Gaflete dalan, boşa zaman geçiren, kabirleri unutan kul ne kötüdür! Azgınlık yapan, haddi aşan, nereden geldiğini ve nereye gideceğini unutan kul ne kötüdür!..."
508,kirpilmis_duzeltildi,1.0,İbn Mâce,Ahk,İbn Mâce,Ahkâm,7,"İbn Mâce, Ahkâm, 17.",13.09.2019,13.09.2019 HER CAN DOKUNULMAZDIR,metinler,baslik_eslesti,Zarar vermek de yok! Zarara uğramak da yok!
509,tur_hatasi,1.0,İbn Mâce,Ahk,Taha,132,5,"Tâhâ, 20/132.",17.04.2020,17.04.2020 AİLE: HUZUR VE GÜVEN KAYNAĞI,metinler,baslik_eslesti,Ailene namazı emret; kendin de ona sabırla devam et.
510,kirpilmis_duzeltildi,1.0,İbn Mâce,Ahk,İbn Mâce,Ahkâm,5,"İbn Mâce, Ahkâm, 17.",17.04.2020,24.04.2020 RAMAZAN: SABIR VE İRADE EĞİTİMİ,metinler,baslik_eslesti+tarih_duzeltildi,"Zarar vermek de, zarara zararla karşılık vermek de yoktur"
511,kirpilmis_duzeltildi,1.0,İbn Mâce,Tah,İbn Mâce,Tahâret,1,"İbn Mâce, Tahâret, 48.",08.06.2018,"08.06.2018 AFİYET OLSUN, İSRAF OLMASIN",metinler,baslik_eslesti,"Evet, akan bir nehirden abdest alsan bile"
512,kirpilmis_duzeltildi,1.0,İbn Mâce,Tah,İbn Mâce,Tahâret,5,"İbn Mâce, Tahâret, 16.",18.02.2022,18.02.2022 PEYGAMBERİMİZİN AHLAKI KUR’AN’DI,metinler,baslik_eslesti,"Ben size, bir babanın evladına öğrettiği gibi öğretiyorum"
513,kirpilmis_duzeltildi,1.0,İbn Mâce,Tah,İbn Mâce,Tahâret,3,"İbn Mâce, Tahâret, 48.",18.07.2025,18.07.2025 SUYUMUZU İSRAF ETMEYELİM,metinler,baslik_eslesti,Akan bir nehirden bile abdest alırken suyu gereksiz kullanmak israf olur.
514,cilt_temizlendi,1.0,Ahmed b. Hanbel,IV,Ahmed b. Hanbel,,13,"Ahmed b. Hanbel, IV, 121; V, 154; VI, 362.",04.04.2014,04.04.2014 DOĞRULUK VE SADAKA,metinler,baslik_eslesti,Yanınızda çalışanlara yedirdiğiniz sadakadır.
515,cilt_temizlendi,1.0,Ahmed b. Hanbel,IV,Ahmed b. Hanbel,,3,"Ahmed b. Hanbel, IV, 151.",16.11.2018,16.11.2018 MEVLİD-İ NEBİ,metinler,baslik_eslesti,"Şüphesiz ki Allah, hevasına tabi olmayan, haktan sapmayan genci sever"
516,kirpilmis_duzeltildi,1.0,Beyhakî,Şuabü’l-,Beyhakî,Şuabü’l-îmân,1,"Beyhakî, Şuabü’l-îmân, 3, 39.",09.12.2022,09.12.2022 HAYDİ NAMAZA! HAYDİ KURTULUŞA!,metinler,baslik_eslesti,"Namaz, dinin direğidir."
517,kirpilmis_duzeltildi,1.0,Beyhakî,Şuabü’l-,Beyhakî,Şuabü’l-îmân,1,"Beyhakî, Şuabü’l-îmân, 3, 39.",24.01.2025,"24.01.2025 MİRACIN HEDİYESİ, DİNİMİZİN DİREĞİ NAMAZ",metinler,baslik_eslesti,Namaz dinin direğidir.
518,kirpilmis_duzeltildi,1.0,Buhârî,Büy,Buhârî,Büyû’,3,"Buhârî, Büyû’, 15.",29.11.2024,29.11.2024 MADDİ VE MANEVİ TÜKENİŞ: KUMAR,metinler,baslik_eslesti,Hiç kimse elinin emeğiyle kazandığından daha hayırlı bir rızık asla yememiştir...
519,kirpilmis_duzeltildi,1.0,Buhârî,Büy,Buhârî,Büyû’,3,"Buhârî, Büyû’, 23.",19.09.2025,19.09.2025 PEYGAMBERİMİZ (S.A.S) VE TİCARET AHLAKI,metinler,baslik_eslesti,"Öyle bir zaman gelecek ki, kişi, malını helâlden mi yoksa haramdan mı elde ettiğine bakmayacak!"
520,kirpilmis_duzeltildi,1.0,Buhârî,Ez,Buhârî,Ezân,6,"Buhârî, Ezân, 30.",09.12.2022,09.12.2022 HAYDİ NAMAZA! HAYDİ KURTULUŞA!,metinler,baslik_eslesti,"Cemaatle kılınan namaz, tek başına kılınan namazdan yirmi yedi kat daha faziletlidir."
521,kirpilmis_duzeltildi,1.0,Buhârî,Ez,Buhârî,Ezân,3,"Buhârî, Ezân, 9.",26.09.2025,"26.09.2025 PEYGAMBERİMİZ (S.A.S), CAMİ VE NAMAZ",metinler,baslik_eslesti,İnsanlar sabah ve yatsı namazındaki sevabı bilselerdi sürünerek de olsa camiye gelirlerdi.
522,kirpilmis_duzeltildi,1.0,Buhârî,Mev,Buhârî,Mevâkîtü’s-salât,1,"Buhârî, Mevâkîtü’s-salât, 6.",13.12.2019,13.12.2019 NAMAZ: RABBİMİZE YAKIN OLMA ÇABAMIZ,metinler,baslik_eslesti,İşte beş vakit namaz da böyledir. Allah bu namazlarla günahları yok eder.
523,kirpilmis_duzeltildi,1.0,Buhârî,Mev,Buhârî,Mevâkîtü's-salât,2,"Buhârî, Mevâkîtü's-salât, 14.",26.09.2025,"26.09.2025 PEYGAMBERİMİZ (S.A.S), CAMİ VE NAMAZ",metinler,baslik_eslesti,"İkindi namazını kılmayan kimse, sanki ailesini ve malını yitirmiş gibidir."
524,HATALI,1.0,Buhârî,Zekat,İbn Mâce,Ticaret,4,"İbn Mâce, Ticaret, 45.",02.03.2018,02.03.2018 İSLAM’DA TİCARET AHLAKI,metinler,baslik_eslesti,"Bir Müslümanın kusurlu bir malı, kusurunu açıklamadan satması helâl değildir."
525,dogru,1.0,Buhârî,Zekat,Buhârî,Zekat,4,"Buhari Zekat, 10.",02.03.2018,"09.03.2018 İSLAM'DA KADIN: ADALET, MERHAMET VE HAKK",metinler,baslik_eslesti+tarih_duzeltildi,…Her kim şu kız çocuklarını yetiştirirken birtakım zorluklara katlanırsa bu kızlar onun için cehennem ateşine siper olur
526,dogru,1.0,Dârimî,Siyer,Dârimî,Siyer,3,"Dârimî, Siyer, 69.",24.10.2014,24.10.2014 HİCRET: FITRATA YAPILAN YOLCULUK,metinler,baslik_eslesti,Fetihten sonra hicret yoktur.
527,dogru,1.0,Dârimî,Siyer,Dârimî,Siyer,2,"Dârimî, Siyer, 3; Tirmizî, Birr, 28.",05.04.2019,05.04.2019 MÜSLÜMAN HAYIRLI BİR KOMŞUDUR,metinler,baslik_eslesti,"Allah katında komşuların en hayırlısı, komşusuna en güzel davranandır."
528,kirpilmis_duzeltildi,1.0,Ebû Dâvûd,Büy,Ebû Dâvûd,Büyû’,1,"Ebû Dâvûd, Büyû’, (İcâre), 76.",26.05.2023,26.05.2023 BİRLİK VE BERABERLİK RUHU,metinler,baslik_eslesti,"Bunlar, aralarında akrabalık bağı ya da herhangi bir menfaat bulunmayan, sırf Allah için birbirlerini sevenlerdir."
529,kirpilmis_duzeltildi,1.0,Ebû Dâvûd,Büy,Ebû Dâvûd,Büyû’ (İcâre),3,"Ebû Dâvûd, Büyû’ (İcâre), 83.",15.12.2023,15.12.2023 ADALET: HER HAK SAHİBİNE HAKKINI VERMEK,metinler,baslik_eslesti,Çocuklarınız arasında adaletli davranın.
530,kirpilmis_duzeltildi,1.0,Ebû Dâvûd,Cen,Ebû Dâvûd,Cenâiz,7,"Ebû Dâvûd, Cenâiz, 54, 56; İbn Mâce, Cenâiz, 23.",05.10.2018,05.10.2018 CENAZE ÂDÂBI: AHİRET YOLCUSUNA,metinler,baslik_eslesti,Cenaze namazı kıldığınız zaman ölen kimseye samimiyetle dua ediniz
531,kirpilmis_duzeltildi,1.0,Ebû Dâvûd,Cen,Ebû Dâvûd,Cenâiz,2,"Ebû Dâvûd, Cenâiz, 6.",27.03.2020,27.03.2020 ZORLUKLAR KARŞISINDA MÜMİN,metinler,baslik_eslesti,"Bir yerde veba olduğunu duyarsanız oraya girmeyin, bulunduğunuz yerde veba çıkarsa o bölgeden de ayrılmayın!"
532,kirpilmis_duzeltildi,1.0,Ebû Dâvûd,Cih,Ebû Dâvûd,Cihâd,3,"Ebû Dâvûd, Cihâd, 31.",22.10.2021,"22.10.2021 ONUN BİZE MİRASI, EŞSİZ VEFASI",metinler,baslik_eslesti,Onların yanına geri dön ve ikisini de nasıl ağlattıysan öylece güldür!
533,kirpilmis_duzeltildi,1.0,Ebû Dâvûd,Cih,Ebû Dâvûd,Cihâd,1,"Ebû Dâvûd, Cihâd, 31.",02.09.2022,02.09.2022 ANNE BABA: CENNETİ KAZANMA VESİLESİ,metinler,baslik_eslesti,Anne babanın yanına geri dön ve her ikisini de nasıl ağlattıysan öylece güldür!
534,kirpilmis_duzeltildi,1.0,Ebû Dâvûd,Kad,Ebû Dâvûd,Kadâ’ (Akdiye),2,"Ebû Dâvûd, Kadâ’ (Akdiye), 31.",13.09.2019,13.09.2019 HER CAN DOKUNULMAZDIR,metinler,baslik_eslesti,"Kim zarar verirse Allah da ona zarar verir. Kim insanlara güçlük çıkarırsa, Allah da ona güçlük çıkarır."
535,kirpilmis_duzeltildi,1.0,Ebû Dâvûd,Kad,Ebû Dâvûd,Kadâ’ (Akdiye),6,"Ebû Dâvûd, Kadâ’ (Akdiye), 31.",25.04.2025,25.04.2025 ALIN TERİ MUKADDESTİR,metinler,baslik_eslesti,"Kim insanlara zarar verirse Allah da ona zarar verir. Kim insanlara zorluk çıkarırsa, Allah da ona zorluk çıkarır."
536,kirpilmis_duzeltildi,1.0,Ebû Dâvûd,Tah,Ebû Dâvûd,Tahâret,4,"Ebû Dâvûd, Tahâret, 94.",08.03.2013,08.03.2013 BİR KUL OLARAK KADIN,metinler,baslik_eslesti,Kadın ve erkek bir bütünü tamamlayan iki eşit parçadır.
537,kirpilmis_duzeltildi,1.0,Ebû Dâvûd,Tah,Ebû Dâvûd,Tahâret,6,"Ebû Dâvûd, Tahâret, 94.",02.03.2018,"09.03.2018 İSLAM'DA KADIN: ADALET, MERHAMET VE HAKK",metinler,baslik_eslesti+tarih_duzeltildi,Bir bütünün birbirini tamamlayan iki yarısı
538,HATALI,1.0,Ebû Dâvûd,İlim,Hakim,el-Müstederek,4,"Hakim el-Müstederek, II, 670.",22.08.2014,22.08.2014 HAYÂ HAYATTIR!,metinler,baslik_eslesti,Ben güzel ahlâkı tamamlamak üzere gönderildim.
539,tur_hatasi,1.0,Ebû Dâvûd,İlim,Al-i İmran,139,4,Âl-i İmrân 3/139.,22.08.2014,29.08.2014 ZAFERLER ALLAH’TANDIR,metinler,baslik_eslesti+tarih_duzeltildi,"Gevşeklik göstermeyin, üzüntüye kapılmayın. Eğer inanmışsanız üstün gelecek olanlar sizlersiniz"
540,eksik_tamamlandi,1.0,Muvatta,-,Muvatta,İ’tikâf,3,"Muvatta’, İ’tikâf, 6.",22.04.2022,22.04.2022 LEYLETÜ’L-KADR: İLAHİ LÜTUF VE İKRAM GEC,metinler,baslik_eslesti,Kadir gecesini Ramazanın son on gününde arayın!
541,eksik_tamamlandi,1.0,Muvatta,-,Muvatta,Hüsnü’l-hulk,4,"Muvatta’, Hüsnü’l-hulk, 4.",21.04.2023,"21.04.2023 RAMAZAN BAYRAMI: NEŞE, HUZUR VE KARDEŞLİ",metinler,baslik_eslesti,"Birbirinizle musafaha edin, el sıkışın ki içinizdeki kin gitsin. Birbirinize hediyeler verin ki sevginiz artsın, düşmanlıklar yok olsun."
542,dogru,1.0,Müslim,Cennet,Müslim,Cennet,8,"Müslim, Cennet, 64.",20.09.2019,20.09.2019 TEVAZU İNSANI YÜCELTİR,metinler,baslik_eslesti,"Allah bana, mütevazı olup birbirinize karşı övünmemenizi ve birbirinize karşı haddi aşan davranışlarda bulunmamanızı vahyetti."
543,dogru,1.0,Müslim,Cennet,Müslim,Cennet,5,"Müslim, Cennet, 52.",01.08.2025,"01.08.2025 HAYÂ: ALLAH’IN EMRİ, FITRATIN GEREĞİ",metinler,baslik_eslesti,Giyinik çıplaklardır.
544,dogru,1.0,Müslim,Cum’a,Müslim,Cum’a,1,"Müslim, Cum’a, 18.",19.07.2019,19.07.2019 CUMA NAMAZI VE ADABI,metinler,baslik_eslesti,"Üzerine güneş doğan en hayırlı gün cuma günüdür. Âdem o gün yaratıldı, o gün cennete konuldu ve o gün cennetten çıkarıldı. Kıyamet de ancak cuma günü kopacaktır."
545,dogru,1.0,Müslim,Cum’a,Müslim,Cum’a,5,"Müslim, Cum’a, 27.",10.09.2021,10.09.2021 CUMA NAMAZI: HAFTALIK BULUŞMAMIZ,metinler,baslik_eslesti,"Kim güzelce abdest alır, Cumaya gelir ve hutbeyi can kulağıyla dinlerse, o Cuma ile gelecek Cuma arasındaki günahları affolunur."
546,kirpilmis_duzeltildi,1.0,Müslim,Müs,Müslim,Müsâkât,7,"Müslim, Müsâkât, 141.",06.12.2024,06.12.2024 MİRAS: SINIRLARINI ALLAH’IN BELİRLEDİĞİ ,metinler,baslik_eslesti,"Hiç kimse hakkı olmayan bir karış toprağı bile almasın! Şayet alırsa, kıyamet gününde Allah, yedi kat yeri onun boynuna geçirir."
547,kirpilmis_duzeltildi,1.0,Müslim,Müs,Müslim,Müsâkât,3,"Müslim, Müsâkât, 137.",15.08.2025,15.08.2025 KUL HAKKI ATEŞTEN GÖMLEKTİR,metinler,baslik_eslesti,"Hiç kimse hakkı olmayan bir karış toprağı bile almasın! Eğer alırsa, kıyamet gününde Allah yedi kat yeri onun boynuna dolar."
548,HATALI,1.0,Müslim,İmare,Nesâi,Gusül ve Teyemmüm,5,"Nesâî, Gusül ve Teyemmüm, 7.",22.08.2014,22.08.2014 HAYÂ HAYATTIR!,metinler,baslik_eslesti,"Allah hayâ sahibidir, ayıp ve kusurları örtendir."
549,dogru,1.0,Müslim,İmare,Müslim,İmare,6,"Müslim, İmare, 57",08.05.2015,"05.06.2015 İSLÂM, IRKÇILIĞIN HER TÜRLÜSÜNÜ REDDEDER",metinler,baslik_eslesti+tarih_duzeltildi,Câhiliye ölümü
550,kirpilmis_duzeltildi,1.0,Tirmizî,Daav,Tirmizî,Daavât,2,"Tirmizî, Daavât, 1.",06.06.2014,"06.06.2014 DUA, İBADETİN ÖZÜDÜR",metinler,baslik_eslesti,"Dua, ibadetin özüdür"
551,kirpilmis_duzeltildi,1.0,Tirmizî,Daav,Tirmizî,Daavât,7,"Tirmizî, Daavât, 74; Ebû Dâvûd, Vitir, 32.",28.11.2014,28.11.2014 DİLİN ESİRİ OLMAYALIM!,metinler,baslik_eslesti,"Allah'ım! Kulağımın kötülüğünden, gözümün kötülüğünden, dilimin kötülüğünden, kalbimin kötülüğünden sana sığınırım."
552,kirpilmis_duzeltildi,1.0,Tirmizî,Fed,Tirmizî,Fedâilü’l-cihâd,5,"Tirmizî, Fedâilü’l-cihâd, 2; İbn Hanbel, VI, 22.",10.04.2020,"10.04.2020 İNSAN, SORUMLULUK SAHİBİDİR",metinler,baslik_eslesti,"Mümin, insanların can ve mal hususunda kendisine güvendiği kişidir. Müslüman; elinden ve dilinden insanlara zarar gelmeyen kimsedir."
553,kirpilmis_duzeltildi,1.0,Tirmizî,Fed,Tirmizî,Fedâilü’l-cihâd,1,"Tirmizî, Fedâilü’l-cihâd, 12.",30.08.2024,"30.08.2024 BİZİ BİZ YAPAN, BİZİ MİLLET KILAN RUH",metinler,baslik_eslesti,"İki göz vardır ki cehennem ateşi onlara dokunmaz: İlki, Allah korkusundan ağlayan göz. İkincisi ise gecesini Allah yolunda nöbet tutarak geçiren göz."
554,kirpilmis_duzeltildi,1.0,Tirmizî,Sıfatü’l-Kıy,Tirmizî,Sıfatü’l-Kıyâme,2,"Tirmizî, Sıfatü’l-Kıyâme, 1.",17.10.2014,17.10.2014 ARŞIN GÖLGESİNDEKİ GENÇLİK,metinler,baslik_eslesti,"İnsanoğluna beş şeyden hesap sorulmadıkça kıyamet günü hiçbir tarafa hareket etmeyecektir; Ömrünü nerede ve nasıl tükettiğinden, gençliğini nerde yıprattığından, malını nerden kazanıp nerde harcadığından öğrendiği bilgilerle yaşayıp yaşamadığından."
555,kirpilmis_duzeltildi,1.0,Tirmizî,Sıfatü’l-Kıy,Tirmizî,Sıfatü’l-Kıyâme,3,"Tirmizî, Sıfatü’l-Kıyâme, 42.",28.04.2017,28.04.2017 GÜVEN VE MUHABBET KÖPRÜSÜ: SELAM,metinler,baslik_eslesti,Ve selâmetle cennete girin!
556,kirpilmis_duzeltildi,1.0,Tirmizî,Tefs,Tirmizî,Tefsîru’l-Kur’ân,4,"Tirmizî, Tefsîru’l-Kur’ân, 49.",24.09.2021,24.09.2021 TAKVA: RABBİMİZİN RIZASINI DİRİ TUTMA Bİ,metinler,baslik_eslesti,İnsanlar nazarında kişiyi yücelten malı ise de Allah katında onu yücelten takvasıdır.
557,kirpilmis_duzeltildi,1.0,Tirmizî,Tefs,Tirmizî,Tefsîru’l-Kur’ân,4,"Tirmizî, Tefsîru’l-Kur’ân, 83.",10.10.2025,10.10.2025 CENÂB-I HAKK’IN NAZARGÂHI: KALP,metinler,baslik_eslesti,Kul bir günah işlediği zaman kalbinde siyah bir nokta oluşur. Bundan vazgeçip tövbe ve istiğfar ederse kalbi parlar. Günaha devam ederse siyah nokta artar ve sonunda tüm kalbini kaplar.
558,kirpilmis_duzeltildi,1.0,Tirmizî,İm,Tirmizî,İmân,2,"Tirmizî, İmân, 12.",20.11.2015,20.11.2015 KÜRESEL TERÖRÜN HEDEF ALDIĞI DİN: İSLAM,metinler,baslik_eslesti,"Müslüman, elinden ve dilinden Müslümanların güvende oldukları kişidir. Mümin ise canları ve malları hususunda insanların kendisinden emin oldukları kişidir."
559,kirpilmis_duzeltildi,1.0,Tirmizî,İm,Tirmizî,İmân,4,"Tirmizî, İmân, 12.",10.03.2023,10.03.2023 MÜMİN GÜVENEN VE GÜVENİLEN KİŞİDİR,metinler,baslik_eslesti,"Müslüman, diğer Müslümanların elinden ve dilinden güvende olduğu kimsedir. Mümin de insanların canları ve mallarını kendisine karşı emniyette bildikleri kişidir."
560,dogru,1.0,İbn Mâce,Et’ime,İbn Mâce,Et’ime,3,"İbn Mâce, Et’ime, 30.",08.11.2019,08.11.2019 MEVLİD-İ NEBİ,metinler,baslik_eslesti,Korkma! Ben de senin gibi kuru et yiyen bir kadının oğluyum.
561,dogru,1.0,İbn Mâce,Et’ime,İbn Mâce,Et’ime,2,"İbn Mâce, Et’ime, 30.",29.08.2025,29.08.2025 ÂLEMLERE RAHMET HZ. MUHAMMED (S.A.S),metinler,baslik_eslesti,Endişelenme! Ben de senin gibi kuru et yiyen bir kadının oğluyum.
562,dogru,1.0,İbn Mâce,Fiten,İbn Mâce,Fiten,3,"İbn Mâce, Fiten, 20.",07.04.2017,07.04.2017 ZULÜM EBEDİ DEĞİLDİR,metinler,baslik_eslesti,Zalimin zulmünü önlemedikçe size de kurtuluş yoktur.
563,dogru,1.0,İbn Mâce,Fiten,İbn Mâce,Fiten,2,"İbn Mâce, Fiten, 20.",04.10.2024,04.10.2024 ZULÜM ASLA PAYİDAR OLMAZ,metinler,baslik_eslesti,Zalimin zulmünü önlemedikçe size de kurtuluş yoktur.
564,HATALI,1.0,İbn Mâce,Mukaddime,Ahmed b. Hanbel,,2,"İbn Hanbel, II, 381; Muvatta, Hüsnü’l Hulk, 1.",21.10.2016,21.10.2016 ALLAH’A VERDİĞİ SÖZE SADIK KİMSE: MÜMİN,metinler,baslik_eslesti,Ben ahlaki güzellikleri tamamlamak için gönderildim.
565,dogru,1.0,İbn Mâce,Mukaddime,İbn Mâce,Mukaddime,2,"İbn Mâce, Mukaddime, 43.",21.10.2016,28.10.2016 DÎN-İ MÜBÎN-İ İSLAM,metinler,baslik_eslesti+tarih_duzeltildi,"Ben size gecesi gündüz gibi, apaçık bir yol bıraktım."
566,dogru,1.0,İbn Mâce,Sünnet,İbn Mâce,Sünnet,2,"İbn Mâce, Sünnet, 17.",05.09.2025,05.09.2025 İLİM HAKKI BİLMEKTİR,metinler,baslik_eslesti,"Ben, ancak bir öğretmen olarak gönderildim."
567,dogru,1.0,İbn Mâce,Sünnet,İbn Mâce,Sünnet,4,"İbn Mâce, Sünnet, 20.",21.11.2025,21.11.2025 ŞİDDETİN ÇARESİ MERHAMET EĞİTİMİ,metinler,baslik_eslesti,"İlim öğreten kimseye, öğrettiği ilimle amel edenlerin kazandıkları kadar ecir verilir…"
568,eksik_tamamlandi,1.0,Ahmed b. Hanbel,-,Ahmed b. Hanbel,,2,"İbn Hanbel, II, 40.",17.04.2015,"17.04.2015 DÜNYA BİZE, BİZ BİRBİRİMİZE EMANETİZ!",metinler,baslik_eslesti,"Mümin, cana yakın kimsedir. İnsanlarla dostluk kurmayan, kendisiyle dostluk kurulamayan kimsede hayır yoktur."
569,dogru,1.0,Ahmed b. Hanbel,Müsned,Ahmed b. Hanbel,Müsned,4,"Ahmed b. Hanbel, Müsned, II, 199.",19.07.2013,"19.07.2013 HELAL KAZANÇ, HELAL LOKMA",metinler,baslik_eslesti,"Mümin bal arısı gibidir. Bal arısı, hep güzel şeyler yer, hep güzel şeyler üretir. Her yere konar, ama hiçbir şeyi ne döker, ne kırar, ne de ifsat eder"
570,cilt_temizlendi,1.0,Ahmed b. Hanbel,V,Ahmed b. Hanbel,,10,"Ahmed b. Hanbel, V, 411.",19.04.2013,19.04.2013 İNSAN KALABİLMEK,metinler,baslik_eslesti,"Rabbiniz birdir. Babanız da birdir. Hepiniz Âdem'in çocuklarısınız, Âdem ise topraktandır. Arabın Arap olmayana, Arap olmayanın da Araba, beyaz tenlinin siyaha, siyah tenlinin de beyaza takva dışında bir üstünlüğü yoktur."
571,cilt_temizlendi,1.0,Ahmed b. Hanbel,XI,Ahmed b. Hanbel,,3,"Ahmed b. Hanbel, XI, 658.",14.04.2017,14.04.2017 HZ. PEYGAMBER VE GÜVEN TOPLUMU,metinler,baslik_eslesti,Elinden ve dilinden insanların güvende olduğu kişi
572,eksik_tamamlandi,1.0,Beyhakî,-,Beyhakî,es-Sünenü’l-kübrâ,6,"Beyhakî, es-Sünenü’l-kübrâ, X, 7.",05.04.2019,05.04.2019 MÜSLÜMAN HAYIRLI BİR KOMŞUDUR,metinler,baslik_eslesti,Komşusu açken tok yatan kimse hakkıyla iman etmiş sayılmaz
573,kirpilmis_duzeltildi,1.0,Buhârî,Bed,Buhârî,Bedʾü’l-vahy,1,"Buhârî, Bedʾü’l-vahy, 3; Müslim, Îmân, 252.",15.11.2019,15.11.2019 PEYGAMBERİMİZ VE AİLE,metinler,baslik_eslesti,"Korkmana gerek yok! Çünkü sen her zaman doğruyu söyler, akrabanı gözetirsin. Muhtaçlara yardım eder, misafire ikramda bulunursun. Allah, hiçbir zaman seni utandırıp üzmez."
574,dogru,1.0,Buhârî,Bedü’l-vahy,Buhârî,Bedü’l-vahy,5,"Buhârî, Bedü’l-vahy, 1.",28.08.2015,28.08.2015 HAC YOLCULUĞUNDAN HAK YOLCULUĞUNA,metinler,baslik_eslesti,"Ameller, niyetlere göredir. Herkese ancak niyet ettiğinin karşılığı vardır"
575,dogru,1.0,Buhârî,Bed’ü’l-halk,Buhârî,Bed’ü’l-halk,4,"Buhârî, Bed’ü’l-halk, 8.",20.11.2020,20.11.2020 CENNET: MÜMİNLERİ BEKLEYEN SONSUZ NİMET,metinler,baslik_eslesti,"Ben salih kullarım için cennette hiçbir gözün görmediği, hiçbir kulağın işitmediği ve hiçbir insanın hayal edemeyeceği birtakım nimetler hazırladım."
576,dogru,1.0,Buhârî,Bed’ü’l-vahy,Buhârî,Bed’ü’l-vahy,1,"Buhârî, Bed’ü’l-vahy, 1; Tefsîr, (Alak) 1.",29.07.2016,"29.07.2016 EN BÜYÜK BOZGUNCULUK, DİNİN MUAZZEZ DEĞE",metinler,baslik_eslesti,"Korkma, endişelenme! Allah, seni asla mahcup etmez. Çünkü sen, akrabalarınla ilgilenirsin. Yetim ve kimsesizleri gözetirsin. Fakir ve ihtiyaç sahibinin yardımına koşarsın. Misafire ikramda bulunur, komşuna iyi davranırsın. Mazluma ve mağdura kol kanat gerersin. Hakkı savunur, doğrunun yanında yer alırsın."
577,dogru,1.0,Buhârî,Cenaiz,Buhârî,Cenaiz,2,"Buhari, Cenaiz, 32.",28.10.2011,28.10.2011 MÜMİNLER TEK BİR VÜCUT GİBİDİR,metinler,baslik_eslesti,Sabır ancak (musibetin) ilk vurduğu andadır.
578,dogru,1.0,Buhârî,Cihad,Buhârî,Cihad,1,"Buhari, Cihad, 21; Müslim, İmâre, 109.",15.03.2013,15.03.2013 ŞEHİTLİK VE ÇANAKKALE,metinler,baslik_eslesti,"Cennete giren hiçbir kimse, yeryüzündeki her şey kendisinin olsa bile dünyaya geri dönmeyi arzu etmez. Ancak şehit, cennette gördüğü aşırı itibar ve ikram sebebiyle tekrar dünyaya dönmeyi ve on defa şehit olmayı ister."
579,kirpilmis_duzeltildi,1.0,Buhârî,Deav,Buhârî,Deavât,2,"Buhârî, Deavât, 66.",13.11.2015,13.11.2015 ZİKİR: KALPLERE HAYAT VEREN İKSİR,metinler,baslik_eslesti,"Rabbini zikreden ile zikretmeyenin durumu, diri ile ölünün durumuna benzer."
580,dogru,1.0,Buhârî,Edep,Buhârî,Edep,2,"Buhârî, Edep, 12.",11.08.2023,11.08.2023 SILA-İ RAHİM: RAHMET VE BEREKET VESİLEMİ,metinler,baslik_eslesti,"Rızkının bol, ömrünün bereketli olmasını arzu eden, akrabalık bağını devam ettirsin."
581,kirpilmis_duzeltildi,1.0,Buhârî,Eh,Buhârî,Ehâdîsü’l-Enbiyâ,5,"Buhârî, Ehâdîsü’l-Enbiyâ, 54.",27.11.2015,27.11.2015 İMANI HAYAT KILABİLMEK,metinler,baslik_eslesti,Utanmadıktan sonra dilediğini yap.
582,dogru,1.0,Buhârî,Ezan,Buhârî,Ezan,4,"Buhârî, Ezan, 36.",30.12.2016,30.12.2016 ÖMÜR NİMETİ,metinler,baslik_eslesti,Neşeyi ve huzuru Rabbine ibadette bulan gençler
583,kirpilmis_duzeltildi,1.0,Buhârî,Fadlü’s-sal,Buhârî,Fadlü’s-salât,2,"Buhârî, Fadlü’s-salât, 1.",07.02.2020,07.02.2020 KUDÜS İSLAM YURDUDUR,metinler,baslik_eslesti,"Yeryüzünde ibadet gayesiyle sadece üç mescid için yolculuğa çıkılır: Mescid-i Harâm, Mescid-i Nebevî ve Mescid-i Aksâ."
584,kirpilmis_duzeltildi,1.0,Buhârî,Fer,Buhârî,Ferâiz,2,"Buhârî, Ferâiz, 25.",15.01.2021,15.01.2021 MİRAS: HER HAK SAHİBİNE HAKKINI VERMEK,metinler,baslik_eslesti,"Her kim öldükten sonra geride mal bırakırsa, o mal mirasçılarınındır."
585,dogru,1.0,Buhârî,Menakıb,Buhârî,Menakıb,2,"Buhârî, Menakıb, 13; Müslim, İman, 89.",19.01.2018,19.01.2018 ÖNCE KENDİMİZDEN SORUMLUYUZ,metinler,baslik_eslesti,Yavrum! Sorumluluklarını yerine getir ve kendini ateşten koru. Yaşadığım müddetçe babalık görevimi eksiksiz yerine getiririm. Lâkin hesap günü sana bir faydam dokunmaz.
586,kirpilmis_duzeltildi,1.0,Buhârî,Merd,Buhârî,Merdâ,2,"Buhârî, Merdâ, 1.",16.08.2019,16.08.2019 GÜVENLİ BİR HAYAT İÇİN AFETLERE HAZIR OL,metinler,baslik_eslesti,"Batan bir diken bile olsa Müslüman'ın başına gelen her bir musibeti, Allah onun günahlarına kefaret kılar."
587,kirpilmis_duzeltildi,1.0,Buhârî,Meğ,Buhârî,Meğâzî,1,"Buhârî, Meğâzî, 12; Müslim, Zühd, 6.",01.11.2019,01.11.2019 DÜNYEVİLEŞMEK: GEÇİCİ OLANA GÖNÜL VERMEK,metinler,baslik_eslesti,"Sevinin ve sizi sevindirecek nimetleri bekleyin! Vallahi sizin için fakirlikten korkmam. Ancak ben, sizden önceki ümmetlerin önüne dünya nimetleri serildiği gibi sizin önünüze de serilmesinden, onların o dünya nimetleri için yanıp tutuştukları gibi sizin de yanıp tutuşmanızdan ve bunun onları helâk ettiği gibi sizleri de helâk etmesinden korkarım."
588,dogru,1.0,Buhârî,Meğazi,Buhârî,Meğazi,4,"Buhârî, Meğazi, 82.",04.10.2019,04.10.2019 DÜNYA EVİMİZ BİZE EMANETTİR,metinler,baslik_eslesti,"Uhud bizi sever, biz de onu severiz"
589,kirpilmis_duzeltildi,1.0,Buhârî,Müs,Buhârî,Müsâkât,1,"Buhârî, Müsâkât, 9.",29.01.2021,29.01.2021 HAYVANLARA MERHAMET: DİNÎ VE İNSANÎ SORU,metinler,baslik_eslesti,Her canlıya yapılan iyilikte sevap vardır.
590,dogru,1.0,Buhârî,Salat,Buhârî,Salat,2,"Buhari, Salat, 88; Müslim, Birr ve Sıla, 65.",04.11.2016,04.11.2016 ÖRNEK ÜMMET OLABİLMEK,metinler,baslik_eslesti,"Müminlerin birbirlerine olan bağlılığı, birbirine kenetlenerek inşa edilmiş bir binanın tuğlaları gibidir."
591,dogru,1.0,Buhârî,Sulh,Buhârî,Sulh,12,"Buhârî, Sulh, 11.",04.04.2014,04.04.2014 DOĞRULUK VE SADAKA,metinler,baslik_eslesti,"İki kişinin arasını bulman, iki kişinin arasında adaletle hükmetmen sadakadır."
592,dogru,1.0,Buhârî,Tıb,Buhârî,Tıb,1,"Buhârî, Tıb, 1.",13.03.2020,13.03.2020 TEDBİR MÜMİN’DEN TAKDİR ALLAH’TANDIR,metinler,baslik_eslesti,"Allah, indirdiği her hastalığın muhakkak şifasını da vermiştir."
593,dogru,1.0,Buhârî,Tıp,Buhârî,Tıp,3,"Buhârî, Tıp, 53.",27.03.2020,27.03.2020 ZORLUKLAR KARŞISINDA MÜMİN,metinler,baslik_eslesti,"Hastalık taşıyan kişi, sağlam kişinin yanına gitmesin!"
594,dogru,1.0,Buhârî,Umre,Buhârî,Umre,2,"Buhârî, Umre, 1.",14.06.2024,"14.06.2024 İNSANI İHYA, TOPLUMU İNŞA EDEN İBADET: H",metinler,baslik_eslesti,Allah katında kabul olunan haccın karşılığı ancak cennettir.
595,kirpilmis_duzeltildi,1.0,Buhârî,İstikr,Buhârî,İstikrâz,2,"Buhârî, İstikrâz, 20.",10.04.2020,"10.04.2020 İNSAN, SORUMLULUK SAHİBİDİR",metinler,baslik_eslesti,Hepiniz birer sorumlusunuz ve hepiniz yönettiklerinizden mesulsünüz…
596,kirpilmis_duzeltildi,1.0,Dârimî,Büy,Dârimî,Büyû’,1,"Dârimî, Büyû’, 2.",08.03.2019,08.03.2019 İYİLİK PAYLAŞTIKÇA ÇOĞALIR,metinler,baslik_eslesti,"İyilik, gönlünü huzura kavuşturan ve içine sinen şeydir. Kötülük ise insanlar sana fetva verseler bile, gönlünü huzursuz eden ve içinde kuşku bırakan şeydir."
597,kirpilmis_duzeltildi,1.0,Ebû Dâvûd,Fiten,Ebû Dâvûd,Fiten ve Melâhim,2,"Ebû Dâvûd, Fiten ve Melâhim, 2.",15.01.2016,15.01.2016 İMTİHANIN ADI: FİTNE,metinler,baslik_eslesti,"Şüphesiz bahtiyar kimse, fitnelerden uzak kalandır. Bir musibete uğradığında sabredendir. Yazıklar olsun fitneye sebebiyet verenlere ve destek olanlara!"
598,kirpilmis_duzeltildi,1.0,Ebû Dâvûd,Mel,Ebû Dâvûd,Melâhim,1,"Ebû Dâvûd, Melâhim, 5; İbn Hanbel, V, 278.",09.08.2024,09.08.2024 VEHEN: BİRLİK VE BERABERLİĞİMİZİN ÖNÜNDE,metinler,baslik_eslesti,Dünyayı aşırı sevmek ve ölümü kötü görmektir!
599,kirpilmis_duzeltildi,1.0,Ebû Dâvûd,Nik,Ebû Dâvûd,Nikâh,3,"Ebû Dâvûd, Nikâh, 30-31.",13.06.2025,13.06.2025 DÜĞÜN YAPMANIN DA BİR ÂDÂBI VARDIR,metinler,baslik_eslesti,"Nikâhın en hayırlısı, en kolay olanıdır."
600,dogru,1.0,Ebû Dâvûd,Sünnet,Ebû Dâvûd,Sünnet,2,"Ebû Dâvûd, Sünnet, 15.",03.02.2023,03.02.2023 İMANIN GEREĞİ: SALİH AMEL VE GÜZEL AHLAK,metinler,baslik_eslesti,"Müminlerin iman bakımından en olgunu, ahlaken en güzel olanıdır."
601,kirpilmis_duzeltildi,0.984,Heysemî,Mecmeu’z-zev,Heysemî,Mecmeu’z-zevâid,1,"Heysemî, Mecmeu’z-zevâid, III, 344.",03.05.2019,03.05.2019 HOŞ GELDİN YA ŞEHR-İ RAMAZAN,metinler,baslik_eslesti,"Ramazan ayı size bereketiyle geldi, Allah bu ayda sizi zengin kılar, bundan dolayı size rahmet indirir, hataları yok eder, bu ayda duaları kabul eder. Allah Teâlâ sizin ibadet ve hayır konusunda birbirinizle yarış etmenize bakar ve meleklerine karşı sizinle övünür. O halde iyilik ve hayırdan yana Allah Teâlâ'ya kendinizi gösterin. Ramazan ayında Allah'ın rahmetinden kendisini mahrum eden kimse bed"
602,dogru,1.0,Muvatta,Kader,Muvatta,Kader,2,"Muvatta, Kader, 3.",12.07.2019,"12.07.2019 15 TEMMUZ’U ANMAK, İHANETİ ANLAMAK",metinler,baslik_eslesti,"Size iki şey bırakıyorum, onlara sımsıkı sarıldığınız sürece yolunuzu asla şaşırmazsınız. Bunlar, Allah'ın Kitabı ve Peygamberinin sünnetidir."
603,tur_hatasi,1.0,Müslim,Eym,Mü'minun,1,1,"Mü’minûn, 23/1-10.",08.05.2015,22.05.2015 BOŞ ŞEYLERİ TERK EDEREK HAYATI ANLAMLI K,metinler,baslik_eslesti+tarih_duzeltildi,Müminler gerçekten kurtuluşa ermişlerdir. Onlar ki namazlarında huşu içindedirler. Onlar ki boş ve faydasız şeylerden uzak dururlar. Onlar ki zekâtı verirler. Ve onlar ki iffetlerini korurlar...
604,kirpilmis_duzeltildi,1.0,Müslim,Kit,Müslim,Kitâbü’l-Fedâil,2,"Müslim, Kitâbü’l-Fedâil, 126, Tirmizî, Şemâil, 167.",10.01.2014,10.01.2014 MEVLİD-İ NEBİ,metinler,baslik_eslesti,"Ben Muhammedim, ben Ahmedim, ben rahmet peygamberiyim"
605,kirpilmis_duzeltildi,1.0,Müslim,Rad,Müslim,Radâ’,3,"Müslim, Radâ’, 61.",26.10.2018,26.10.2018 AİLEDE ŞEFKAT VE NEZAKET DİLİ,metinler,baslik_eslesti,Mümin bir kimse eşine karşı nefret beslemesin. Onun bir davranışından hoşlanmasa da razı olduğu bir başka davranışı mutlaka vardır
606,dogru,1.0,Müslim,Savm,Müslim,Savm,1,"Müslim, Savm, 162-163.",19.08.2012,19.08.2012 RAMAZAN BAYRAMI,metinler,baslik_eslesti,Oruç bir kalkandır.
607,kirpilmis_duzeltildi,1.0,Müslim,Sıf,Müslim,Sıfâtü’l-münâfikîn,1,"Müslim, Sıfâtü’l-münâfikîn, 81.",22.10.2021,"22.10.2021 ONUN BİZE MİRASI, EŞSİZ VEFASI",metinler,baslik_eslesti,Ya Âişe! Şükreden bir kul olmayayım mı?
608,dogru,1.0,Müslim,Sıyam,Müslim,Sıyam,4,"Müslim, Sıyam, 183.",23.02.2018,23.02.2018 BAĞIMLILIK BİR TUZAKTIR,metinler,baslik_eslesti,Çocuklarının senin üzerinde hakkı var
609,dogru,1.0,Müslim,Tevbe,Müslim,Tevbe,3,"Müslim, Tevbe, 2.",23.02.2024,23.02.2024 BERAT GECESİ: GÜNAHLARDAN ARINMA VESİLES,metinler,baslik_eslesti,"Rabbimiz, kulunun tövbe etmesine, önemli bir eşyasını kaybedip sonradan o eşyayı bulan birisinin sevindiğinden daha fazla sevinir."
610,dogru,1.0,Müslim,Vasiyye,Müslim,Vasiyye,1,"Müslim, Vasiyye, 14.",10.05.2024,"10.05.2024 MEDENİYETİMİZ, VAKIF MEDENİYETİDİR",metinler,baslik_eslesti,"İnsanoğlu ebediyete irtihal ettiği zaman amel defteri kapanır. Şu üç kişinin defteri ise kapanmaz ve bunlara sevap yazılmaya devam eder. Ardında sadaka-i câriye, yani kalıcı bir hayır bırakan kişi. İlmini insanlığın hayır ve hizmetine sunan kişi. Kendisine hayır duada bulunan evlat yetiştiren kişi."
611,kirpilmis_duzeltildi,1.0,Müslim,İm,Müslim,İmân,3,"Müslim, İmân, 22.",27.07.2012,27.07.2012 SEVGİ VE BARIŞ DİLİ: SELÂM,metinler,baslik_eslesti,İmân etmedikçe cennete giremezsiniz. Birbirinizi sevmedikçe de imân etmiş olamazsınız. Yaptığınız zaman birbirinizi seveceğiniz bir şeyi size söyleyeyim mi? Aranızda selâmı yayınız.
612,kirpilmis_duzeltildi,1.0,Nesâi,Dah,Nesâi,Dahâyâ,5,"Nesâi, Dahâyâ, 42",15.04.2011,15.04.2011 MERHAMET EĞİTİMİ,metinler,baslik_eslesti,Haksız yere bir serçeyi öldürenden Cenab-ı Allah kıyamet gününde hesap soracaktır.
613,dogru,1.0,Nesâi,Tatbik,Nesâi,Tatbik,1,"Nesâi, Tatbik, 82.",09.06.2017,09.06.2017 KUR’AN AYINDA KUR’AN’LA BULUŞALIM,metinler,baslik_eslesti,"Durum düşündüğünüz gibi değildir. Secdeye vardığımda sevgili torunum sırtıma çıkmıştı. Gönlü hoş olsun, düşüp canı incinmesin diye yere inmesini bekledim."
614,tur_hatasi,1.0,Nesâi,İman,Al-i İmran,92,3,"Âl-i İmrân, 3/92.",17.07.2015,17.07.2015 RAMAZAN MEKTEBİNİN ÖĞRETTİKLERİ,veriseti,baslik_eslesti,Sevdiğiniz şeylerden Allah için vermedikçe iyiliğe erişemezsiniz.
615,yazim_farki,1.0,Taberânî,Mu’cem,Taberânî,el-Mu’cemû’l-evsat,1,"Taberânî, el-Mu’cemû’l-evsat, VII, 56.",25.04.2025,25.04.2025 ALIN TERİ MUKADDESTİR,metinler,baslik_eslesti,"Eğer bu kişi, ailesinin ve çocuklarının geçimini sağlamak için çalışıyorsa, Allah yolundadır. Anne ve babasının ihtiyaçlarını gidermek için çalışıyorsa, Allah yolundadır. Kendi izzet ve onurunu korumak için çalışıyorsa yine Allah yolundadır."
616,yazim_farki,1.0,Taberânî,Mu’cemu’l-evsat,Taberânî,el-Mu’cemu’l-evsat,4,"Taberânî, el-Mu’cemu’l-evsat, V, 270.",29.10.2021,"29.10.2021 YAŞLILARIMIZA VEFA, RAHMET VE MAĞFİRET V",metinler,baslik_eslesti,"Allah Teâlâ, istikamet üzere olan, saçları ağarmış ihtiyar bir Müslüman kendisine dua ettiğinde, duasını kabul etmemekten hayâ eder."
617,yazim_farki,1.0,Taberânî,Mu’cemü’l-evsat,Taberânî,el-Mu’cemü’l-evsat,3,"Taberânî, el-Mu’cemü’l-evsat, 1/275.",11.11.2022,11.11.2022 ÖNCE TEDBİR SONRA TEVEKKÜL,metinler,baslik_eslesti,"Allah Teâlâ, birinizin yaptığı işi en sağlam şekilde yapmasından memnun olur."
618,yazim_farki,1.0,Taberânî,Mu’cemü’l-keb,Taberânî,el-Mu’cemü’l-kebîr,5,"Taberânî, el-Mu’cemü’l-kebîr, XIX, 419.",21.10.2022,21.10.2022 KOMŞULUK HUKUKU,metinler,baslik_eslesti,"Hastalandığında ziyaret etmen, öldüğünde cenazesine katılman, borç istediğinde vermen, muhtaç olduğunda ihtiyacını karşılaman, hayırlı işlerini tebrik etmen, musibet anında sabrı tavsiye etmendir."
619,yazim_farki,1.0,Taberânî,Mu’cemü’s-sağ,Taberânî,el-Mu’cemü’s-sağîr,4,"Taberânî, el-Mu’cemü’s-sağîr, II, 131.",08.09.2017,08.09.2017 MAZLUMUN YANINDA YER ALMAK,metinler,baslik_eslesti,Müslümanların haline duyarsız kalan kimse onlardan değildir.
620,kirpilmis_duzeltildi,1.0,Tirmizî,Ahk,Tirmizî,Ahkâm,2,"Tirmizî, Ahkâm, 36.",20.06.2014,"20.06.2014 CAMİYE KOŞALIM, KUR’AN’LA BULUŞALIM",metinler,baslik_eslesti,"İnsanoğlu ebediyete irtihal ettiği zaman amel defteri kapanır. Şu üç kişinin defteri ise kapanmaz ve bunlara sevap yazılmaya devam eder. Ardında sadakayı cariye, yani kalıcı bir hayır bırakan kişi. İlmini insanlığın hayır ve hizmetine sunan kişi. Kendisine hayır duada bulunan bir evlat yetiştiren kişi."
621,kirpilmis_duzeltildi,1.0,Tirmizî,Buy,Tirmizî,Buyû’,3,"Tirmizi, Buyû’, 74.",26.09.2014,26.09.2014 İŞ VE TİCARET AHLAKI-ÂHİLİK,metinler,baslik_eslesti,Bizi aldatan bizden değildir
622,dogru,1.0,Tirmizî,Cum'a,Tirmizî,Cum'a,5,"Tirmizî, Cum'a, 2.",19.07.2019,19.07.2019 CUMA NAMAZI VE ADABI,metinler,baslik_eslesti,"Cuma günü öyle bir an vardır ki kul o anda Allah'tan bir şey dilerse, Allah ona isteğini mutlaka verir."
623,dogru,1.0,Tirmizî,Edahi,Tirmizî,Edahi,6,"Tirmizi, Edahi, 1.",04.10.2013,04.10.2013 KURBANLARIMIZLA PEKİŞSİN KARDEŞLİĞİMİZ,metinler,baslik_eslesti,"Âdemoğlu, kurban bayramı günlerinde Allah için kurban kesmekten daha sevimli bir iş yapmış olamaz."
624,dogru,1.0,Tirmizî,Edeb,Tirmizî,Edeb,2,"Tirmizî, Edeb, 41.",19.10.2018,19.10.2018 MADDİ VE MANEVİ ARINMA: TEMİZLİK,metinler,baslik_eslesti,"Allah her türlü noksanlıktan, kusurdan münezzehtir, davranışlarında, sözlerinde nezih olan kullarını sever; temizdir, temiz kullarını sever."
625,dogru,1.0,Tirmizî,Rada’,Tirmizî,Rada’,4,"Tirmizi, Rada’, 11.",25.11.2011,"25.11.2011 EŞİMİZ, EVLADIMIZ, ANNEMİZ: KADIN",metinler,baslik_eslesti,Sizin en hayırlılarınız hanımlarına karşı en iyi davrananınızdır
626,kirpilmis_duzeltildi,1.0,Tirmizî,Sıfatu’l Kıy,Tirmizî,Sıfatu’l Kıyâme,4,"Tirmizî, Sıfatu’l Kıyâme, 35.",04.12.2015,04.12.2015 BEDEN ÜLKESİNİN SULTANI: KALP,metinler,baslik_eslesti,"Asıl elde tuttuğun değil, dağıttığın bizimdir."
627,kirpilmis_duzeltildi,1.0,Tirmizî,Sıfatu’l-kıy,Tirmizî,Sıfatu’l-kıyâme,6,"Tirmizî, Sıfatu’l-kıyâme, 1.",02.10.2020,02.10.2020 MURAKABE VE MUHASEBE BİLİNCİ,metinler,baslik_eslesti,"Kıyamet günü insan şu beş şeyden hesaba çekilmedikçe, Rabbinin huzurundan bir yere kıpırdayamaz: Ömrünü ne uğruna tükettiğinden, gençliğini nasıl geçirdiğinden, malını nereden kazandığından, nereye harcadığından ve bildiği ile amel edip etmediğinden."
628,kirpilmis_duzeltildi,1.0,Tirmizî,Sıfatü,Tirmizî,Sıfatü‘l-kıyâme,2,"Tirmizî, Sıfatü‘l-kıyâme, 25.",01.05.2020,01.05.2020 RAMAZAN VE SORUMLULUK BİLİNCİ,metinler,baslik_eslesti,"Akıllı kişi, alçak gönüllü olan, kendini hesaba çeken ve ölümden sonrası için çalışandır."
629,kirpilmis_duzeltildi,1.0,Tirmizî,Sıfatü’l,Tirmizî,Sıfatü’l -Kıyame,7,"Tirmizî, Sıfatü’l -Kıyame, 1.",23.02.2018,23.02.2018 BAĞIMLILIK BİR TUZAKTIR,metinler,baslik_eslesti,"Kıyamet gününde hiçbir kul, ömrünü ne için tükettiği, bilgisiyle ne yaptığı, malını nereden kazanıp nerede harcadığı ve bedenini neyle yıprattığı konusunda hesaba çekilmedikçe bir yere kıpırdayamayacaktır."
630,kirpilmis_duzeltildi,1.0,Tirmizî,Sıfatü’l- Kıy,Tirmizî,Sıfatü’l- Kıyâme,3,"Tirmizi, Sıfatü’l- Kıyâme, 1.",01.09.2017,01.09.2017 İMAN VE İSLAM’IN TEZAHÜRÜ: FAYDASIZ ŞEYL,metinler,baslik_eslesti,"Kıyamet gününde insanoğlu, şu beş şeyden hesaba çekilmedikçe Rabbinin huzurundan bir yere kımıldayamaz: Ömrünü nerede ve nasıl tükettiğinden, gençliğini ne şekilde geçirdiğinden, malını/servetini nereden kazanıp nerelere harcadığından, bildiği ile amel edip etmediğinden."
631,dogru,1.0,Tirmizî,Tefsiru’l-Kur’an,Tirmizî,Tefsiru’l-Kur’an,1,"Tirmizi, Tefsiru’l-Kur’an, 9; Ayrıca bkz. Buhari, İlim, 9; Müslim, Kasâme, 29-30, Hac, 147.",12.04.2013,12.04.2013 PEYGAMBERİMİZ VE İNSAN ONURU,metinler,baslik_eslesti,"Bu Kurban Bayramı gününüz, bu Zilhicce ayınız, bu Mekke şehriniz nasıl saygın ise kanlarınız, mallarınız, şeref ve haysiyetiniz de aynı şekilde saygındır, dokunulmazdır… Dikkat edin! Müslüman, Müslümanın kardeşidir. Müslümana, gönül rızası olmadan kardeşinin malı helâl olmaz…"
632,kirpilmis_duzeltildi,1.0,Tirmizî,Zek,Tirmizî,Zekât,3,"Tirmizî, Zekât, 28.",10.05.2019,10.05.2019 RAMAZAN VE İNFAK,metinler,baslik_eslesti,"Kuşkusuz sadaka, Rabbin gazabını söndürür ve kötü bir şekilde ölmeyi önler."
633,kirpilmis_duzeltildi,1.0,Tirmizî,Şem,Tirmizî,Şemâil,7,"Tirmizî, Şemâil, 60.",18.02.2022,18.02.2022 PEYGAMBERİMİZİN AHLAKI KUR’AN’DI,metinler,baslik_eslesti,"Resûlüllah, her zaman güler yüzlü, yumuşak huylu ve nazikti. Asla kötü huylu, katı kalpli, bağırıp çağıran, çirkin sözlü, kusur bulan ve cimri bir kimse değildi. Hoşlanmadığı şeyleri görmezlikten gelir, kendisinden beklentisi olan kimseleri hayal kırıklığına uğratmaz, onların isteklerini boşa çıkarmazdı…"
634,kirpilmis_duzeltildi,1.0,İbn Mâce,Cen,İbn Mâce,Cenâiz,7,"İbn Mâce, Cenâiz, 64.",26.09.2025,"26.09.2025 PEYGAMBERİMİZ (S.A.S), CAMİ VE NAMAZ",metinler,baslik_eslesti,Namaza dikkat edin!
635,kirpilmis_duzeltildi,1.0,İbn Mâce,Du,İbn Mâce,Duâ,4,"İbn Mâce, Duâ, 2.",29.04.2022,29.04.2022 HAYATI HELAL KILABİLMEK,metinler,baslik_eslesti,"Rabbim! Beni sana çokça şükreden, seni çokça zikreden, senin azabından çekinen, sana hakkıyla itaat eden, sadece senin için eğilen, daima sana yalvarıp yönelen bir kişi eyle!"
636,dogru,1.0,İbn Mâce,Et’ıme,İbn Mâce,Et’ıme,1,"İbn Mâce, Et’ıme, 1.",08.07.2016,08.07.2016 RABBİMİZE YAKINLAŞMA VESİLESİ: SILA-İ RA,metinler,baslik_eslesti,"Aranızda selâmı yayın. Birbirinize ikramda bulunun. Sıla-i rahmi, akrabalık ilişkilerini gözetin…"
637,kirpilmis_duzeltildi,1.0,İbn Mâce,Men,İbn Mâce,Menâsik,6,"İbn Mâce, Menâsik, 5.",10.02.2017,10.02.2017 MÜMİNCE YAKARIŞIN ADI: DUA,metinler,baslik_eslesti,"Kardeşim! Duana bizi de ortak et, bizi unutma."
638,kirpilmis_duzeltildi,1.0,İbn Mâce,Sıy,İbn Mâce,Sıyâm,2,"İbn Mâce, Sıyâm, 2.",10.07.2015,"10.07.2015 KADİR GECESİ, KADİR BİLENLER İÇİNDİR",metinler,baslik_eslesti,"… Ramazan ayında öyle bir gece vardır ki, bin aydan daha hayırlıdır. Bu gecenin hayrından mahrum kalan, bin ayın hayrından mahrum kalmış gibidir."
639,kirpilmis_duzeltildi,1.0,İbn Mâce,Tic,İbn Mâce,Ticâret,1,"İbn Mâce, Ticâret, 29.",19.09.2025,19.09.2025 PEYGAMBERİMİZ (S.A.S) VE TİCARET AHLAKI,metinler,baslik_eslesti,Asla dediğin şekilde yapma! Bir şey alacaksan malın gerçek fiyatını söyle. İster versinler ister vermesinler. Bir şey satacaksan da onun gerçek fiyatını söyle. İster alsınlar ister almasınlar.
640,dogru,1.0,İbn Mâce,Tıb,İbn Mâce,Tıb,4,"İbn Mâce, Tıb, 1.",09.11.2018,09.11.2018 SAĞLIK: DÜNYALARA DEĞER NİMET,metinler,baslik_eslesti,Tedavi olunuz. Çünkü Allah yarattığı her hastalığın mutlaka şifasını da yaratmıştır
641,kirpilmis_duzeltildi,1.0,İbn Mâce,İbn M,İbn Mâce,İbn Mâce,15,"İbn Mâce, İbn Mâce, Sunne, 20.",04.04.2014,04.04.2014 DOĞRULUK VE SADAKA,metinler,baslik_eslesti,En üstün sadaka kişinin ilim öğrenmesi ve öğrendiği ilmi Müslüman kardeşine de öğretmesidir.
